<?xml version="1.0" encoding="utf-8"?>
<METS:mets xmlns:METS="http://www.loc.gov/METS/" xmlns:xsi="http://www.w3.org/2001/XMLSchema-instance" xmlns:gdm="http://sunsite.berkeley.edu/GDM/" xmlns:xlink="http://www.w3.org/TR/xlink" xsi:schemalocation="http://www.loc.gov/METS/http://www.loc.gov/standards/mets/mets.xsd" LABEL="Zhejiang University.jdl.China-America digital library project" TYPE="Section">
	<METS:structMap TYPE="Catalog">
		<METS:div TYPE="Chapter" LABEL="第一章 普通建筑材料" ORDERLABEL="1"><METS:fptr FILEID="00000008"/>
			<METS:div TYPE="Chapter" LABEL="一、砖" ORDERLABEL="1"><METS:fptr FILEID="00000008"/>
			</METS:div>
			<METS:div TYPE="Chapter" LABEL="二、石料" ORDERLABEL="2"><METS:fptr FILEID="00000009"/>
				<METS:div TYPE="Chapter" LABEL="(一)片石" ORDERLABEL="4"><METS:fptr FILEID="00000011"/>
				</METS:div>
				<METS:div TYPE="Chapter" LABEL="(二)块石" ORDERLABEL="4"><METS:fptr FILEID="00000011"/>
				</METS:div>
				<METS:div TYPE="Chapter" LABEL="(三)料石" ORDERLABEL="4"><METS:fptr FILEID="00000011"/>
				</METS:div>
				<METS:div TYPE="Chapter" LABEL="(四)样石" ORDERLABEL="4"><METS:fptr FILEID="00000011"/>
				</METS:div>
			</METS:div>
			<METS:div TYPE="Chapter" LABEL="三、石子与砂" ORDERLABEL="6"><METS:fptr FILEID="00000013"/>
				<METS:div TYPE="Chapter" LABEL="(一)石子" ORDERLABEL="6"><METS:fptr FILEID="00000013"/>
				</METS:div>
				<METS:div TYPE="Chapter" LABEL="(二)砂" ORDERLABEL="7"><METS:fptr FILEID="00000014"/>
				</METS:div>
			</METS:div>
			<METS:div TYPE="Chapter" LABEL="四、石灰" ORDERLABEL="7"><METS:fptr FILEID="00000014"/>
			</METS:div>
			<METS:div TYPE="Chapter" LABEL="五、木材" ORDERLABEL="8"><METS:fptr FILEID="00000015"/>
			</METS:div>
			<METS:div TYPE="Chapter" LABEL="六、自制炸药" ORDERLABEL="10"><METS:fptr FILEID="00000017"/>
				<METS:div TYPE="Chapter" LABEL="(一)黑色炸药" ORDERLABEL="10"><METS:fptr FILEID="00000017"/>
				</METS:div>
				<METS:div TYPE="Chapter" LABEL="(二)硝酸銨炸药" ORDERLABEL="11"><METS:fptr FILEID="00000018"/>
				</METS:div>
				<METS:div TYPE="Chapter" LABEL="(三)配制炸药注意事项" ORDERLABEL="12"><METS:fptr FILEID="00000019"/>
				</METS:div>
			</METS:div>
		</METS:div>
		<METS:div TYPE="Chapter" LABEL="第二章 水泥、砂浆、混凝土" ORDERLABEL="14"><METS:fptr FILEID="00000021"/>
			<METS:div TYPE="Chapter" LABEL="一、水泥" ORDERLABEL="14"><METS:fptr FILEID="00000021"/>
				<METS:div TYPE="Chapter" LABEL="(一)硅酸盐水泥(普通水泥)" ORDERLABEL="14"><METS:fptr FILEID="00000021"/>
				</METS:div>
				<METS:div TYPE="Chapter" LABEL="(二)火山灰质水泥" ORDERLABEL="16"><METS:fptr FILEID="00000023"/>
				</METS:div>
				<METS:div TYPE="Chapter" LABEL="(三)矿渣水泥" ORDERLABEL="17"><METS:fptr FILEID="00000024"/>
				</METS:div>
				<METS:div TYPE="Chapter" LABEL="(四)快硬性水泥(矾土水泥)" ORDERLABEL="17"><METS:fptr FILEID="00000024"/>
				</METS:div>
				<METS:div TYPE="Chapter" LABEL="(五)石膏矾土膨胀水泥" ORDERLABEL="18"><METS:fptr FILEID="00000025"/>
				</METS:div>
				<METS:div TYPE="Chapter" LABEL="(六)土水泥(活化黄土)" ORDERLABEL="18"><METS:fptr FILEID="00000025"/>
				</METS:div>
			</METS:div>
			<METS:div TYPE="Chapter" LABEL="二、砂浆" ORDERLABEL="21"><METS:fptr FILEID="00000028"/>
				<METS:div TYPE="Chapter" LABEL="(一)砂浆的基本性质" ORDERLABEL="21"><METS:fptr FILEID="00000028"/>
				</METS:div>
				<METS:div TYPE="Chapter" LABEL="(二)砂浆的种类及其应用" ORDERLABEL="23"><METS:fptr FILEID="00000030"/>
				</METS:div>
				<METS:div TYPE="Chapter" LABEL="(三)砂浆配合比的选择" ORDERLABEL="24"><METS:fptr FILEID="00000031"/>
				</METS:div>
				<METS:div TYPE="Chapter" LABEL="(四)不同标号砂浆的适用范围" ORDERLABEL="26"><METS:fptr FILEID="00000033"/>
				</METS:div>
			</METS:div>
			<METS:div TYPE="Chapter" LABEL="三、混凝土" ORDERLABEL="27"><METS:fptr FILEID="00000034"/>
				<METS:div TYPE="Chapter" LABEL="(一)混凝土所用各种材料的作用及其选择" ORDERLABEL="27"><METS:fptr FILEID="00000034"/>
				</METS:div>
				<METS:div TYPE="Chapter" LABEL="(二)混凝土的主要性质" ORDERLABEL="28"><METS:fptr FILEID="00000035"/>
				</METS:div>
				<METS:div TYPE="Chapter" LABEL="(三)混凝土的外加剂" ORDERLABEL="31"><METS:fptr FILEID="00000038"/>
				</METS:div>
				<METS:div TYPE="Chapter" LABEL="(四)混凝土配合比的选择" ORDERLABEL="32"><METS:fptr FILEID="00000039"/>
				</METS:div>
				<METS:div TYPE="Chapter" LABEL="(五)混凝土的拌和" ORDERLABEL="32"><METS:fptr FILEID="00000039"/>
				</METS:div>
				<METS:div TYPE="Chapter" LABEL="(六)混凝土的模板" ORDERLABEL="33"><METS:fptr FILEID="00000040"/>
				</METS:div>
				<METS:div TYPE="Chapter" LABEL="(七)混凝土的浇注" ORDERLABEL="34"><METS:fptr FILEID="00000041"/>
				</METS:div>
				<METS:div TYPE="Chapter" LABEL="(八)混凝土的养护" ORDERLABEL="34"><METS:fptr FILEID="00000041"/>
				</METS:div>
				<METS:div TYPE="Chapter" LABEL="(九)混凝土的拆模" ORDERLABEL="35"><METS:fptr FILEID="00000042"/>
				</METS:div>
				<METS:div TYPE="Chapter" LABEL="(十)节约水泥的措施" ORDERLABEL="37"><METS:fptr FILEID="00000044"/>
				</METS:div>
			</METS:div>
			<METS:div TYPE="Chapter" LABEL="四、混合材料" ORDERLABEL="37"><METS:fptr FILEID="00000044"/>
				<METS:div TYPE="Chapter" LABEL="(一)对粉煤灰的质量要求" ORDERLABEL="38"><METS:fptr FILEID="00000045"/>
				</METS:div>
				<METS:div TYPE="Chapter" LABEL="(二)较粗颗粒粉煤灰的使用" ORDERLABEL="38"><METS:fptr FILEID="00000045"/>
				</METS:div>
				<METS:div TYPE="Chapter" LABEL="(三)粉煤灰在灌溉工程中的应用" ORDERLABEL="40"><METS:fptr FILEID="00000047"/>
				</METS:div>
			</METS:div>
		</METS:div>
		<METS:div TYPE="Chapter" LABEL="第三章 沥青制品及止水材料" ORDERLABEL="43"><METS:fptr FILEID="00000050"/>
			<METS:div TYPE="Chapter" LABEL="一、沥青制品" ORDERLABEL="43"><METS:fptr FILEID="00000050"/>
				<METS:div TYPE="Chapter" LABEL="(一)沥青胶(沥青玛帝脂)" ORDERLABEL="43"><METS:fptr FILEID="00000050"/>
				</METS:div>
				<METS:div TYPE="Chapter" LABEL="(二)沥青砂浆" ORDERLABEL="43"><METS:fptr FILEID="00000050"/>
				</METS:div>
				<METS:div TYPE="Chapter" LABEL="(三)乳化沥青" ORDERLABEL="44"><METS:fptr FILEID="00000051"/>
				</METS:div>
				<METS:div TYPE="Chapter" LABEL="(四)沥青膏" ORDERLABEL="44"><METS:fptr FILEID="00000051"/>
				</METS:div>
				<METS:div TYPE="Chapter" LABEL="(五)沥青卷材" ORDERLABEL="45"><METS:fptr FILEID="00000052"/>
				</METS:div>
				<METS:div TYPE="Chapter" LABEL="(六)沥青油麻" ORDERLABEL="45"><METS:fptr FILEID="00000052"/>
				</METS:div>
			</METS:div>
			<METS:div TYPE="Chapter" LABEL="二、止水材料" ORDERLABEL="45"><METS:fptr FILEID="00000052"/>
				<METS:div TYPE="Chapter" LABEL="(一)橡皮止水" ORDERLABEL="45"><METS:fptr FILEID="00000052"/>
				</METS:div>
				<METS:div TYPE="Chapter" LABEL="(二)平胶带" ORDERLABEL="47"><METS:fptr FILEID="00000054"/>
				</METS:div>
				<METS:div TYPE="Chapter" LABEL="(三)塑料止水带" ORDERLABEL="48"><METS:fptr FILEID="00000055"/>
				</METS:div>
				<METS:div TYPE="Chapter" LABEL="(四)橡胶止水环" ORDERLABEL="50"><METS:fptr FILEID="00000057"/>
				</METS:div>
				<METS:div TYPE="Chapter" LABEL="(五)石棉水泥" ORDERLABEL="50"><METS:fptr FILEID="00000057"/>
				</METS:div>
			</METS:div>
		</METS:div>
		<METS:div TYPE="Chapter" LABEL="第四章 环氧树脂、油膏及涂料" ORDERLABEL="51"><METS:fptr FILEID="00000058"/>
			<METS:div TYPE="Chapter" LABEL="一、环氧树脂" ORDERLABEL="51"><METS:fptr FILEID="00000058"/>
				<METS:div TYPE="Chapter" LABEL="(一)环氧树脂材料" ORDERLABEL="51"><METS:fptr FILEID="00000058"/>
				</METS:div>
				<METS:div TYPE="Chapter" LABEL="(二)环氧砂浆" ORDERLABEL="53"><METS:fptr FILEID="00000060"/>
				</METS:div>
				<METS:div TYPE="Chapter" LABEL="(三)环氧混凝土" ORDERLABEL="56"><METS:fptr FILEID="00000063"/>
				</METS:div>
			</METS:div>
			<METS:div TYPE="Chapter" LABEL="二、油膏" ORDERLABEL="57"><METS:fptr FILEID="00000064"/>
				<METS:div TYPE="Chapter" LABEL="(一)塑11号油膏(聚氯乙烯油膏)" ORDERLABEL="57"><METS:fptr FILEID="00000064"/>
				</METS:div>
				<METS:div TYPE="Chapter" LABEL="(二)太原油膏" ORDERLABEL="57"><METS:fptr FILEID="00000064"/>
				</METS:div>
				<METS:div TYPE="Chapter" LABEL="(三)油膏制作及施工注意事项" ORDERLABEL="58"><METS:fptr FILEID="00000065"/>
				</METS:div>
			</METS:div>
			<METS:div TYPE="Chapter" LABEL="三、涂料" ORDERLABEL="59"><METS:fptr FILEID="00000066"/>
				<METS:div TYPE="Chapter" LABEL="(一)油漆涂料" ORDERLABEL="59"><METS:fptr FILEID="00000066"/>
				</METS:div>
				<METS:div TYPE="Chapter" LABEL="(二)水剂涂料" ORDERLABEL="59"><METS:fptr FILEID="00000066"/>
				</METS:div>
			</METS:div>
		</METS:div>
		<METS:div TYPE="Chapter" LABEL="第五章 管材" ORDERLABEL="60"><METS:fptr FILEID="00000067"/>
			<METS:div TYPE="Chapter" LABEL="一、胶管" ORDERLABEL="60"><METS:fptr FILEID="00000067"/>
				<METS:div TYPE="Chapter" LABEL="(一)普通胶管" ORDERLABEL="60"><METS:fptr FILEID="00000067"/>
				</METS:div>
				<METS:div TYPE="Chapter" LABEL="(二)埋线式胶管" ORDERLABEL="60"><METS:fptr FILEID="00000067"/>
				</METS:div>
			</METS:div>
			<METS:div TYPE="Chapter" LABEL="二、钢管(熟铁管)" ORDERLABEL="61"><METS:fptr FILEID="00000068"/>
			</METS:div>
			<METS:div TYPE="Chapter" LABEL="三、生铁管(铸铁管)" ORDERLABEL="64"><METS:fptr FILEID="00000071"/>
			</METS:div>
			<METS:div TYPE="Chapter" LABEL="四、承插式预应力钢筋混凝土管" ORDERLABEL="67"><METS:fptr FILEID="00000074"/>
			</METS:div>
			<METS:div TYPE="Chapter" LABEL="五、自应力水泥管" ORDERLABEL="68"><METS:fptr FILEID="00000075"/>
			</METS:div>
			<METS:div TYPE="Chapter" LABEL="六、钢丝网水泥离心管" ORDERLABEL="68"><METS:fptr FILEID="00000075"/>
			</METS:div>
			<METS:div TYPE="Chapter" LABEL="七、石棉水泥管" ORDERLABEL="70"><METS:fptr FILEID="00000077"/>
			</METS:div>
			<METS:div TYPE="Chapter" LABEL="八、陶瓷管" ORDERLABEL="70"><METS:fptr FILEID="00000077"/>
			</METS:div>
		</METS:div>
		<METS:div TYPE="Chapter" LABEL="第六章 金属材料及钢丝网水泥构件" ORDERLABEL="72"><METS:fptr FILEID="00000079"/>
			<METS:div TYPE="Chapter" LABEL="一、金属材料" ORDERLABEL="72"><METS:fptr FILEID="00000079"/>
				<METS:div TYPE="Chapter" LABEL="(一)钢和铁" ORDERLABEL="72"><METS:fptr FILEID="00000079"/>
				</METS:div>
				<METS:div TYPE="Chapter" LABEL="(二)型钢" ORDERLABEL="75"><METS:fptr FILEID="00000082"/>
				</METS:div>
				<METS:div TYPE="Chapter" LABEL="(三)钢筋" ORDERLABEL="77"><METS:fptr FILEID="00000084"/>
				</METS:div>
				<METS:div TYPE="Chapter" LABEL="(四)其他金属材料" ORDERLABEL="80"><METS:fptr FILEID="00000087"/>
				</METS:div>
			</METS:div>
			<METS:div TYPE="Chapter" LABEL="二、钢丝网水泥构件" ORDERLABEL="86"><METS:fptr FILEID="00000093"/>
				<METS:div TYPE="Chapter" LABEL="(一)钢丝网水泥材料" ORDERLABEL="86"><METS:fptr FILEID="00000093"/>
				</METS:div>
				<METS:div TYPE="Chapter" LABEL="(二)钢丝网水泥结构的构造要求" ORDERLABEL="88"><METS:fptr FILEID="00000095"/>
				</METS:div>
			</METS:div>
		</METS:div>
	</METS:structMap>
</METS:mets>
