<?xml version="1.0" encoding="utf-8"?>
<METS:mets xmlns:METS="http://www.loc.gov/METS/" xmlns:xsi="http://www.w3.org/2001/XMLSchema-instance" xmlns:gdm="http://sunsite.berkeley.edu/GDM/" xmlns:xlink="http://www.w3.org/TR/xlink" xsi:schemalocation="http://www.loc.gov/METS/http://www.loc.gov/standards/mets/mets.xsd" LABEL="Zhejiang University.jdl.China-America digital library project" TYPE="Section">
	<METS:structMap TYPE="Catalog">
		<METS:div TYPE="Chapter" LABEL="第一章 緒論" ORDERLABEL="1"><METS:fptr FILEID="00000008"/>
		</METS:div>
		<METS:div TYPE="Chapter" LABEL="第二章 材料的基本性质" ORDERLABEL="5"><METS:fptr FILEID="00000012"/>
			<METS:div TYPE="Chapter" LABEL="第一节材料的物理性质" ORDERLABEL="5"><METS:fptr FILEID="00000012"/>
			</METS:div>
			<METS:div TYPE="Chapter" LABEL="第二节材料的机械性质" ORDERLABEL="12"><METS:fptr FILEID="00000019"/>
			</METS:div>
		</METS:div>
		<METS:div TYPE="Chapter" LABEL="第三章 天然石材" ORDERLABEL="17"><METS:fptr FILEID="00000024"/>
			<METS:div TYPE="Chapter" LABEL="第一节火成岩" ORDERLABEL="18"><METS:fptr FILEID="00000025"/>
			</METS:div>
			<METS:div TYPE="Chapter" LABEL="第二节沉积岩" ORDERLABEL="21"><METS:fptr FILEID="00000028"/>
			</METS:div>
			<METS:div TYPE="Chapter" LABEL="第三节变质岩" ORDERLABEL="23"><METS:fptr FILEID="00000030"/>
			</METS:div>
			<METS:div TYPE="Chapter" LABEL="第四节建筑用石材的技术性质" ORDERLABEL="24"><METS:fptr FILEID="00000031"/>
			</METS:div>
			<METS:div TYPE="Chapter" LABEL="第五节天然石材的选择及其应用" ORDERLABEL="26"><METS:fptr FILEID="00000033"/>
			</METS:div>
		</METS:div>
		<METS:div TYPE="Chapter" LABEL="第四章 陶质材料" ORDERLABEL="29"><METS:fptr FILEID="00000036"/>
			<METS:div TYPE="Chapter" LABEL="第一节陶质材料的主要原料-粘士" ORDERLABEL="29"><METS:fptr FILEID="00000036"/>
			</METS:div>
			<METS:div TYPE="Chapter" LABEL="第二节普通粘土砖" ORDERLABEL="31"><METS:fptr FILEID="00000038"/>
			</METS:div>
			<METS:div TYPE="Chapter" LABEL="第三节輕质砖" ORDERLABEL="35"><METS:fptr FILEID="00000042"/>
			</METS:div>
			<METS:div TYPE="Chapter" LABEL="第四节耐火砖" ORDERLABEL="36"><METS:fptr FILEID="00000043"/>
			</METS:div>
			<METS:div TYPE="Chapter" LABEL="第五节其他陶质材料" ORDERLABEL="37"><METS:fptr FILEID="00000044"/>
			</METS:div>
		</METS:div>
		<METS:div TYPE="Chapter" LABEL="第五章 无机胶结材料" ORDERLABEL="39"><METS:fptr FILEID="00000046"/>
			<METS:div TYPE="Chapter" LABEL="第一节石膏胶結材料" ORDERLABEL="39"><METS:fptr FILEID="00000046"/>
			</METS:div>
			<METS:div TYPE="Chapter" LABEL="第二节石灰胶結材料及硅酸盐制品" ORDERLABEL="41"><METS:fptr FILEID="00000048"/>
			</METS:div>
			<METS:div TYPE="Chapter" LABEL="第三节镁质胶結材料" ORDERLABEL="48"><METS:fptr FILEID="00000055"/>
			</METS:div>
			<METS:div TYPE="Chapter" LABEL="第四节水玻璃与耐酸水泥" ORDERLABEL="49"><METS:fptr FILEID="00000056"/>
			</METS:div>
			<METS:div TYPE="Chapter" LABEL="第五节硅酸盐水泥" ORDERLABEL="50"><METS:fptr FILEID="00000057"/>
			</METS:div>
			<METS:div TYPE="Chapter" LABEL="第六节鋁酸盐水泥" ORDERLABEL="68"><METS:fptr FILEID="00000075"/>
			</METS:div>
			<METS:div TYPE="Chapter" LABEL="第七节石棉水泥制品" ORDERLABEL="70"><METS:fptr FILEID="00000077"/>
			</METS:div>
		</METS:div>
		<METS:div TYPE="Chapter" LABEL="第六章 混凝土" ORDERLABEL="74"><METS:fptr FILEID="00000081"/>
			<METS:div TYPE="Chapter" LABEL="第一节普通混凝上" ORDERLABEL="75"><METS:fptr FILEID="00000082"/>
			</METS:div>
			<METS:div TYPE="Chapter" LABEL="第二节輕质混凝土" ORDERLABEL="106"><METS:fptr FILEID="00000113"/>
			</METS:div>
			<METS:div TYPE="Chapter" LABEL="第三节特种混凝土" ORDERLABEL="111"><METS:fptr FILEID="00000118"/>
			</METS:div>
		</METS:div>
		<METS:div TYPE="Chapter" LABEL="第七章 建筑砂桨" ORDERLABEL="119"><METS:fptr FILEID="00000126"/>
			<METS:div TYPE="Chapter" LABEL="第一节砂浆的材料" ORDERLABEL="119"><METS:fptr FILEID="00000126"/>
			</METS:div>
			<METS:div TYPE="Chapter" LABEL="第二节砂浆的基本性质" ORDERLABEL="120"><METS:fptr FILEID="00000127"/>
			</METS:div>
			<METS:div TYPE="Chapter" LABEL="第三节砌筑砂浆" ORDERLABEL="123"><METS:fptr FILEID="00000130"/>
			</METS:div>
			<METS:div TYPE="Chapter" LABEL="第四节抹面砂浆" ORDERLABEL="128"><METS:fptr FILEID="00000135"/>
			</METS:div>
		</METS:div>
		<METS:div TYPE="Chapter" LABEL="第八章 隔热材料" ORDERLABEL="131"><METS:fptr FILEID="00000138"/>
			<METS:div TYPE="Chapter" LABEL="第一节有机隔热材料" ORDERLABEL="132"><METS:fptr FILEID="00000139"/>
			</METS:div>
			<METS:div TYPE="Chapter" LABEL="第二节无机隔热材料" ORDERLABEL="134"><METS:fptr FILEID="00000141"/>
			</METS:div>
		</METS:div>
		<METS:div TYPE="Chapter" LABEL="第九章 瀝青及防水材料" ORDERLABEL="138"><METS:fptr FILEID="00000145"/>
			<METS:div TYPE="Chapter" LABEL="第一节石油瀝青" ORDERLABEL="139"><METS:fptr FILEID="00000146"/>
			</METS:div>
			<METS:div TYPE="Chapter" LABEL="第二节煤瀝青" ORDERLABEL="145"><METS:fptr FILEID="00000152"/>
			</METS:div>
			<METS:div TYPE="Chapter" LABEL="第三节瀝青防水材料" ORDERLABEL="148"><METS:fptr FILEID="00000155"/>
			</METS:div>
			<METS:div TYPE="Chapter" LABEL="第四节瀝青混凝土及瀝青砂浆" ORDERLABEL="152"><METS:fptr FILEID="00000159"/>
			</METS:div>
		</METS:div>
		<METS:div TYPE="Chapter" LABEL="第十章 木材" ORDERLABEL="156"><METS:fptr FILEID="00000163"/>
			<METS:div TYPE="Chapter" LABEL="第一节树木的分类及构造" ORDERLABEL="156"><METS:fptr FILEID="00000163"/>
			</METS:div>
			<METS:div TYPE="Chapter" LABEL="第二节木材的物理及力学性质" ORDERLABEL="160"><METS:fptr FILEID="00000167"/>
			</METS:div>
			<METS:div TYPE="Chapter" LABEL="第三节木材的疵病" ORDERLABEL="170"><METS:fptr FILEID="00000177"/>
			</METS:div>
			<METS:div TYPE="Chapter" LABEL="第四节木材的干燥、防腐及防火" ORDERLABEL="172"><METS:fptr FILEID="00000179"/>
			</METS:div>
			<METS:div TYPE="Chapter" LABEL="第五节常用木材的主要树种" ORDERLABEL="175"><METS:fptr FILEID="00000182"/>
			</METS:div>
			<METS:div TYPE="Chapter" LABEL="第六节胶合板及胶合木" ORDERLABEL="177"><METS:fptr FILEID="00000184"/>
			</METS:div>
		</METS:div>
		<METS:div TYPE="Chapter" LABEL="第十一章 玻璃及其制品" ORDERLABEL="180"><METS:fptr FILEID="00000187"/>
			<METS:div TYPE="Chapter" LABEL="第一节窗玻璃" ORDERLABEL="180"><METS:fptr FILEID="00000187"/>
			</METS:div>
			<METS:div TYPE="Chapter" LABEL="第二节玻璃砖和玻璃管" ORDERLABEL="182"><METS:fptr FILEID="00000189"/>
			</METS:div>
			<METS:div TYPE="Chapter" LABEL="第三节玻璃纤維" ORDERLABEL="183"><METS:fptr FILEID="00000190"/>
			</METS:div>
		</METS:div>
		<METS:div TYPE="Chapter" LABEL="第十二章 塑料与油漆" ORDERLABEL="185"><METS:fptr FILEID="00000192"/>
			<METS:div TYPE="Chapter" LABEL="第一节塑料" ORDERLABEL="185"><METS:fptr FILEID="00000192"/>
			</METS:div>
			<METS:div TYPE="Chapter" LABEL="第二节油漆与涂料" ORDERLABEL="189"><METS:fptr FILEID="00000196"/>
			</METS:div>
		</METS:div>
		<METS:div TYPE="Chapter" LABEL="第十三章 金属材料" ORDERLABEL="195"><METS:fptr FILEID="00000202"/>
			<METS:div TYPE="Chapter" LABEL="第一节鋼铁的冶炼" ORDERLABEL="195"><METS:fptr FILEID="00000202"/>
			</METS:div>
			<METS:div TYPE="Chapter" LABEL="第二节純金属及合金的組織" ORDERLABEL="200"><METS:fptr FILEID="00000207"/>
			</METS:div>
			<METS:div TYPE="Chapter" LABEL="第三节鋼的热压加工和热处理" ORDERLABEL="204"><METS:fptr FILEID="00000211"/>
			</METS:div>
			<METS:div TYPE="Chapter" LABEL="第四节鋼的技术性能" ORDERLABEL="206"><METS:fptr FILEID="00000213"/>
			</METS:div>
			<METS:div TYPE="Chapter" LABEL="第五节鋼的技术分类及其制品" ORDERLABEL="209"><METS:fptr FILEID="00000216"/>
			</METS:div>
			<METS:div TYPE="Chapter" LABEL="第六节建筑鋼材的冷加工" ORDERLABEL="216"><METS:fptr FILEID="00000223"/>
			</METS:div>
			<METS:div TYPE="Chapter" LABEL="第七节生铁" ORDERLABEL="219"><METS:fptr FILEID="00000226"/>
			</METS:div>
			<METS:div TYPE="Chapter" LABEL="第八节鋼铁的腐触及其防止" ORDERLABEL="219"><METS:fptr FILEID="00000226"/>
			</METS:div>
			<METS:div TYPE="Chapter" LABEL="第九节有色金属及其合金" ORDERLABEL="220"><METS:fptr FILEID="00000227"/>
			</METS:div>
		</METS:div>
	</METS:structMap>
</METS:mets>
