<?xml version="1.0" encoding="utf-8"?>
<METS:mets xmlns:METS="http://www.loc.gov/METS/" xmlns:xsi="http://www.w3.org/2001/XMLSchema-instance" xmlns:gdm="http://sunsite.berkeley.edu/GDM/" xmlns:xlink="http://www.w3.org/TR/xlink" xsi:schemalocation="http://www.loc.gov/METS/http://www.loc.gov/standards/mets/mets.xsd" LABEL="Zhejiang University.jdl.China-America digital library project" TYPE="Section">
	<METS:structMap TYPE="Catalog">
		<METS:div TYPE="Chapter" LABEL="按照破碎比功測定陶質材料的强度" ORDERLABEL="6"><METS:fptr FILEID="00000007"/>
		</METS:div>
		<METS:div TYPE="Chapter" LABEL="建筑陶器的冲击荷載强度" ORDERLABEL="25"><METS:fptr FILEID="00000026"/>
		</METS:div>
		<METS:div TYPE="Chapter" LABEL="多孔陶粒物理机械性能測定法" ORDERLABEL="37"><METS:fptr FILEID="00000038"/>
		</METS:div>
		<METS:div TYPE="Chapter" LABEL="热压硬化矽酸盐材料的蠕变性" ORDERLABEL="47"><METS:fptr FILEID="00000048"/>
		</METS:div>
		<METS:div TYPE="Chapter" LABEL="半透明度指标的測定" ORDERLABEL="58"><METS:fptr FILEID="00000059"/>
		</METS:div>
		<METS:div TYPE="Chapter" LABEL="粘土可塑性的确定" ORDERLABEL="81"><METS:fptr FILEID="00000082"/>
		</METS:div>
		<METS:div TYPE="Chapter" LABEL="粘土干燥灵敏度系数測定法" ORDERLABEL="93"><METS:fptr FILEID="00000094"/>
		</METS:div>
		<METS:div TYPE="Chapter" LABEL="干燥陶制品发生微裂紋的原因" ORDERLABEL="103"><METS:fptr FILEID="00000104"/>
		</METS:div>
		<METS:div TYPE="Chapter" LABEL="細砂在砂浆和混凝土中使用特点的研究" ORDERLABEL="115"><METS:fptr FILEID="00000116"/>
		</METS:div>
		<METS:div TYPE="Chapter" LABEL="装飾房屋正面用的石膏建筑配件" ORDERLABEL="128"><METS:fptr FILEID="00000129"/>
		</METS:div>
		<METS:div TYPE="Chapter" LABEL="墙用陶質材料" ORDERLABEL="144"><METS:fptr FILEID="00000145"/>
		</METS:div>
		<METS:div TYPE="Chapter" LABEL="用南鳥克兰矽藻土岩制成的水泥" ORDERLABEL="153"><METS:fptr FILEID="00000154"/>
		</METS:div>
		<METS:div TYPE="Chapter" LABEL="用鳥克兰原料制成的矽石波特兰水泥" ORDERLABEL="163"><METS:fptr FILEID="00000164"/>
		</METS:div>
	</METS:structMap>
</METS:mets>
