<?xml version="1.0" encoding="utf-8"?>
<METS:mets xmlns:METS="http://www.loc.gov/METS/" xmlns:xsi="http://www.w3.org/2001/XMLSchema-instance" xmlns:gdm="http://sunsite.berkeley.edu/GDM/" xmlns:xlink="http://www.w3.org/TR/xlink" xsi:schemalocation="http://www.loc.gov/METS/http://www.loc.gov/standards/mets/mets.xsd" LABEL="Zhejiang University.jdl.China-America digital library project" TYPE="Section">
	<METS:structMap TYPE="Catalog">
		<METS:div TYPE="Chapter" LABEL="第一章 建筑材料的基本性質" ORDERLABEL="5"><METS:fptr FILEID="00000009"/>
			<METS:div TYPE="Chapter" LABEL="第一节概述" ORDERLABEL="5"><METS:fptr FILEID="00000009"/>
			</METS:div>
			<METS:div TYPE="Chapter" LABEL="第二节建筑材料的重量与构造状态" ORDERLABEL="5"><METS:fptr FILEID="00000009"/>
			</METS:div>
			<METS:div TYPE="Chapter" LABEL="第三节材料的机械性質" ORDERLABEL="7"><METS:fptr FILEID="00000011"/>
			</METS:div>
			<METS:div TYPE="Chapter" LABEL="第四节材料在水分与冰冻作用下的性質" ORDERLABEL="10"><METS:fptr FILEID="00000014"/>
			</METS:div>
			<METS:div TYPE="Chapter" LABEL="第五节材料的热传导性" ORDERLABEL="12"><METS:fptr FILEID="00000016"/>
			</METS:div>
			<METS:div TYPE="Chapter" LABEL="第六节大气稳定性与化学稳定性" ORDERLABEL="13"><METS:fptr FILEID="00000017"/>
			</METS:div>
			<METS:div TYPE="Chapter" LABEL="第七节材料的組成、結构、构造与性質" ORDERLABEL="14"><METS:fptr FILEID="00000018"/>
			</METS:div>
		</METS:div>
		<METS:div TYPE="Chapter" LABEL="第二章 天然石材" ORDERLABEL="16"><METS:fptr FILEID="00000020"/>
			<METS:div TYPE="Chapter" LABEL="第一节造岩矿物" ORDERLABEL="16"><METS:fptr FILEID="00000020"/>
			</METS:div>
			<METS:div TYPE="Chapter" LABEL="第二节岩石按生成分类" ORDERLABEL="17"><METS:fptr FILEID="00000021"/>
			</METS:div>
			<METS:div TYPE="Chapter" LABEL="第三节建筑上常用岩石" ORDERLABEL="18"><METS:fptr FILEID="00000022"/>
			</METS:div>
			<METS:div TYPE="Chapter" LABEL="第四节建筑石材技术性質与鑑定" ORDERLABEL="20"><METS:fptr FILEID="00000024"/>
			</METS:div>
		</METS:div>
		<METS:div TYPE="Chapter" LABEL="第三章 建筑陶瓷及玻璃" ORDERLABEL="23"><METS:fptr FILEID="00000027"/>
			<METS:div TYPE="Chapter" LABEL="第一节普通粘士砖" ORDERLABEL="23"><METS:fptr FILEID="00000027"/>
			</METS:div>
			<METS:div TYPE="Chapter" LABEL="第二节空心砖与小洞砖" ORDERLABEL="26"><METS:fptr FILEID="00000030"/>
			</METS:div>
			<METS:div TYPE="Chapter" LABEL="第三节瓦" ORDERLABEL="26"><METS:fptr FILEID="00000030"/>
			</METS:div>
			<METS:div TYPE="Chapter" LABEL="第四节其他常用陶瓷制品" ORDERLABEL="26"><METS:fptr FILEID="00000030"/>
			</METS:div>
			<METS:div TYPE="Chapter" LABEL="第五节玻璃" ORDERLABEL="28"><METS:fptr FILEID="00000032"/>
			</METS:div>
		</METS:div>
		<METS:div TYPE="Chapter" LABEL="第四章 无机胶結材料" ORDERLABEL="30"><METS:fptr FILEID="00000034"/>
			<METS:div TYPE="Chapter" LABEL="第一节石灰" ORDERLABEL="30"><METS:fptr FILEID="00000034"/>
			</METS:div>
			<METS:div TYPE="Chapter" LABEL="第二节建筑石膏" ORDERLABEL="34"><METS:fptr FILEID="00000038"/>
			</METS:div>
			<METS:div TYPE="Chapter" LABEL="第三节镁質膠結材" ORDERLABEL="34"><METS:fptr FILEID="00000038"/>
			</METS:div>
			<METS:div TYPE="Chapter" LABEL="第四节水玻璃及耐酸水泥" ORDERLABEL="35"><METS:fptr FILEID="00000039"/>
			</METS:div>
			<METS:div TYPE="Chapter" LABEL="第五节硅酸盐水泥" ORDERLABEL="35"><METS:fptr FILEID="00000039"/>
			</METS:div>
		</METS:div>
		<METS:div TYPE="Chapter" LABEL="第五章 混凝土和砂浆" ORDERLABEL="50"><METS:fptr FILEID="00000054"/>
			<METS:div TYPE="Chapter" LABEL="第一节概述" ORDERLABEL="50"><METS:fptr FILEID="00000054"/>
			</METS:div>
			<METS:div TYPE="Chapter" LABEL="第二节混凝土組成材料" ORDERLABEL="51"><METS:fptr FILEID="00000055"/>
			</METS:div>
			<METS:div TYPE="Chapter" LABEL="第三节混凝土拌合料" ORDERLABEL="54"><METS:fptr FILEID="00000058"/>
			</METS:div>
			<METS:div TYPE="Chapter" LABEL="第四节混凝土的强度" ORDERLABEL="59"><METS:fptr FILEID="00000063"/>
			</METS:div>
			<METS:div TYPE="Chapter" LABEL="第五节混凝土的主要技术性質" ORDERLABEL="62"><METS:fptr FILEID="00000066"/>
			</METS:div>
			<METS:div TYPE="Chapter" LABEL="第六节混凝土配合比設計" ORDERLABEL="65"><METS:fptr FILEID="00000069"/>
			</METS:div>
			<METS:div TYPE="Chapter" LABEL="第七节其他种类的混凝土" ORDERLABEL="72"><METS:fptr FILEID="00000076"/>
			</METS:div>
			<METS:div TYPE="Chapter" LABEL="第八节建筑砂浆" ORDERLABEL="75"><METS:fptr FILEID="00000079"/>
			</METS:div>
			<METS:div TYPE="Chapter" LABEL="第九节硅酸盐制品" ORDERLABEL="78"><METS:fptr FILEID="00000082"/>
			</METS:div>
			<METS:div TYPE="Chapter" LABEL="第十节石棉水泥制品" ORDERLABEL="81"><METS:fptr FILEID="00000085"/>
			</METS:div>
		</METS:div>
		<METS:div TYPE="Chapter" LABEL="第六章 瀝青材料及其制品" ORDERLABEL="82"><METS:fptr FILEID="00000086"/>
			<METS:div TYPE="Chapter" LABEL="第一节瀝青材料的基本通性" ORDERLABEL="82"><METS:fptr FILEID="00000086"/>
			</METS:div>
			<METS:div TYPE="Chapter" LABEL="第二節石油瀝青" ORDERLABEL="83"><METS:fptr FILEID="00000087"/>
			</METS:div>
			<METS:div TYPE="Chapter" LABEL="第三节煤瀝青" ORDERLABEL="86"><METS:fptr FILEID="00000090"/>
			</METS:div>
			<METS:div TYPE="Chapter" LABEL="第四节瀝青材料的选择与摻配" ORDERLABEL="86"><METS:fptr FILEID="00000090"/>
			</METS:div>
			<METS:div TYPE="Chapter" LABEL="第五节瀝青材料的制品及应用" ORDERLABEL="88"><METS:fptr FILEID="00000092"/>
			</METS:div>
		</METS:div>
		<METS:div TYPE="Chapter" LABEL="第七章 木材" ORDERLABEL="91"><METS:fptr FILEID="00000095"/>
			<METS:div TYPE="Chapter" LABEL="第一节木材的基本构造" ORDERLABEL="91"><METS:fptr FILEID="00000095"/>
			</METS:div>
			<METS:div TYPE="Chapter" LABEL="第二节木材的建筑性質" ORDERLABEL="92"><METS:fptr FILEID="00000096"/>
			</METS:div>
			<METS:div TYPE="Chapter" LABEL="第三节木材的防腐及乾燥" ORDERLABEL="96"><METS:fptr FILEID="00000100"/>
			</METS:div>
			<METS:div TYPE="Chapter" LABEL="第四节木材的加工及其产品" ORDERLABEL="97"><METS:fptr FILEID="00000101"/>
			</METS:div>
			<METS:div TYPE="Chapter" LABEL="第五节建筑木材常用树种" ORDERLABEL="98"><METS:fptr FILEID="00000102"/>
			</METS:div>
			<METS:div TYPE="Chapter" LABEL="第六节木材的选用" ORDERLABEL="99"><METS:fptr FILEID="00000103"/>
			</METS:div>
		</METS:div>
		<METS:div TYPE="Chapter" LABEL="第八章 建筑鋼材" ORDERLABEL="101"><METS:fptr FILEID="00000105"/>
			<METS:div TYPE="Chapter" LABEL="第一節普通炭素鋼" ORDERLABEL="101"><METS:fptr FILEID="00000105"/>
			</METS:div>
			<METS:div TYPE="Chapter" LABEL="第二節低合金高強度鋼" ORDERLABEL="104"><METS:fptr FILEID="00000108"/>
			</METS:div>
			<METS:div TYPE="Chapter" LABEL="第三节建筑钢材的选用与节約" ORDERLABEL="105"><METS:fptr FILEID="00000109"/>
			</METS:div>
		</METS:div>
		<METS:div TYPE="Chapter" LABEL="第九章 隔热材料及其他材料" ORDERLABEL="107"><METS:fptr FILEID="00000111"/>
			<METS:div TYPE="Chapter" LABEL="第一節隔热材料" ORDERLABEL="107"><METS:fptr FILEID="00000111"/>
			</METS:div>
			<METS:div TYPE="Chapter" LABEL="第二节建筑塑料" ORDERLABEL="109"><METS:fptr FILEID="00000113"/>
			</METS:div>
			<METS:div TYPE="Chapter" LABEL="第三節油漆" ORDERLABEL="110"><METS:fptr FILEID="00000114"/>
			</METS:div>
		</METS:div>
	</METS:structMap>
</METS:mets>
