<?xml version="1.0" encoding="utf-8"?>
<METS:mets xmlns:METS="http://www.loc.gov/METS/" xmlns:xsi="http://www.w3.org/2001/XMLSchema-instance" xmlns:gdm="http://sunsite.berkeley.edu/GDM/" xmlns:xlink="http://www.w3.org/TR/xlink" xsi:schemalocation="http://www.loc.gov/METS/http://www.loc.gov/standards/mets/mets.xsd" LABEL="Zhejiang University.jdl.China-America digital library project" TYPE="Section">
	<METS:structMap TYPE="Catalog">
		<METS:div TYPE="Chapter" LABEL="輕質隔牆試驗总結" ORDERLABEL="1"><METS:fptr FILEID="00000006"/>
		</METS:div>
		<METS:div TYPE="Chapter" LABEL="秫稭板的利用" ORDERLABEL="10"><METS:fptr FILEID="00000015"/>
		</METS:div>
		<METS:div TYPE="Chapter" LABEL="油漆摻合料介紹" ORDERLABEL="19"><METS:fptr FILEID="00000025"/>
		</METS:div>
		<METS:div TYPE="Chapter" LABEL="自配玻璃油灰" ORDERLABEL="25"><METS:fptr FILEID="00000031"/>
		</METS:div>
		<METS:div TYPE="Chapter" LABEL="棉柴皮代替蔴刀" ORDERLABEL="26"><METS:fptr FILEID="00000032"/>
		</METS:div>
		<METS:div TYPE="Chapter" LABEL="高嶺土砌耐火磚工总結" ORDERLABEL="28"><METS:fptr FILEID="00000034"/>
		</METS:div>
		<METS:div TYPE="Chapter" LABEL="电气照明安装工程中磁管代替铁管安装的总結" ORDERLABEL="31"><METS:fptr FILEID="00000037"/>
		</METS:div>
		<METS:div TYPE="Chapter" LABEL="电气配線工程以玻璃管代替铁电線管的經驗" ORDERLABEL="36"><METS:fptr FILEID="00000042"/>
		</METS:div>
		<METS:div TYPE="Chapter" LABEL="陶瓷管試驗总結" ORDERLABEL="47"><METS:fptr FILEID="00000053"/>
		</METS:div>
	</METS:structMap>
</METS:mets>
