<?xml version="1.0" encoding="utf-8"?>
<METS:mets xmlns:METS="http://www.loc.gov/METS/" xmlns:xsi="http://www.w3.org/2001/XMLSchema-instance" xmlns:gdm="http://sunsite.berkeley.edu/GDM/" xmlns:xlink="http://www.w3.org/TR/xlink" xsi:schemalocation="http://www.loc.gov/METS/http://www.loc.gov/standards/mets/mets.xsd" LABEL="Zhejiang University.jdl.China-America digital library project" TYPE="Section">
	<METS:structMap TYPE="Catalog">
		<METS:div TYPE="Chapter" LABEL="第一章 粘土、硅石、河沙及煤灰的化學分析" ORDERLABEL="1"><METS:fptr FILEID="00000012"/>
			<METS:div TYPE="Chapter" LABEL="第一节粘土及其制品的化學分析" ORDERLABEL="1"><METS:fptr FILEID="00000012"/>
				<METS:div TYPE="Chapter" LABEL="一、水份的測定" ORDERLABEL="1"><METS:fptr FILEID="00000012"/>
				</METS:div>
				<METS:div TYPE="Chapter" LABEL="二、燒失量的測定" ORDERLABEL="1"><METS:fptr FILEID="00000012"/>
				</METS:div>
				<METS:div TYPE="Chapter" LABEL="三、二氧化硅的測定" ORDERLABEL="2"><METS:fptr FILEID="00000013"/>
					<METS:div TYPE="Chapter" LABEL="甲、标准法" ORDERLABEL="2"><METS:fptr FILEID="00000013"/>
					</METS:div>
					<METS:div TYPE="Chapter" LABEL="乙、动物膠法測定二氧化硅" ORDERLABEL="3"><METS:fptr FILEID="00000014"/>
					</METS:div>
				</METS:div>
				<METS:div TYPE="Chapter" LABEL="四、氧化鋁、氧化鈦、氧化鉄等含量的測定" ORDERLABEL="4"><METS:fptr FILEID="00000015"/>
				</METS:div>
				<METS:div TYPE="Chapter" LABEL="五、氧化鉄的測定" ORDERLABEL="5"><METS:fptr FILEID="00000016"/>
					<METS:div TYPE="Chapter" LABEL="甲、高錳酸鉀滴定法" ORDERLABEL="5"><METS:fptr FILEID="00000016"/>
					</METS:div>
					<METS:div TYPE="Chapter" LABEL="乙、重鉻酸鉀滴定法" ORDERLABEL="6"><METS:fptr FILEID="00000017"/>
					</METS:div>
					<METS:div TYPE="Chapter" LABEL="丙、比色法" ORDERLABEL="7"><METS:fptr FILEID="00000018"/>
					</METS:div>
				</METS:div>
				<METS:div TYPE="Chapter" LABEL="六、氧化亞錳的測定" ORDERLABEL="9"><METS:fptr FILEID="00000020"/>
				</METS:div>
				<METS:div TYPE="Chapter" LABEL="七、氧化鈦的測定" ORDERLABEL="9"><METS:fptr FILEID="00000020"/>
					<METS:div TYPE="Chapter" LABEL="甲、重量法" ORDERLABEL="9"><METS:fptr FILEID="00000020"/>
					</METS:div>
					<METS:div TYPE="Chapter" LABEL="乙、比色法" ORDERLABEL="10"><METS:fptr FILEID="00000021"/>
					</METS:div>
				</METS:div>
				<METS:div TYPE="Chapter" LABEL="八、氧化鋁的測定" ORDERLABEL="11"><METS:fptr FILEID="00000022"/>
					<METS:div TYPE="Chapter" LABEL="甲、减差法" ORDERLABEL="11"><METS:fptr FILEID="00000022"/>
					</METS:div>
					<METS:div TYPE="Chapter" LABEL="乙、酒石酸鉀鈉容量法" ORDERLABEL="11"><METS:fptr FILEID="00000022"/>
					</METS:div>
					<METS:div TYPE="Chapter" LABEL="丙、乙二胺四醋酸二鈉容量法" ORDERLABEL="12"><METS:fptr FILEID="00000023"/>
					</METS:div>
				</METS:div>
				<METS:div TYPE="Chapter" LABEL="九、氧化鈣的測定" ORDERLABEL="13"><METS:fptr FILEID="00000024"/>
				</METS:div>
				<METS:div TYPE="Chapter" LABEL="十、氧化鎂的測定" ORDERLABEL="14"><METS:fptr FILEID="00000025"/>
					<METS:div TYPE="Chapter" LABEL="甲、焦磷酸鹽—重量法" ORDERLABEL="14"><METS:fptr FILEID="00000025"/>
					</METS:div>
					<METS:div TYPE="Chapter" LABEL="乙、焦磷酸鹽—容量法" ORDERLABEL="15"><METS:fptr FILEID="00000026"/>
					</METS:div>
				</METS:div>
				<METS:div TYPE="Chapter" LABEL="十一、磷酸的測定" ORDERLABEL="16"><METS:fptr FILEID="00000027"/>
				</METS:div>
				<METS:div TYPE="Chapter" LABEL="十二、硫酸酐的測定" ORDERLABEL="17"><METS:fptr FILEID="00000028"/>
				</METS:div>
				<METS:div TYPE="Chapter" LABEL="十三、用單独試样測定氧化亞錳" ORDERLABEL="18"><METS:fptr FILEID="00000029"/>
				</METS:div>
				<METS:div TYPE="Chapter" LABEL="十四、碱金屬的測定" ORDERLABEL="19"><METS:fptr FILEID="00000030"/>
					<METS:div TYPE="Chapter" LABEL="(甲)燒結法" ORDERLABEL="19"><METS:fptr FILEID="00000030"/>
					</METS:div>
					<METS:div TYPE="Chapter" LABEL="乙、快速測定法(一)" ORDERLABEL="20"><METS:fptr FILEID="00000031"/>
					</METS:div>
					<METS:div TYPE="Chapter" LABEL="丙、快速測定法(二)" ORDERLABEL="21"><METS:fptr FILEID="00000032"/>
					</METS:div>
				</METS:div>
				<METS:div TYPE="Chapter" LABEL="十五、鉀的測定" ORDERLABEL="22"><METS:fptr FILEID="00000033"/>
				</METS:div>
				<METS:div TYPE="Chapter" LABEL="十六、鈉的計算" ORDERLABEL="23"><METS:fptr FILEID="00000034"/>
				</METS:div>
			</METS:div>
			<METS:div TYPE="Chapter" LABEL="第二节硅石及其制品的化学分析" ORDERLABEL="23"><METS:fptr FILEID="00000034"/>
				<METS:div TYPE="Chapter" LABEL="一、水分的測定" ORDERLABEL="23"><METS:fptr FILEID="00000034"/>
				</METS:div>
				<METS:div TYPE="Chapter" LABEL="二、燒失量的測定" ORDERLABEL="24"><METS:fptr FILEID="00000035"/>
				</METS:div>
				<METS:div TYPE="Chapter" LABEL="三、二氧化硅的測定" ORDERLABEL="24"><METS:fptr FILEID="00000035"/>
				</METS:div>
				<METS:div TYPE="Chapter" LABEL="四、氧化鋁、氧化鉄、氧化鈦的測定" ORDERLABEL="24"><METS:fptr FILEID="00000035"/>
				</METS:div>
				<METS:div TYPE="Chapter" LABEL="五、氧化鉄的測定" ORDERLABEL="25"><METS:fptr FILEID="00000036"/>
				</METS:div>
				<METS:div TYPE="Chapter" LABEL="六、氧化鈦的測定" ORDERLABEL="25"><METS:fptr FILEID="00000036"/>
				</METS:div>
				<METS:div TYPE="Chapter" LABEL="七、氧化鈣的測定" ORDERLABEL="25"><METS:fptr FILEID="00000036"/>
				</METS:div>
				<METS:div TYPE="Chapter" LABEL="八、氧化鎂的測程" ORDERLABEL="25"><METS:fptr FILEID="00000036"/>
				</METS:div>
				<METS:div TYPE="Chapter" LABEL="九、碱金屬的測定" ORDERLABEL="25"><METS:fptr FILEID="00000036"/>
				</METS:div>
				<METS:div TYPE="Chapter" LABEL="十、氧化鋁的測定" ORDERLABEL="25"><METS:fptr FILEID="00000036"/>
				</METS:div>
			</METS:div>
			<METS:div TYPE="Chapter" LABEL="第三节河沙的化学分析" ORDERLABEL="25"><METS:fptr FILEID="00000036"/>
			</METS:div>
			<METS:div TYPE="Chapter" LABEL="第四节煤灰的化学分析" ORDERLABEL="26"><METS:fptr FILEID="00000037"/>
			</METS:div>
		</METS:div>
		<METS:div TYPE="Chapter" LABEL="第二章 螢石、石灰、石灰石、白云石、及石膏的化學分析" ORDERLABEL="27"><METS:fptr FILEID="00000038"/>
			<METS:div TYPE="Chapter" LABEL="第一节螢石的化学分析" ORDERLABEL="27"><METS:fptr FILEID="00000038"/>
				<METS:div TYPE="Chapter" LABEL="一、二氧化硅的測定" ORDERLABEL="27"><METS:fptr FILEID="00000038"/>
				</METS:div>
				<METS:div TYPE="Chapter" LABEL="二、碳酸鈣的測定" ORDERLABEL="27"><METS:fptr FILEID="00000038"/>
				</METS:div>
				<METS:div TYPE="Chapter" LABEL="三、三价氧化物的測定" ORDERLABEL="28"><METS:fptr FILEID="00000039"/>
				</METS:div>
				<METS:div TYPE="Chapter" LABEL="四、氟化鈣的測定" ORDERLABEL="23"><METS:fptr FILEID="00000040"/>
				</METS:div>
				<METS:div TYPE="Chapter" LABEL="五、氧化鋇的測定" ORDERLABEL="29"><METS:fptr FILEID="00000040"/>
				</METS:div>
				<METS:div TYPE="Chapter" LABEL="六、硫的測定" ORDERLABEL="30"><METS:fptr FILEID="00000041"/>
				</METS:div>
				<METS:div TYPE="Chapter" LABEL="七、二氧化硅的快速測定" ORDERLABEL="30"><METS:fptr FILEID="00000041"/>
				</METS:div>
				<METS:div TYPE="Chapter" LABEL="八、三价氧化物总量的快速測定" ORDERLABEL="31"><METS:fptr FILEID="00000042"/>
				</METS:div>
				<METS:div TYPE="Chapter" LABEL="九、氧化鈣的測定" ORDERLABEL="31"><METS:fptr FILEID="00000042"/>
				</METS:div>
				<METS:div TYPE="Chapter" LABEL="十、氧化鎂的測定" ORDERLABEL="32"><METS:fptr FILEID="00000043"/>
				</METS:div>
				<METS:div TYPE="Chapter" LABEL="十一、氟化鈣的測定" ORDERLABEL="32"><METS:fptr FILEID="00000043"/>
				</METS:div>
			</METS:div>
			<METS:div TYPE="Chapter" LABEL="第二节石灰石及白云石的化学分析" ORDERLABEL="32"><METS:fptr FILEID="00000043"/>
				<METS:div TYPE="Chapter" LABEL="一、水分的測定" ORDERLABEL="32"><METS:fptr FILEID="00000043"/>
				</METS:div>
				<METS:div TYPE="Chapter" LABEL="二、燒失量的測定" ORDERLABEL="32"><METS:fptr FILEID="00000043"/>
				</METS:div>
				<METS:div TYPE="Chapter" LABEL="三、不溶殘渣的測定" ORDERLABEL="32"><METS:fptr FILEID="00000043"/>
				</METS:div>
				<METS:div TYPE="Chapter" LABEL="四、二氧化硅的測定" ORDERLABEL="33"><METS:fptr FILEID="00000044"/>
				</METS:div>
				<METS:div TYPE="Chapter" LABEL="五、三价氧化物的測定" ORDERLABEL="34"><METS:fptr FILEID="00000045"/>
				</METS:div>
				<METS:div TYPE="Chapter" LABEL="六、氧化鈣的測定" ORDERLABEL="34"><METS:fptr FILEID="00000045"/>
					<METS:div TYPE="Chapter" LABEL="甲、准确法" ORDERLABEL="34"><METS:fptr FILEID="00000045"/>
					</METS:div>
					<METS:div TYPE="Chapter" LABEL="乙、决速法—乙二胺四醋酸二鈉法" ORDERLABEL="34"><METS:fptr FILEID="00000045"/>
					</METS:div>
				</METS:div>
				<METS:div TYPE="Chapter" LABEL="七、氧化鎂的測定" ORDERLABEL="36"><METS:fptr FILEID="00000047"/>
					<METS:div TYPE="Chapter" LABEL="甲、准确法" ORDERLABEL="36"><METS:fptr FILEID="00000047"/>
					</METS:div>
					<METS:div TYPE="Chapter" LABEL="乙、快速法" ORDERLABEL="36"><METS:fptr FILEID="00000047"/>
					</METS:div>
				</METS:div>
				<METS:div TYPE="Chapter" LABEL="八、氧化鈣和氧化鎂的决速測定" ORDERLABEL="37"><METS:fptr FILEID="00000048"/>
				</METS:div>
				<METS:div TYPE="Chapter" LABEL="九、氧化鉄的測定" ORDERLABEL="38"><METS:fptr FILEID="00000049"/>
				</METS:div>
				<METS:div TYPE="Chapter" LABEL="十、硫酸酐的測定" ORDERLABEL="39"><METS:fptr FILEID="00000050"/>
				</METS:div>
				<METS:div TYPE="Chapter" LABEL="十一、氧化鋁的測定" ORDERLABEL="40"><METS:fptr FILEID="00000051"/>
				</METS:div>
			</METS:div>
			<METS:div TYPE="Chapter" LABEL="第三节石灰的化学分析" ORDERLABEL="40"><METS:fptr FILEID="00000051"/>
				<METS:div TYPE="Chapter" LABEL="一、水分的測定" ORDERLABEL="40"><METS:fptr FILEID="00000051"/>
				</METS:div>
				<METS:div TYPE="Chapter" LABEL="二、灼减量的測定" ORDERLABEL="41"><METS:fptr FILEID="00000052"/>
				</METS:div>
				<METS:div TYPE="Chapter" LABEL="三、不溶殘渣的測定" ORDERLABEL="41"><METS:fptr FILEID="00000052"/>
				</METS:div>
				<METS:div TYPE="Chapter" LABEL="四、二氧化硅的測定" ORDERLABEL="41"><METS:fptr FILEID="00000052"/>
				</METS:div>
				<METS:div TYPE="Chapter" LABEL="五、三价氧化物的測定" ORDERLABEL="41"><METS:fptr FILEID="00000052"/>
				</METS:div>
				<METS:div TYPE="Chapter" LABEL="六、氧化鈣的測定" ORDERLABEL="41"><METS:fptr FILEID="00000058"/>
				</METS:div>
				<METS:div TYPE="Chapter" LABEL="七、氧化鎂的測定" ORDERLABEL="41"><METS:fptr FILEID="00000052"/>
				</METS:div>
				<METS:div TYPE="Chapter" LABEL="八、氧化鉄、鋁的測定" ORDERLABEL="41"><METS:fptr FILEID="00000052"/>
				</METS:div>
				<METS:div TYPE="Chapter" LABEL="九、硫酸酐的測定" ORDERLABEL="41"><METS:fptr FILEID="00000052"/>
				</METS:div>
				<METS:div TYPE="Chapter" LABEL="十、不消化物的測定" ORDERLABEL="41"><METS:fptr FILEID="00000052"/>
				</METS:div>
				<METS:div TYPE="Chapter" LABEL="十一、过火石灰的測定" ORDERLABEL="41"><METS:fptr FILEID="00000052"/>
				</METS:div>
				<METS:div TYPE="Chapter" LABEL="十二、游离C_aO和M_gO的測定" ORDERLABEL="42"><METS:fptr FILEID="00000053"/>
					<METS:div TYPE="Chapter" LABEL="甲、低鎂石灰中游离C_aO和M_gO的測定" ORDERLABEL="42"><METS:fptr FILEID="00000053"/>
					</METS:div>
					<METS:div TYPE="Chapter" LABEL="乙、鎂氧右灰中游离C_aO和M_gO的測定" ORDERLABEL="42"><METS:fptr FILEID="00000053"/>
					</METS:div>
				</METS:div>
				<METS:div TYPE="Chapter" LABEL="十三、石灰中有效C_aO的測定" ORDERLABEL="43"><METS:fptr FILEID="00000054"/>
					<METS:div TYPE="Chapter" LABEL="甲、糖化法(快速法)" ORDERLABEL="43"><METS:fptr FILEID="00000054"/>
					</METS:div>
					<METS:div TYPE="Chapter" LABEL="乙、甘油法(准确法)" ORDERLABEL="44"><METS:fptr FILEID="00000055"/>
					</METS:div>
					<METS:div TYPE="Chapter" LABEL="丙、准确法-乙二醇絡合測定法" ORDERLABEL="45"><METS:fptr FILEID="00000056"/>
					</METS:div>
				</METS:div>
				<METS:div TYPE="Chapter" LABEL="十四、石灰中CO_2的測定" ORDERLABEL="46"><METS:fptr FILEID="00000057"/>
					<METS:div TYPE="Chapter" LABEL="甲、直接法" ORDERLABEL="45"><METS:fptr FILEID="00000056"/>
					</METS:div>
					<METS:div TYPE="Chapter" LABEL="乙、間接法" ORDERLABEL="46"><METS:fptr FILEID="00000057"/>
					</METS:div>
				</METS:div>
			</METS:div>
			<METS:div TYPE="Chapter" LABEL="第四节石膏的化学分析" ORDERLABEL="46"><METS:fptr FILEID="00000057"/>
				<METS:div TYPE="Chapter" LABEL="一、水分的測定" ORDERLABEL="46"><METS:fptr FILEID="00000057"/>
				</METS:div>
				<METS:div TYPE="Chapter" LABEL="二、結合水的測定" ORDERLABEL="47"><METS:fptr FILEID="00000058"/>
				</METS:div>
				<METS:div TYPE="Chapter" LABEL="三、不浓殘渣的測定" ORDERLABEL="47"><METS:fptr FILEID="00000058"/>
				</METS:div>
				<METS:div TYPE="Chapter" LABEL="四、二氧化硅的測定" ORDERLABEL="47"><METS:fptr FILEID="00000058"/>
				</METS:div>
				<METS:div TYPE="Chapter" LABEL="五、三价氧化物的測定" ORDERLABEL="47"><METS:fptr FILEID="00000058"/>
				</METS:div>
				<METS:div TYPE="Chapter" LABEL="六、氧化鈣的測定" ORDERLABEL="41"><METS:fptr FILEID="00000052"/>
				</METS:div>
				<METS:div TYPE="Chapter" LABEL="七、氧化鎂的測定" ORDERLABEL="47"><METS:fptr FILEID="00000058"/>
				</METS:div>
				<METS:div TYPE="Chapter" LABEL="八、氧化鉄及鋁的測定" ORDERLABEL="47"><METS:fptr FILEID="00000058"/>
				</METS:div>
				<METS:div TYPE="Chapter" LABEL="九、硫酸酐的測定" ORDERLABEL="47"><METS:fptr FILEID="00000058"/>
				</METS:div>
			</METS:div>
		</METS:div>
		<METS:div TYPE="Chapter" LABEL="第三章 礦渣、水泥生料、水泥熱料、水泥的化學分析" ORDERLABEL="48"><METS:fptr FILEID="00000059"/>
			<METS:div TYPE="Chapter" LABEL="第一节矿渣及矿渣水泥的化学分析" ORDERLABEL="48"><METS:fptr FILEID="00000059"/>
				<METS:div TYPE="Chapter" LABEL="一、水分測定" ORDERLABEL="48"><METS:fptr FILEID="00000059"/>
				</METS:div>
				<METS:div TYPE="Chapter" LABEL="二、燒失量的測定" ORDERLABEL="48"><METS:fptr FILEID="00000059"/>
				</METS:div>
				<METS:div TYPE="Chapter" LABEL="三、氧化硅的測定" ORDERLABEL="48"><METS:fptr FILEID="00000059"/>
				</METS:div>
				<METS:div TYPE="Chapter" LABEL="四、三价氧化物的測定" ORDERLABEL="49"><METS:fptr FILEID="00000060"/>
					<METS:div TYPE="Chapter" LABEL="甲、醋酸鹽法" ORDERLABEL="49"><METS:fptr FILEID="00000060"/>
					</METS:div>
					<METS:div TYPE="Chapter" LABEL="乙、氨量法" ORDERLABEL="50"><METS:fptr FILEID="00000061"/>
					</METS:div>
				</METS:div>
				<METS:div TYPE="Chapter" LABEL="五、氧化亞錳的測定" ORDERLABEL="50"><METS:fptr FILEID="00000061"/>
				</METS:div>
				<METS:div TYPE="Chapter" LABEL="六、氧化鈣測定" ORDERLABEL="50"><METS:fptr FILEID="00000061"/>
					<METS:div TYPE="Chapter" LABEL="甲、按分析过程定量" ORDERLABEL="50"><METS:fptr FILEID="00000061"/>
					</METS:div>
					<METS:div TYPE="Chapter" LABEL="乙、碱性矿渣氧化鈣的快速定量" ORDERLABEL="50"><METS:fptr FILEID="00000061"/>
					</METS:div>
				</METS:div>
				<METS:div TYPE="Chapter" LABEL="七、氧化鎂的測定" ORDERLABEL="50"><METS:fptr FILEID="00000061"/>
				</METS:div>
				<METS:div TYPE="Chapter" LABEL="八、二氧化鈦的測定" ORDERLABEL="51"><METS:fptr FILEID="00000062"/>
				</METS:div>
				<METS:div TYPE="Chapter" LABEL="九、总鉄量的测定" ORDERLABEL="51"><METS:fptr FILEID="00000062"/>
				</METS:div>
				<METS:div TYPE="Chapter" LABEL="十、氧化亚鉄测定" ORDERLABEL="51"><METS:fptr FILEID="00000062"/>
				</METS:div>
				<METS:div TYPE="Chapter" LABEL="十一、游离氧化鈣的測定" ORDERLABEL="51"><METS:fptr FILEID="00000062"/>
				</METS:div>
				<METS:div TYPE="Chapter" LABEL="十二、总硫量的測定" ORDERLABEL="52"><METS:fptr FILEID="00000063"/>
					<METS:div TYPE="Chapter" LABEL="甲、直接燃燒法" ORDERLABEL="52"><METS:fptr FILEID="00000063"/>
					</METS:div>
					<METS:div TYPE="Chapter" LABEL="乙、重量法" ORDERLABEL="53"><METS:fptr FILEID="00000064"/>
					</METS:div>
				</METS:div>
				<METS:div TYPE="Chapter" LABEL="十三、硫化物中硫的測定" ORDERLABEL="53"><METS:fptr FILEID="00000064"/>
				</METS:div>
				<METS:div TYPE="Chapter" LABEL="十四、硫酸鹽中硫的測定" ORDERLABEL="55"><METS:fptr FILEID="00000066"/>
					<METS:div TYPE="Chapter" LABEL="甲、重量法" ORDERLABEL="55"><METS:fptr FILEID="00000066"/>
					</METS:div>
					<METS:div TYPE="Chapter" LABEL="乙、容量法" ORDERLABEL="55"><METS:fptr FILEID="00000066"/>
					</METS:div>
				</METS:div>
				<METS:div TYPE="Chapter" LABEL="十五、磷的測定" ORDERLABEL="56"><METS:fptr FILEID="00000067"/>
				</METS:div>
				<METS:div TYPE="Chapter" LABEL="十六、氧化鋁的測定" ORDERLABEL="57"><METS:fptr FILEID="00000068"/>
				</METS:div>
			</METS:div>
			<METS:div TYPE="Chapter" LABEL="第二节水泥原料混合物的分析" ORDERLABEL="57"><METS:fptr FILEID="00000068"/>
				<METS:div TYPE="Chapter" LABEL="一、水分測定" ORDERLABEL="57"><METS:fptr FILEID="00000068"/>
				</METS:div>
				<METS:div TYPE="Chapter" LABEL="二、燒失量的測定" ORDERLABEL="57"><METS:fptr FILEID="00000068"/>
				</METS:div>
				<METS:div TYPE="Chapter" LABEL="三、二氧化硅的測定" ORDERLABEL="57"><METS:fptr FILEID="00000068"/>
				</METS:div>
				<METS:div TYPE="Chapter" LABEL="四、三价氧化物的測定" ORDERLABEL="57"><METS:fptr FILEID="00000068"/>
				</METS:div>
				<METS:div TYPE="Chapter" LABEL="五、氧化亞錳的測定" ORDERLABEL="57"><METS:fptr FILEID="00000068"/>
				</METS:div>
				<METS:div TYPE="Chapter" LABEL="六、氧化鈣的測定" ORDERLABEL="57"><METS:fptr FILEID="00000068"/>
				</METS:div>
				<METS:div TYPE="Chapter" LABEL="七、氧化鎂的測定" ORDERLABEL="57"><METS:fptr FILEID="00000069"/>
				</METS:div>
				<METS:div TYPE="Chapter" LABEL="八、氧化鉄及氧化鋁的測定" ORDERLABEL="58"><METS:fptr FILEID="00000069"/>
				</METS:div>
				<METS:div TYPE="Chapter" LABEL="九、硫酸酐的測定" ORDERLABEL="58"><METS:fptr FILEID="00000069"/>
				</METS:div>
				<METS:div TYPE="Chapter" LABEL="十、氟的測定" ORDERLABEL="58"><METS:fptr FILEID="00000069"/>
				</METS:div>
			</METS:div>
			<METS:div TYPE="Chapter" LABEL="第三节水泥原料混合物的快速化学分析" ORDERLABEL="58"><METS:fptr FILEID="00000069"/>
				<METS:div TYPE="Chapter" LABEL="一、二氧化硅的測定" ORDERLABEL="58"><METS:fptr FILEID="00000069"/>
				</METS:div>
				<METS:div TYPE="Chapter" LABEL="二、三价氧化物按差数計算定量" ORDERLABEL="58"><METS:fptr FILEID="00000069"/>
				</METS:div>
				<METS:div TYPE="Chapter" LABEL="三、不预先分离R_2O_3的氧化鈣定量" ORDERLABEL="59"><METS:fptr FILEID="00000070"/>
				</METS:div>
				<METS:div TYPE="Chapter" LABEL="四、氧化鎂的測定" ORDERLABEL="60"><METS:fptr FILEID="00000071"/>
					<METS:div TYPE="Chapter" LABEL="甲、乙二胺四醋酸二鈉" ORDERLABEL="60"><METS:fptr FILEID="00000071"/>
					</METS:div>
					<METS:div TYPE="Chapter" LABEL="乙、8-羥基喹啉法" ORDERLABEL="60"><METS:fptr FILEID="00000071"/>
					</METS:div>
				</METS:div>
			</METS:div>
			<METS:div TYPE="Chapter" LABEL="第四节水泥熟料及普通水泥的化学分析" ORDERLABEL="62"><METS:fptr FILEID="00000073"/>
				<METS:div TYPE="Chapter" LABEL="一、水份測定" ORDERLABEL="62"><METS:fptr FILEID="00000073"/>
				</METS:div>
				<METS:div TYPE="Chapter" LABEL="二、燒失量的測定" ORDERLABEL="62"><METS:fptr FILEID="00000073"/>
				</METS:div>
				<METS:div TYPE="Chapter" LABEL="三、二氧化硅的測定" ORDERLABEL="62"><METS:fptr FILEID="00000073"/>
				</METS:div>
				<METS:div TYPE="Chapter" LABEL="四、三价氧化物的測定" ORDERLABEL="62"><METS:fptr FILEID="00000073"/>
				</METS:div>
				<METS:div TYPE="Chapter" LABEL="五、氧化鉄的測定" ORDERLABEL="62"><METS:fptr FILEID="00000073"/>
				</METS:div>
				<METS:div TYPE="Chapter" LABEL="六、氧化鋁的測定" ORDERLABEL="63"><METS:fptr FILEID="00000074"/>
				</METS:div>
				<METS:div TYPE="Chapter" LABEL="七、氧化鈣的測定" ORDERLABEL="63"><METS:fptr FILEID="00000074"/>
				</METS:div>
				<METS:div TYPE="Chapter" LABEL="八、氧化鎂的測定" ORDERLABEL="63"><METS:fptr FILEID="00000074"/>
				</METS:div>
				<METS:div TYPE="Chapter" LABEL="九、硫酸酐的測定" ORDERLABEL="63"><METS:fptr FILEID="00000074"/>
				</METS:div>
				<METS:div TYPE="Chapter" LABEL="十、氟的測定" ORDERLABEL="63"><METS:fptr FILEID="00000074"/>
				</METS:div>
				<METS:div TYPE="Chapter" LABEL="十一、游离石灰的測定" ORDERLABEL="63"><METS:fptr FILEID="00000074"/>
				</METS:div>
				<METS:div TYPE="Chapter" LABEL="十二、不溶殘渣的測定" ORDERLABEL="63"><METS:fptr FILEID="00000074"/>
				</METS:div>
			</METS:div>
			<METS:div TYPE="Chapter" LABEL="第五节水泥熟料的快速分析" ORDERLABEL="64"><METS:fptr FILEID="00000075"/>
				<METS:div TYPE="Chapter" LABEL="一、二氧化硅的測定" ORDERLABEL="64"><METS:fptr FILEID="00000075"/>
				</METS:div>
				<METS:div TYPE="Chapter" LABEL="二、三价氧化物按差数測定" ORDERLABEL="64"><METS:fptr FILEID="00000075"/>
				</METS:div>
				<METS:div TYPE="Chapter" LABEL="三、硫酸酐的測定" ORDERLABEL="64"><METS:fptr FILEID="00000075"/>
				</METS:div>
				<METS:div TYPE="Chapter" LABEL="四、氧化鈣的測定" ORDERLABEL="64"><METS:fptr FILEID="00000075"/>
				</METS:div>
				<METS:div TYPE="Chapter" LABEL="五、氧化鎂的測定" ORDERLABEL="64"><METS:fptr FILEID="00000075"/>
				</METS:div>
				<METS:div TYPE="Chapter" LABEL="六、水泥熟料中硅酸鹽測定" ORDERLABEL="64"><METS:fptr FILEID="00000075"/>
				</METS:div>
			</METS:div>
			<METS:div TYPE="Chapter" LABEL="第六节火山灰質水泥的化学分析" ORDERLABEL="65"><METS:fptr FILEID="00000076"/>
				<METS:div TYPE="Chapter" LABEL="一、水分測定" ORDERLABEL="65"><METS:fptr FILEID="00000076"/>
				</METS:div>
				<METS:div TYPE="Chapter" LABEL="二、燒失量的測定" ORDERLABEL="65"><METS:fptr FILEID="00000076"/>
				</METS:div>
				<METS:div TYPE="Chapter" LABEL="三、二氧化硅的測定" ORDERLABEL="66"><METS:fptr FILEID="00000077"/>
				</METS:div>
				<METS:div TYPE="Chapter" LABEL="四、三价氧化物的測定" ORDERLABEL="66"><METS:fptr FILEID="00000077"/>
				</METS:div>
				<METS:div TYPE="Chapter" LABEL="五、氧化钙的測定" ORDERLABEL="66"><METS:fptr FILEID="00000077"/>
				</METS:div>
				<METS:div TYPE="Chapter" LABEL="六、氧化鋁的測定" ORDERLABEL="66"><METS:fptr FILEID="00000077"/>
				</METS:div>
				<METS:div TYPE="Chapter" LABEL="七、氧化鈣的測定" ORDERLABEL="66"><METS:fptr FILEID="00000077"/>
				</METS:div>
				<METS:div TYPE="Chapter" LABEL="八、氧化鎂的測定" ORDERLABEL="66"><METS:fptr FILEID="00000077"/>
				</METS:div>
				<METS:div TYPE="Chapter" LABEL="九、硫酸酐的測定" ORDERLABEL="66"><METS:fptr FILEID="00000077"/>
				</METS:div>
				<METS:div TYPE="Chapter" LABEL="十、游离氧化鈣的測定" ORDERLABEL="66"><METS:fptr FILEID="00000077"/>
				</METS:div>
			</METS:div>
		</METS:div>
		<METS:div TYPE="Chapter" LABEL="第四章 活性的檢驗" ORDERLABEL="67"><METS:fptr FILEID="00000078"/>
			<METS:div TYPE="Chapter" LABEL="第一节火山灰質混合材料活性檢驗方法" ORDERLABEL="67"><METS:fptr FILEID="00000078"/>
				<METS:div TYPE="Chapter" LABEL="一、石灰吸收法" ORDERLABEL="67"><METS:fptr FILEID="00000078"/>
				</METS:div>
				<METS:div TYPE="Chapter" LABEL="二、矿渣活性度的測定法" ORDERLABEL="70"><METS:fptr FILEID="00000081"/>
				</METS:div>
			</METS:div>
			<METS:div TYPE="Chapter" LABEL="第二节混合材料活性測定快速試驗法" ORDERLABEL="72"><METS:fptr FILEID="00000083"/>
			</METS:div>
		</METS:div>
		<METS:div TYPE="Chapter" LABEL="第五章 其它" ORDERLABEL="76"><METS:fptr FILEID="00000087"/>
			<METS:div TYPE="Chapter" LABEL="第一节廢糖蜜的化学分析方法" ORDERLABEL="76"><METS:fptr FILEID="00000087"/>
				<METS:div TYPE="Chapter" LABEL="一、干固物的測定" ORDERLABEL="76"><METS:fptr FILEID="00000087"/>
				</METS:div>
				<METS:div TYPE="Chapter" LABEL="二、灰分的測定" ORDERLABEL="76"><METS:fptr FILEID="00000087"/>
				</METS:div>
				<METS:div TYPE="Chapter" LABEL="三、酸度的測定" ORDERLABEL="76"><METS:fptr FILEID="00000087"/>
				</METS:div>
				<METS:div TYPE="Chapter" LABEL="四、碱度的測定" ORDERLABEL="77"><METS:fptr FILEID="00000088"/>
				</METS:div>
				<METS:div TYPE="Chapter" LABEL="五、还原糖和蔗塘的測定" ORDERLABEL="77"><METS:fptr FILEID="00000088"/>
				</METS:div>
				<METS:div TYPE="Chapter" LABEL="六、氧化鈣的測定" ORDERLABEL="80"><METS:fptr FILEID="00000091"/>
				</METS:div>
			</METS:div>
			<METS:div TYPE="Chapter" LABEL="第二节亞硫酸鹽紙漿廢液的化学分析" ORDERLABEL="82"><METS:fptr FILEID="00000093"/>
				<METS:div TYPE="Chapter" LABEL="一、濃度的測定" ORDERLABEL="82"><METS:fptr FILEID="00000093"/>
				</METS:div>
				<METS:div TYPE="Chapter" LABEL="二、廢液灰份和干余物質的測定" ORDERLABEL="82"><METS:fptr FILEID="00000093"/>
				</METS:div>
				<METS:div TYPE="Chapter" LABEL="三、总含硫量及蒸煑耗硫量的測定" ORDERLABEL="83"><METS:fptr FILEID="00000094"/>
				</METS:div>
				<METS:div TYPE="Chapter" LABEL="四、总二氧化硫的測定" ORDERLABEL="84"><METS:fptr FILEID="00000095"/>
				</METS:div>
				<METS:div TYPE="Chapter" LABEL="五、硫酸鹽含量的測定" ORDERLABEL="84"><METS:fptr FILEID="00000095"/>
				</METS:div>
				<METS:div TYPE="Chapter" LABEL="六、还原糖的測定" ORDERLABEL="185"><METS:fptr FILEID="00000096"/>
				</METS:div>
				<METS:div TYPE="Chapter" LABEL="七、酸度的測定" ORDERLABEL="85"><METS:fptr FILEID="00000096"/>
				</METS:div>
			</METS:div>
			<METS:div TYPE="Chapter" LABEL="第三节松香泡沫剂原料的化学分析" ORDERLABEL="85"><METS:fptr FILEID="00000096"/>
				<METS:div TYPE="Chapter" LABEL="一、松香皂化系数的測定" ORDERLABEL="86"><METS:fptr FILEID="00000097"/>
				</METS:div>
				<METS:div TYPE="Chapter" LABEL="二、总碱量的測定" ORDERLABEL="86"><METS:fptr FILEID="00000097"/>
				</METS:div>
			</METS:div>
			<METS:div TYPE="Chapter" LABEL="第四节皂化廢液中总油質含量測定的快速方法" ORDERLABEL="87"><METS:fptr FILEID="00000098"/>
			</METS:div>
			<METS:div TYPE="Chapter" LABEL="第五节耐酸度的測定" ORDERLABEL="87"><METS:fptr FILEID="00000098"/>
				<METS:div TYPE="Chapter" LABEL="一、混凝土骨料耐酸度的測定" ORDERLABEL="87"><METS:fptr FILEID="00000098"/>
				</METS:div>
				<METS:div TYPE="Chapter" LABEL="二、耐酸磗耐酸度的測定" ORDERLABEL="88"><METS:fptr FILEID="00000099"/>
				</METS:div>
			</METS:div>
			<METS:div TYPE="Chapter" LABEL="第六节氟矽酸鈉純度的測定" ORDERLABEL="89"><METS:fptr FILEID="00000100"/>
			</METS:div>
			<METS:div TYPE="Chapter" LABEL="第七节水玻璃的化学分析" ORDERLABEL="89"><METS:fptr FILEID="00000100"/>
				<METS:div TYPE="Chapter" LABEL="一、氧化鈉含量的测定" ORDERLABEL="89"><METS:fptr FILEID="00000100"/>
				</METS:div>
				<METS:div TYPE="Chapter" LABEL="二、游离碱的測定" ORDERLABEL="90"><METS:fptr FILEID="00000101"/>
				</METS:div>
				<METS:div TYPE="Chapter" LABEL="三、二氧化硅的測定" ORDERLABEL="90"><METS:fptr FILEID="00000101"/>
				</METS:div>
				<METS:div TYPE="Chapter" LABEL="四、硅率的計算" ORDERLABEL="91"><METS:fptr FILEID="00000102"/>
				</METS:div>
				<METS:div TYPE="Chapter" LABEL="五、鉄与鋁的測定" ORDERLABEL="91"><METS:fptr FILEID="00000102"/>
				</METS:div>
				<METS:div TYPE="Chapter" LABEL="六、氧化鈣的測定" ORDERLABEL="91"><METS:fptr FILEID="00000102"/>
				</METS:div>
				<METS:div TYPE="Chapter" LABEL="七、氧化鎂的測定" ORDERLABEL="91"><METS:fptr FILEID="00000102"/>
				</METS:div>
				<METS:div TYPE="Chapter" LABEL="八、硫酸根的測定" ORDERLABEL="91"><METS:fptr FILEID="00000102"/>
				</METS:div>
			</METS:div>
		</METS:div>
		<METS:div TYPE="Chapter" LABEL="第六章 水分析" ORDERLABEL="67"><METS:fptr FILEID="00000103"/>
			<METS:div TYPE="Chapter" LABEL="一、水化学分析样品的采取及其保管" ORDERLABEL="92"><METS:fptr FILEID="00000103"/>
			</METS:div>
			<METS:div TYPE="Chapter" LABEL="二、PH值的測定" ORDERLABEL="93"><METS:fptr FILEID="00000104"/>
			</METS:div>
			<METS:div TYPE="Chapter" LABEL="三、游离二氧化碳的測定" ORDERLABEL="93"><METS:fptr FILEID="00000104"/>
			</METS:div>
			<METS:div TYPE="Chapter" LABEL="四、侵蝕性二氧化碳的測定" ORDERLABEL="94"><METS:fptr FILEID="00000105"/>
			</METS:div>
			<METS:div TYPE="Chapter" LABEL="五、耗氧量的測定" ORDERLABEL="94"><METS:fptr FILEID="00000105"/>
			</METS:div>
			<METS:div TYPE="Chapter" LABEL="六、悬浮物的測定" ORDERLABEL="95"><METS:fptr FILEID="00000106"/>
			</METS:div>
			<METS:div TYPE="Chapter" LABEL="七、全固形物的測定" ORDERLABEL="96"><METS:fptr FILEID="00000107"/>
			</METS:div>
			<METS:div TYPE="Chapter" LABEL="八、二氧化硅的測定" ORDERLABEL="96"><METS:fptr FILEID="00000107"/>
			</METS:div>
			<METS:div TYPE="Chapter" LABEL="九、三价氧化物的測定" ORDERLABEL="97"><METS:fptr FILEID="00000108"/>
			</METS:div>
			<METS:div TYPE="Chapter" LABEL="十、鈣离子的測定" ORDERLABEL="98"><METS:fptr FILEID="00000109"/>
			</METS:div>
			<METS:div TYPE="Chapter" LABEL="十一、鎂离子的測定" ORDERLABEL="99"><METS:fptr FILEID="00000110"/>
			</METS:div>
			<METS:div TYPE="Chapter" LABEL="十二、硬度的測定" ORDERLABEL="100"><METS:fptr FILEID="00000111"/>
			</METS:div>
			<METS:div TYPE="Chapter" LABEL="十三、碱度的測定" ORDERLABEL="101"><METS:fptr FILEID="00000112"/>
			</METS:div>
			<METS:div TYPE="Chapter" LABEL="十四、氯根的測定" ORDERLABEL="101"><METS:fptr FILEID="00000112"/>
			</METS:div>
			<METS:div TYPE="Chapter" LABEL="十五、溶解氧的測定" ORDERLABEL="102"><METS:fptr FILEID="00000113"/>
			</METS:div>
			<METS:div TYPE="Chapter" LABEL="十六、溶解固形物和灼减的測定" ORDERLABEL="103"><METS:fptr FILEID="00000114"/>
			</METS:div>
			<METS:div TYPE="Chapter" LABEL="十七、鉄的測定" ORDERLABEL="104"><METS:fptr FILEID="00000115"/>
			</METS:div>
			<METS:div TYPE="Chapter" LABEL="十八、无机酸的測定" ORDERLABEL="105"><METS:fptr FILEID="00000116"/>
			</METS:div>
			<METS:div TYPE="Chapter" LABEL="十九、鉀及鈉的測定" ORDERLABEL="105"><METS:fptr FILEID="00000116"/>
			</METS:div>
			<METS:div TYPE="Chapter" LABEL="二十、硫酸根的測定" ORDERLABEL="106"><METS:fptr FILEID="00000117"/>
			</METS:div>
			<METS:div TYPE="Chapter" LABEL="二十一、硫化氫的測定" ORDERLABEL="107"><METS:fptr FILEID="00000118"/>
			</METS:div>
			<METS:div TYPE="Chapter" LABEL="二十二、氨的測定" ORDERLABEL="108"><METS:fptr FILEID="00000119"/>
			</METS:div>
			<METS:div TYPE="Chapter" LABEL="二十三、亞硝酸的測定" ORDERLABEL="109"><METS:fptr FILEID="00000120"/>
			</METS:div>
			<METS:div TYPE="Chapter" LABEL="二十四、硝酸根的測定" ORDERLABEL="110"><METS:fptr FILEID="00000121"/>
			</METS:div>
		</METS:div>
		<METS:div TYPE="Chapter" LABEL="第七章 酪素分析" ORDERLABEL="112"><METS:fptr FILEID="00000123"/>
		</METS:div>
		<METS:div TYPE="Chapter" LABEL="第八章 生漆的化學分析" ORDERLABEL="116"><METS:fptr FILEID="00000127"/>
		</METS:div>
		<METS:div TYPE="Chapter" LABEL="第九章 煤焦的分析" ORDERLABEL="117"><METS:fptr FILEID="00000128"/>
			<METS:div TYPE="Chapter" LABEL="一、水分測定" ORDERLABEL="117"><METS:fptr FILEID="00000128"/>
			</METS:div>
			<METS:div TYPE="Chapter" LABEL="二、灰分測定" ORDERLABEL="117"><METS:fptr FILEID="00000128"/>
			</METS:div>
			<METS:div TYPE="Chapter" LABEL="三、揮发物的測定" ORDERLABEL="117"><METS:fptr FILEID="00000128"/>
			</METS:div>
			<METS:div TYPE="Chapter" LABEL="四、固定炭的測定" ORDERLABEL="118"><METS:fptr FILEID="00000129"/>
			</METS:div>
			<METS:div TYPE="Chapter" LABEL="五、发热量的測定" ORDERLABEL="118"><METS:fptr FILEID="00000129"/>
			</METS:div>
			<METS:div TYPE="Chapter" LABEL="六、硫的測定" ORDERLABEL="118"><METS:fptr FILEID="00000129"/>
			</METS:div>
			<METS:div TYPE="Chapter" LABEL="七、磷的測定" ORDERLABEL="119"><METS:fptr FILEID="00000130"/>
			</METS:div>
		</METS:div>
		<METS:div TYPE="Chapter" LABEL="第十章 鋼鉄分析" ORDERLABEL="120"><METS:fptr FILEID="00000131"/>
			<METS:div TYPE="Chapter" LABEL="一、碳(总量)的測定" ORDERLABEL="120"><METS:fptr FILEID="00000131"/>
			</METS:div>
			<METS:div TYPE="Chapter" LABEL="二、石墨碳的測定" ORDERLABEL="123"><METS:fptr FILEID="00000134"/>
			</METS:div>
			<METS:div TYPE="Chapter" LABEL="三、硅的測定" ORDERLABEL="123"><METS:fptr FILEID="00000134"/>
				<METS:div TYPE="Chapter" LABEL="甲、重量法" ORDERLABEL="124"><METS:fptr FILEID="00000135"/>
				</METS:div>
				<METS:div TYPE="Chapter" LABEL="乙、光电比色法" ORDERLABEL="125"><METS:fptr FILEID="00000136"/>
				</METS:div>
			</METS:div>
			<METS:div TYPE="Chapter" LABEL="四、錳的測定" ORDERLABEL="126"><METS:fptr FILEID="00000137"/>
			</METS:div>
			<METS:div TYPE="Chapter" LABEL="五、硫的測定" ORDERLABEL="127"><METS:fptr FILEID="00000138"/>
			</METS:div>
			<METS:div TYPE="Chapter" LABEL="六、磷的測定" ORDERLABEL="130"><METS:fptr FILEID="00000141"/>
				<METS:div TYPE="Chapter" LABEL="甲、容量法" ORDERLABEL="131"><METS:fptr FILEID="00000142"/>
				</METS:div>
				<METS:div TYPE="Chapter" LABEL="乙、磷的比色法" ORDERLABEL="131"><METS:fptr FILEID="00000142"/>
				</METS:div>
			</METS:div>
			<METS:div TYPE="Chapter" LABEL="七、鎳的測定" ORDERLABEL="132"><METS:fptr FILEID="00000143"/>
				<METS:div TYPE="Chapter" LABEL="甲、重量法" ORDERLABEL="133"><METS:fptr FILEID="00000144"/>
				</METS:div>
				<METS:div TYPE="Chapter" LABEL="乙、比色法" ORDERLABEL="134"><METS:fptr FILEID="00000145"/>
				</METS:div>
			</METS:div>
			<METS:div TYPE="Chapter" LABEL="八、鉻的測定" ORDERLABEL="135"><METS:fptr FILEID="00000146"/>
			</METS:div>
		</METS:div>
		<METS:div TYPE="Chapter" LABEL="第十一章 普通鋼鉄中硅、錳、磷的快速測定法" ORDERLABEL="138"><METS:fptr FILEID="00000149"/>
		</METS:div>
	</METS:structMap>
</METS:mets>
