<?xml version="1.0" encoding="utf-8"?>
<METS:mets xmlns:METS="http://www.loc.gov/METS/" xmlns:xsi="http://www.w3.org/2001/XMLSchema-instance" xmlns:gdm="http://sunsite.berkeley.edu/GDM/" xmlns:xlink="http://www.w3.org/TR/xlink" xsi:schemalocation="http://www.loc.gov/METS/http://www.loc.gov/standards/mets/mets.xsd" LABEL="Zhejiang University.jdl.China-America digital library project" TYPE="Section">
	<METS:structMap TYPE="Catalog">
		<METS:div TYPE="Chapter" LABEL="第一章 隔热材料" ORDERLABEL="10"><METS:fptr FILEID="00000011"/>
			<METS:div TYPE="Chapter" LABEL="1.散粒材料和疏松材料" ORDERLABEL="12"><METS:fptr FILEID="00000013"/>
			</METS:div>
			<METS:div TYPE="Chapter" LABEL="2.瑪di脂" ORDERLABEL="14"><METS:fptr FILEID="00000015"/>
			</METS:div>
			<METS:div TYPE="Chapter" LABEL="3.輕砂桨和輕混凝土" ORDERLABEL="16"><METS:fptr FILEID="00000017"/>
			</METS:div>
			<METS:div TYPE="Chapter" LABEL="4.板材和卷材" ORDERLABEL="16"><METS:fptr FILEID="00000017"/>
			</METS:div>
			<METS:div TYPE="Chapter" LABEL="5.单件制品" ORDERLABEL="18"><METS:fptr FILEID="00000019"/>
			</METS:div>
		</METS:div>
		<METS:div TYPE="Chapter" LABEL="第二章 耐火材料和耐火制品" ORDERLABEL="31"><METS:fptr FILEID="00000032"/>
			<METS:div TYPE="Chapter" LABEL="1.耐火胶泥" ORDERLABEL="32"><METS:fptr FILEID="00000033"/>
			</METS:div>
			<METS:div TYPE="Chapter" LABEL="2.耐火制品" ORDERLABEL="35"><METS:fptr FILEID="00000036"/>
			</METS:div>
		</METS:div>
		<METS:div TYPE="Chapter" LABEL="第三章 防水材料" ORDERLABEL="98"><METS:fptr FILEID="00000099"/>
			<METS:div TYPE="Chapter" LABEL="1.憎水的稳定的及致密的摻料" ORDERLABEL="101"><METS:fptr FILEID="00000102"/>
			</METS:div>
			<METS:div TYPE="Chapter" LABEL="2.浸漬涂料、压注桨液及填灌浆液" ORDERLABEL="107"><METS:fptr FILEID="00000108"/>
			</METS:div>
			<METS:div TYPE="Chapter" LABEL="3.复盖及胶結涂料" ORDERLABEL="120"><METS:fptr FILEID="00000121"/>
			</METS:div>
			<METS:div TYPE="Chapter" LABEL="4.憎水瀝青粉" ORDERLABEL="123"><METS:fptr FILEID="00000124"/>
			</METS:div>
			<METS:div TYPE="Chapter" LABEL="5.板材及卷材" ORDERLABEL="125"><METS:fptr FILEID="00000126"/>
			</METS:div>
			<METS:div TYPE="Chapter" LABEL="6.填塞及垫衬材料" ORDERLABEL="128"><METS:fptr FILEID="00000129"/>
			</METS:div>
		</METS:div>
		<METS:div TYPE="Chapter" LABEL="第四章 非金屬的抗蝕材料" ORDERLABEL="136"><METS:fptr FILEID="00000137"/>
			<METS:div TYPE="Chapter" LABEL="1.水泥及混凝土" ORDERLABEL="141"><METS:fptr FILEID="00000142"/>
			</METS:div>
			<METS:div TYPE="Chapter" LABEL="2.薄層复盖材料" ORDERLABEL="146"><METS:fptr FILEID="00000147"/>
			</METS:div>
			<METS:div TYPE="Chapter" LABEL="3.单件制品" ORDERLABEL="150"><METS:fptr FILEID="00000151"/>
			</METS:div>
		</METS:div>
		<METS:div TYPE="Chapter" LABEL="第五章 装飾材料" ORDERLABEL="174"><METS:fptr FILEID="00000175"/>
			<METS:div TYPE="Chapter" LABEL="1.薄复盖層用混合料" ORDERLABEL="174"><METS:fptr FILEID="00000175"/>
			</METS:div>
			<METS:div TYPE="Chapter" LABEL="2.卷材" ORDERLABEL="193"><METS:fptr FILEID="00000194"/>
			</METS:div>
			<METS:div TYPE="Chapter" LABEL="3.板材" ORDERLABEL="195"><METS:fptr FILEID="00000196"/>
			</METS:div>
			<METS:div TYPE="Chapter" LABEL="4.单件制品" ORDERLABEL="197"><METS:fptr FILEID="00000198"/>
			</METS:div>
			<METS:div TYPE="Chapter" LABEL="5.建筑艺术配件" ORDERLABEL="202"><METS:fptr FILEID="00000203"/>
			</METS:div>
		</METS:div>
		<METS:div TYPE="Chapter" LABEL="参考資料" ORDERLABEL="240"><METS:fptr FILEID="00000241"/>
			<METS:div TYPE="Chapter" LABEL="1.特殊建筑材料和制品及其組合物、原料和試驗方法的标准" ORDERLABEL="240"><METS:fptr FILEID="00000241"/>
			</METS:div>
			<METS:div TYPE="Chapter" LABEL="2.特殊建筑材料的制造和使用规程、說明、技术规范、产品目录和价目表" ORDERLABEL="255"><METS:fptr FILEID="00000256"/>
			</METS:div>
		</METS:div>
	</METS:structMap>
</METS:mets>
