<?xml version="1.0" encoding="utf-8"?>
<METS:mets xmlns:METS="http://www.loc.gov/METS/" xmlns:xsi="http://www.w3.org/2001/XMLSchema-instance" xmlns:gdm="http://sunsite.berkeley.edu/GDM/" xmlns:xlink="http://www.w3.org/TR/xlink" xsi:schemalocation="http://www.loc.gov/METS/http://www.loc.gov/standards/mets/mets.xsd" LABEL="Zhejiang University.jdl.China-America digital library project" TYPE="Section">
	<METS:structMap TYPE="Catalog">
		<METS:div TYPE="Chapter" LABEL="一 膠結材料" ORDERLABEL="6"><METS:fptr FILEID="00000008"/>
		</METS:div>
		<METS:div TYPE="Chapter" LABEL="二 混凝土的集料和鋼筋" ORDERLABEL="14"><METS:fptr FILEID="00000016"/>
		</METS:div>
		<METS:div TYPE="Chapter" LABEL="三 牆壁材料" ORDERLABEL="20"><METS:fptr FILEID="00000022"/>
		</METS:div>
		<METS:div TYPE="Chapter" LABEL="四 隔熱材料" ORDERLABEL="31"><METS:fptr FILEID="00000033"/>
		</METS:div>
		<METS:div TYPE="Chapter" LABEL="五 裝飾材料" ORDERLABEL="40"><METS:fptr FILEID="00000042"/>
		</METS:div>
		<METS:div TYPE="Chapter" LABEL="六 屋冇材料與防潮材料" ORDERLABEL="47"><METS:fptr FILEID="00000049"/>
		</METS:div>
	</METS:structMap>
</METS:mets>
