<?xml version="1.0" encoding="utf-8"?>
<METS:mets xmlns:METS="http://www.loc.gov/METS/" xmlns:xsi="http://www.w3.org/2001/XMLSchema-instance" xmlns:gdm="http://sunsite.berkeley.edu/GDM/" xmlns:xlink="http://www.w3.org/TR/xlink" xsi:schemalocation="http://www.loc.gov/METS/http://www.loc.gov/standards/mets/mets.xsd" LABEL="Zhejiang University.jdl.China-America digital library project" TYPE="Section">
	<METS:structMap TYPE="Catalog">
		<METS:div TYPE="Chapter" LABEL="序言" ORDERLABEL="7"><METS:fptr FILEID="00000008"/>
		</METS:div>
		<METS:div TYPE="Chapter" LABEL="第一章 燃燒概論" ORDERLABEL="9"><METS:fptr FILEID="00000010"/>
			<METS:div TYPE="Chapter" LABEL="第一节燃燒过程" ORDERLABEL="9"><METS:fptr FILEID="00000010"/>
			</METS:div>
			<METS:div TYPE="Chapter" LABEL="第二节受热自燃" ORDERLABEL="11"><METS:fptr FILEID="00000012"/>
			</METS:div>
			<METS:div TYPE="Chapter" LABEL="第三节本身自燃" ORDERLABEL="11"><METS:fptr FILEID="00000012"/>
			</METS:div>
			<METS:div TYPE="Chapter" LABEL="第四节燃燒产物" ORDERLABEL="14"><METS:fptr FILEID="00000015"/>
			</METS:div>
			<METS:div TYPE="Chapter" LABEL="第五节燃燒时热的扩散" ORDERLABEL="15"><METS:fptr FILEID="00000016"/>
			</METS:div>
			<METS:div TYPE="Chapter" LABEL="第六节气体、蒸汽及粉塵的爆炸" ORDERLABEL="17"><METS:fptr FILEID="00000018"/>
			</METS:div>
			<METS:div TYPE="Chapter" LABEL="第七节中止燃燒的方法" ORDERLABEL="19"><METS:fptr FILEID="00000020"/>
			</METS:div>
		</METS:div>
		<METS:div TYPE="Chapter" LABEL="第二章 建筑材料及結構对于高温作用的耐力" ORDERLABEL="20"><METS:fptr FILEID="00000021"/>
			<METS:div TYPE="Chapter" LABEL="第一节結構和材料的耐火極限" ORDERLABEL="20"><METS:fptr FILEID="00000021"/>
			</METS:div>
			<METS:div TYPE="Chapter" LABEL="第二节在温度作用下材料强度的变化和它們的耐火度" ORDERLABEL="22"><METS:fptr FILEID="00000023"/>
			</METS:div>
		</METS:div>
		<METS:div TYPE="Chapter" LABEL="第三章 火災預防法" ORDERLABEL="32"><METS:fptr FILEID="00000033"/>
			<METS:div TYPE="Chapter" LABEL="第一节火災的預防" ORDERLABEL="32"><METS:fptr FILEID="00000033"/>
			</METS:div>
			<METS:div TYPE="Chapter" LABEL="第二节阻碍火燄蔓延的条件" ORDERLABEL="32"><METS:fptr FILEID="00000033"/>
			</METS:div>
			<METS:div TYPE="Chapter" LABEL="第三节保証消防队有效行动和执行防火安全措施" ORDERLABEL="33"><METS:fptr FILEID="00000034"/>
			</METS:div>
			<METS:div TYPE="Chapter" LABEL="第四节發生火災时人員及物資的搶救" ORDERLABEL="35"><METS:fptr FILEID="00000036"/>
			</METS:div>
		</METS:div>
		<METS:div TYPE="Chapter" LABEL="第四章 設計中应考虑到的各种防火措施" ORDERLABEL="36"><METS:fptr FILEID="00000037"/>
			<METS:div TYPE="Chapter" LABEL="第一节根据火災危險性划分的生产类别" ORDERLABEL="36"><METS:fptr FILEID="00000037"/>
			</METS:div>
			<METS:div TYPE="Chapter" LABEL="第二节建筑物和構筑物的耐火度" ORDERLABEL="37"><METS:fptr FILEID="00000038"/>
			</METS:div>
			<METS:div TYPE="Chapter" LABEL="第三节防火隔障" ORDERLABEL="40"><METS:fptr FILEID="00000041"/>
			</METS:div>
			<METS:div TYPE="Chapter" LABEL="第四节疏散通路" ORDERLABEL="53"><METS:fptr FILEID="00000054"/>
			</METS:div>
		</METS:div>
		<METS:div TYPE="Chapter" LABEL="第五章 水泥生产中的防火安全" ORDERLABEL="59"><METS:fptr FILEID="00000060"/>
			<METS:div TYPE="Chapter" LABEL="第一节决定粉塵爆炸能力的因素" ORDERLABEL="60"><METS:fptr FILEID="00000061"/>
			</METS:div>
			<METS:div TYPE="Chapter" LABEL="第二节粉塵制造工段的火災預防法" ORDERLABEL="62"><METS:fptr FILEID="00000063"/>
			</METS:div>
		</METS:div>
		<METS:div TYPE="Chapter" LABEL="第六章 玻璃生产的防火安全" ORDERLABEL="71"><METS:fptr FILEID="00000072"/>
			<METS:div TYPE="Chapter" LABEL="第一节准备車間和原料車間" ORDERLABEL="71"><METS:fptr FILEID="00000072"/>
			</METS:div>
			<METS:div TYPE="Chapter" LABEL="第二节熔制車間" ORDERLABEL="71"><METS:fptr FILEID="00000072"/>
			</METS:div>
			<METS:div TYPE="Chapter" LABEL="第三节玻璃切裁車間" ORDERLABEL="72"><METS:fptr FILEID="00000073"/>
			</METS:div>
			<METS:div TYPE="Chapter" LABEL="第四节采用賽璐珞和具有火災危險性化学藥剂的車間" ORDERLABEL="72"><METS:fptr FILEID="00000073"/>
			</METS:div>
			<METS:div TYPE="Chapter" LABEL="第五节鏡玻璃生产車間" ORDERLABEL="76"><METS:fptr FILEID="00000077"/>
			</METS:div>
			<METS:div TYPE="Chapter" LABEL="第六节成品包装車間" ORDERLABEL="77"><METS:fptr FILEID="00000078"/>
			</METS:div>
		</METS:div>
		<METS:div TYPE="Chapter" LABEL="第七章 軟質屋面材料生产中的防火安全" ORDERLABEL="78"><METS:fptr FILEID="00000079"/>
		</METS:div>
		<METS:div TYPE="Chapter" LABEL="第八章 木材机械加工的防火安全" ORDERLABEL="88"><METS:fptr FILEID="00000089"/>
			<METS:div TYPE="Chapter" LABEL="第一节鋸木車間" ORDERLABEL="89"><METS:fptr FILEID="00000090"/>
			</METS:div>
			<METS:div TYPE="Chapter" LABEL="第二节鉋制装配車間" ORDERLABEL="90"><METS:fptr FILEID="00000091"/>
			</METS:div>
			<METS:div TYPE="Chapter" LABEL="第三节干燥車間" ORDERLABEL="91"><METS:fptr FILEID="00000092"/>
			</METS:div>
			<METS:div TYPE="Chapter" LABEL="第四节油漆和清漆車間" ORDERLABEL="94"><METS:fptr FILEID="00000095"/>
			</METS:div>
			<METS:div TYPE="Chapter" LABEL="第五节防火保护帶" ORDERLABEL="97"><METS:fptr FILEID="00000098"/>
			</METS:div>
		</METS:div>
		<METS:div TYPE="Chapter" LABEL="第九章 建筑工程中的防火安全" ORDERLABEL="99"><METS:fptr FILEID="00000100"/>
			<METS:div TYPE="Chapter" LABEL="第一节混疑土工程" ORDERLABEL="99"><METS:fptr FILEID="00000100"/>
			</METS:div>
			<METS:div TYPE="Chapter" LABEL="第二节建筑物的人工干燥" ORDERLABEL="101"><METS:fptr FILEID="00000102"/>
			</METS:div>
			<METS:div TYPE="Chapter" LABEL="第三节卷材屋頂的采用" ORDERLABEL="101"><METS:fptr FILEID="00000102"/>
			</METS:div>
		</METS:div>
		<METS:div TYPE="Chapter" LABEL="第十章 煤气發生爐操作中的防火安全" ORDERLABEL="103"><METS:fptr FILEID="00000104"/>
		</METS:div>
		<METS:div TYPE="Chapter" LABEL="第十一章 鑄造車間的防火安全" ORDERLABEL="106"><METS:fptr FILEID="00000107"/>
		</METS:div>
		<METS:div TYPE="Chapter" LABEL="第十二章 安装和操作电机和电气仪表时的防火安全措施" ORDERLABEL="109"><METS:fptr FILEID="00000110"/>
			<METS:div TYPE="Chapter" LABEL="第一节火災原因" ORDERLABEL="109"><METS:fptr FILEID="00000110"/>
			</METS:div>
			<METS:div TYPE="Chapter" LABEL="第二节根据对于电气設备的不同要求而划分的生产厂房分类" ORDERLABEL="117"><METS:fptr FILEID="00000118"/>
			</METS:div>
			<METS:div TYPE="Chapter" LABEL="第三节裝有保护装置的电气設备" ORDERLABEL="118"><METS:fptr FILEID="00000119"/>
			</METS:div>
			<METS:div TYPE="Chapter" LABEL="第四节分电仪器" ORDERLABEL="122"><METS:fptr FILEID="00000123"/>
			</METS:div>
			<METS:div TYPE="Chapter" LABEL="第五节变压器" ORDERLABEL="124"><METS:fptr FILEID="00000125"/>
			</METS:div>
			<METS:div TYPE="Chapter" LABEL="第六节室内的車間变电所" ORDERLABEL="125"><METS:fptr FILEID="00000126"/>
			</METS:div>
			<METS:div TYPE="Chapter" LABEL="第七节电气照明器具" ORDERLABEL="126"><METS:fptr FILEID="00000127"/>
			</METS:div>
			<METS:div TYPE="Chapter" LABEL="第八节电热器" ORDERLABEL="131"><METS:fptr FILEID="00000132"/>
			</METS:div>
			<METS:div TYPE="Chapter" LABEL="第九节电气收塵器" ORDERLABEL="132"><METS:fptr FILEID="00000133"/>
			</METS:div>
			<METS:div TYPE="Chapter" LABEL="第十节电弧焊接" ORDERLABEL="132"><METS:fptr FILEID="00000133"/>
			</METS:div>
			<METS:div TYPE="Chapter" LABEL="第十一节蓄电池裝置" ORDERLABEL="133"><METS:fptr FILEID="00000134"/>
			</METS:div>
			<METS:div TYPE="Chapter" LABEL="第十二节靜电" ORDERLABEL="134"><METS:fptr FILEID="00000135"/>
			</METS:div>
		</METS:div>
		<METS:div TYPE="Chapter" LABEL="第十三章 进行金屬气焊时的防火安全" ORDERLABEL="139"><METS:fptr FILEID="00000140"/>
			<METS:div TYPE="Chapter" LABEL="第一节乙炔的性質" ORDERLABEL="139"><METS:fptr FILEID="00000140"/>
			</METS:div>
			<METS:div TYPE="Chapter" LABEL="第二节制取乙炔的設备" ORDERLABEL="141"><METS:fptr FILEID="00000142"/>
			</METS:div>
			<METS:div TYPE="Chapter" LABEL="第三节煤油熔切及汽油熔切" ORDERLABEL="145"><METS:fptr FILEID="00000146"/>
			</METS:div>
			<METS:div TYPE="Chapter" LABEL="第四节盛有气体之气瓶的保存規則" ORDERLABEL="145"><METS:fptr FILEID="00000146"/>
			</METS:div>
			<METS:div TYPE="Chapter" LABEL="第五节焊接盛有可燃性液体的容器" ORDERLABEL="146"><METS:fptr FILEID="00000147"/>
			</METS:div>
		</METS:div>
		<METS:div TYPE="Chapter" LABEL="第十四章 安裝与操作采暖設备时的防火安全措施" ORDERLABEL="148"><METS:fptr FILEID="00000149"/>
			<METS:div TYPE="Chapter" LABEL="第一节火爐采暖" ORDERLABEL="148"><METS:fptr FILEID="00000149"/>
			</METS:div>
			<METS:div TYPE="Chapter" LABEL="第二节水暖与汽暖" ORDERLABEL="154"><METS:fptr FILEID="00000155"/>
			</METS:div>
		</METS:div>
		<METS:div TYPE="Chapter" LABEL="第十五章 保管固体燃料、木材及易燃液体时的防火安全措施" ORDERLABEL="156"><METS:fptr FILEID="00000157"/>
			<METS:div TYPE="Chapter" LABEL="第一节固体燃料倉庫" ORDERLABEL="156"><METS:fptr FILEID="00000157"/>
			</METS:div>
			<METS:div TYPE="Chapter" LABEL="第二节木材倉庫" ORDERLABEL="160"><METS:fptr FILEID="00000161"/>
			</METS:div>
			<METS:div TYPE="Chapter" LABEL="第三节易燃液体倉庫" ORDERLABEL="162"><METS:fptr FILEID="00000163"/>
			</METS:div>
		</METS:div>
		<METS:div TYPE="Chapter" LABEL="第十六章 汽車庫的防火安全措施" ORDERLABEL="177"><METS:fptr FILEID="00000178"/>
			<METS:div TYPE="Chapter" LABEL="第一节汽車庫的設备" ORDERLABEL="177"><METS:fptr FILEID="00000178"/>
			</METS:div>
			<METS:div TYPE="Chapter" LABEL="第二节木炭發动机" ORDERLABEL="178"><METS:fptr FILEID="00000179"/>
			</METS:div>
		</METS:div>
		<METS:div TYPE="Chapter" LABEL="第十七章 可燃材料的防火剂" ORDERLABEL="181"><METS:fptr FILEID="00000182"/>
		</METS:div>
		<METS:div TYPE="Chapter" LABEL="第十八章 防火信号裝置" ORDERLABEL="194"><METS:fptr FILEID="00000195"/>
		</METS:div>
		<METS:div TYPE="Chapter" LABEL="第十九章 防火供水与化学灭火工具" ORDERLABEL="197"><METS:fptr FILEID="00000198"/>
			<METS:div TYPE="Chapter" LABEL="第一节防火供水及設备" ORDERLABEL="197"><METS:fptr FILEID="00000198"/>
			</METS:div>
			<METS:div TYPE="Chapter" LABEL="第二节泡沫灭火器" ORDERLABEL="214"><METS:fptr FILEID="00000215"/>
			</METS:div>
			<METS:div TYPE="Chapter" LABEL="第三节二氧化碳灭火器" ORDERLABEL="219"><METS:fptr FILEID="00000220"/>
			</METS:div>
		</METS:div>
		<METS:div TYPE="Chapter" LABEL="第二十章 建筑材料工業企業的灭火特点" ORDERLABEL="224"><METS:fptr FILEID="00000225"/>
			<METS:div TYPE="Chapter" LABEL="第一节組織措施" ORDERLABEL="224"><METS:fptr FILEID="00000225"/>
			</METS:div>
			<METS:div TYPE="Chapter" LABEL="第二节玻璃工業企業" ORDERLABEL="226"><METS:fptr FILEID="00000227"/>
			</METS:div>
			<METS:div TYPE="Chapter" LABEL="第三节屋面材料企業" ORDERLABEL="228"><METS:fptr FILEID="00000229"/>
			</METS:div>
			<METS:div TYPE="Chapter" LABEL="第四节木材加工企業" ORDERLABEL="230"><METS:fptr FILEID="00000231"/>
			</METS:div>
			<METS:div TYPE="Chapter" LABEL="第五节水泥厂煤粉制备工段" ORDERLABEL="231"><METS:fptr FILEID="00000232"/>
			</METS:div>
			<METS:div TYPE="Chapter" LABEL="第六节森林火災的扑灭" ORDERLABEL="232"><METS:fptr FILEID="00000233"/>
			</METS:div>
		</METS:div>
	</METS:structMap>
</METS:mets>
