<?xml version="1.0" encoding="utf-8"?>
<METS:mets xmlns:METS="http://www.loc.gov/METS/" xmlns:xsi="http://www.w3.org/2001/XMLSchema-instance" xmlns:gdm="http://sunsite.berkeley.edu/GDM/" xmlns:xlink="http://www.w3.org/TR/xlink" xsi:schemalocation="http://www.loc.gov/METS/http://www.loc.gov/standards/mets/mets.xsd" LABEL="Zhejiang University.jdl.China-America digital library project" TYPE="Section">
	<METS:structMap TYPE="Catalog">
		<METS:div TYPE="Chapter" LABEL="第八篇 建筑陶瓷焙燒窑" ORDERLABEL="10"><METS:fptr FILEID="00000011"/>
			<METS:div TYPE="Chapter" LABEL="第一章窑爐概述" ORDERLABEL="10"><METS:fptr FILEID="00000011"/>
			</METS:div>
			<METS:div TYPE="Chapter" LABEL="第二章間歇式窑" ORDERLABEL="12"><METS:fptr FILEID="00000013"/>
				<METS:div TYPE="Chapter" LABEL="1.間歇式窑内煅燒的均匀性及其提高的方法" ORDERLABEL="12"><METS:fptr FILEID="00000013"/>
				</METS:div>
				<METS:div TYPE="Chapter" LABEL="2.間歇式窑的尺寸及構造" ORDERLABEL="14"><METS:fptr FILEID="00000015"/>
				</METS:div>
				<METS:div TYPE="Chapter" LABEL="3.間歇式窑的热工特性" ORDERLABEL="15"><METS:fptr FILEID="00000016"/>
				</METS:div>
				<METS:div TYPE="Chapter" LABEL="4.間歇式窑内廢气热量的利用" ORDERLABEL="16"><METS:fptr FILEID="00000017"/>
				</METS:div>
			</METS:div>
			<METS:div TYPE="Chapter" LABEL="第三章燒成带移动而物料固定的連續式窑" ORDERLABEL="17"><METS:fptr FILEID="00000018"/>
				<METS:div TYPE="Chapter" LABEL="1.多室窑" ORDERLABEL="17"><METS:fptr FILEID="00000018"/>
				</METS:div>
				<METS:div TYPE="Chapter" LABEL="2.輪窑" ORDERLABEL="19"><METS:fptr FILEID="00000020"/>
				</METS:div>
			</METS:div>
			<METS:div TYPE="Chapter" LABEL="第四章燒成带固定而物料移动的連續式窑" ORDERLABEL="36"><METS:fptr FILEID="00000038"/>
				<METS:div TYPE="Chapter" LABEL="1.隧道窑的構造及操作" ORDERLABEL="37"><METS:fptr FILEID="00000039"/>
				</METS:div>
				<METS:div TYPE="Chapter" LABEL="2.隧道窑的热工特性" ORDERLABEL="46"><METS:fptr FILEID="00000049"/>
				</METS:div>
				<METS:div TYPE="Chapter" LABEL="3.隧道窑投入生产及看管" ORDERLABEL="47"><METS:fptr FILEID="00000050"/>
				</METS:div>
			</METS:div>
			<METS:div TYPE="Chapter" LABEL="第五章窑的热平衡" ORDERLABEL="49"><METS:fptr FILEID="00000052"/>
				<METS:div TYPE="Chapter" LABEL="1.热平衡收入部分" ORDERLABEL="49"><METS:fptr FILEID="00000052"/>
				</METS:div>
				<METS:div TYPE="Chapter" LABEL="2.热平衡支出部分" ORDERLABEL="50"><METS:fptr FILEID="00000053"/>
				</METS:div>
				<METS:div TYPE="Chapter" LABEL="3.窑的效率" ORDERLABEL="54"><METS:fptr FILEID="00000057"/>
				</METS:div>
			</METS:div>
			<METS:div TYPE="Chapter" LABEL="第六章窑类型的选擇" ORDERLABEL="55"><METS:fptr FILEID="00000058"/>
			</METS:div>
			<METS:div TYPE="Chapter" LABEL="第七章焙燒陶瓷制品窑的近似計算" ORDERLABEL="57"><METS:fptr FILEID="00000060"/>
				<METS:div TYPE="Chapter" LABEL="1.焙燒室及窑道的容积及尺寸" ORDERLABEL="58"><METS:fptr FILEID="00000061"/>
				</METS:div>
				<METS:div TYPE="Chapter" LABEL="2.窑的操作制度" ORDERLABEL="59"><METS:fptr FILEID="00000062"/>
				</METS:div>
				<METS:div TYPE="Chapter" LABEL="3.焙燒粘土磚隧道窑的簡單热工計算" ORDERLABEL="59"><METS:fptr FILEID="00000062"/>
				</METS:div>
				<METS:div TYPE="Chapter" LABEL="4.燃料的燃燒" ORDERLABEL="61"><METS:fptr FILEID="00000064"/>
				</METS:div>
				<METS:div TYPE="Chapter" LABEL="5.燃料消耗量的計算" ORDERLABEL="62"><METS:fptr FILEID="00000065"/>
				</METS:div>
				<METS:div TYPE="Chapter" LABEL="6.热量收入" ORDERLABEL="68"><METS:fptr FILEID="00000071"/>
					<METS:div TYPE="Chapter" LABEL="冷却带的热平衡" ORDERLABEL="71"><METS:fptr FILEID="00000074"/>
					</METS:div>
					<METS:div TYPE="Chapter" LABEL="第八篇复習題" ORDERLABEL="71"><METS:fptr FILEID="00000074"/>
					</METS:div>
				</METS:div>
			</METS:div>
		</METS:div>
		<METS:div TYPE="Chapter" LABEL="第九篇 膠凝物質煆燒窑" ORDERLABEL="72"><METS:fptr FILEID="00000075"/>
			<METS:div TYPE="Chapter" LABEL="第一章豎窑的構造和操作" ORDERLABEL="72"><METS:fptr FILEID="00000075"/>
			</METS:div>
			<METS:div TYPE="Chapter" LABEL="第二章煆燒地方性膠凝物質的豎窑" ORDERLABEL="73"><METS:fptr FILEID="00000076"/>
				<METS:div TYPE="Chapter" LABEL="1.豎窑类型" ORDERLABEL="73"><METS:fptr FILEID="00000076"/>
				</METS:div>
				<METS:div TYPE="Chapter" LABEL="2.豎窑的装料設备及卸料設备" ORDERLABEL="77"><METS:fptr FILEID="00000080"/>
				</METS:div>
				<METS:div TYPE="Chapter" LABEL="3.豎窑的生产率" ORDERLABEL="79"><METS:fptr FILEID="00000082"/>
				</METS:div>
				<METS:div TYPE="Chapter" LABEL="4.豎窑的热工特性" ORDERLABEL="81"><METS:fptr FILEID="00000084"/>
				</METS:div>
			</METS:div>
			<METS:div TYPE="Chapter" LABEL="第三章煆燒水泥熟料自动化豎窑" ORDERLABEL="83"><METS:fptr FILEID="00000086"/>
				<METS:div TYPE="Chapter" LABEL="1.自动化豎窑的構造" ORDERLABEL="84"><METS:fptr FILEID="00000087"/>
				</METS:div>
				<METS:div TYPE="Chapter" LABEL="2.自动化豎窑内燃料的燃燒" ORDERLABEL="88"><METS:fptr FILEID="00000091"/>
				</METS:div>
				<METS:div TYPE="Chapter" LABEL="3.豎窑所采用的燃料" ORDERLABEL="91"><METS:fptr FILEID="00000094"/>
				</METS:div>
				<METS:div TYPE="Chapter" LABEL="4.豎窑内气体运动阻力" ORDERLABEL="91"><METS:fptr FILEID="00000094"/>
				</METS:div>
				<METS:div TYPE="Chapter" LABEL="5.自动化豎窑的生产率" ORDERLABEL="92"><METS:fptr FILEID="00000095"/>
				</METS:div>
				<METS:div TYPE="Chapter" LABEL="6.提高自动化豎窑生产率的方法" ORDERLABEL="93"><METS:fptr FILEID="00000096"/>
				</METS:div>
			</METS:div>
			<METS:div TYPE="Chapter" LABEL="第四章廻轉窑" ORDERLABEL="94"><METS:fptr FILEID="00000097"/>
				<METS:div TYPE="Chapter" LABEL="1.廻轉窑的構造" ORDERLABEL="94"><METS:fptr FILEID="00000097"/>
					<METS:div TYPE="Chapter" LABEL="窑体" ORDERLABEL="94"><METS:fptr FILEID="00000097"/>
					</METS:div>
					<METS:div TYPE="Chapter" LABEL="窑的托輪和傅动装置" ORDERLABEL="96"><METS:fptr FILEID="00000100"/>
					</METS:div>
					<METS:div TYPE="Chapter" LABEL="窑头和密閉装置" ORDERLABEL="97"><METS:fptr FILEID="00000101"/>
					</METS:div>
					<METS:div TYPE="Chapter" LABEL="热交換設备" ORDERLABEL="98"><METS:fptr FILEID="00000102"/>
					</METS:div>
					<METS:div TYPE="Chapter" LABEL="喂料机" ORDERLABEL="101"><METS:fptr FILEID="00000105"/>
					</METS:div>
				</METS:div>
				<METS:div TYPE="Chapter" LABEL="2.在燃料廻轉窑内的燃燒" ORDERLABEL="101"><METS:fptr FILEID="00000105"/>
				</METS:div>
				<METS:div TYPE="Chapter" LABEL="3.廻轉窑的热工特性" ORDERLABEL="105"><METS:fptr FILEID="00000109"/>
				</METS:div>
				<METS:div TYPE="Chapter" LABEL="4.廻轉窑的生产率" ORDERLABEL="107"><METS:fptr FILEID="00000111"/>
				</METS:div>
				<METS:div TYPE="Chapter" LABEL="5.提高廻轉窑生产率及热效率的措施" ORDERLABEL="110"><METS:fptr FILEID="00000114"/>
				</METS:div>
				<METS:div TYPE="Chapter" LABEL="6.窑体的水冷却" ORDERLABEL="112"><METS:fptr FILEID="00000116"/>
				</METS:div>
				<METS:div TYPE="Chapter" LABEL="7.廻轉窑廢气和熟料的热量利用装置" ORDERLABEL="113"><METS:fptr FILEID="00000117"/>
					<METS:div TYPE="Chapter" LABEL="余热鍋爐" ORDERLABEL="113"><METS:fptr FILEID="00000117"/>
					</METS:div>
					<METS:div TYPE="Chapter" LABEL="料浆过濾器" ORDERLABEL="115"><METS:fptr FILEID="00000119"/>
					</METS:div>
					<METS:div TYPE="Chapter" LABEL="蒸發器和預热器" ORDERLABEL="115"><METS:fptr FILEID="00000119"/>
					</METS:div>
					<METS:div TYPE="Chapter" LABEL="煅燒机" ORDERLABEL="118"><METS:fptr FILEID="00000122"/>
					</METS:div>
					<METS:div TYPE="Chapter" LABEL="冷却机" ORDERLABEL="119"><METS:fptr FILEID="00000123"/>
					</METS:div>
				</METS:div>
			</METS:div>
			<METS:div TYPE="Chapter" LABEL="第五章豎窑和廻轉窑的热工計算" ORDERLABEL="125"><METS:fptr FILEID="00000129"/>
				<METS:div TYPE="Chapter" LABEL="1.物料平衡" ORDERLABEL="126"><METS:fptr FILEID="00000130"/>
					<METS:div TYPE="Chapter" LABEL="燃料消耗量" ORDERLABEL="126"><METS:fptr FILEID="00000130"/>
					</METS:div>
					<METS:div TYPE="Chapter" LABEL="原料消耗量" ORDERLABEL="127"><METS:fptr FILEID="00000131"/>
					</METS:div>
					<METS:div TYPE="Chapter" LABEL="飞灰量" ORDERLABEL="128"><METS:fptr FILEID="00000132"/>
					</METS:div>
					<METS:div TYPE="Chapter" LABEL="干空气消耗量" ORDERLABEL="128"><METS:fptr FILEID="00000132"/>
					</METS:div>
					<METS:div TYPE="Chapter" LABEL="空气带入的水分" ORDERLABEL="129"><METS:fptr FILEID="00000133"/>
					</METS:div>
					<METS:div TYPE="Chapter" LABEL="廢气量" ORDERLABEL="129"><METS:fptr FILEID="00000133"/>
					</METS:div>
				</METS:div>
				<METS:div TYPE="Chapter" LABEL="2.热平衡" ORDERLABEL="130"><METS:fptr FILEID="00000134"/>
				</METS:div>
				<METS:div TYPE="Chapter" LABEL="3.燃燒温度的計算" ORDERLABEL="133"><METS:fptr FILEID="00000137"/>
				</METS:div>
				<METS:div TYPE="Chapter" LABEL="4.廻轉窑热工計算例举" ORDERLABEL="134"><METS:fptr FILEID="00000138"/>
					<METS:div TYPE="Chapter" LABEL="廻轉窑1公斤熟料的物料平衡" ORDERLABEL="140"><METS:fptr FILEID="00000144"/>
					</METS:div>
				</METS:div>
			</METS:div>
			<METS:div TYPE="Chapter" LABEL="第六章石膏煆燒設备" ORDERLABEL="142"><METS:fptr FILEID="00000146"/>
				<METS:div TYPE="Chapter" LABEL="1.同时进行石膏的粉磨与煅燒" ORDERLABEL="142"><METS:fptr FILEID="00000146"/>
				</METS:div>
				<METS:div TYPE="Chapter" LABEL="2.石膏脱水炒鍋" ORDERLABEL="143"><METS:fptr FILEID="00000147"/>
				</METS:div>
				<METS:div TYPE="Chapter" LABEL="第九篇复習題" ORDERLABEL="145"><METS:fptr FILEID="00000149"/>
				</METS:div>
			</METS:div>
		</METS:div>
		<METS:div TYPE="Chapter" LABEL="第十篇 玻璃窑" ORDERLABEL="146"><METS:fptr FILEID="00000150"/>
			<METS:div TYPE="Chapter" LABEL="玻璃窑的类型" ORDERLABEL="146"><METS:fptr FILEID="00000150"/>
			</METS:div>
			<METS:div TYPE="Chapter" LABEL="第一章玻璃熔化池窑" ORDERLABEL="147"><METS:fptr FILEID="00000151"/>
				<METS:div TYPE="Chapter" LABEL="1.池窑構造概述" ORDERLABEL="147"><METS:fptr FILEID="00000151"/>
				</METS:div>
				<METS:div TYPE="Chapter" LABEL="2.熔制平板玻璃的池窑" ORDERLABEL="148"><METS:fptr FILEID="00000152"/>
				</METS:div>
				<METS:div TYPE="Chapter" LABEL="3.池窑的蓄热室" ORDERLABEL="152"><METS:fptr FILEID="00000156"/>
				</METS:div>
				<METS:div TYPE="Chapter" LABEL="4.池窑的小爐" ORDERLABEL="154"><METS:fptr FILEID="00000158"/>
				</METS:div>
				<METS:div TYPE="Chapter" LABEL="5.交換器" ORDERLABEL="156"><METS:fptr FILEID="00000160"/>
				</METS:div>
				<METS:div TYPE="Chapter" LABEL="6.池窑内傅热" ORDERLABEL="163"><METS:fptr FILEID="00000167"/>
				</METS:div>
				<METS:div TYPE="Chapter" LABEL="7.池窑的生产率" ORDERLABEL="163"><METS:fptr FILEID="00000167"/>
				</METS:div>
				<METS:div TYPE="Chapter" LABEL="8.池窑的热工特性" ORDERLABEL="165"><METS:fptr FILEID="00000169"/>
				</METS:div>
				<METS:div TYPE="Chapter" LABEL="9.生产平板坡璃的坡璃熔化池窑的热平衡計算例举" ORDERLABEL="167"><METS:fptr FILEID="00000171"/>
				</METS:div>
			</METS:div>
			<METS:div TYPE="Chapter" LABEL="第二章生产玻璃的其他熔窑" ORDERLABEL="171"><METS:fptr FILEID="00000175"/>
				<METS:div TYPE="Chapter" LABEL="1.引上通路" ORDERLABEL="171"><METS:fptr FILEID="00000175"/>
				</METS:div>
				<METS:div TYPE="Chapter" LABEL="2.玻璃熔化的坩堝窑" ORDERLABEL="172"><METS:fptr FILEID="00000176"/>
				</METS:div>
				<METS:div TYPE="Chapter" LABEL="3.退火爐" ORDERLABEL="175"><METS:fptr FILEID="00000179"/>
				</METS:div>
				<METS:div TYPE="Chapter" LABEL="第十篇复習題" ORDERLABEL="176"><METS:fptr FILEID="00000180"/>
				</METS:div>
			</METS:div>
		</METS:div>
		<METS:div TYPE="Chapter" LABEL="第十一篇 建筑制品蒸汽养护設备" ORDERLABEL="178"><METS:fptr FILEID="00000182"/>
			<METS:div TYPE="Chapter" LABEL="建筑制品蒸汽养护(水热处理)概述" ORDERLABEL="178"><METS:fptr FILEID="00000182"/>
			</METS:div>
			<METS:div TYPE="Chapter" LABEL="第一章蒸汽养护室" ORDERLABEL="178"><METS:fptr FILEID="00000182"/>
			</METS:div>
			<METS:div TYPE="Chapter" LABEL="第二章蒸汽养护鍋(压蒸釜)" ORDERLABEL="181"><METS:fptr FILEID="00000185"/>
				<METS:div TYPE="Chapter" LABEL="1.蒸汽养护鍋(压蒸釜)的構造" ORDERLABEL="182"><METS:fptr FILEID="00000186"/>
				</METS:div>
				<METS:div TYPE="Chapter" LABEL="2.压蒸釜的热工特性" ORDERLABEL="184"><METS:fptr FILEID="00000188"/>
				</METS:div>
				<METS:div TYPE="Chapter" LABEL="3.压蒸釜操作时的保安技术" ORDERLABEL="186"><METS:fptr FILEID="00000190"/>
				</METS:div>
			</METS:div>
		</METS:div>
		<METS:div TYPE="Chapter" LABEL="第十二篇 热工檢查及热工过程的自动調节" ORDERLABEL="187"><METS:fptr FILEID="00000191"/>
			<METS:div TYPE="Chapter" LABEL="控制-計量仪表类型概述" ORDERLABEL="187"><METS:fptr FILEID="00000191"/>
			</METS:div>
			<METS:div TYPE="Chapter" LABEL="第一章測量溫度的仪表" ORDERLABEL="188"><METS:fptr FILEID="00000192"/>
				<METS:div TYPE="Chapter" LABEL="1.陶瓷測温錐" ORDERLABEL="188"><METS:fptr FILEID="00000192"/>
				</METS:div>
				<METS:div TYPE="Chapter" LABEL="2.膨脹温度計" ORDERLABEL="189"><METS:fptr FILEID="00000193"/>
				</METS:div>
				<METS:div TYPE="Chapter" LABEL="3.热电高温計" ORDERLABEL="190"><METS:fptr FILEID="00000194"/>
				</METS:div>
				<METS:div TYPE="Chapter" LABEL="4.电阻温度計" ORDERLABEL="192"><METS:fptr FILEID="00000196"/>
				</METS:div>
				<METS:div TYPE="Chapter" LABEL="5.光学高温計" ORDERLABEL="194"><METS:fptr FILEID="00000198"/>
				</METS:div>
			</METS:div>
			<METS:div TYPE="Chapter" LABEL="第二章測量气体正压和負压的仪表" ORDERLABEL="197"><METS:fptr FILEID="00000201"/>
			</METS:div>
			<METS:div TYPE="Chapter" LABEL="第三章測量气体流量和流速的仪表" ORDERLABEL="200"><METS:fptr FILEID="00000204"/>
				<METS:div TYPE="Chapter" LABEL="1.皮托管(压头管)" ORDERLABEL="200"><METS:fptr FILEID="00000204"/>
				</METS:div>
				<METS:div TYPE="Chapter" LABEL="2.風速計" ORDERLABEL="201"><METS:fptr FILEID="00000205"/>
				</METS:div>
				<METS:div TYPE="Chapter" LABEL="3.节流器" ORDERLABEL="202"><METS:fptr FILEID="00000206"/>
				</METS:div>
			</METS:div>
			<METS:div TYPE="Chapter" LABEL="第四章測定气体組成及湿度的仪器" ORDERLABEL="204"><METS:fptr FILEID="00000208"/>
				<METS:div TYPE="Chapter" LABEL="1.化学气体分析器" ORDERLABEL="204"><METS:fptr FILEID="00000208"/>
				</METS:div>
				<METS:div TYPE="Chapter" LABEL="2.电气气体分析器" ORDERLABEL="207"><METS:fptr FILEID="00000211"/>
				</METS:div>
				<METS:div TYPE="Chapter" LABEL="3.干湿球湿度計" ORDERLABEL="209"><METS:fptr FILEID="00000213"/>
				</METS:div>
			</METS:div>
			<METS:div TYPE="Chapter" LABEL="第五章热工檢查的組織" ORDERLABEL="210"><METS:fptr FILEID="00000214"/>
				<METS:div TYPE="Chapter" LABEL="1.热工設备操作的經常檢查" ORDERLABEL="210"><METS:fptr FILEID="00000214"/>
				</METS:div>
				<METS:div TYPE="Chapter" LABEL="2.热工設备的热工試驗" ORDERLABEL="218"><METS:fptr FILEID="00000222"/>
				</METS:div>
			</METS:div>
			<METS:div TYPE="Chapter" LABEL="第六章热工过程的自动調节" ORDERLABEL="219"><METS:fptr FILEID="00000223"/>
				<METS:div TYPE="Chapter" LABEL="1.直接作用的調节器" ORDERLABEL="220"><METS:fptr FILEID="00000224"/>
				</METS:div>
				<METS:div TYPE="Chapter" LABEL="2.間接作用的調节器" ORDERLABEL="221"><METS:fptr FILEID="00000225"/>
				</METS:div>
				<METS:div TYPE="Chapter" LABEL="第十二篇复習題" ORDERLABEL="225"><METS:fptr FILEID="00000229"/>
				</METS:div>
			</METS:div>
		</METS:div>
	</METS:structMap>
</METS:mets>
