<?xml version="1.0" encoding="utf-8"?>
<METS:mets xmlns:METS="http://www.loc.gov/METS/" xmlns:xsi="http://www.w3.org/2001/XMLSchema-instance" xmlns:gdm="http://sunsite.berkeley.edu/GDM/" xmlns:xlink="http://www.w3.org/TR/xlink" xsi:schemalocation="http://www.loc.gov/METS/http://www.loc.gov/standards/mets/mets.xsd" LABEL="Zhejiang University.jdl.China-America digital library project" TYPE="Section">
	<METS:structMap TYPE="Catalog">
		<METS:div TYPE="Chapter" LABEL="第一篇 木材" ORDERLABEL="9"><METS:fptr FILEID="00000017"/>
			<METS:div TYPE="Chapter" LABEL="第一章树的構造及木材的組織" ORDERLABEL="10"><METS:fptr FILEID="00000018"/>
			</METS:div>
			<METS:div TYPE="Chapter" LABEL="第二章最主要的树木" ORDERLABEL="13"><METS:fptr FILEID="00000021"/>
				<METS:div TYPE="Chapter" LABEL="1.闊叶树" ORDERLABEL="13"><METS:fptr FILEID="00000021"/>
				</METS:div>
				<METS:div TYPE="Chapter" LABEL="2.針叶树" ORDERLABEL="15"><METS:fptr FILEID="00000023"/>
				</METS:div>
			</METS:div>
			<METS:div TYPE="Chapter" LABEL="第三章木材的性質" ORDERLABEL="16"><METS:fptr FILEID="00000024"/>
				<METS:div TYPE="Chapter" LABEL="1.木材的物理性質" ORDERLABEL="16"><METS:fptr FILEID="00000024"/>
				</METS:div>
				<METS:div TYPE="Chapter" LABEL="2.木材的力学性質" ORDERLABEL="21"><METS:fptr FILEID="00000029"/>
				</METS:div>
			</METS:div>
			<METS:div TYPE="Chapter" LABEL="第四章木材的疵病" ORDERLABEL="27"><METS:fptr FILEID="00000035"/>
				<METS:div TYPE="Chapter" LABEL="1.由細菌所得的疵病(腐朽)" ORDERLABEL="28"><METS:fptr FILEID="00000036"/>
				</METS:div>
				<METS:div TYPE="Chapter" LABEL="2.虫蝕" ORDERLABEL="29"><METS:fptr FILEID="00000037"/>
				</METS:div>
				<METS:div TYPE="Chapter" LABEL="3.裂縫" ORDERLABEL="31"><METS:fptr FILEID="00000039"/>
				</METS:div>
				<METS:div TYPE="Chapter" LABEL="4.木材構造上的疵病" ORDERLABEL="31"><METS:fptr FILEID="00000039"/>
				</METS:div>
				<METS:div TYPE="Chapter" LABEL="5.树内不正常的沉集" ORDERLABEL="33"><METS:fptr FILEID="00000041"/>
				</METS:div>
				<METS:div TYPE="Chapter" LABEL="6.树干外形的疵病" ORDERLABEL="33"><METS:fptr FILEID="00000041"/>
				</METS:div>
			</METS:div>
			<METS:div TYPE="Chapter" LABEL="第五章木材的保护" ORDERLABEL="35"><METS:fptr FILEID="00000043"/>
				<METS:div TYPE="Chapter" LABEL="1.防腐剂" ORDERLABEL="35"><METS:fptr FILEID="00000043"/>
				</METS:div>
				<METS:div TYPE="Chapter" LABEL="2.防腐剂的应用" ORDERLABEL="36"><METS:fptr FILEID="00000044"/>
				</METS:div>
				<METS:div TYPE="Chapter" LABEL="3.木材的防火" ORDERLABEL="38"><METS:fptr FILEID="00000046"/>
				</METS:div>
			</METS:div>
			<METS:div TYPE="Chapter" LABEL="第六章树木的采伐、解分及其干燥" ORDERLABEL="41"><METS:fptr FILEID="00000049"/>
			</METS:div>
			<METS:div TYPE="Chapter" LABEL="第七章木材的种类" ORDERLABEL="43"><METS:fptr FILEID="00000051"/>
				<METS:div TYPE="Chapter" LABEL="1.圓木" ORDERLABEL="43"><METS:fptr FILEID="00000051"/>
				</METS:div>
				<METS:div TYPE="Chapter" LABEL="2.鋸材" ORDERLABEL="44"><METS:fptr FILEID="00000052"/>
				</METS:div>
				<METS:div TYPE="Chapter" LABEL="3.零件及制件" ORDERLABEL="45"><METS:fptr FILEID="00000053"/>
				</METS:div>
			</METS:div>
		</METS:div>
		<METS:div TYPE="Chapter" LABEL="第二篇 天然石料" ORDERLABEL="46"><METS:fptr FILEID="00000054"/>
			<METS:div TYPE="Chapter" LABEL="第一章岩石与石料的分类" ORDERLABEL="46"><METS:fptr FILEID="00000054"/>
				<METS:div TYPE="Chapter" LABEL="1.火成岩的石料" ORDERLABEL="48"><METS:fptr FILEID="00000056"/>
				</METS:div>
				<METS:div TYPE="Chapter" LABEL="2.沉积岩" ORDERLABEL="51"><METS:fptr FILEID="00000059"/>
				</METS:div>
				<METS:div TYPE="Chapter" LABEL="3.变質岩" ORDERLABEL="52"><METS:fptr FILEID="00000060"/>
				</METS:div>
			</METS:div>
			<METS:div TYPE="Chapter" LABEL="第二章天然石料的性質" ORDERLABEL="53"><METS:fptr FILEID="00000061"/>
				<METS:div TYPE="Chapter" LABEL="1.物理性質" ORDERLABEL="53"><METS:fptr FILEID="00000061"/>
				</METS:div>
				<METS:div TYPE="Chapter" LABEL="2力学性質" ORDERLABEL="60"><METS:fptr FILEID="00000068"/>
				</METS:div>
			</METS:div>
			<METS:div TYPE="Chapter" LABEL="第三章石料的开采与加工" ORDERLABEL="67"><METS:fptr FILEID="00000075"/>
				<METS:div TYPE="Chapter" LABEL="石料的加工" ORDERLABEL="69"><METS:fptr FILEID="00000077"/>
				</METS:div>
			</METS:div>
			<METS:div TYPE="Chapter" LABEL="第四章成塊石料" ORDERLABEL="72"><METS:fptr FILEID="00000080"/>
			</METS:div>
			<METS:div TYPE="Chapter" LABEL="第五章散碎石料" ORDERLABEL="74"><METS:fptr FILEID="00000082"/>
				<METS:div TYPE="Chapter" LABEL="1.漂石" ORDERLABEL="74"><METS:fptr FILEID="00000082"/>
				</METS:div>
				<METS:div TYPE="Chapter" LABEL="2.礫石、山礫、砂" ORDERLABEL="74"><METS:fptr FILEID="00000082"/>
				</METS:div>
				<METS:div TYPE="Chapter" LABEL="3.碎石" ORDERLABEL="77"><METS:fptr FILEID="00000085"/>
				</METS:div>
			</METS:div>
			<METS:div TYPE="Chapter" LABEL="第六章石料的驗收" ORDERLABEL="78"><METS:fptr FILEID="00000086"/>
			</METS:div>
		</METS:div>
		<METS:div TYPE="Chapter" LABEL="第三篇 矿物膠結料" ORDERLABEL="80"><METS:fptr FILEID="00000088"/>
			<METS:div TYPE="Chapter" LABEL="第一章矿物膠結料的分类" ORDERLABEL="81"><METS:fptr FILEID="00000089"/>
				<METS:div TYPE="Chapter" LABEL="1.气硬性膠結料" ORDERLABEL="81"><METS:fptr FILEID="00000089"/>
				</METS:div>
				<METS:div TYPE="Chapter" LABEL="2.水硬性膠結料" ORDERLABEL="82"><METS:fptr FILEID="00000090"/>
				</METS:div>
			</METS:div>
			<METS:div TYPE="Chapter" LABEL="第二章矽酸鹽水泥" ORDERLABEL="82"><METS:fptr FILEID="00000090"/>
				<METS:div TYPE="Chapter" LABEL="1.定义" ORDERLABEL="82"><METS:fptr FILEID="00000090"/>
				</METS:div>
				<METS:div TYPE="Chapter" LABEL="2.化学成分" ORDERLABEL="83"><METS:fptr FILEID="00000091"/>
				</METS:div>
				<METS:div TYPE="Chapter" LABEL="3.矽酸鹽水泥的制造" ORDERLABEL="84"><METS:fptr FILEID="00000092"/>
				</METS:div>
				<METS:div TYPE="Chapter" LABEL="4.在锻燒原料时所产生的化学过程。水泥熟料的構成" ORDERLABEL="89"><METS:fptr FILEID="00000097"/>
				</METS:div>
				<METS:div TYPE="Chapter" LABEL="5.水泥熟料的磨細与保存" ORDERLABEL="90"><METS:fptr FILEID="00000098"/>
				</METS:div>
				<METS:div TYPE="Chapter" LABEL="6.矽酸鹽水泥的硬化原理" ORDERLABEL="91"><METS:fptr FILEID="00000099"/>
				</METS:div>
				<METS:div TYPE="Chapter" LABEL="7.矽酸鹽水泥的主要性質与試驗方法" ORDERLABEL="92"><METS:fptr FILEID="00000100"/>
				</METS:div>
				<METS:div TYPE="Chapter" LABEL="8.道路用的矽酸鹽水泥" ORDERLABEL="104"><METS:fptr FILEID="00000112"/>
				</METS:div>
				<METS:div TYPE="Chapter" LABEL="9.矽酸鹽水泥的变种" ORDERLABEL="105"><METS:fptr FILEID="00000113"/>
				</METS:div>
				<METS:div TYPE="Chapter" LABEL="10.水泥石的腐蝕及其防止法" ORDERLABEL="106"><METS:fptr FILEID="00000114"/>
				</METS:div>
			</METS:div>
			<METS:div TYPE="Chapter" LABEL="第三章水硬性摻料,掺有水硬性摻料的矽酸鹽水泥" ORDERLABEL="110"><METS:fptr FILEID="00000118"/>
				<METS:div TYPE="Chapter" LABEL="1.水硬性摻料" ORDERLABEL="110"><METS:fptr FILEID="00000118"/>
				</METS:div>
				<METS:div TYPE="Chapter" LABEL="2.有水硬性摻料的矽酸鹽水泥(普查蘭波特蘭水泥)" ORDERLABEL="112"><METS:fptr FILEID="00000120"/>
				</METS:div>
			</METS:div>
			<METS:div TYPE="Chapter" LABEL="第四章矿碴矽酸鹽水泥和矿碴無熟料水泥" ORDERLABEL="113"><METS:fptr FILEID="00000121"/>
			</METS:div>
			<METS:div TYPE="Chapter" LABEL="第五章矾土水泥与膨脹水泥" ORDERLABEL="117"><METS:fptr FILEID="00000125"/>
			</METS:div>
			<METS:div TYPE="Chapter" LABEL="第六章水泥的驗收及其儲存" ORDERLABEL="119"><METS:fptr FILEID="00000127"/>
			</METS:div>
			<METS:div TYPE="Chapter" LABEL="第七章鹼性筑路矽酸鹽及耐酸水泥" ORDERLABEL="120"><METS:fptr FILEID="00000128"/>
			</METS:div>
			<METS:div TYPE="Chapter" LABEL="第八章气硬石灰" ORDERLABEL="123"><METS:fptr FILEID="00000131"/>
			</METS:div>
			<METS:div TYPE="Chapter" LABEL="第九章水硬性石灰。罗馬水泥" ORDERLABEL="132"><METS:fptr FILEID="00000140"/>
			</METS:div>
			<METS:div TYPE="Chapter" LABEL="第十章石灰混合水泥" ORDERLABEL="135"><METS:fptr FILEID="00000143"/>
			</METS:div>
			<METS:div TYPE="Chapter" LABEL="第十一章石膏膠結料" ORDERLABEL="138"><METS:fptr FILEID="00000146"/>
			</METS:div>
			<METS:div TYPE="Chapter" LABEL="第十二章镁質膠結料" ORDERLABEL="144"><METS:fptr FILEID="00000152"/>
			</METS:div>
		</METS:div>
		<METS:div TYPE="Chapter" LABEL="第四篇 水泥混凝土及建筑灰桨" ORDERLABEL="146"><METS:fptr FILEID="00000154"/>
			<METS:div TYPE="Chapter" LABEL="第一章水泥混凝土的基本概念" ORDERLABEL="147"><METS:fptr FILEID="00000155"/>
				<METS:div TYPE="Chapter" LABEL="1.定义" ORDERLABEL="147"><METS:fptr FILEID="00000155"/>
				</METS:div>
				<METS:div TYPE="Chapter" LABEL="2.混凝土的分类" ORDERLABEL="148"><METS:fptr FILEID="00000156"/>
				</METS:div>
			</METS:div>
			<METS:div TYPE="Chapter" LABEL="第二章混凝土的主要性質" ORDERLABEL="149"><METS:fptr FILEID="00000157"/>
				<METS:div TYPE="Chapter" LABEL="1.混凝土的强度" ORDERLABEL="149"><METS:fptr FILEID="00000157"/>
				</METS:div>
				<METS:div TYPE="Chapter" LABEL="2.混凝土配料的流动性(塑性)" ORDERLABEL="154"><METS:fptr FILEID="00000162"/>
				</METS:div>
			</METS:div>
			<METS:div TYPE="Chapter" LABEL="第三章用於混凝土的材料" ORDERLABEL="158"><METS:fptr FILEID="00000166"/>
				<METS:div TYPE="Chapter" LABEL="1.礫石" ORDERLABEL="159"><METS:fptr FILEID="00000167"/>
				</METS:div>
				<METS:div TYPE="Chapter" LABEL="2.碎石" ORDERLABEL="165"><METS:fptr FILEID="00000173"/>
				</METS:div>
				<METS:div TYPE="Chapter" LABEL="3.砂" ORDERLABEL="165"><METS:fptr FILEID="00000173"/>
				</METS:div>
				<METS:div TYPE="Chapter" LABEL="4.攔和混凝土用的水" ORDERLABEL="172"><METS:fptr FILEID="00000180"/>
				</METS:div>
			</METS:div>
			<METS:div TYPE="Chapter" LABEL="第四章混凝土配合比的選擇" ORDERLABEL="172"><METS:fptr FILEID="00000180"/>
				<METS:div TYPE="Chapter" LABEL="1.按照絕对体积选擇混疑土配合比的方法" ORDERLABEL="173"><METS:fptr FILEID="00000181"/>
				</METS:div>
				<METS:div TYPE="Chapter" LABEL="2.混疑土成分中天然砂礫混合料的选擇(C.A.米洛諾夫法)" ORDERLABEL="177"><METS:fptr FILEID="00000185"/>
				</METS:div>
				<METS:div TYPE="Chapter" LABEL="3.野外混凝土配合比的选配" ORDERLABEL="179"><METS:fptr FILEID="00000187"/>
				</METS:div>
			</METS:div>
			<METS:div TYPE="Chapter" LABEL="第五章道路水泥泥凝土的性質" ORDERLABEL="180"><METS:fptr FILEID="00000188"/>
				<METS:div TYPE="Chapter" LABEL="1.混凝土的抗拉强度" ORDERLABEL="181"><METS:fptr FILEID="00000189"/>
				</METS:div>
				<METS:div TYPE="Chapter" LABEL="2.混疑土的抗弯强度" ORDERLABEL="182"><METS:fptr FILEID="00000190"/>
				</METS:div>
				<METS:div TYPE="Chapter" LABEL="3.混疑土路面的磨耗" ORDERLABEL="182"><METS:fptr FILEID="00000190"/>
				</METS:div>
				<METS:div TYPE="Chapter" LABEL="4.混疑土的冲击强度(混凝土的韌性)" ORDERLABEL="183"><METS:fptr FILEID="00000191"/>
				</METS:div>
				<METS:div TYPE="Chapter" LABEL="5.混疑土的收縮" ORDERLABEL="184"><METS:fptr FILEID="00000192"/>
				</METS:div>
				<METS:div TYPE="Chapter" LABEL="6.混疑土的膨脹" ORDERLABEL="185"><METS:fptr FILEID="00000193"/>
				</METS:div>
				<METS:div TYPE="Chapter" LABEL="7.混疑土的密实性与耐冻性" ORDERLABEL="185"><METS:fptr FILEID="00000193"/>
				</METS:div>
				<METS:div TYPE="Chapter" LABEL="8.混疑土的孔隙度" ORDERLABEL="186"><METS:fptr FILEID="00000194"/>
				</METS:div>
				<METS:div TYPE="Chapter" LABEL="9.混疑土的弹性模数" ORDERLABEL="187"><METS:fptr FILEID="00000195"/>
				</METS:div>
			</METS:div>
			<METS:div TYPE="Chapter" LABEL="第六章混凝土配料的調制" ORDERLABEL="187"><METS:fptr FILEID="00000195"/>
			</METS:div>
			<METS:div TYPE="Chapter" LABEL="第七章混凝土配料的运輸、灌注及养护" ORDERLABEL="191"><METS:fptr FILEID="00000199"/>
				<METS:div TYPE="Chapter" LABEL="1.混凝土配料的运輸" ORDERLABEL="191"><METS:fptr FILEID="00000199"/>
				</METS:div>
				<METS:div TYPE="Chapter" LABEL="2.混凝土配料的捣实" ORDERLABEL="192"><METS:fptr FILEID="00000200"/>
				</METS:div>
				<METS:div TYPE="Chapter" LABEL="3.用真空法捣实混凝土配料(混疑土的真空作業法)" ORDERLABEL="195"><METS:fptr FILEID="00000203"/>
				</METS:div>
				<METS:div TYPE="Chapter" LABEL="4.混凝土在澆灌后的养护" ORDERLABEL="196"><METS:fptr FILEID="00000204"/>
				</METS:div>
			</METS:div>
			<METS:div TYPE="Chapter" LABEL="第八章混凝土的冬季施工" ORDERLABEL="197"><METS:fptr FILEID="00000205"/>
				<METS:div TYPE="Chapter" LABEL="1.温度对混疑土硬化的影响" ORDERLABEL="197"><METS:fptr FILEID="00000205"/>
				</METS:div>
				<METS:div TYPE="Chapter" LABEL="2.利用混凝土内部的热量" ORDERLABEL="198"><METS:fptr FILEID="00000206"/>
				</METS:div>
				<METS:div TYPE="Chapter" LABEL="3.混凝土的加热" ORDERLABEL="199"><METS:fptr FILEID="00000207"/>
				</METS:div>
				<METS:div TYPE="Chapter" LABEL="4.材料加热" ORDERLABEL="200"><METS:fptr FILEID="00000208"/>
				</METS:div>
				<METS:div TYPE="Chapter" LABEL="5.加快混凝土硬化的因素" ORDERLABEL="201"><METS:fptr FILEID="00000209"/>
				</METS:div>
			</METS:div>
			<METS:div TYPE="Chapter" LABEL="第九章技术檢察" ORDERLABEL="202"><METS:fptr FILEID="00000210"/>
				<METS:div TYPE="Chapter" LABEL="1.組成材料質量的檢察" ORDERLABEL="202"><METS:fptr FILEID="00000210"/>
				</METS:div>
				<METS:div TYPE="Chapter" LABEL="2.混疑土配料制备及灌注的檢察" ORDERLABEL="202"><METS:fptr FILEID="00000210"/>
				</METS:div>
				<METS:div TYPE="Chapter" LABEL="3.混凝土灌注后質量的檢察" ORDERLABEL="203"><METS:fptr FILEID="00000211"/>
				</METS:div>
			</METS:div>
			<METS:div TYPE="Chapter" LABEL="第十章特种混凝土" ORDERLABEL="203"><METS:fptr FILEID="00000211"/>
				<METS:div TYPE="Chapter" LABEL="1.彩色混凝土" ORDERLABEL="203"><METS:fptr FILEID="00000211"/>
				</METS:div>
				<METS:div TYPE="Chapter" LABEL="2.鋼混凝土" ORDERLABEL="204"><METS:fptr FILEID="00000212"/>
				</METS:div>
				<METS:div TYPE="Chapter" LABEL="3.耐酸混凝土" ORDERLABEL="204"><METS:fptr FILEID="00000212"/>
				</METS:div>
				<METS:div TYPE="Chapter" LABEL="4.活性混凝土" ORDERLABEL="204"><METS:fptr FILEID="00000212"/>
				</METS:div>
			</METS:div>
			<METS:div TYPE="Chapter" LABEL="第十一章輕混凝土及特輕混凝土" ORDERLABEL="206"><METS:fptr FILEID="00000214"/>
			</METS:div>
			<METS:div TYPE="Chapter" LABEL="第十二章建筑灰漿" ORDERLABEL="208"><METS:fptr FILEID="00000216"/>
				<METS:div TYPE="Chapter" LABEL="1.定义" ORDERLABEL="208"><METS:fptr FILEID="00000216"/>
				</METS:div>
				<METS:div TYPE="Chapter" LABEL="2.新調灰漿的性質" ORDERLABEL="209"><METS:fptr FILEID="00000217"/>
				</METS:div>
				<METS:div TYPE="Chapter" LABEL="3.灰漿硬化时的性質" ORDERLABEL="210"><METS:fptr FILEID="00000218"/>
				</METS:div>
				<METS:div TYPE="Chapter" LABEL="4.磚石砌体灰漿" ORDERLABEL="211"><METS:fptr FILEID="00000219"/>
				</METS:div>
				<METS:div TYPE="Chapter" LABEL="5.抹灰灰漿" ORDERLABEL="214"><METS:fptr FILEID="00000222"/>
				</METS:div>
			</METS:div>
		</METS:div>
	</METS:structMap>
</METS:mets>
