<?xml version="1.0" encoding="utf-8"?>
<METS:mets xmlns:METS="http://www.loc.gov/METS/" xmlns:xsi="http://www.w3.org/2001/XMLSchema-instance" xmlns:gdm="http://sunsite.berkeley.edu/GDM/" xmlns:xlink="http://www.w3.org/TR/xlink" xsi:schemalocation="http://www.loc.gov/METS/http://www.loc.gov/standards/mets/mets.xsd" LABEL="Zhejiang University.jdl.China-America digital library project" TYPE="Section">
	<METS:structMap TYPE="Catalog">
		<METS:div TYPE="Chapter" LABEL="第一章 溫度的測量" ORDERLABEL="14"><METS:fptr FILEID="00000015"/>
			<METS:div TYPE="Chapter" LABEL="熔錐(輻射熱度計)" ORDERLABEL="15"><METS:fptr FILEID="00000016"/>
			</METS:div>
			<METS:div TYPE="Chapter" LABEL="膨脹温度計" ORDERLABEL="17"><METS:fptr FILEID="00000018"/>
			</METS:div>
			<METS:div TYPE="Chapter" LABEL="壓力温度計" ORDERLABEL="23"><METS:fptr FILEID="00000024"/>
			</METS:div>
			<METS:div TYPE="Chapter" LABEL="熱電高温計" ORDERLABEL="25"><METS:fptr FILEID="00000026"/>
			</METS:div>
			<METS:div TYPE="Chapter" LABEL="電阻温度計" ORDERLABEL="67"><METS:fptr FILEID="00000068"/>
			</METS:div>
			<METS:div TYPE="Chapter" LABEL="用棒状高温計測量温度的誤差" ORDERLABEL="76"><METS:fptr FILEID="00000077"/>
			</METS:div>
			<METS:div TYPE="Chapter" LABEL="輻射高温計" ORDERLABEL="82"><METS:fptr FILEID="00000083"/>
			</METS:div>
			<METS:div TYPE="Chapter" LABEL="温度測量儀器的校正" ORDERLABEL="91"><METS:fptr FILEID="00000092"/>
			</METS:div>
		</METS:div>
		<METS:div TYPE="Chapter" LABEL="第二章 壓力的測量" ORDERLABEL="95"><METS:fptr FILEID="00000096"/>
			<METS:div TYPE="Chapter" LABEL="液柱壓力計" ORDERLABEL="96"><METS:fptr FILEID="00000097"/>
			</METS:div>
			<METS:div TYPE="Chapter" LABEL="鍾罩壓力計" ORDERLABEL="99"><METS:fptr FILEID="00000100"/>
			</METS:div>
			<METS:div TYPE="Chapter" LABEL="鍾罩天平和環天平型壓力計" ORDERLABEL="101"><METS:fptr FILEID="00000102"/>
			</METS:div>
			<METS:div TYPE="Chapter" LABEL="膜壓力計和膜吸力計" ORDERLABEL="106"><METS:fptr FILEID="00000107"/>
			</METS:div>
			<METS:div TYPE="Chapter" LABEL="手風琴管壓力計" ORDERLABEL="109"><METS:fptr FILEID="00000110"/>
			</METS:div>
			<METS:div TYPE="Chapter" LABEL="管彈簧壓力計" ORDERLABEL="110"><METS:fptr FILEID="00000111"/>
			</METS:div>
			<METS:div TYPE="Chapter" LABEL="活塞壓力計" ORDERLABEL="113"><METS:fptr FILEID="00000114"/>
			</METS:div>
			<METS:div TYPE="Chapter" LABEL="壓力計和吸力計的校正" ORDERLABEL="114"><METS:fptr FILEID="00000115"/>
			</METS:div>
		</METS:div>
		<METS:div TYPE="Chapter" LABEL="第三章 物料數量、流速、流量的測量" ORDERLABEL="117"><METS:fptr FILEID="00000118"/>
			<METS:div TYPE="Chapter" LABEL="物料高度的測量" ORDERLABEL="117"><METS:fptr FILEID="00000118"/>
			</METS:div>
			<METS:div TYPE="Chapter" LABEL="計數器" ORDERLABEL="120"><METS:fptr FILEID="00000121"/>
			</METS:div>
			<METS:div TYPE="Chapter" LABEL="用重量法測量流量" ORDERLABEL="125"><METS:fptr FILEID="00000126"/>
			</METS:div>
			<METS:div TYPE="Chapter" LABEL="用體積法測量流量" ORDERLABEL="130"><METS:fptr FILEID="00000131"/>
			</METS:div>
			<METS:div TYPE="Chapter" LABEL="用速度法測量流量" ORDERLABEL="135"><METS:fptr FILEID="00000136"/>
			</METS:div>
			<METS:div TYPE="Chapter" LABEL="用節流法測量流量" ORDERLABEL="137"><METS:fptr FILEID="00000138"/>
			</METS:div>
			<METS:div TYPE="Chapter" LABEL="按動壓頭測量流速" ORDERLABEL="175"><METS:fptr FILEID="00000178"/>
			</METS:div>
			<METS:div TYPE="Chapter" LABEL="用壓力降不變的方法測量流量" ORDERLABEL="178"><METS:fptr FILEID="00000181"/>
			</METS:div>
		</METS:div>
		<METS:div TYPE="Chapter" LABEL="第四章 氣體成分和性直的測定" ORDERLABEL="180"><METS:fptr FILEID="00000183"/>
			<METS:div TYPE="Chapter" LABEL="便攜式氣體分析器" ORDERLABEL="180"><METS:fptr FILEID="00000183"/>
			</METS:div>
			<METS:div TYPE="Chapter" LABEL="自動氣體分析器" ORDERLABEL="184"><METS:fptr FILEID="00000187"/>
			</METS:div>
			<METS:div TYPE="Chapter" LABEL="氣體量熱器" ORDERLABEL="193"><METS:fptr FILEID="00000196"/>
			</METS:div>
		</METS:div>
		<METS:div TYPE="Chapter" LABEL="第五章 輔助參數的檢驗方法和檢驗儀器" ORDERLABEL="195"><METS:fptr FILEID="00000198"/>
			<METS:div TYPE="Chapter" LABEL="窑内玻璃液温度" ORDERLABEL="195"><METS:fptr FILEID="00000198"/>
			</METS:div>
			<METS:div TYPE="Chapter" LABEL="物料、空氣、蒸汽的溫度" ORDERLABEL="196"><METS:fptr FILEID="00000199"/>
			</METS:div>
			<METS:div TYPE="Chapter" LABEL="液體和氣體的密度" ORDERLABEL="200"><METS:fptr FILEID="00000203"/>
			</METS:div>
			<METS:div TYPE="Chapter" LABEL="液體粘度" ORDERLABEL="201"><METS:fptr FILEID="00000204"/>
			</METS:div>
			<METS:div TYPE="Chapter" LABEL="電導率(鹽量計)" ORDERLABEL="202"><METS:fptr FILEID="00000205"/>
			</METS:div>
			<METS:div TYPE="Chapter" LABEL="含塵量和煤烟濃度" ORDERLABEL="204"><METS:fptr FILEID="00000207"/>
			</METS:div>
			<METS:div TYPE="Chapter" LABEL="轉速的測量" ORDERLABEL="204"><METS:fptr FILEID="00000207"/>
			</METS:div>
		</METS:div>
		<METS:div TYPE="Chapter" LABEL="第六章 傳送測量儀器示數和遙遠控制的装置" ORDERLABEL="206"><METS:fptr FILEID="00000209"/>
			<METS:div TYPE="Chapter" LABEL="變阻式遙遠傳示系統" ORDERLABEL="207"><METS:fptr FILEID="00000210"/>
			</METS:div>
			<METS:div TYPE="Chapter" LABEL="感應電橋" ORDERLABEL="208"><METS:fptr FILEID="00000211"/>
			</METS:div>
			<METS:div TYPE="Chapter" LABEL="自整角傳示系統" ORDERLABEL="211"><METS:fptr FILEID="00000214"/>
			</METS:div>
			<METS:div TYPE="Chapter" LABEL="遙遠計數器" ORDERLABEL="211"><METS:fptr FILEID="00000214"/>
			</METS:div>
			<METS:div TYPE="Chapter" LABEL="遙遠控制系統的檢驗" ORDERLABEL="212"><METS:fptr FILEID="00000215"/>
			</METS:div>
		</METS:div>
		<METS:div TYPE="Chapter" LABEL="第七章 熱工過程工作制度的自動調節" ORDERLABEL="213"><METS:fptr FILEID="00000216"/>
			<METS:div TYPE="Chapter" LABEL="調節過程的特性" ORDERLABEL="214"><METS:fptr FILEID="00000217"/>
			</METS:div>
			<METS:div TYPE="Chapter" LABEL="調節方法" ORDERLABEL="215"><METS:fptr FILEID="00000218"/>
			</METS:div>
			<METS:div TYPE="Chapter" LABEL="自動調節儀器和自動調節系統" ORDERLABEL="20"><METS:fptr FILEID="00000023"/>
			</METS:div>
		</METS:div>
		<METS:div TYPE="Chapter" LABEL="第八章 測量儀器和調節儀器的配置原則以及計器盤的構造" ORDERLABEL="281"><METS:fptr FILEID="00000284"/>
		</METS:div>
	</METS:structMap>
</METS:mets>
