<?xml version="1.0" encoding="utf-8"?>
<METS:mets xmlns:METS="http://www.loc.gov/METS/" xmlns:xsi="http://www.w3.org/2001/XMLSchema-instance" xmlns:gdm="http://sunsite.berkeley.edu/GDM/" xmlns:xlink="http://www.w3.org/TR/xlink" xsi:schemalocation="http://www.loc.gov/METS/http://www.loc.gov/standards/mets/mets.xsd" LABEL="Zhejiang University.jdl.China-America digital library project" TYPE="Section">
	<METS:structMap TYPE="Catalog">
		<METS:div TYPE="Chapter" LABEL="第一章 士岩概述" ORDERLABEL="1"><METS:fptr FILEID="00000008"/>
			<METS:div TYPE="Chapter" LABEL="1.土岩按粒度(顆粒)組成分类" ORDERLABEL="1"><METS:fptr FILEID="00000008"/>
			</METS:div>
			<METS:div TYPE="Chapter" LABEL="2.土岩根据可冲性进行分类" ORDERLABEL="5"><METS:fptr FILEID="00000012"/>
			</METS:div>
		</METS:div>
		<METS:div TYPE="Chapter" LABEL="第二章 水力开采法" ORDERLABEL="7"><METS:fptr FILEID="00000014"/>
		</METS:div>
		<METS:div TYPE="Chapter" LABEL="第三章 水水力开采設备" ORDERLABEL="27"><METS:fptr FILEID="00000034"/>
			<METS:div TYPE="Chapter" LABEL="1.射水机" ORDERLABEL="27"><METS:fptr FILEID="00000034"/>
			</METS:div>
			<METS:div TYPE="Chapter" LABEL="2.离心式水泵" ORDERLABEL="34"><METS:fptr FILEID="00000041"/>
			</METS:div>
			<METS:div TYPE="Chapter" LABEL="3.水泵站" ORDERLABEL="39"><METS:fptr FILEID="00000046"/>
			</METS:div>
			<METS:div TYPE="Chapter" LABEL="4.泥泵" ORDERLABEL="45"><METS:fptr FILEID="00000052"/>
			</METS:div>
			<METS:div TYPE="Chapter" LABEL="5.泥泵站" ORDERLABEL="54"><METS:fptr FILEID="00000061"/>
			</METS:div>
			<METS:div TYPE="Chapter" LABEL="6.水力吸运机" ORDERLABEL="57"><METS:fptr FILEID="00000064"/>
			</METS:div>
			<METS:div TYPE="Chapter" LABEL="7.挖泥船" ORDERLABEL="58"><METS:fptr FILEID="00000065"/>
			</METS:div>
			<METS:div TYPE="Chapter" LABEL="8.电器設备" ORDERLABEL="66"><METS:fptr FILEID="00000073"/>
			</METS:div>
			<METS:div TYPE="Chapter" LABEL="9.水管和泥漿管漿" ORDERLABEL="68"><METS:fptr FILEID="00000075"/>
			</METS:div>
		</METS:div>
		<METS:div TYPE="Chapter" LABEL="第四章 漿射水机冲采土岩" ORDERLABEL="76"><METS:fptr FILEID="00000083"/>
			<METS:div TYPE="Chapter" LABEL="1.射水机的供水" ORDERLABEL="76"><METS:fptr FILEID="00000083"/>
			</METS:div>
			<METS:div TYPE="Chapter" LABEL="2.水柱对土岩的作用" ORDERLABEL="79"><METS:fptr FILEID="00000086"/>
			</METS:div>
			<METS:div TYPE="Chapter" LABEL="3.冲采土岩的水压头" ORDERLABEL="81"><METS:fptr FILEID="00000088"/>
			</METS:div>
			<METS:div TYPE="Chapter" LABEL="4.微粘結土岩冲采法" ORDERLABEL="84"><METS:fptr FILEID="00000091"/>
			</METS:div>
			<METS:div TYPE="Chapter" LABEL="5.粘結土岩冲采法" ORDERLABEL="90"><METS:fptr FILEID="00000097"/>
			</METS:div>
			<METS:div TYPE="Chapter" LABEL="6.泥桨自工作面流出" ORDERLABEL="98"><METS:fptr FILEID="00000105"/>
			</METS:div>
			<METS:div TYPE="Chapter" LABEL="7.台阶底盘上設备的移动" ORDERLABEL="101"><METS:fptr FILEID="00000108"/>
			</METS:div>
		</METS:div>
		<METS:div TYPE="Chapter" LABEL="第五章 淹水矿床的水力开采法" ORDERLABEL="103"><METS:fptr FILEID="00000110"/>
			<METS:div TYPE="Chapter" LABEL="1.水力机械的应用条件" ORDERLABEL="103"><METS:fptr FILEID="00000110"/>
			</METS:div>
			<METS:div TYPE="Chapter" LABEL="2.准备工作" ORDERLABEL="104"><METS:fptr FILEID="00000111"/>
			</METS:div>
			<METS:div TYPE="Chapter" LABEL="3.挖泥船开采法" ORDERLABEL="108"><METS:fptr FILEID="00000115"/>
			</METS:div>
		</METS:div>
		<METS:div TYPE="Chapter" LABEL="第六章 土岩的水力运輸" ORDERLABEL="111"><METS:fptr FILEID="00000118"/>
			<METS:div TYPE="Chapter" LABEL="1.土岩顆粒在水流中的运动" ORDERLABEL="111"><METS:fptr FILEID="00000118"/>
			</METS:div>
			<METS:div TYPE="Chapter" LABEL="2.土岩的水力运輸法" ORDERLABEL="113"><METS:fptr FILEID="00000120"/>
			</METS:div>
			<METS:div TYPE="Chapter" LABEL="3.水力运輸計算" ORDERLABEL="114"><METS:fptr FILEID="00000121"/>
			</METS:div>
			<METS:div TYPE="Chapter" LABEL="4.加压集浆池" ORDERLABEL="120"><METS:fptr FILEID="00000127"/>
			</METS:div>
		</METS:div>
		<METS:div TYPE="Chapter" LABEL="第七章 剥离工程中的排土工作" ORDERLABEL="121"><METS:fptr FILEID="00000128"/>
			<METS:div TYPE="Chapter" LABEL="1.排土場" ORDERLABEL="121"><METS:fptr FILEID="00000128"/>
			</METS:div>
			<METS:div TYPE="Chapter" LABEL="2.擋土垻的作用及其修筑" ORDERLABEL="122"><METS:fptr FILEID="00000129"/>
			</METS:div>
			<METS:div TYPE="Chapter" LABEL="3.向排土場排土" ORDERLABEL="131"><METS:fptr FILEID="00000138"/>
			</METS:div>
			<METS:div TYPE="Chapter" LABEL="4.向露天矿采空区排土" ORDERLABEL="134"><METS:fptr FILEID="00000141"/>
			</METS:div>
			<METS:div TYPE="Chapter" LABEL="5.向峡谷排土" ORDERLABEL="136"><METS:fptr FILEID="00000143"/>
			</METS:div>
			<METS:div TYPE="Chapter" LABEL="6.向河滩排土" ORDERLABEL="140"><METS:fptr FILEID="00000147"/>
			</METS:div>
			<METS:div TYPE="Chapter" LABEL="7.泥浆沉淀池" ORDERLABEL="141"><METS:fptr FILEID="00000148"/>
			</METS:div>
			<METS:div TYPE="Chapter" LABEL="8.澄清水由排土場排出" ORDERLABEL="144"><METS:fptr FILEID="00000151"/>
			</METS:div>
		</METS:div>
		<METS:div TYPE="Chapter" LABEL="第八章 水力机械化露天矿砂礫的堆置" ORDERLABEL="147"><METS:fptr FILEID="00000154"/>
			<METS:div TYPE="Chapter" LABEL="1.矽磚砂的堆置" ORDERLABEL="149"><METS:fptr FILEID="00000156"/>
			</METS:div>
			<METS:div TYPE="Chapter" LABEL="2.建筑用砂的堆置" ORDERLABEL="150"><METS:fptr FILEID="00000157"/>
			</METS:div>
			<METS:div TYPE="Chapter" LABEL="3.砂礫的分級" ORDERLABEL="152"><METS:fptr FILEID="00000159"/>
			</METS:div>
		</METS:div>
		<METS:div TYPE="Chapter" LABEL="第九章 水力开采的劳动組織" ORDERLABEL="160"><METS:fptr FILEID="00000167"/>
			<METS:div TYPE="Chapter" LABEL="1.工作人員的职能" ORDERLABEL="160"><METS:fptr FILEID="00000167"/>
			</METS:div>
			<METS:div TYPE="Chapter" LABEL="2.水力設备的班生产定額" ORDERLABEL="163"><METS:fptr FILEID="00000170"/>
			</METS:div>
			<METS:div TYPE="Chapter" LABEL="3.測定已采土岩量的方法" ORDERLABEL="165"><METS:fptr FILEID="00000172"/>
			</METS:div>
		</METS:div>
		<METS:div TYPE="Chapter" LABEL="第十章 水力設备运轉状况記实" ORDERLABEL="169"><METS:fptr FILEID="00000176"/>
		</METS:div>
		<METS:div TYPE="Chapter" LABEL="第十一章 露天矿水力机械化的設計" ORDERLABEL="170"><METS:fptr FILEID="00000177"/>
			<METS:div TYPE="Chapter" LABEL="1.設計内容" ORDERLABEL="170"><METS:fptr FILEID="00000177"/>
			</METS:div>
			<METS:div TYPE="Chapter" LABEL="2.水力設备的选型和运轉制度的选定" ORDERLABEL="171"><METS:fptr FILEID="00000178"/>
			</METS:div>
			<METS:div TYPE="Chapter" LABEL="3.立方公尺土岩的成本核算" ORDERLABEL="179"><METS:fptr FILEID="00000186"/>
			</METS:div>
		</METS:div>
		<METS:div TYPE="Chapter" LABEL="第十二章 露天矿冬季的水力机械化" ORDERLABEL="180"><METS:fptr FILEID="00000187"/>
		</METS:div>
		<METS:div TYPE="Chapter" LABEL="第十三章 露天矿水力冲采效率的提高" ORDERLABEL="184"><METS:fptr FILEID="00000191"/>
		</METS:div>
	</METS:structMap>
</METS:mets>
