<?xml version="1.0" encoding="utf-8"?>
<METS:mets xmlns:METS="http://www.loc.gov/METS/" xmlns:xsi="http://www.w3.org/2001/XMLSchema-instance" xmlns:gdm="http://sunsite.berkeley.edu/GDM/" xmlns:xlink="http://www.w3.org/TR/xlink" xsi:schemalocation="http://www.loc.gov/METS/http://www.loc.gov/standards/mets/mets.xsd" LABEL="Zhejiang University.jdl.China-America digital library project" TYPE="Section">
	<METS:structMap TYPE="Catalog">
		<METS:div TYPE="Chapter" LABEL="第一章 建設場地的选擇" ORDERLABEL="10"><METS:fptr FILEID="00000011"/>
			<METS:div TYPE="Chapter" LABEL="1.水泥工業" ORDERLABEL="13"><METS:fptr FILEID="00000014"/>
			</METS:div>
			<METS:div TYPE="Chapter" LABEL="2.石棉水泥板和石棉水泥管工業" ORDERLABEL="19"><METS:fptr FILEID="00000020"/>
			</METS:div>
			<METS:div TYPE="Chapter" LABEL="3.鋼筋混凝土制品工業" ORDERLABEL="20"><METS:fptr FILEID="00000021"/>
			</METS:div>
			<METS:div TYPE="Chapter" LABEL="4.石灰工業" ORDERLABEL="30"><METS:fptr FILEID="00000031"/>
			</METS:div>
			<METS:div TYPE="Chapter" LABEL="5.石膏工業" ORDERLABEL="32"><METS:fptr FILEID="00000033"/>
			</METS:div>
			<METS:div TYPE="Chapter" LABEL="6.陶瓷工業" ORDERLABEL="36"><METS:fptr FILEID="00000037"/>
			</METS:div>
			<METS:div TYPE="Chapter" LABEL="7.制磚工業" ORDERLABEL="46"><METS:fptr FILEID="00000047"/>
			</METS:div>
			<METS:div TYPE="Chapter" LABEL="8.玻璃工業" ORDERLABEL="50"><METS:fptr FILEID="00000051"/>
			</METS:div>
			<METS:div TYPE="Chapter" LABEL="9.軟質屋面材料工業" ORDERLABEL="60"><METS:fptr FILEID="00000061"/>
			</METS:div>
			<METS:div TYPE="Chapter" LABEL="10.惰性材料工業" ORDERLABEL="64"><METS:fptr FILEID="00000065"/>
			</METS:div>
			<METS:div TYPE="Chapter" LABEL="11.选擇建設場地的資料准备工作" ORDERLABEL="68"><METS:fptr FILEID="00000069"/>
				<METS:div TYPE="Chapter" LABEL="建設場地的一般要求" ORDERLABEL="69"><METS:fptr FILEID="00000070"/>
				</METS:div>
				<METS:div TYPE="Chapter" LABEL="調查工作" ORDERLABEL="71"><METS:fptr FILEID="00000072"/>
				</METS:div>
				<METS:div TYPE="Chapter" LABEL="地区的地形条件" ORDERLABEL="71"><METS:fptr FILEID="00000072"/>
				</METS:div>
				<METS:div TYPE="Chapter" LABEL="地区的地質和水文地質条件" ORDERLABEL="72"><METS:fptr FILEID="00000073"/>
				</METS:div>
				<METS:div TYPE="Chapter" LABEL="地区的气象和气候条件" ORDERLABEL="73"><METS:fptr FILEID="00000074"/>
				</METS:div>
				<METS:div TYPE="Chapter" LABEL="非金屬礦床和地方材料礦床" ORDERLABEL="74"><METS:fptr FILEID="00000075"/>
				</METS:div>
				<METS:div TYPE="Chapter" LABEL="建筑用的地方材料和半成品" ORDERLABEL="79"><METS:fptr FILEID="00000080"/>
				</METS:div>
				<METS:div TYPE="Chapter" LABEL="施工組織条件和建筑安装工程的施工条件" ORDERLABEL="80"><METS:fptr FILEID="00000081"/>
				</METS:div>
				<METS:div TYPE="Chapter" LABEL="交通" ORDERLABEL="81"><METS:fptr FILEID="00000082"/>
				</METS:div>
				<METS:div TYPE="Chapter" LABEL="动力" ORDERLABEL="81"><METS:fptr FILEID="00000082"/>
				</METS:div>
				<METS:div TYPE="Chapter" LABEL="燃料" ORDERLABEL="82"><METS:fptr FILEID="00000083"/>
				</METS:div>
				<METS:div TYPE="Chapter" LABEL="供水" ORDERLABEL="82"><METS:fptr FILEID="00000083"/>
				</METS:div>
				<METS:div TYPE="Chapter" LABEL="排水" ORDERLABEL="83"><METS:fptr FILEID="00000084"/>
				</METS:div>
				<METS:div TYPE="Chapter" LABEL="幹部" ORDERLABEL="84"><METS:fptr FILEID="00000085"/>
				</METS:div>
				<METS:div TYPE="Chapter" LABEL="地区的工業状况" ORDERLABEL="85"><METS:fptr FILEID="00000086"/>
				</METS:div>
				<METS:div TYPE="Chapter" LABEL="住宅和文化福利建設" ORDERLABEL="85"><METS:fptr FILEID="00000086"/>
				</METS:div>
			</METS:div>
			<METS:div TYPE="Chapter" LABEL="12.决定建設場地选擇的主要因素" ORDERLABEL="86"><METS:fptr FILEID="00000087"/>
			</METS:div>
			<METS:div TYPE="Chapter" LABEL="13.建設場地选擇的协議" ORDERLABEL="90"><METS:fptr FILEID="00000091"/>
			</METS:div>
		</METS:div>
		<METS:div TYPE="Chapter" LABEL="第二章 勘測工作" ORDERLABEL="93"><METS:fptr FILEID="00000094"/>
			<METS:div TYPE="Chapter" LABEL="1.初步設計階段的勘測工作" ORDERLABEL="94"><METS:fptr FILEID="00000095"/>
				<METS:div TYPE="Chapter" LABEL="地形圖測繪工作" ORDERLABEL="94"><METS:fptr FILEID="00000095"/>
				</METS:div>
				<METS:div TYPE="Chapter" LABEL="地質工作" ORDERLABEL="95"><METS:fptr FILEID="00000096"/>
				</METS:div>
				<METS:div TYPE="Chapter" LABEL="水文地質工作" ORDERLABEL="95"><METS:fptr FILEID="00000096"/>
				</METS:div>
			</METS:div>
			<METS:div TYPE="Chapter" LABEL="2.技術設計階段和施工圖設計階段的勘測工作" ORDERLABEL="95"><METS:fptr FILEID="00000096"/>
				<METS:div TYPE="Chapter" LABEL="地形圖測繪工作" ORDERLABEL="95"><METS:fptr FILEID="00000096"/>
				</METS:div>
				<METS:div TYPE="Chapter" LABEL="地質工作" ORDERLABEL="97"><METS:fptr FILEID="00000098"/>
				</METS:div>
				<METS:div TYPE="Chapter" LABEL="水文地質工作" ORDERLABEL="97"><METS:fptr FILEID="00000098"/>
				</METS:div>
			</METS:div>
			<METS:div TYPE="Chapter" LABEL="3.勘測工作費用及支付办法" ORDERLABEL="98"><METS:fptr FILEID="00000099"/>
			</METS:div>
		</METS:div>
		<METS:div TYPE="Chapter" LABEL="第三章 設計預算文件" ORDERLABEL="99"><METS:fptr FILEID="00000100"/>
			<METS:div TYPE="Chapter" LABEL="1.初步設計" ORDERLABEL="102"><METS:fptr FILEID="00000103"/>
			</METS:div>
			<METS:div TYPE="Chapter" LABEL="2.技術設計" ORDERLABEL="106"><METS:fptr FILEID="00000107"/>
			</METS:div>
			<METS:div TYPE="Chapter" LABEL="3.施工圖" ORDERLABEL="108"><METS:fptr FILEID="00000109"/>
			</METS:div>
			<METS:div TYPE="Chapter" LABEL="4.施工組織設計" ORDERLABEL="111"><METS:fptr FILEID="00000112"/>
			</METS:div>
			<METS:div TYPE="Chapter" LABEL="5.預算文件" ORDERLABEL="115"><METS:fptr FILEID="00000116"/>
			</METS:div>
			<METS:div TYPE="Chapter" LABEL="6.設計預算文件的批准程序" ORDERLABEL="138"><METS:fptr FILEID="00000139"/>
			</METS:div>
			<METS:div TYPE="Chapter" LABEL="7.与設計勘測工作的進行、驗收和經費支付有关的文件" ORDERLABEL="144"><METS:fptr FILEID="00000145"/>
				<METS:div TYPE="Chapter" LABEL="委托單位和設計机構的相互关系" ORDERLABEL="144"><METS:fptr FILEID="00000145"/>
				</METS:div>
				<METS:div TYPE="Chapter" LABEL="設計工作的費用和期限" ORDERLABEL="147"><METS:fptr FILEID="00000148"/>
				</METS:div>
				<METS:div TYPE="Chapter" LABEL="对設計机構撥款" ORDERLABEL="155"><METS:fptr FILEID="00000156"/>
				</METS:div>
			</METS:div>
		</METS:div>
	</METS:structMap>
</METS:mets>
