<?xml version="1.0" encoding="utf-8"?>
<METS:mets xmlns:METS="http://www.loc.gov/METS/" xmlns:xsi="http://www.w3.org/2001/XMLSchema-instance" xmlns:gdm="http://sunsite.berkeley.edu/GDM/" xmlns:xlink="http://www.w3.org/TR/xlink" xsi:schemalocation="http://www.loc.gov/METS/http://www.loc.gov/standards/mets/mets.xsd" LABEL="Zhejiang University.jdl.China-America digital library project" TYPE="Section">
	<METS:structMap TYPE="Catalog">
		<METS:div TYPE="Chapter" LABEL="第一章 材料的基本性质" ORDERLABEL="5"><METS:fptr FILEID="00000006"/>
			<METS:div TYPE="Chapter" LABEL="§1-1.材料的基本物理性质" ORDERLABEL="7"><METS:fptr FILEID="00000008"/>
			</METS:div>
			<METS:div TYPE="Chapter" LABEL="§1-2.材料的力学性质" ORDERLABEL="10"><METS:fptr FILEID="00000011"/>
			</METS:div>
			<METS:div TYPE="Chapter" LABEL="§1-3.材料在有关水及冰冻作用方面的性质" ORDERLABEL="18"><METS:fptr FILEID="00000019"/>
			</METS:div>
			<METS:div TYPE="Chapter" LABEL="§1-4.材料在有关热作用方面的性质" ORDERLABEL="22"><METS:fptr FILEID="00000023"/>
			</METS:div>
			<METS:div TYPE="Chapter" LABEL="§1-5.有关材料耐久性的概念" ORDERLABEL="26"><METS:fptr FILEID="00000027"/>
			</METS:div>
		</METS:div>
		<METS:div TYPE="Chapter" LABEL="第二章 天然石材及非金屬矿物" ORDERLABEL="28"><METS:fptr FILEID="00000029"/>
			<METS:div TYPE="Chapter" LABEL="§2-1.火成岩" ORDERLABEL="29"><METS:fptr FILEID="00000030"/>
			</METS:div>
			<METS:div TYPE="Chapter" LABEL="§2-2.沉积岩" ORDERLABEL="34"><METS:fptr FILEID="00000035"/>
			</METS:div>
			<METS:div TYPE="Chapter" LABEL="§2-3.变质岩" ORDERLABEL="38"><METS:fptr FILEID="00000039"/>
			</METS:div>
			<METS:div TYPE="Chapter" LABEL="§2-4.石材的开采与加工" ORDERLABEL="42"><METS:fptr FILEID="00000043"/>
			</METS:div>
			<METS:div TYPE="Chapter" LABEL="§2-5.建筑用石材的性质" ORDERLABEL="47"><METS:fptr FILEID="00000048"/>
			</METS:div>
			<METS:div TYPE="Chapter" LABEL="§2-6.防止石材风化的方法" ORDERLABEL="48"><METS:fptr FILEID="00000049"/>
			</METS:div>
			<METS:div TYPE="Chapter" LABEL="§2-7.建筑石材的应用与選擇" ORDERLABEL="49"><METS:fptr FILEID="00000050"/>
			</METS:div>
		</METS:div>
		<METS:div TYPE="Chapter" LABEL="第三章 建筑陶瓷及熔融制品" ORDERLABEL="50"><METS:fptr FILEID="00000051"/>
			<METS:div TYPE="Chapter" LABEL="§3-1.建筑陶瓷的主要原料-粘土" ORDERLABEL="52"><METS:fptr FILEID="00000053"/>
			</METS:div>
			<METS:div TYPE="Chapter" LABEL="§3-2.普通粘土磚" ORDERLABEL="57"><METS:fptr FILEID="00000058"/>
			</METS:div>
			<METS:div TYPE="Chapter" LABEL="§3-3.輕质陶瓷制品" ORDERLABEL="65"><METS:fptr FILEID="00000066"/>
			</METS:div>
			<METS:div TYPE="Chapter" LABEL="§3-4.普通粘土瓦" ORDERLABEL="70"><METS:fptr FILEID="00000071"/>
			</METS:div>
			<METS:div TYPE="Chapter" LABEL="§3-5.其他建筑陶瓷" ORDERLABEL="70"><METS:fptr FILEID="00000071"/>
			</METS:div>
			<METS:div TYPE="Chapter" LABEL="§3-6.耐火材料" ORDERLABEL="77"><METS:fptr FILEID="00000078"/>
			</METS:div>
			<METS:div TYPE="Chapter" LABEL="§3-7.玻璃及其制品" ORDERLABEL="79"><METS:fptr FILEID="00000080"/>
			</METS:div>
			<METS:div TYPE="Chapter" LABEL="§3-8.熔融制品" ORDERLABEL="86"><METS:fptr FILEID="00000087"/>
			</METS:div>
		</METS:div>
		<METS:div TYPE="Chapter" LABEL="第四章 矿物胶結材料及其制品" ORDERLABEL="91"><METS:fptr FILEID="00000092"/>
			<METS:div TYPE="Chapter" LABEL="§4-1.石膏胶結材料及其制品" ORDERLABEL="92"><METS:fptr FILEID="00000093"/>
			</METS:div>
			<METS:div TYPE="Chapter" LABEL="§4-2.鎂质胶結材料" ORDERLABEL="98"><METS:fptr FILEID="00000099"/>
			</METS:div>
			<METS:div TYPE="Chapter" LABEL="§4-3.水玻璃与耐酸水泥" ORDERLABEL="102"><METS:fptr FILEID="00000103"/>
			</METS:div>
			<METS:div TYPE="Chapter" LABEL="§4-4.石灰胶結材料及硅酸盐制品" ORDERLABEL="104"><METS:fptr FILEID="00000105"/>
			</METS:div>
			<METS:div TYPE="Chapter" LABEL="§4-5.硅酸盐水泥" ORDERLABEL="117"><METS:fptr FILEID="00000118"/>
			</METS:div>
			<METS:div TYPE="Chapter" LABEL="§4-6.火山灰质水泥" ORDERLABEL="147"><METS:fptr FILEID="00000148"/>
			</METS:div>
			<METS:div TYPE="Chapter" LABEL="§4-7.矿渣水泥" ORDERLABEL="154"><METS:fptr FILEID="00000155"/>
			</METS:div>
			<METS:div TYPE="Chapter" LABEL="§4-8.鋁酸盐水泥" ORDERLABEL="160"><METS:fptr FILEID="00000161"/>
			</METS:div>
			<METS:div TYPE="Chapter" LABEL="§4-9.石棉水泥制品" ORDERLABEL="162"><METS:fptr FILEID="00000163"/>
			</METS:div>
		</METS:div>
		<METS:div TYPE="Chapter" LABEL="第五章 混凝土及其制品" ORDERLABEL="165"><METS:fptr FILEID="00000166"/>
			<METS:div TYPE="Chapter" LABEL="§5-1.混凝土的骨料及拌合养护用水" ORDERLABEL="168"><METS:fptr FILEID="00000169"/>
			</METS:div>
			<METS:div TYPE="Chapter" LABEL="§5-2.混凝土混合物的性质" ORDERLABEL="177"><METS:fptr FILEID="00000178"/>
			</METS:div>
			<METS:div TYPE="Chapter" LABEL="§5-3.混凝土的力学性质" ORDERLABEL="186"><METS:fptr FILEID="00000187"/>
			</METS:div>
			<METS:div TYPE="Chapter" LABEL="§5-4.混凝土的物理性质" ORDERLABEL="205"><METS:fptr FILEID="00000206"/>
			</METS:div>
			<METS:div TYPE="Chapter" LABEL="§5-5.混凝土混合物組成的計算" ORDERLABEL="211"><METS:fptr FILEID="00000212"/>
			</METS:div>
			<METS:div TYPE="Chapter" LABEL="§5-6.混凝土的施工" ORDERLABEL="218"><METS:fptr FILEID="00000219"/>
			</METS:div>
			<METS:div TYPE="Chapter" LABEL="§5-7.混凝土及鋼筋混凝土預制构件" ORDERLABEL="225"><METS:fptr FILEID="00000226"/>
			</METS:div>
			<METS:div TYPE="Chapter" LABEL="§5-8.防射綫混凝土及其他混凝土" ORDERLABEL="227"><METS:fptr FILEID="00000228"/>
			</METS:div>
			<METS:div TYPE="Chapter" LABEL="§5-9.輕混凝土" ORDERLABEL="229"><METS:fptr FILEID="00000230"/>
			</METS:div>
			<METS:div TYPE="Chapter" LABEL="§5-10.耐热混凝土" ORDERLABEL="234"><METS:fptr FILEID="00000235"/>
			</METS:div>
			<METS:div TYPE="Chapter" LABEL="§5-11.耐酸混凝土及耐碱混凝土" ORDERLABEL="236"><METS:fptr FILEID="00000237"/>
			</METS:div>
			<METS:div TYPE="Chapter" LABEL="§5-12.湿碾矿渣混凝土" ORDERLABEL="240"><METS:fptr FILEID="00000241"/>
			</METS:div>
		</METS:div>
		<METS:div TYPE="Chapter" LABEL="第六章 建筑灰浆" ORDERLABEL="244"><METS:fptr FILEID="00000245"/>
			<METS:div TYPE="Chapter" LABEL="§6-1.灰桨的性质" ORDERLABEL="244"><METS:fptr FILEID="00000245"/>
			</METS:div>
			<METS:div TYPE="Chapter" LABEL="§6-2.灰浆的配合計算" ORDERLABEL="248"><METS:fptr FILEID="00000249"/>
			</METS:div>
			<METS:div TYPE="Chapter" LABEL="§6-3.砌筑灰浆的应用" ORDERLABEL="249"><METS:fptr FILEID="00000250"/>
			</METS:div>
			<METS:div TYPE="Chapter" LABEL="§6-4.抹而灰浆" ORDERLABEL="251"><METS:fptr FILEID="00000252"/>
			</METS:div>
			<METS:div TYPE="Chapter" LABEL="§6-5.装飾灰浆桨" ORDERLABEL="252"><METS:fptr FILEID="00000253"/>
			</METS:div>
			<METS:div TYPE="Chapter" LABEL="§6-6.防水灰浆" ORDERLABEL="253"><METS:fptr FILEID="00000254"/>
			</METS:div>
		</METS:div>
		<METS:div TYPE="Chapter" LABEL="第七章 木材、竹材及其制品" ORDERLABEL="254"><METS:fptr FILEID="00000255"/>
			<METS:div TYPE="Chapter" LABEL="§7-1.木材的构造" ORDERLABEL="256"><METS:fptr FILEID="00000257"/>
			</METS:div>
			<METS:div TYPE="Chapter" LABEL="§7-2.木材的疵病" ORDERLABEL="262"><METS:fptr FILEID="00000263"/>
			</METS:div>
			<METS:div TYPE="Chapter" LABEL="§7-3.木材的物理性质" ORDERLABEL="266"><METS:fptr FILEID="00000267"/>
			</METS:div>
			<METS:div TYPE="Chapter" LABEL="§7-4.木材的力学性质" ORDERLABEL="273"><METS:fptr FILEID="00000274"/>
			</METS:div>
			<METS:div TYPE="Chapter" LABEL="§7-5.建筑用木材的主要种类" ORDERLABEL="281"><METS:fptr FILEID="00000282"/>
			</METS:div>
			<METS:div TYPE="Chapter" LABEL="§7-6.木材加工产品的类型" ORDERLABEL="286"><METS:fptr FILEID="00000287"/>
			</METS:div>
			<METS:div TYPE="Chapter" LABEL="§7-7.提高木材耐久性的措施" ORDERLABEL="287"><METS:fptr FILEID="00000288"/>
			</METS:div>
			<METS:div TYPE="Chapter" LABEL="§7-8.人造板的制造与利用" ORDERLABEL="291"><METS:fptr FILEID="00000292"/>
			</METS:div>
			<METS:div TYPE="Chapter" LABEL="§7-9.竹材" ORDERLABEL="299"><METS:fptr FILEID="00000300"/>
			</METS:div>
		</METS:div>
		<METS:div TYPE="Chapter" LABEL="第八章 瀝青材料" ORDERLABEL="302"><METS:fptr FILEID="00000303"/>
			<METS:div TYPE="Chapter" LABEL="§8-1.瀝青材料的性质" ORDERLABEL="303"><METS:fptr FILEID="00000304"/>
			</METS:div>
			<METS:div TYPE="Chapter" LABEL="§8-2.瀝青" ORDERLABEL="304"><METS:fptr FILEID="00000305"/>
			</METS:div>
			<METS:div TYPE="Chapter" LABEL="§8-3.柏油" ORDERLABEL="306"><METS:fptr FILEID="00000307"/>
			</METS:div>
			<METS:div TYPE="Chapter" LABEL="§8-4.頁岩瀝青" ORDERLABEL="308"><METS:fptr FILEID="00000309"/>
			</METS:div>
			<METS:div TYPE="Chapter" LABEL="§8-5.液体瀝青材料" ORDERLABEL="310"><METS:fptr FILEID="00000311"/>
			</METS:div>
			<METS:div TYPE="Chapter" LABEL="§8-6.瀝青材料的砂浆及混凝土" ORDERLABEL="311"><METS:fptr FILEID="00000312"/>
			</METS:div>
			<METS:div TYPE="Chapter" LABEL="§8-7.卷材" ORDERLABEL="313"><METS:fptr FILEID="00000314"/>
			</METS:div>
			<METS:div TYPE="Chapter" LABEL="§8-8.瑪di脂" ORDERLABEL="315"><METS:fptr FILEID="00000316"/>
			</METS:div>
			<METS:div TYPE="Chapter" LABEL="§8-9.其他防水材料" ORDERLABEL="316"><METS:fptr FILEID="00000317"/>
			</METS:div>
			<METS:div TYPE="Chapter" LABEL="§8-10.冷瀝青悬浮体" ORDERLABEL="317"><METS:fptr FILEID="00000318"/>
			</METS:div>
		</METS:div>
		<METS:div TYPE="Chapter" LABEL="第九章 建筑塑料" ORDERLABEL="320"><METS:fptr FILEID="00000321"/>
			<METS:div TYPE="Chapter" LABEL="§9-1.塑料的組成" ORDERLABEL="321"><METS:fptr FILEID="00000322"/>
			</METS:div>
			<METS:div TYPE="Chapter" LABEL="§9-2.合成树脂" ORDERLABEL="322"><METS:fptr FILEID="00000323"/>
			</METS:div>
			<METS:div TYPE="Chapter" LABEL="§9-3.几种主要的合成树脂及塑料" ORDERLABEL="323"><METS:fptr FILEID="00000324"/>
			</METS:div>
			<METS:div TYPE="Chapter" LABEL="§9-4.塑料在建筑中的应用" ORDERLABEL="328"><METS:fptr FILEID="00000329"/>
			</METS:div>
		</METS:div>
		<METS:div TYPE="Chapter" LABEL="第十章 金屬材料" ORDERLABEL="336"><METS:fptr FILEID="00000337"/>
			<METS:div TYPE="Chapter" LABEL="§10-1.生铁的冶炼" ORDERLABEL="338"><METS:fptr FILEID="00000339"/>
			</METS:div>
			<METS:div TYPE="Chapter" LABEL="§10-2.鋼的冶炼" ORDERLABEL="340"><METS:fptr FILEID="00000341"/>
			</METS:div>
			<METS:div TYPE="Chapter" LABEL="§10-3.鋼錠的鑄造" ORDERLABEL="345"><METS:fptr FILEID="00000346"/>
			</METS:div>
			<METS:div TYPE="Chapter" LABEL="§10-4.鋼的热加工" ORDERLABEL="347"><METS:fptr FILEID="00000348"/>
			</METS:div>
			<METS:div TYPE="Chapter" LABEL="§10-5.鋼的性质" ORDERLABEL="348"><METS:fptr FILEID="00000349"/>
			</METS:div>
			<METS:div TYPE="Chapter" LABEL="§10-6.金屬的組織" ORDERLABEL="351"><METS:fptr FILEID="00000352"/>
			</METS:div>
			<METS:div TYPE="Chapter" LABEL="§10-7.铁碳合金的組織" ORDERLABEL="353"><METS:fptr FILEID="00000354"/>
			</METS:div>
			<METS:div TYPE="Chapter" LABEL="§10-8.鋼的热处理" ORDERLABEL="356"><METS:fptr FILEID="00000357"/>
			</METS:div>
			<METS:div TYPE="Chapter" LABEL="§10-9.鋼材的冷加工与时效" ORDERLABEL="358"><METS:fptr FILEID="00000359"/>
			</METS:div>
			<METS:div TYPE="Chapter" LABEL="§10-10.各种元素对碳鋼性质的影响" ORDERLABEL="359"><METS:fptr FILEID="00000360"/>
			</METS:div>
			<METS:div TYPE="Chapter" LABEL="§10-11.鋼铁的技术分类及其制品" ORDERLABEL="361"><METS:fptr FILEID="00000362"/>
			</METS:div>
			<METS:div TYPE="Chapter" LABEL="§10-12.金屬的腐蝕及其防止方法" ORDERLABEL="368"><METS:fptr FILEID="00000369"/>
			</METS:div>
			<METS:div TYPE="Chapter" LABEL="§10-13.有色金屬及其合金" ORDERLABEL="369"><METS:fptr FILEID="00000370"/>
			</METS:div>
		</METS:div>
		<METS:div TYPE="Chapter" LABEL="第十一章 油漆及涂料" ORDERLABEL="372"><METS:fptr FILEID="00000373"/>
			<METS:div TYPE="Chapter" LABEL="§11-1.油剂油漆" ORDERLABEL="373"><METS:fptr FILEID="00000374"/>
			</METS:div>
			<METS:div TYPE="Chapter" LABEL="§11-2.清漆与磁漆" ORDERLABEL="376"><METS:fptr FILEID="00000377"/>
			</METS:div>
			<METS:div TYPE="Chapter" LABEL="§11-3.水剂涂料" ORDERLABEL="377"><METS:fptr FILEID="00000378"/>
			</METS:div>
			<METS:div TYPE="Chapter" LABEL="§11-4.天然漆" ORDERLABEL="377"><METS:fptr FILEID="00000378"/>
			</METS:div>
		</METS:div>
	</METS:structMap>
</METS:mets>
