<?xml version="1.0" encoding="utf-8"?>
<METS:mets xmlns:METS="http://www.loc.gov/METS/" xmlns:xsi="http://www.w3.org/2001/XMLSchema-instance" xmlns:gdm="http://sunsite.berkeley.edu/GDM/" xmlns:xlink="http://www.w3.org/TR/xlink" xsi:schemalocation="http://www.loc.gov/METS/http://www.loc.gov/standards/mets/mets.xsd" LABEL="Zhejiang University.jdl.China-America digital library project" TYPE="Section">
	<METS:structMap TYPE="Catalog">
		<METS:div TYPE="Chapter" LABEL="第一編 零件的損耗及其原因,提高耐損耗性和恢復損耗零件的方法" ORDERLABEL="7"><METS:fptr FILEID="00000008"/>
			<METS:div TYPE="Chapter" LABEL="第一章零件的損耗" ORDERLABEL="7"><METS:fptr FILEID="00000008"/>
				<METS:div TYPE="Chapter" LABEL="§1.基本原理" ORDERLABEL="7"><METS:fptr FILEID="00000008"/>
				</METS:div>
				<METS:div TYPE="Chapter" LABEL="§2.損耗的種類" ORDERLABEL="8"><METS:fptr FILEID="00000009"/>
				</METS:div>
				<METS:div TYPE="Chapter" LABEL="§3.影響零件損耗的因素" ORDERLABEL="11"><METS:fptr FILEID="00000012"/>
				</METS:div>
			</METS:div>
			<METS:div TYPE="Chapter" LABEL="第二章提高耐損耗性和恢復零件的方法" ORDERLABEL="37"><METS:fptr FILEID="00000038"/>
				<METS:div TYPE="Chapter" LABEL="§1.用硬質合金銲覆" ORDERLABEL="37"><METS:fptr FILEID="00000038"/>
				</METS:div>
				<METS:div TYPE="Chapter" LABEL="§2.滲碳" ORDERLABEL="53"><METS:fptr FILEID="00000054"/>
				</METS:div>
				<METS:div TYPE="Chapter" LABEL="§3.表面淬火" ORDERLABEL="56"><METS:fptr FILEID="00000057"/>
				</METS:div>
				<METS:div TYPE="Chapter" LABEL="§4.噴金屬" ORDERLABEL="61"><METS:fptr FILEID="00000062"/>
				</METS:div>
				<METS:div TYPE="Chapter" LABEL="§5.提高零件耐損耗性的化學處理过程" ORDERLABEL="75"><METS:fptr FILEID="00000076"/>
				</METS:div>
				<METS:div TYPE="Chapter" LABEL="§6.用電鍍金屬的方法恢復零件" ORDERLABEL="77"><METS:fptr FILEID="00000078"/>
				</METS:div>
				<METS:div TYPE="Chapter" LABEL="§7.腐蝕的防止" ORDERLABEL="84"><METS:fptr FILEID="00000085"/>
				</METS:div>
				<METS:div TYPE="Chapter" LABEL="§8.表面的電花强化" ORDERLABEL="88"><METS:fptr FILEID="00000089"/>
				</METS:div>
				<METS:div TYPE="Chapter" LABEL="§9.零件表面的噴球强化" ORDERLABEL="92"><METS:fptr FILEID="00000093"/>
				</METS:div>
				<METS:div TYPE="Chapter" LABEL="§10.用滚子滚壓來提高鋼零件的强度" ORDERLABEL="96"><METS:fptr FILEID="00000097"/>
				</METS:div>
			</METS:div>
		</METS:div>
		<METS:div TYPE="Chapter" LABEL="第二編 修理工作的種類和標準零件的修理。基本裝配工作" ORDERLABEL="99"><METS:fptr FILEID="00000100"/>
			<METS:div TYPE="Chapter" LABEL="第一章修理工作的種類" ORDERLABEL="99"><METS:fptr FILEID="00000100"/>
				<METS:div TYPE="Chapter" LABEL="§1.銲接工作" ORDERLABEL="99"><METS:fptr FILEID="00000100"/>
				</METS:div>
				<METS:div TYPE="Chapter" LABEL="§2.鍋爐工作" ORDERLABEL="114"><METS:fptr FILEID="00000115"/>
				</METS:div>
				<METS:div TYPE="Chapter" LABEL="§3.用錯銲和掛錫的方法修理零件" ORDERLABEL="121"><METS:fptr FILEID="00000122"/>
				</METS:div>
				<METS:div TYPE="Chapter" LABEL="§4.修理設備時膠的應用" ORDERLABEL="127"><METS:fptr FILEID="00000128"/>
				</METS:div>
				<METS:div TYPE="Chapter" LABEL="§5.用腻子修理零件" ORDERLABEL="131"><METS:fptr FILEID="00000132"/>
				</METS:div>
				<METS:div TYPE="Chapter" LABEL="§6.用ГОИ膏研磨零件" ORDERLABEL="133"><METS:fptr FILEID="00000134"/>
				</METS:div>
			</METS:div>
			<METS:div TYPE="Chapter" LABEL="第二章標準零件的修理" ORDERLABEL="135"><METS:fptr FILEID="00000136"/>
				<METS:div TYPE="Chapter" LABEL="§1.軸承和軸的修理" ORDERLABEL="135"><METS:fptr FILEID="00000136"/>
				</METS:div>
				<METS:div TYPE="Chapter" LABEL="§2.用塑性變形法修理銷和軸套" ORDERLABEL="162"><METS:fptr FILEID="00000163"/>
				</METS:div>
				<METS:div TYPE="Chapter" LABEL="§3.齒輪傳動裝置和减速器的修理" ORDERLABEL="164"><METS:fptr FILEID="00000165"/>
				</METS:div>
				<METS:div TYPE="Chapter" LABEL="§4.齒輪油泵和給油系統的修理" ORDERLABEL="182"><METS:fptr FILEID="00000183"/>
				</METS:div>
				<METS:div TYPE="Chapter" LABEL="§5.連连接器的修理" ORDERLABEL="184"><METS:fptr FILEID="00000185"/>
				</METS:div>
			</METS:div>
			<METS:div TYPE="Chapter" LABEL="第三章基本装配工作" ORDERLABEL="187"><METS:fptr FILEID="00000188"/>
				<METS:div TYPE="Chapter" LABEL="§1.旋轉零件和部件的平衡" ORDERLABEL="187"><METS:fptr FILEID="00000188"/>
				</METS:div>
				<METS:div TYPE="Chapter" LABEL="§2.軸的軸線的定心" ORDERLABEL="194"><METS:fptr FILEID="00000195"/>
				</METS:div>
				<METS:div TYPE="Chapter" LABEL="§3.固定連接的装配" ORDERLABEL="198"><METS:fptr FILEID="00000199"/>
				</METS:div>
				<METS:div TYPE="Chapter" LABEL="§4.前進運動零件的修理和裝配" ORDERLABEL="200"><METS:fptr FILEID="00000201"/>
				</METS:div>
			</METS:div>
		</METS:div>
		<METS:div TYPE="Chapter" LABEL="第三編 修理、安裝和修理業務的組織" ORDERLABEL="208"><METS:fptr FILEID="00000209"/>
			<METS:div TYPE="Chapter" LABEL="第一章設備修理的組織" ORDERLABEL="208"><METS:fptr FILEID="00000209"/>
				<METS:div TYPE="Chapter" LABEL="§1.計劃預修制" ORDERLABEL="208"><METS:fptr FILEID="00000209"/>
				</METS:div>
				<METS:div TYPE="Chapter" LABEL="§2.修理的方法" ORDERLABEL="210"><METS:fptr FILEID="00000211"/>
				</METS:div>
				<METS:div TYPE="Chapter" LABEL="§3.機器維護和修理的種類" ORDERLABEL="211"><METS:fptr FILEID="00000212"/>
				</METS:div>
				<METS:div TYPE="Chapter" LABEL="§4.修理定額" ORDERLABEL="216"><METS:fptr FILEID="00000217"/>
				</METS:div>
				<METS:div TYPE="Chapter" LABEL="§5.快速工業修理法" ORDERLABEL="221"><METS:fptr FILEID="00000222"/>
				</METS:div>
				<METS:div TYPE="Chapter" LABEL="§6.計劃預修制的技術組織措施和修理工作的機械化" ORDERLABEL="231"><METS:fptr FILEID="00000232"/>
				</METS:div>
			</METS:div>
			<METS:div TYPE="Chapter" LABEL="第二章企業修理業務的組織" ORDERLABEL="236"><METS:fptr FILEID="00000237"/>
				<METS:div TYPE="Chapter" LABEL="§1.修理業務的機構" ORDERLABEL="236"><METS:fptr FILEID="00000237"/>
				</METS:div>
				<METS:div TYPE="Chapter" LABEL="§2.計劃預修科和技術科" ORDERLABEL="236"><METS:fptr FILEID="00000237"/>
				</METS:div>
				<METS:div TYPE="Chapter" LABEL="§3.機械修理車間" ORDERLABEL="237"><METS:fptr FILEID="00000238"/>
				</METS:div>
				<METS:div TYPE="Chapter" LABEL="§4.計劃修理工作的總则" ORDERLABEL="246"><METS:fptr FILEID="00000247"/>
				</METS:div>
			</METS:div>
			<METS:div TYPE="Chapter" LABEL="第三章設備安裝和檢驗的組織" ORDERLABEL="252"><METS:fptr FILEID="00000253"/>
				<METS:div TYPE="Chapter" LABEL="§1.組織工作的總則" ORDERLABEL="252"><METS:fptr FILEID="00000253"/>
				</METS:div>
				<METS:div TYPE="Chapter" LABEL="§2.準備工作" ORDERLABEL="254"><METS:fptr FILEID="00000255"/>
				</METS:div>
				<METS:div TYPE="Chapter" LABEL="§3.設備基礎的安置及其檢驗" ORDERLABEL="255"><METS:fptr FILEID="00000256"/>
				</METS:div>
				<METS:div TYPE="Chapter" LABEL="§4.設備的整備、調節和試驗" ORDERLABEL="257"><METS:fptr FILEID="00000258"/>
				</METS:div>
			</METS:div>
			<METS:div TYPE="Chapter" LABEL="第四章修理和安装用設備、附件和工具" ORDERLABEL="260"><METS:fptr FILEID="00000261"/>
				<METS:div TYPE="Chapter" LABEL="§1.繩索(起重運輸)設備和附件" ORDERLABEL="260"><METS:fptr FILEID="00000261"/>
				</METS:div>
				<METS:div TYPE="Chapter" LABEL="§2.修理和安裝用機械化工具" ORDERLABEL="272"><METS:fptr FILEID="00000273"/>
				</METS:div>
			</METS:div>
		</METS:div>
	</METS:structMap>
</METS:mets>
