<?xml version="1.0" encoding="utf-8"?>
<METS:mets xmlns:METS="http://www.loc.gov/METS/" xmlns:xsi="http://www.w3.org/2001/XMLSchema-instance" xmlns:gdm="http://sunsite.berkeley.edu/GDM/" xmlns:xlink="http://www.w3.org/TR/xlink" xsi:schemalocation="http://www.loc.gov/METS/http://www.loc.gov/standards/mets/mets.xsd" LABEL="Zhejiang University.jdl.China-America digital library project" TYPE="Section">
	<METS:structMap TYPE="Catalog">
		<METS:div TYPE="Chapter" LABEL="第一章  建筑材料的基本性质" ORDERLABEL="00000012"><METS:fptr FILEID="00000012"/>
			<METS:div TYPE="Chapter" LABEL="第一节  材料的组分、结构及构造" ORDERLABEL="00000012"><METS:fptr FILEID="00000012"/>
			</METS:div>
			<METS:div TYPE="Chapter" LABEL="第二节  材料的密度、容重和孔隙率" ORDERLABEL="00000014"><METS:fptr FILEID="00000014"/>
			</METS:div>
			<METS:div TYPE="Chapter" LABEL="第三节  材料的力学性质" ORDERLABEL="00000015"><METS:fptr FILEID="00000015"/>
			</METS:div>
			<METS:div TYPE="Chapter" LABEL="第四节  材料与水有关的性质" ORDERLABEL="00000021"><METS:fptr FILEID="00000021"/>
			</METS:div>
			<METS:div TYPE="Chapter" LABEL="第五节  材料的耐久性" ORDERLABEL="00000023"><METS:fptr FILEID="00000023"/>
			</METS:div>
			<METS:div TYPE="Chapter" LABEL="第六节  材料与热有关的性质" ORDERLABEL="00000025"><METS:fptr FILEID="00000025"/>
			</METS:div>
		</METS:div>
		<METS:div TYPE="Chapter" LABEL="第二章  天然石料" ORDERLABEL="00000027"><METS:fptr FILEID="00000027"/>
			<METS:div TYPE="Chapter" LABEL="第一节  岩浆岩的天然石料" ORDERLABEL="00000027"><METS:fptr FILEID="00000027"/>
			</METS:div>
			<METS:div TYPE="Chapter" LABEL="第二节  沉积岩的天然石料" ORDERLABEL="00000029"><METS:fptr FILEID="00000029"/>
			</METS:div>
			<METS:div TYPE="Chapter" LABEL="第三节  变质岩的天然石料" ORDERLABEL="00000030"><METS:fptr FILEID="00000030"/>
			</METS:div>
			<METS:div TYPE="Chapter" LABEL="第四节  天然石料的技术性质及要求" ORDERLABEL="00000031"><METS:fptr FILEID="00000031"/>
			</METS:div>
		</METS:div>
		<METS:div TYPE="Chapter" LABEL="第三章  烧土制品" ORDERLABEL="00000033"><METS:fptr FILEID="00000033"/>
			<METS:div TYPE="Chapter" LABEL="第一节  烧土制品的原料及生产工艺" ORDERLABEL="00000033"><METS:fptr FILEID="00000033"/>
			</METS:div>
			<METS:div TYPE="Chapter" LABEL="第二节  烧结普通砖、空心砖及粘土瓦" ORDERLABEL="00000034"><METS:fptr FILEID="00000034"/>
			</METS:div>
			<METS:div TYPE="Chapter" LABEL="第三节  建筑陶瓷" ORDERLABEL="00000038"><METS:fptr FILEID="00000038"/>
			</METS:div>
		</METS:div>
		<METS:div TYPE="Chapter" LABEL="第四章  气硬性胶凝材料" ORDERLABEL="00000040"><METS:fptr FILEID="00000040"/>
			<METS:div TYPE="Chapter" LABEL="第一节  石灰" ORDERLABEL="00000040"><METS:fptr FILEID="00000040"/>
			</METS:div>
			<METS:div TYPE="Chapter" LABEL="第二节  石膏" ORDERLABEL="00000042"><METS:fptr FILEID="00000042"/>
			</METS:div>
			<METS:div TYPE="Chapter" LABEL="第三节  水玻璃" ORDERLABEL="00000044"><METS:fptr FILEID="00000044"/>
			</METS:div>
			<METS:div TYPE="Chapter" LABEL="第四节  镁质胶凝材料" ORDERLABEL="00000045"><METS:fptr FILEID="00000045"/>
			</METS:div>
		</METS:div>
		<METS:div TYPE="Chapter" LABEL="第五章  水泥" ORDERLABEL="00000047"><METS:fptr FILEID="00000047"/>
			<METS:div TYPE="Chapter" LABEL="第一节  硅酸盐水泥" ORDERLABEL="00000047"><METS:fptr FILEID="00000047"/>
			</METS:div>
			<METS:div TYPE="Chapter" LABEL="第二节  混合材料及掺有混合材料的硅酸盐水泥" ORDERLABEL="00000056"><METS:fptr FILEID="00000056"/>
			</METS:div>
			<METS:div TYPE="Chapter" LABEL="第三节  其它品种水泥" ORDERLABEL="00000061"><METS:fptr FILEID="00000061"/>
			</METS:div>
			<METS:div TYPE="Chapter" LABEL="第四节  水泥的应用" ORDERLABEL="00000065"><METS:fptr FILEID="00000065"/>
			</METS:div>
		</METS:div>
		<METS:div TYPE="Chapter" LABEL="第六章  水泥混凝土" ORDERLABEL="00000066"><METS:fptr FILEID="00000066"/>
			<METS:div TYPE="Chapter" LABEL="第一节  概述" ORDERLABEL="00000066"><METS:fptr FILEID="00000066"/>
			</METS:div>
			<METS:div TYPE="Chapter" LABEL="第二节  混凝土的主要技术性质" ORDERLABEL="00000067"><METS:fptr FILEID="00000067"/>
			</METS:div>
			<METS:div TYPE="Chapter" LABEL="第三节  混凝土的组成材料" ORDERLABEL="00000080"><METS:fptr FILEID="00000080"/>
			</METS:div>
			<METS:div TYPE="Chapter" LABEL="第四节  混凝土的质量控制" ORDERLABEL="00000085"><METS:fptr FILEID="00000085"/>
			</METS:div>
			<METS:div TYPE="Chapter" LABEL="第五节  混凝土的配合比设计" ORDERLABEL="00000090"><METS:fptr FILEID="00000090"/>
			</METS:div>
			<METS:div TYPE="Chapter" LABEL="第六节  混凝土外加剂" ORDERLABEL="00000101"><METS:fptr FILEID="00000101"/>
			</METS:div>
			<METS:div TYPE="Chapter" LABEL="第七节  混凝土的掺合料" ORDERLABEL="00000107"><METS:fptr FILEID="00000107"/>
			</METS:div>
			<METS:div TYPE="Chapter" LABEL="第八节  混凝土的变形性质" ORDERLABEL="00000111"><METS:fptr FILEID="00000111"/>
			</METS:div>
			<METS:div TYPE="Chapter" LABEL="第九节  轻混凝土" ORDERLABEL="00000118"><METS:fptr FILEID="00000118"/>
			</METS:div>
			<METS:div TYPE="Chapter" LABEL="第十节  其它品种混凝土" ORDERLABEL="00000127"><METS:fptr FILEID="00000127"/>
			</METS:div>
		</METS:div>
		<METS:div TYPE="Chapter" LABEL="第七章  砂浆" ORDERLABEL="00000133"><METS:fptr FILEID="00000133"/>
			<METS:div TYPE="Chapter" LABEL="第一节  砌筑砂浆" ORDERLABEL="00000133"><METS:fptr FILEID="00000133"/>
			</METS:div>
			<METS:div TYPE="Chapter" LABEL="第二节  其他砂浆" ORDERLABEL="00000138"><METS:fptr FILEID="00000138"/>
			</METS:div>
		</METS:div>
		<METS:div TYPE="Chapter" LABEL="第八章  沥青及沥青防水材料" ORDERLABEL="00000140"><METS:fptr FILEID="00000140"/>
			<METS:div TYPE="Chapter" LABEL="第一节  石油沥青及煤沥青" ORDERLABEL="00000140"><METS:fptr FILEID="00000140"/>
			</METS:div>
			<METS:div TYPE="Chapter" LABEL="第二节  沥青防水材料" ORDERLABEL="00000155"><METS:fptr FILEID="00000155"/>
			</METS:div>
			<METS:div TYPE="Chapter" LABEL="第三节  水工沥青混凝土" ORDERLABEL="00000160"><METS:fptr FILEID="00000160"/>
			</METS:div>
		</METS:div>
		<METS:div TYPE="Chapter" LABEL="第九章  合成高分子材料" ORDERLABEL="00000170"><METS:fptr FILEID="00000170"/>
			<METS:div TYPE="Chapter" LABEL="第一节  概述" ORDERLABEL="00000170"><METS:fptr FILEID="00000170"/>
			</METS:div>
			<METS:div TYPE="Chapter" LABEL="第二节  工程中常用的合成树脂及塑料" ORDERLABEL="00000172"><METS:fptr FILEID="00000172"/>
			</METS:div>
			<METS:div TYPE="Chapter" LABEL="第三节  聚合物混凝土" ORDERLABEL="00000175"><METS:fptr FILEID="00000175"/>
			</METS:div>
			<METS:div TYPE="Chapter" LABEL="第四节  工程中常用的合成橡胶及合成纤维" ORDERLABEL="00000178"><METS:fptr FILEID="00000178"/>
			</METS:div>
		</METS:div>
		<METS:div TYPE="Chapter" LABEL="第十章  建筑钢材" ORDERLABEL="00000181"><METS:fptr FILEID="00000181"/>
			<METS:div TYPE="Chapter" LABEL="第一节  概述" ORDERLABEL="00000181"><METS:fptr FILEID="00000181"/>
			</METS:div>
			<METS:div TYPE="Chapter" LABEL="第二节  建筑钢材的力学性能和工艺性能" ORDERLABEL="00000181"><METS:fptr FILEID="00000181"/>
			</METS:div>
			<METS:div TYPE="Chapter" LABEL="第三节  铁碳合金的晶体结构" ORDERLABEL="00000184"><METS:fptr FILEID="00000184"/>
			</METS:div>
			<METS:div TYPE="Chapter" LABEL="第四节  钢的压延加工" ORDERLABEL="00000188"><METS:fptr FILEID="00000188"/>
			</METS:div>
			<METS:div TYPE="Chapter" LABEL="第五节  钢的冶炼及其对钢材质量的影响" ORDERLABEL="00000189"><METS:fptr FILEID="00000189"/>
			</METS:div>
			<METS:div TYPE="Chapter" LABEL="第六节  建筑钢材的分类、牌号与应用" ORDERLABEL="00000191"><METS:fptr FILEID="00000191"/>
			</METS:div>
			<METS:div TYPE="Chapter" LABEL="第七节  钢材的腐蚀与防护" ORDERLABEL="00000197"><METS:fptr FILEID="00000197"/>
			</METS:div>
		</METS:div>
		<METS:div TYPE="Chapter" LABEL="第十一章  木材" ORDERLABEL="00000200"><METS:fptr FILEID="00000200"/>
			<METS:div TYPE="Chapter" LABEL="第一节  木材的构造" ORDERLABEL="00000200"><METS:fptr FILEID="00000200"/>
			</METS:div>
			<METS:div TYPE="Chapter" LABEL="第二节  木材的物理和力学性质" ORDERLABEL="00000201"><METS:fptr FILEID="00000201"/>
			</METS:div>
			<METS:div TYPE="Chapter" LABEL="第三节  木材的腐蚀及防护" ORDERLABEL="00000204"><METS:fptr FILEID="00000204"/>
			</METS:div>
			<METS:div TYPE="Chapter" LABEL="第四节  木材的主要产品" ORDERLABEL="00000205"><METS:fptr FILEID="00000205"/>
			</METS:div>
		</METS:div>
		<METS:div TYPE="Chapter" LABEL="第十二章  绝热、吸声及装饰材料" ORDERLABEL="00000207"><METS:fptr FILEID="00000207"/>
			<METS:div TYPE="Chapter" LABEL="第一节  绝热材料" ORDERLABEL="00000207"><METS:fptr FILEID="00000207"/>
			</METS:div>
			<METS:div TYPE="Chapter" LABEL="第二节  吸声材料" ORDERLABEL="00000210"><METS:fptr FILEID="00000210"/>
			</METS:div>
			<METS:div TYPE="Chapter" LABEL="第三节  装饰材料" ORDERLABEL="00000212"><METS:fptr FILEID="00000212"/>
			</METS:div>
		</METS:div>
		<METS:div TYPE="Chapter" LABEL="第十三章  建筑材料试验" ORDERLABEL="00000216"><METS:fptr FILEID="00000216"/>
			<METS:div TYPE="Chapter" LABEL="第一节  石料试验" ORDERLABEL="00000217"><METS:fptr FILEID="00000217"/>
			</METS:div>
			<METS:div TYPE="Chapter" LABEL="第二节  烧结普通砖试验" ORDERLABEL="00000222"><METS:fptr FILEID="00000222"/>
			</METS:div>
			<METS:div TYPE="Chapter" LABEL="第三节  水泥试验" ORDERLABEL="00000223"><METS:fptr FILEID="00000223"/>
			</METS:div>
			<METS:div TYPE="Chapter" LABEL="第四节  混凝土骨料试验" ORDERLABEL="00000233"><METS:fptr FILEID="00000233"/>
			</METS:div>
			<METS:div TYPE="Chapter" LABEL="第五节  混凝土拌和物试验" ORDERLABEL="00000243"><METS:fptr FILEID="00000243"/>
			</METS:div>
			<METS:div TYPE="Chapter" LABEL="第六节  混凝土试验" ORDERLABEL="00000251"><METS:fptr FILEID="00000251"/>
			</METS:div>
			<METS:div TYPE="Chapter" LABEL="第七节  砂浆试验" ORDERLABEL="00000257"><METS:fptr FILEID="00000257"/>
			</METS:div>
			<METS:div TYPE="Chapter" LABEL="第八节  沥青材料试验" ORDERLABEL="00000259"><METS:fptr FILEID="00000259"/>
			</METS:div>
			<METS:div TYPE="Chapter" LABEL="第九节  沥青混凝土试验" ORDERLABEL="00000264"><METS:fptr FILEID="00000264"/>
			</METS:div>
			<METS:div TYPE="Chapter" LABEL="第十节  木材试验" ORDERLABEL="00000268"><METS:fptr FILEID="00000268"/>
			</METS:div>
			<METS:div TYPE="Chapter" LABEL="第十一节  试验资料的整理分析" ORDERLABEL="00000273"><METS:fptr FILEID="00000273"/>
			</METS:div>
		</METS:div>
	</METS:structMap>
</METS:mets>
