<?xml version="1.0" encoding="utf-8"?>
<METS:mets xmlns:METS="http://www.loc.gov/METS/" xmlns:xsi="http://www.w3.org/2001/XMLSchema-instance" xmlns:gdm="http://sunsite.berkeley.edu/GDM/" xmlns:xlink="http://www.w3.org/TR/xlink" xsi:schemalocation="http://www.loc.gov/METS/http://www.loc.gov/standards/mets/mets.xsd" LABEL="Zhejiang University.jdl.China-America digital library project" TYPE="Section">
	<METS:structMap TYPE="Catalog">
		<METS:div TYPE="Chapter" LABEL="第一章 建筑材料火灾特性的判定" ORDERLABEL="00000006"><METS:fptr FILEID="00000006"/>
			<METS:div TYPE="Chapter" LABEL="第一节 建筑材料燃烧性能分级" ORDERLABEL="00000006"><METS:fptr FILEID="00000006"/>
			</METS:div>
			<METS:div TYPE="Chapter" LABEL="第二节 不燃性建筑材料的判定" ORDERLABEL="00000008"><METS:fptr FILEID="00000008"/>
			</METS:div>
			<METS:div TYPE="Chapter" LABEL="第三节 难燃性建筑材料的判定" ORDERLABEL="00000010"><METS:fptr FILEID="00000010"/>
			</METS:div>
			<METS:div TYPE="Chapter" LABEL="第四节 可燃性与易燃性建筑材料的判定" ORDERLABEL="00000012"><METS:fptr FILEID="00000012"/>
			</METS:div>
			<METS:div TYPE="Chapter" LABEL="第五节 建筑构件耐火极限的判定" ORDERLABEL="00000015"><METS:fptr FILEID="00000015"/>
			</METS:div>
			<METS:div TYPE="Chapter" LABEL="第六节 建筑材料燃烧时毒性气体的判定" ORDERLABEL="00000018"><METS:fptr FILEID="00000018"/>
			</METS:div>
			<METS:div TYPE="Chapter" LABEL="第七节 建筑材料燃烧时发烟性的判定" ORDERLABEL="00000024"><METS:fptr FILEID="00000024"/>
			</METS:div>
		</METS:div>
		<METS:div TYPE="Chapter" LABEL="第二章 金属材料" ORDERLABEL="00000028"><METS:fptr FILEID="00000028"/>
			<METS:div TYPE="Chapter" LABEL="第一节 钢材的分类与强度" ORDERLABEL="00000028"><METS:fptr FILEID="00000028"/>
			</METS:div>
			<METS:div TYPE="Chapter" LABEL="第二节 钢材的火灾特性" ORDERLABEL="00000034"><METS:fptr FILEID="00000034"/>
			</METS:div>
			<METS:div TYPE="Chapter" LABEL="第三节 钢材在火灾中的高温蠕变与腐蚀" ORDERLABEL="00000040"><METS:fptr FILEID="00000040"/>
			</METS:div>
			<METS:div TYPE="Chapter" LABEL="第四节 钢结构的防火保护" ORDERLABEL="00000044"><METS:fptr FILEID="00000044"/>
			</METS:div>
			<METS:div TYPE="Chapter" LABEL="第五节 铝合金材料" ORDERLABEL="00000050"><METS:fptr FILEID="00000050"/>
			</METS:div>
			<METS:div TYPE="Chapter" LABEL="第六节 金属燃烧" ORDERLABEL="00000053"><METS:fptr FILEID="00000053"/>
			</METS:div>
		</METS:div>
		<METS:div TYPE="Chapter" LABEL="第三章 混凝土" ORDERLABEL="00000057"><METS:fptr FILEID="00000057"/>
			<METS:div TYPE="Chapter" LABEL="第一节 混凝土的组成与强度" ORDERLABEL="00000057"><METS:fptr FILEID="00000057"/>
			</METS:div>
			<METS:div TYPE="Chapter" LABEL="第二节 混凝土的热物理性能" ORDERLABEL="00000059"><METS:fptr FILEID="00000059"/>
			</METS:div>
			<METS:div TYPE="Chapter" LABEL="第三节 混凝土在火灾中的高温力学性能" ORDERLABEL="00000063"><METS:fptr FILEID="00000063"/>
			</METS:div>
			<METS:div TYPE="Chapter" LABEL="第四节 影响混凝土高温力学性能的因素" ORDERLABEL="00000068"><METS:fptr FILEID="00000068"/>
			</METS:div>
			<METS:div TYPE="Chapter" LABEL="第五节 火灾后混凝土强度的检测" ORDERLABEL="00000071"><METS:fptr FILEID="00000071"/>
			</METS:div>
			<METS:div TYPE="Chapter" LABEL="第六节 火灾后混凝土的修补" ORDERLABEL="00000076"><METS:fptr FILEID="00000076"/>
			</METS:div>
			<METS:div TYPE="Chapter" LABEL="第七节 混凝土的防火保护" ORDERLABEL="00000081"><METS:fptr FILEID="00000081"/>
			</METS:div>
			<METS:div TYPE="Chapter" LABEL="第八节 耐火混凝土" ORDERLABEL="00000084"><METS:fptr FILEID="00000084"/>
			</METS:div>
		</METS:div>
		<METS:div TYPE="Chapter" LABEL="第四章 建筑玻璃" ORDERLABEL="00000086"><METS:fptr FILEID="00000086"/>
			<METS:div TYPE="Chapter" LABEL="第一节 建筑平板玻璃的组成与火灾特性" ORDERLABEL="00000086"><METS:fptr FILEID="00000086"/>
			</METS:div>
			<METS:div TYPE="Chapter" LABEL="第二节 幕墙玻璃种类及玻璃幕墙防火要求" ORDERLABEL="00000089"><METS:fptr FILEID="00000089"/>
			</METS:div>
			<METS:div TYPE="Chapter" LABEL="第三节 玻璃的防火处理" ORDERLABEL="00000094"><METS:fptr FILEID="00000094"/>
			</METS:div>
			<METS:div TYPE="Chapter" LABEL="第四节 防火玻璃" ORDERLABEL="00000097"><METS:fptr FILEID="00000097"/>
			</METS:div>
		</METS:div>
		<METS:div TYPE="Chapter" LABEL="第五章 建筑塑料" ORDERLABEL="00000101"><METS:fptr FILEID="00000101"/>
			<METS:div TYPE="Chapter" LABEL="第一节 建筑塑料的分类与性质" ORDERLABEL="00000101"><METS:fptr FILEID="00000101"/>
			</METS:div>
			<METS:div TYPE="Chapter" LABEL="第二节 塑料的火灾特性" ORDERLABEL="00000104"><METS:fptr FILEID="00000104"/>
			</METS:div>
			<METS:div TYPE="Chapter" LABEL="第三节 塑料燃烧性能等级的判定" ORDERLABEL="00000109"><METS:fptr FILEID="00000109"/>
			</METS:div>
			<METS:div TYPE="Chapter" LABEL="第四节 塑料的防火保护" ORDERLABEL="00000115"><METS:fptr FILEID="00000115"/>
			</METS:div>
			<METS:div TYPE="Chapter" LABEL="第五节 塑料燃烧产生的毒性气体" ORDERLABEL="00000118"><METS:fptr FILEID="00000118"/>
			</METS:div>
			<METS:div TYPE="Chapter" LABEL="第六节 塑料燃烧产生的毒性气体的检测" ORDERLABEL="00000124"><METS:fptr FILEID="00000124"/>
			</METS:div>
			<METS:div TYPE="Chapter" LABEL="第七节 火场毒性气体的防护" ORDERLABEL="00000131"><METS:fptr FILEID="00000131"/>
			</METS:div>
			<METS:div TYPE="Chapter" LABEL="第八节 塑燃烧时的发烟性" ORDERLABEL="00000133"><METS:fptr FILEID="00000133"/>
			</METS:div>
		</METS:div>
		<METS:div TYPE="Chapter" LABEL="第六章 木材" ORDERLABEL="00000139"><METS:fptr FILEID="00000139"/>
			<METS:div TYPE="Chapter" LABEL="第一节 木材的力学性能与缺陷" ORDERLABEL="00000139"><METS:fptr FILEID="00000139"/>
			</METS:div>
			<METS:div TYPE="Chapter" LABEL="第二节 木材的火灾特性" ORDERLABEL="00000141"><METS:fptr FILEID="00000141"/>
			</METS:div>
			<METS:div TYPE="Chapter" LABEL="第三节 木材的防火保护" ORDERLABEL="00000146"><METS:fptr FILEID="00000146"/>
			</METS:div>
			<METS:div TYPE="Chapter" LABEL="第四节 木材阻燃性能检测" ORDERLABEL="00000150"><METS:fptr FILEID="00000150"/>
			</METS:div>
		</METS:div>
		<METS:div TYPE="Chapter" LABEL="第七章 室内装修材料" ORDERLABEL="00000153"><METS:fptr FILEID="00000153"/>
			<METS:div TYPE="Chapter" LABEL="第一节 吊顶装修材料" ORDERLABEL="00000157"><METS:fptr FILEID="00000157"/>
			</METS:div>
			<METS:div TYPE="Chapter" LABEL="第二节 墙体装修材料" ORDERLABEL="00000184"><METS:fptr FILEID="00000184"/>
			</METS:div>
		</METS:div>
		<METS:div TYPE="Chapter" LABEL="第八章 防火涂料" ORDERLABEL="00000200"><METS:fptr FILEID="00000200"/>
			<METS:div TYPE="Chapter" LABEL="第一节 防火涂料的分类与组成" ORDERLABEL="00000200"><METS:fptr FILEID="00000200"/>
			</METS:div>
			<METS:div TYPE="Chapter" LABEL="第二节 饰面型防火涂料的质量要求" ORDERLABEL="00000202"><METS:fptr FILEID="00000202"/>
			</METS:div>
			<METS:div TYPE="Chapter" LABEL="第三节 饰面型防火涂料的防火性能检测" ORDERLABEL="00000204"><METS:fptr FILEID="00000204"/>
			</METS:div>
			<METS:div TYPE="Chapter" LABEL="第四节 常用防火涂料" ORDERLABEL="00000210"><METS:fptr FILEID="00000210"/>
			</METS:div>
		</METS:div>
		<METS:div TYPE="Chapter" LABEL="第九章 材料的阻燃处理" ORDERLABEL="00000214"><METS:fptr FILEID="00000214"/>
			<METS:div TYPE="Chapter" LABEL="第一节 阻燃剂的阻燃机理" ORDERLABEL="00000214"><METS:fptr FILEID="00000214"/>
			</METS:div>
			<METS:div TYPE="Chapter" LABEL="第二节 阻燃剂" ORDERLABEL="00000217"><METS:fptr FILEID="00000217"/>
			</METS:div>
			<METS:div TYPE="Chapter" LABEL="第三节 材料阻燃处理中的新技术" ORDERLABEL="00000222"><METS:fptr FILEID="00000222"/>
			</METS:div>
		</METS:div>
	</METS:structMap>
</METS:mets>
