<?xml version="1.0" encoding="utf-8"?>
<METS:mets xmlns:METS="http://www.loc.gov/METS/" xmlns:xsi="http://www.w3.org/2001/XMLSchema-instance" xmlns:gdm="http://sunsite.berkeley.edu/GDM/" xmlns:xlink="http://www.w3.org/TR/xlink" xsi:schemalocation="http://www.loc.gov/METS/http://www.loc.gov/standards/mets/mets.xsd" LABEL="Zhejiang University.jdl.China-America digital library project" TYPE="Section">
	<METS:structMap TYPE="Catalog">
		<METS:div TYPE="Chapter" LABEL="绪论" ORDERLABEL="1"><METS:fptr FILEID="00000007"/>
		</METS:div>
		<METS:div TYPE="Chapter" LABEL="第一章  砂石材料" ORDERLABEL="8"><METS:fptr FILEID="00000014"/>
			<METS:div TYPE="Chapter" LABEL="第一节  砂石材料的技术性质" ORDERLABEL="8"><METS:fptr FILEID="00000014"/>
			</METS:div>
			<METS:div TYPE="Chapter" LABEL="第二节  矿质混合料的组成设计" ORDERLABEL="18"><METS:fptr FILEID="00000024"/>
			</METS:div>
		</METS:div>
		<METS:div TYPE="Chapter" LABEL="第二章  石灰和水泥" ORDERLABEL="33"><METS:fptr FILEID="00000039"/>
			<METS:div TYPE="Chapter" LABEL="第一节  石灰" ORDERLABEL="33"><METS:fptr FILEID="00000039"/>
			</METS:div>
			<METS:div TYPE="Chapter" LABEL="第二节  硅酸盐水泥" ORDERLABEL="36"><METS:fptr FILEID="00000042"/>
			</METS:div>
			<METS:div TYPE="Chapter" LABEL="第三节  掺混合材水泥和其他品种水泥" ORDERLABEL="47"><METS:fptr FILEID="00000053"/>
			</METS:div>
		</METS:div>
		<METS:div TYPE="Chapter" LABEL="第三章  水泥混凝土和砂浆" ORDERLABEL="56"><METS:fptr FILEID="00000062"/>
			<METS:div TYPE="Chapter" LABEL="第一节  普通水泥混凝土" ORDERLABEL="56"><METS:fptr FILEID="00000062"/>
			</METS:div>
			<METS:div TYPE="Chapter" LABEL="第二节  其他功能混凝土" ORDERLABEL="96"><METS:fptr FILEID="00000102"/>
			</METS:div>
			<METS:div TYPE="Chapter" LABEL="第三节  建筑砂浆" ORDERLABEL="105"><METS:fptr FILEID="00000111"/>
			</METS:div>
		</METS:div>
		<METS:div TYPE="Chapter" LABEL="第四章  沥青与沥青混合料" ORDERLABEL="111"><METS:fptr FILEID="00000117"/>
			<METS:div TYPE="Chapter" LABEL="第一节  石油沥青" ORDERLABEL="111"><METS:fptr FILEID="00000117"/>
			</METS:div>
			<METS:div TYPE="Chapter" LABEL="第二节  其他沥青" ORDERLABEL="128"><METS:fptr FILEID="00000134"/>
			</METS:div>
			<METS:div TYPE="Chapter" LABEL="第三节  沥青混合料" ORDERLABEL="134"><METS:fptr FILEID="00000140"/>
			</METS:div>
			<METS:div TYPE="Chapter" LABEL="第四节  沥青的路用性能分级" ORDERLABEL="160"><METS:fptr FILEID="00000166"/>
			</METS:div>
		</METS:div>
		<METS:div TYPE="Chapter" LABEL="第五章  建筑钢材" ORDERLABEL="164"><METS:fptr FILEID="00000170"/>
			<METS:div TYPE="Chapter" LABEL="第一节  建筑钢材的技术性质" ORDERLABEL="164"><METS:fptr FILEID="00000170"/>
			</METS:div>
			<METS:div TYPE="Chapter" LABEL="第二节  桥梁建筑用钢材及其制品" ORDERLABEL="169"><METS:fptr FILEID="00000175"/>
			</METS:div>
		</METS:div>
		<METS:div TYPE="Chapter" LABEL="第六章  材料试验" ORDERLABEL="179"><METS:fptr FILEID="00000185"/>
			<METS:div TYPE="Chapter" LABEL="试验一  石料的强度和磨耗试验" ORDERLABEL="179"><METS:fptr FILEID="00000185"/>
			</METS:div>
			<METS:div TYPE="Chapter" LABEL="试验二  集料的密度和级配试验" ORDERLABEL="184"><METS:fptr FILEID="00000190"/>
			</METS:div>
			<METS:div TYPE="Chapter" LABEL="试验三  石灰有效氧化钙和氧化镁含量试验" ORDERLABEL="193"><METS:fptr FILEID="00000199"/>
			</METS:div>
			<METS:div TYPE="Chapter" LABEL="试验四  水泥试验" ORDERLABEL="197"><METS:fptr FILEID="00000203"/>
			</METS:div>
			<METS:div TYPE="Chapter" LABEL="试验五  水泥混凝土拌和物的拌制和工作性试验" ORDERLABEL="208"><METS:fptr FILEID="00000214"/>
			</METS:div>
			<METS:div TYPE="Chapter" LABEL="试验六  水泥混凝土的力学强度试验" ORDERLABEL="211"><METS:fptr FILEID="00000217"/>
			</METS:div>
			<METS:div TYPE="Chapter" LABEL="试验七  石油沥青的针入度、延度和软化点试验" ORDERLABEL="216"><METS:fptr FILEID="00000222"/>
			</METS:div>
			<METS:div TYPE="Chapter" LABEL="试验八  沥青标准黏度试验（道路沥青标准黏度计法）" ORDERLABEL="225"><METS:fptr FILEID="00000231"/>
			</METS:div>
			<METS:div TYPE="Chapter" LABEL="试验九  沥青混合料试验" ORDERLABEL="227"><METS:fptr FILEID="00000233"/>
			</METS:div>
		</METS:div>
	</METS:structMap>
</METS:mets>
