<?xml version="1.0" encoding="utf-8"?>
<METS:mets xmlns:METS="http://www.loc.gov/METS/" xmlns:xsi="http://www.w3.org/2001/XMLSchema-instance" xmlns:gdm="http://sunsite.berkeley.edu/GDM/" xmlns:xlink="http://www.w3.org/TR/xlink" xsi:schemalocation="http://www.loc.gov/METS/http://www.loc.gov/standards/mets/mets.xsd" LABEL="Zhejiang University.jdl.China-America digital library project" TYPE="Section">
	<METS:structMap TYPE="Catalog">
		<METS:div TYPE="Chapter" LABEL="第1章 人居环境概论" ORDERLABEL="1"><METS:fptr FILEID="00000024"/>
			<METS:div TYPE="Chapter" LABEL="1.1 人居环境与可持续发展概念的提出" ORDERLABEL="1"><METS:fptr FILEID="00000024"/>
			</METS:div>
			<METS:div TYPE="Chapter" LABEL="1.2 “人居环境”问题的现状" ORDERLABEL="3"><METS:fptr FILEID="00000026"/>
			</METS:div>
			<METS:div TYPE="Chapter" LABEL="1.3 人居环境的范围" ORDERLABEL="8"><METS:fptr FILEID="00000031"/>
			</METS:div>
			<METS:div TYPE="Chapter" LABEL="1.4 建筑材料与人居环境的关系" ORDERLABEL="11"><METS:fptr FILEID="00000034"/>
			</METS:div>
		</METS:div>
		<METS:div TYPE="Chapter" LABEL="第2章 建筑材料的进步与人类生存环境的变化" ORDERLABEL="15"><METS:fptr FILEID="00000038"/>
			<METS:div TYPE="Chapter" LABEL="2.1 古代天然材料的利用与住居环境" ORDERLABEL="15"><METS:fptr FILEID="00000038"/>
			</METS:div>
			<METS:div TYPE="Chapter" LABEL="2.2 烧土制品与住居环境的改善" ORDERLABEL="17"><METS:fptr FILEID="00000040"/>
			</METS:div>
			<METS:div TYPE="Chapter" LABEL="2.3 近代建筑材料与建设水平的提高" ORDERLABEL="18"><METS:fptr FILEID="00000041"/>
			</METS:div>
			<METS:div TYPE="Chapter" LABEL="2.4 现代建筑材料与多姿多彩的建筑" ORDERLABEL="20"><METS:fptr FILEID="00000043"/>
			</METS:div>
			<METS:div TYPE="Chapter" LABEL="2.5 未来的建筑材料与可持续发展" ORDERLABEL="23"><METS:fptr FILEID="00000046"/>
			</METS:div>
		</METS:div>
		<METS:div TYPE="Chapter" LABEL="第3章 自然条件、风土与建筑的特点" ORDERLABEL="27"><METS:fptr FILEID="00000050"/>
			<METS:div TYPE="Chapter" LABEL="3.1 建筑物的基本功能与种类" ORDERLABEL="27"><METS:fptr FILEID="00000050"/>
			</METS:div>
			<METS:div TYPE="Chapter" LABEL="3.2 自然条件与住居特点" ORDERLABEL="28"><METS:fptr FILEID="00000051"/>
			</METS:div>
			<METS:div TYPE="Chapter" LABEL="3.3 社会风情、生活习惯与房屋建筑的特点" ORDERLABEL="36"><METS:fptr FILEID="00000059"/>
			</METS:div>
			<METS:div TYPE="Chapter" LABEL="3.4 我国现代城市住宅的发展及现状" ORDERLABEL="38"><METS:fptr FILEID="00000061"/>
			</METS:div>
		</METS:div>
		<METS:div TYPE="Chapter" LABEL="第4章 材料特性与建筑物的风格" ORDERLABEL="42"><METS:fptr FILEID="00000065"/>
			<METS:div TYPE="Chapter" LABEL="4.1 天然石材" ORDERLABEL="42"><METS:fptr FILEID="00000065"/>
			</METS:div>
			<METS:div TYPE="Chapter" LABEL="4.2 粘土砖、瓦" ORDERLABEL="47"><METS:fptr FILEID="00000070"/>
			</METS:div>
			<METS:div TYPE="Chapter" LABEL="4.3 玻璃" ORDERLABEL="50"><METS:fptr FILEID="00000073"/>
			</METS:div>
			<METS:div TYPE="Chapter" LABEL="4.4 木材" ORDERLABEL="53"><METS:fptr FILEID="00000076"/>
			</METS:div>
			<METS:div TYPE="Chapter" LABEL="4.5 钢材" ORDERLABEL="57"><METS:fptr FILEID="00000080"/>
			</METS:div>
			<METS:div TYPE="Chapter" LABEL="4.6 混凝土材料" ORDERLABEL="60"><METS:fptr FILEID="00000083"/>
			</METS:div>
		</METS:div>
		<METS:div TYPE="Chapter" LABEL="第5章 21世纪的建筑特点及新型材料" ORDERLABEL="64"><METS:fptr FILEID="00000087"/>
			<METS:div TYPE="Chapter" LABEL="5.1 21世纪影响建筑形态的社会因素" ORDERLABEL="64"><METS:fptr FILEID="00000087"/>
			</METS:div>
			<METS:div TYPE="Chapter" LABEL="5.2 未来社会的建筑特点与新型材料" ORDERLABEL="70"><METS:fptr FILEID="00000093"/>
			</METS:div>
			<METS:div TYPE="Chapter" LABEL="5.3 自我生存型建筑(环境共生型建筑)" ORDERLABEL="76"><METS:fptr FILEID="00000099"/>
			</METS:div>
			<METS:div TYPE="Chapter" LABEL="5.4 绿色住宅与健康住宅的概念" ORDERLABEL="79"><METS:fptr FILEID="00000102"/>
			</METS:div>
		</METS:div>
		<METS:div TYPE="Chapter" LABEL="第6章 家居环境的评价与室内装饰材料" ORDERLABEL="82"><METS:fptr FILEID="00000105"/>
			<METS:div TYPE="Chapter" LABEL="6.1 人类活动的基本类型" ORDERLABEL="82"><METS:fptr FILEID="00000105"/>
			</METS:div>
			<METS:div TYPE="Chapter" LABEL="6.2 现代人对居住环境的要求" ORDERLABEL="82"><METS:fptr FILEID="00000105"/>
			</METS:div>
			<METS:div TYPE="Chapter" LABEL="6.3 室内环境评价要素" ORDERLABEL="85"><METS:fptr FILEID="00000108"/>
			</METS:div>
			<METS:div TYPE="Chapter" LABEL="6.4 室内装修材料与家居环境" ORDERLABEL="88"><METS:fptr FILEID="00000111"/>
			</METS:div>
			<METS:div TYPE="Chapter" LABEL="6.5 新型装饰材料、节能材料简介" ORDERLABEL="92"><METS:fptr FILEID="00000115"/>
			</METS:div>
		</METS:div>
		<METS:div TYPE="Chapter" LABEL="第7章 高层建筑与材料" ORDERLABEL="94"><METS:fptr FILEID="00000117"/>
			<METS:div TYPE="Chapter" LABEL="7.1 高层建筑的发展与未来" ORDERLABEL="94"><METS:fptr FILEID="00000117"/>
			</METS:div>
			<METS:div TYPE="Chapter" LABEL="7.2 高层建筑与城市环境" ORDERLABEL="101"><METS:fptr FILEID="00000124"/>
			</METS:div>
			<METS:div TYPE="Chapter" LABEL="7.3 高层建设与材料、施工方法" ORDERLABEL="103"><METS:fptr FILEID="00000126"/>
			</METS:div>
		</METS:div>
		<METS:div TYPE="Chapter" LABEL="第8章 智能建筑物与智能化材料" ORDERLABEL="108"><METS:fptr FILEID="00000131"/>
			<METS:div TYPE="Chapter" LABEL="8.1 智能建筑物" ORDERLABEL="108"><METS:fptr FILEID="00000131"/>
			</METS:div>
			<METS:div TYPE="Chapter" LABEL="8.2 智能化材料" ORDERLABEL="114"><METS:fptr FILEID="00000137"/>
			</METS:div>
		</METS:div>
		<METS:div TYPE="Chapter" LABEL="第9章 路面材料、道路铺筑与出行环境" ORDERLABEL="120"><METS:fptr FILEID="00000143"/>
			<METS:div TYPE="Chapter" LABEL="9.1 人类铺筑道路的历史" ORDERLABEL="120"><METS:fptr FILEID="00000143"/>
			</METS:div>
			<METS:div TYPE="Chapter" LABEL="9.2 路面材料与道路性能" ORDERLABEL="126"><METS:fptr FILEID="00000149"/>
			</METS:div>
			<METS:div TYPE="Chapter" LABEL="9.3 路面材料对城市景观及环境的影响" ORDERLABEL="133"><METS:fptr FILEID="00000156"/>
			</METS:div>
		</METS:div>
		<METS:div TYPE="Chapter" LABEL="第10章 材料的进步与桥梁的发展" ORDERLABEL="138"><METS:fptr FILEID="00000161"/>
			<METS:div TYPE="Chapter" LABEL="10.1 古代人架设桥梁的智慧" ORDERLABEL="138"><METS:fptr FILEID="00000161"/>
			</METS:div>
			<METS:div TYPE="Chapter" LABEL="10.2 材料的进步与桥梁" ORDERLABEL="139"><METS:fptr FILEID="00000162"/>
			</METS:div>
		</METS:div>
		<METS:div TYPE="Chapter" LABEL="第11章 尖端建筑技术与新型材料" ORDERLABEL="147"><METS:fptr FILEID="00000170"/>
			<METS:div TYPE="Chapter" LABEL="11.1 “超超高层建筑”的构想" ORDERLABEL="147"><METS:fptr FILEID="00000170"/>
			</METS:div>
			<METS:div TYPE="Chapter" LABEL="11.2 大深度地下空间与新材料" ORDERLABEL="155"><METS:fptr FILEID="00000178"/>
			</METS:div>
			<METS:div TYPE="Chapter" LABEL="11.3 海洋建筑物的开发与新材料" ORDERLABEL="157"><METS:fptr FILEID="00000180"/>
			</METS:div>
			<METS:div TYPE="Chapter" LABEL="11.4 宇宙空间建筑的开发与新材料" ORDERLABEL="161"><METS:fptr FILEID="00000184"/>
			</METS:div>
		</METS:div>
		<METS:div TYPE="Chapter" LABEL="第12章 地球环境、资源、能源与建筑材料" ORDERLABEL="163"><METS:fptr FILEID="00000186"/>
			<METS:div TYPE="Chapter" LABEL="12.1 地球环境的恶化与新材料" ORDERLABEL="163"><METS:fptr FILEID="00000186"/>
			</METS:div>
			<METS:div TYPE="Chapter" LABEL="12.2 资源的枯竭与新材料开发" ORDERLABEL="168"><METS:fptr FILEID="00000191"/>
			</METS:div>
			<METS:div TYPE="Chapter" LABEL="12.3 节省能源与新型建筑材料" ORDERLABEL="176"><METS:fptr FILEID="00000199"/>
			</METS:div>
		</METS:div>
		<METS:div TYPE="Chapter" LABEL="第13章 新型金属材料" ORDERLABEL="189"><METS:fptr FILEID="00000212"/>
			<METS:div TYPE="Chapter" LABEL="13.1 金属材料的结构与一般特性" ORDERLABEL="189"><METS:fptr FILEID="00000212"/>
			</METS:div>
			<METS:div TYPE="Chapter" LABEL="13.2 建筑领域的新型金属材料" ORDERLABEL="192"><METS:fptr FILEID="00000215"/>
			</METS:div>
			<METS:div TYPE="Chapter" LABEL="13.3 具有特殊功能的金属材料" ORDERLABEL="198"><METS:fptr FILEID="00000221"/>
			</METS:div>
			<METS:div TYPE="Chapter" LABEL="13.4 新型铝金属材料" ORDERLABEL="206"><METS:fptr FILEID="00000229"/>
			</METS:div>
		</METS:div>
		<METS:div TYPE="Chapter" LABEL="第14章 新型混凝土材料" ORDERLABEL="209"><METS:fptr FILEID="00000232"/>
			<METS:div TYPE="Chapter" LABEL="14.1 环保型混凝土及其开发背景" ORDERLABEL="209"><METS:fptr FILEID="00000232"/>
			</METS:div>
			<METS:div TYPE="Chapter" LABEL="14.2 高强混凝土" ORDERLABEL="213"><METS:fptr FILEID="00000236"/>
			</METS:div>
			<METS:div TYPE="Chapter" LABEL="14.3 大流动性混凝土" ORDERLABEL="218"><METS:fptr FILEID="00000241"/>
			</METS:div>
			<METS:div TYPE="Chapter" LABEL="14.4 透水性混凝土" ORDERLABEL="224"><METS:fptr FILEID="00000247"/>
			</METS:div>
			<METS:div TYPE="Chapter" LABEL="14.5 绿化混凝土" ORDERLABEL="232"><METS:fptr FILEID="00000255"/>
			</METS:div>
			<METS:div TYPE="Chapter" LABEL="14.6 吸音混凝土" ORDERLABEL="235"><METS:fptr FILEID="00000258"/>
			</METS:div>
			<METS:div TYPE="Chapter" LABEL="14.7 海洋及水域生物适应型混凝土" ORDERLABEL="236"><METS:fptr FILEID="00000259"/>
			</METS:div>
		</METS:div>
	</METS:structMap>
</METS:mets>
