<?xml version="1.0" encoding="utf-8"?>
<METS:mets xmlns:METS="http://www.loc.gov/METS/" xmlns:xsi="http://www.w3.org/2001/XMLSchema-instance" xmlns:gdm="http://sunsite.berkeley.edu/GDM/" xmlns:xlink="http://www.w3.org/TR/xlink" xsi:schemalocation="http://www.loc.gov/METS/http://www.loc.gov/standards/mets/mets.xsd" LABEL="Zhejiang University.jdl.China-America digital library project" TYPE="Section">
	<METS:structMap TYPE="Catalog">
		<METS:div TYPE="Chapter" LABEL="第一章  材料的基本性质" ORDERLABEL="5"><METS:fptr FILEID="00000013"/>
			<METS:div TYPE="Chapter" LABEL="第一节  材料的物理性质" ORDERLABEL="6"><METS:fptr FILEID="00000014"/>
			</METS:div>
			<METS:div TYPE="Chapter" LABEL="第二节  材料的力学性质" ORDERLABEL="15"><METS:fptr FILEID="00000023"/>
			</METS:div>
			<METS:div TYPE="Chapter" LABEL="第三节  材料的耐久性" ORDERLABEL="18"><METS:fptr FILEID="00000026"/>
			</METS:div>
			<METS:div TYPE="Chapter" LABEL="思考题" ORDERLABEL="19"><METS:fptr FILEID="00000027"/>
			</METS:div>
		</METS:div>
		<METS:div TYPE="Chapter" LABEL="第二章  气硬性胶凝材料" ORDERLABEL="20"><METS:fptr FILEID="00000028"/>
			<METS:div TYPE="Chapter" LABEL="第一节  石灰" ORDERLABEL="20"><METS:fptr FILEID="00000028"/>
			</METS:div>
			<METS:div TYPE="Chapter" LABEL="第二节  石膏" ORDERLABEL="25"><METS:fptr FILEID="00000033"/>
			</METS:div>
			<METS:div TYPE="Chapter" LABEL="第三节  水玻璃" ORDERLABEL="29"><METS:fptr FILEID="00000037"/>
			</METS:div>
			<METS:div TYPE="Chapter" LABEL="思考题" ORDERLABEL="31"><METS:fptr FILEID="00000039"/>
			</METS:div>
		</METS:div>
		<METS:div TYPE="Chapter" LABEL="第三章  水泥" ORDERLABEL="32"><METS:fptr FILEID="00000040"/>
			<METS:div TYPE="Chapter" LABEL="第一节  硅酸盐水泥和普通硅酸盐水泥" ORDERLABEL="33"><METS:fptr FILEID="00000041"/>
			</METS:div>
			<METS:div TYPE="Chapter" LABEL="第二节  混合材料及掺混合材料的硅酸盐水泥" ORDERLABEL="47"><METS:fptr FILEID="00000055"/>
			</METS:div>
			<METS:div TYPE="Chapter" LABEL="第三节  其他品种水泥" ORDERLABEL="55"><METS:fptr FILEID="00000063"/>
			</METS:div>
			<METS:div TYPE="Chapter" LABEL="第四节  水泥的选用、验收、储存及保管" ORDERLABEL="64"><METS:fptr FILEID="00000072"/>
			</METS:div>
			<METS:div TYPE="Chapter" LABEL="思考题" ORDERLABEL="67"><METS:fptr FILEID="00000075"/>
			</METS:div>
		</METS:div>
		<METS:div TYPE="Chapter" LABEL="第四章  混凝土" ORDERLABEL="69"><METS:fptr FILEID="00000077"/>
			<METS:div TYPE="Chapter" LABEL="第一节  概述" ORDERLABEL="69"><METS:fptr FILEID="00000077"/>
			</METS:div>
			<METS:div TYPE="Chapter" LABEL="第二节  普通混凝土的组成材料" ORDERLABEL="71"><METS:fptr FILEID="00000079"/>
			</METS:div>
			<METS:div TYPE="Chapter" LABEL="第三节  混凝土拌合物的性质" ORDERLABEL="84"><METS:fptr FILEID="00000092"/>
			</METS:div>
			<METS:div TYPE="Chapter" LABEL="第四节  混凝土的强度" ORDERLABEL="88"><METS:fptr FILEID="00000096"/>
			</METS:div>
			<METS:div TYPE="Chapter" LABEL="第五节  混凝土的变形性能" ORDERLABEL="96"><METS:fptr FILEID="00000104"/>
			</METS:div>
			<METS:div TYPE="Chapter" LABEL="第六节  混凝土的耐久性" ORDERLABEL="99"><METS:fptr FILEID="00000107"/>
			</METS:div>
			<METS:div TYPE="Chapter" LABEL="第七节  其他混凝土" ORDERLABEL="104"><METS:fptr FILEID="00000112"/>
			</METS:div>
			<METS:div TYPE="Chapter" LABEL="第八节  混凝土的质量控制与强度评定" ORDERLABEL="112"><METS:fptr FILEID="00000120"/>
			</METS:div>
			<METS:div TYPE="Chapter" LABEL="第九节  混凝土的外加剂" ORDERLABEL="118"><METS:fptr FILEID="00000126"/>
			</METS:div>
			<METS:div TYPE="Chapter" LABEL="第十节  普通混凝土的配合比设计" ORDERLABEL="126"><METS:fptr FILEID="00000134"/>
			</METS:div>
			<METS:div TYPE="Chapter" LABEL="第十一节  特殊混凝土的配合比设计" ORDERLABEL="136"><METS:fptr FILEID="00000144"/>
			</METS:div>
			<METS:div TYPE="Chapter" LABEL="思考题" ORDERLABEL="140"><METS:fptr FILEID="00000148"/>
			</METS:div>
		</METS:div>
		<METS:div TYPE="Chapter" LABEL="第五章  建筑砂浆" ORDERLABEL="142"><METS:fptr FILEID="00000150"/>
			<METS:div TYPE="Chapter" LABEL="第一节  砌筑砂浆" ORDERLABEL="142"><METS:fptr FILEID="00000150"/>
			</METS:div>
			<METS:div TYPE="Chapter" LABEL="第二节  抹面砂浆" ORDERLABEL="150"><METS:fptr FILEID="00000158"/>
			</METS:div>
			<METS:div TYPE="Chapter" LABEL="思考题" ORDERLABEL="152"><METS:fptr FILEID="00000160"/>
			</METS:div>
		</METS:div>
		<METS:div TYPE="Chapter" LABEL="第六章  墙体材料" ORDERLABEL="153"><METS:fptr FILEID="00000161"/>
			<METS:div TYPE="Chapter" LABEL="第一节  砌墙砖" ORDERLABEL="153"><METS:fptr FILEID="00000161"/>
			</METS:div>
			<METS:div TYPE="Chapter" LABEL="第二节  砌块" ORDERLABEL="164"><METS:fptr FILEID="00000172"/>
			</METS:div>
			<METS:div TYPE="Chapter" LABEL="第三节  墙体板材" ORDERLABEL="170"><METS:fptr FILEID="00000178"/>
			</METS:div>
			<METS:div TYPE="Chapter" LABEL="思考题" ORDERLABEL="175"><METS:fptr FILEID="00000183"/>
			</METS:div>
		</METS:div>
		<METS:div TYPE="Chapter" LABEL="第七章  建筑钢材" ORDERLABEL="176"><METS:fptr FILEID="00000184"/>
			<METS:div TYPE="Chapter" LABEL="第一节  钢的冶炼与分类" ORDERLABEL="176"><METS:fptr FILEID="00000184"/>
			</METS:div>
			<METS:div TYPE="Chapter" LABEL="第二节  建筑钢材的主要技术性能" ORDERLABEL="178"><METS:fptr FILEID="00000186"/>
			</METS:div>
			<METS:div TYPE="Chapter" LABEL="第三节  影响钢材性能的主要因素" ORDERLABEL="183"><METS:fptr FILEID="00000191"/>
			</METS:div>
			<METS:div TYPE="Chapter" LABEL="第四节  建筑钢材的标准及应用" ORDERLABEL="185"><METS:fptr FILEID="00000193"/>
			</METS:div>
			<METS:div TYPE="Chapter" LABEL="第五节  钢结构用钢材" ORDERLABEL="191"><METS:fptr FILEID="00000199"/>
			</METS:div>
			<METS:div TYPE="Chapter" LABEL="第六节  建筑钢材的锈蚀与防止" ORDERLABEL="197"><METS:fptr FILEID="00000205"/>
			</METS:div>
			<METS:div TYPE="Chapter" LABEL="第七节  建筑钢材的防火" ORDERLABEL="199"><METS:fptr FILEID="00000207"/>
			</METS:div>
			<METS:div TYPE="Chapter" LABEL="思考题" ORDERLABEL="203"><METS:fptr FILEID="00000211"/>
			</METS:div>
		</METS:div>
		<METS:div TYPE="Chapter" LABEL="第八章  防水材料" ORDERLABEL="204"><METS:fptr FILEID="00000212"/>
			<METS:div TYPE="Chapter" LABEL="第一节  沥青" ORDERLABEL="204"><METS:fptr FILEID="00000212"/>
			</METS:div>
			<METS:div TYPE="Chapter" LABEL="第二节  防水卷材" ORDERLABEL="210"><METS:fptr FILEID="00000218"/>
			</METS:div>
			<METS:div TYPE="Chapter" LABEL="第三节  防水涂料" ORDERLABEL="219"><METS:fptr FILEID="00000227"/>
			</METS:div>
			<METS:div TYPE="Chapter" LABEL="第四节  防水材料的选用与验收" ORDERLABEL="225"><METS:fptr FILEID="00000233"/>
			</METS:div>
			<METS:div TYPE="Chapter" LABEL="第五节  建筑防水密封材料" ORDERLABEL="226"><METS:fptr FILEID="00000234"/>
			</METS:div>
			<METS:div TYPE="Chapter" LABEL="思考题" ORDERLABEL="229"><METS:fptr FILEID="00000237"/>
			</METS:div>
		</METS:div>
		<METS:div TYPE="Chapter" LABEL="第九章  建筑塑料及胶粘剂" ORDERLABEL="230"><METS:fptr FILEID="00000238"/>
			<METS:div TYPE="Chapter" LABEL="第一节  建筑塑料" ORDERLABEL="230"><METS:fptr FILEID="00000238"/>
			</METS:div>
			<METS:div TYPE="Chapter" LABEL="第二节  胶粘剂" ORDERLABEL="235"><METS:fptr FILEID="00000243"/>
			</METS:div>
			<METS:div TYPE="Chapter" LABEL="思考题" ORDERLABEL="239"><METS:fptr FILEID="00000247"/>
			</METS:div>
		</METS:div>
		<METS:div TYPE="Chapter" LABEL="第十章  常用建筑装饰材料" ORDERLABEL="240"><METS:fptr FILEID="00000248"/>
			<METS:div TYPE="Chapter" LABEL="第一节  玻璃" ORDERLABEL="241"><METS:fptr FILEID="00000249"/>
			</METS:div>
			<METS:div TYPE="Chapter" LABEL="第二节  建筑涂料" ORDERLABEL="250"><METS:fptr FILEID="00000258"/>
			</METS:div>
			<METS:div TYPE="Chapter" LABEL="第三节  建筑饰面石材" ORDERLABEL="257"><METS:fptr FILEID="00000265"/>
			</METS:div>
			<METS:div TYPE="Chapter" LABEL="第四节  建筑陶瓷" ORDERLABEL="264"><METS:fptr FILEID="00000272"/>
			</METS:div>
			<METS:div TYPE="Chapter" LABEL="思考题" ORDERLABEL="267"><METS:fptr FILEID="00000275"/>
			</METS:div>
		</METS:div>
		<METS:div TYPE="Chapter" LABEL="第十一章  绝热材料与吸声材料" ORDERLABEL="268"><METS:fptr FILEID="00000276"/>
			<METS:div TYPE="Chapter" LABEL="第一节  绝热材料" ORDERLABEL="268"><METS:fptr FILEID="00000276"/>
			</METS:div>
			<METS:div TYPE="Chapter" LABEL="第二节  吸声材料" ORDERLABEL="272"><METS:fptr FILEID="00000280"/>
			</METS:div>
			<METS:div TYPE="Chapter" LABEL="思考题" ORDERLABEL="276"><METS:fptr FILEID="00000284"/>
			</METS:div>
		</METS:div>
		<METS:div TYPE="Chapter" LABEL="第十二章  工程质量检测技术" ORDERLABEL="277"><METS:fptr FILEID="00000285"/>
			<METS:div TYPE="Chapter" LABEL="第一节  回弹法检测混凝土强度" ORDERLABEL="278"><METS:fptr FILEID="00000286"/>
			</METS:div>
			<METS:div TYPE="Chapter" LABEL="第二节  超声法检测混凝土强度及缺陷" ORDERLABEL="287"><METS:fptr FILEID="00000295"/>
			</METS:div>
			<METS:div TYPE="Chapter" LABEL="第三节  超声回弹综合法检测混凝土强度" ORDERLABEL="296"><METS:fptr FILEID="00000304"/>
			</METS:div>
			<METS:div TYPE="Chapter" LABEL="第四节  钻芯法检测混凝土强度" ORDERLABEL="298"><METS:fptr FILEID="00000306"/>
			</METS:div>
			<METS:div TYPE="Chapter" LABEL="第五节  拔出法检测混凝土强度" ORDERLABEL="303"><METS:fptr FILEID="00000311"/>
			</METS:div>
			<METS:div TYPE="Chapter" LABEL="第六节  其他混凝土质量检测技术" ORDERLABEL="308"><METS:fptr FILEID="00000316"/>
			</METS:div>
			<METS:div TYPE="Chapter" LABEL="第七节  砌体结构检测技术" ORDERLABEL="311"><METS:fptr FILEID="00000319"/>
			</METS:div>
			<METS:div TYPE="Chapter" LABEL="思考题" ORDERLABEL="319"><METS:fptr FILEID="00000327"/>
			</METS:div>
		</METS:div>
		<METS:div TYPE="Chapter" LABEL="第十三章  常用建筑材料性能检验" ORDERLABEL="321"><METS:fptr FILEID="00000329"/>
			<METS:div TYPE="Chapter" LABEL="第一节  概述" ORDERLABEL="321"><METS:fptr FILEID="00000329"/>
			</METS:div>
			<METS:div TYPE="Chapter" LABEL="第二节  水泥性能检验" ORDERLABEL="325"><METS:fptr FILEID="00000333"/>
			</METS:div>
			<METS:div TYPE="Chapter" LABEL="第三节  混凝土用砂、石性能检验" ORDERLABEL="337"><METS:fptr FILEID="00000345"/>
			</METS:div>
			<METS:div TYPE="Chapter" LABEL="第四节  混凝土性能检验" ORDERLABEL="346"><METS:fptr FILEID="00000354"/>
			</METS:div>
			<METS:div TYPE="Chapter" LABEL="第五节  烧结普通砖性能检验" ORDERLABEL="354"><METS:fptr FILEID="00000362"/>
			</METS:div>
			<METS:div TYPE="Chapter" LABEL="第六节  建筑砂浆性能检验" ORDERLABEL="358"><METS:fptr FILEID="00000366"/>
			</METS:div>
			<METS:div TYPE="Chapter" LABEL="第七节  防水卷材性能检验" ORDERLABEL="362"><METS:fptr FILEID="00000370"/>
			</METS:div>
			<METS:div TYPE="Chapter" LABEL="第八节  钢筋力学性能检验" ORDERLABEL="367"><METS:fptr FILEID="00000375"/>
			</METS:div>
		</METS:div>
	</METS:structMap>
</METS:mets>
