<?xml version="1.0" encoding="utf-8"?>
<METS:mets xmlns:METS="http://www.loc.gov/METS/" xmlns:xsi="http://www.w3.org/2001/XMLSchema-instance" xmlns:gdm="http://sunsite.berkeley.edu/GDM/" xmlns:xlink="http://www.w3.org/TR/xlink" xsi:schemalocation="http://www.loc.gov/METS/http://www.loc.gov/standards/mets/mets.xsd" LABEL="Zhejiang University.jdl.China-America digital library project" TYPE="Section">
	<METS:structMap TYPE="Catalog">
		<METS:div TYPE="Chapter" LABEL="第1章 C++程序设计基础" ORDERLABEL="00000011"><METS:fptr FILEID="00000011"/>
		</METS:div>
		<METS:div TYPE="Chapter" LABEL="第2章 C++语句" ORDERLABEL="00000038"><METS:fptr FILEID="00000038"/>
		</METS:div>
		<METS:div TYPE="Chapter" LABEL="第3章 函数" ORDERLABEL="00000055"><METS:fptr FILEID="00000055"/>
		</METS:div>
		<METS:div TYPE="Chapter" LABEL="第4章 指针" ORDERLABEL="00000079"><METS:fptr FILEID="00000079"/>
		</METS:div>
		<METS:div TYPE="Chapter" LABEL="第5章 结构、联合、枚举和文件" ORDERLABEL="00000107"><METS:fptr FILEID="00000107"/>
		</METS:div>
		<METS:div TYPE="Chapter" LABEL="第6章 面向对象的程序设计" ORDERLABEL="00000133"><METS:fptr FILEID="00000133"/>
		</METS:div>
		<METS:div TYPE="Chapter" LABEL="第7章 数据结构" ORDERLABEL="00000174"><METS:fptr FILEID="00000174"/>
		</METS:div>
		<METS:div TYPE="Chapter" LABEL="第8章 软件工程" ORDERLABEL="00000215"><METS:fptr FILEID="00000215"/>
		</METS:div>
	</METS:structMap>
</METS:mets>
