<?xml version="1.0" encoding="utf-8"?>
<METS:mets xmlns:METS="http://www.loc.gov/METS/" xmlns:xsi="http://www.w3.org/2001/XMLSchema-instance" xmlns:gdm="http://sunsite.berkeley.edu/GDM/" xmlns:xlink="http://www.w3.org/TR/xlink" xsi:schemalocation="http://www.loc.gov/METS/http://www.loc.gov/standards/mets/mets.xsd" LABEL="Zhejiang University.jdl.China-America digital library project" TYPE="Section">
	<METS:structMap TYPE="Catalog">
		<METS:div TYPE="Chapter" LABEL="第一章  概论" ORDERLABEL="00000011"><METS:fptr FILEID="00000011"/>
			<METS:div TYPE="Chapter" LABEL="1.1  软件危机" ORDERLABEL="00000011"><METS:fptr FILEID="00000011"/>
				<METS:div TYPE="Chapter" LABEL="1.1.1  什么是软件危机" ORDERLABEL="00000011"><METS:fptr FILEID="00000011"/>
				</METS:div>
				<METS:div TYPE="Chapter" LABEL="1.1.2  产生软件危机的原因" ORDERLABEL="00000012"><METS:fptr FILEID="00000012"/>
				</METS:div>
				<METS:div TYPE="Chapter" LABEL="1.1.3  解决软件危机的途径" ORDERLABEL="00000015"><METS:fptr FILEID="00000015"/>
				</METS:div>
			</METS:div>
			<METS:div TYPE="Chapter" LABEL="1.2  软件工程" ORDERLABEL="00000015"><METS:fptr FILEID="00000015"/>
				<METS:div TYPE="Chapter" LABEL="1.2.1  问题定义" ORDERLABEL="00000017"><METS:fptr FILEID="00000017"/>
				</METS:div>
				<METS:div TYPE="Chapter" LABEL="1.2.2  可行性研究" ORDERLABEL="00000017"><METS:fptr FILEID="00000017"/>
				</METS:div>
				<METS:div TYPE="Chapter" LABEL="1.2.3  需求分析" ORDERLABEL="00000017"><METS:fptr FILEID="00000017"/>
				</METS:div>
				<METS:div TYPE="Chapter" LABEL="1.2.4  总体设计" ORDERLABEL="00000018"><METS:fptr FILEID="00000018"/>
				</METS:div>
				<METS:div TYPE="Chapter" LABEL="1.2.5  详细设计" ORDERLABEL="00000018"><METS:fptr FILEID="00000018"/>
				</METS:div>
				<METS:div TYPE="Chapter" LABEL="1.2.6  编码和单元测试" ORDERLABEL="00000019"><METS:fptr FILEID="00000019"/>
				</METS:div>
				<METS:div TYPE="Chapter" LABEL="1.2.7  综合测试" ORDERLABEL="00000019"><METS:fptr FILEID="00000019"/>
				</METS:div>
				<METS:div TYPE="Chapter" LABEL="1.2.8  软件维护" ORDERLABEL="00000019"><METS:fptr FILEID="00000019"/>
				</METS:div>
			</METS:div>
			<METS:div TYPE="Chapter" LABEL="1.3  技术审查和管理复审" ORDERLABEL="00000020"><METS:fptr FILEID="00000020"/>
				<METS:div TYPE="Chapter" LABEL="1.3.1  进行审查和复审的必要性" ORDERLABEL="00000020"><METS:fptr FILEID="00000020"/>
				</METS:div>
				<METS:div TYPE="Chapter" LABEL="1.3.2  技术审查的标准和方法" ORDERLABEL="00000022"><METS:fptr FILEID="00000022"/>
				</METS:div>
			</METS:div>
			<METS:div TYPE="Chapter" LABEL="1.4  小结" ORDERLABEL="00000022"><METS:fptr FILEID="00000022"/>
			</METS:div>
			<METS:div TYPE="Chapter" LABEL="习题一" ORDERLABEL="00000023"><METS:fptr FILEID="00000023"/>
			</METS:div>
		</METS:div>
		<METS:div TYPE="Chapter" LABEL="第二章  可行性研究" ORDERLABEL="00000026"><METS:fptr FILEID="00000026"/>
			<METS:div TYPE="Chapter" LABEL="2.1  可行性研究的任务" ORDERLABEL="00000026"><METS:fptr FILEID="00000026"/>
			</METS:div>
			<METS:div TYPE="Chapter" LABEL="2.2  可行性研究的步骤" ORDERLABEL="00000026"><METS:fptr FILEID="00000026"/>
				<METS:div TYPE="Chapter" LABEL="2.2.1  复查系统规模和目标" ORDERLABEL="00000026"><METS:fptr FILEID="00000026"/>
				</METS:div>
				<METS:div TYPE="Chapter" LABEL="2.2.2  研究目前正在使用的系统" ORDERLABEL="00000027"><METS:fptr FILEID="00000027"/>
				</METS:div>
				<METS:div TYPE="Chapter" LABEL="2.2.3  导出新系统的高层逻辑模型" ORDERLABEL="00000027"><METS:fptr FILEID="00000027"/>
				</METS:div>
				<METS:div TYPE="Chapter" LABEL="2.2.4  重新定义问题" ORDERLABEL="00000027"><METS:fptr FILEID="00000027"/>
				</METS:div>
				<METS:div TYPE="Chapter" LABEL="2.2.5  导出和评价供选择的解法" ORDERLABEL="00000028"><METS:fptr FILEID="00000028"/>
				</METS:div>
				<METS:div TYPE="Chapter" LABEL="2.2.6  推荐行动方针" ORDERLABEL="00000028"><METS:fptr FILEID="00000028"/>
				</METS:div>
				<METS:div TYPE="Chapter" LABEL="2.2.7  草拟开发计划" ORDERLABEL="00000028"><METS:fptr FILEID="00000028"/>
				</METS:div>
				<METS:div TYPE="Chapter" LABEL="2.2.8  书写文档提交审查" ORDERLABEL="00000029"><METS:fptr FILEID="00000029"/>
				</METS:div>
			</METS:div>
			<METS:div TYPE="Chapter" LABEL="2.3  系统流程图" ORDERLABEL="00000029"><METS:fptr FILEID="00000029"/>
				<METS:div TYPE="Chapter" LABEL="2.3.1  符号" ORDERLABEL="00000029"><METS:fptr FILEID="00000029"/>
				</METS:div>
				<METS:div TYPE="Chapter" LABEL="2.3.2  例子" ORDERLABEL="00000030"><METS:fptr FILEID="00000030"/>
				</METS:div>
				<METS:div TYPE="Chapter" LABEL="2.3.3  分层" ORDERLABEL="00000031"><METS:fptr FILEID="00000031"/>
				</METS:div>
			</METS:div>
			<METS:div TYPE="Chapter" LABEL="2.4  数据流图" ORDERLABEL="00000031"><METS:fptr FILEID="00000031"/>
				<METS:div TYPE="Chapter" LABEL="2.4.1  符号" ORDERLABEL="00000031"><METS:fptr FILEID="00000031"/>
				</METS:div>
				<METS:div TYPE="Chapter" LABEL="2.4.2  例子" ORDERLABEL="00000033"><METS:fptr FILEID="00000033"/>
				</METS:div>
				<METS:div TYPE="Chapter" LABEL="2.4.3  用途" ORDERLABEL="00000036"><METS:fptr FILEID="00000036"/>
				</METS:div>
			</METS:div>
			<METS:div TYPE="Chapter" LABEL="2.5  数据字典" ORDERLABEL="00000038"><METS:fptr FILEID="00000038"/>
				<METS:div TYPE="Chapter" LABEL="2.5.1  数据字典的内容" ORDERLABEL="00000038"><METS:fptr FILEID="00000038"/>
				</METS:div>
				<METS:div TYPE="Chapter" LABEL="2.5.2  定义数据的方法" ORDERLABEL="00000038"><METS:fptr FILEID="00000038"/>
				</METS:div>
				<METS:div TYPE="Chapter" LABEL="2.5.3  数据字典的用途" ORDERLABEL="00000039"><METS:fptr FILEID="00000039"/>
				</METS:div>
				<METS:div TYPE="Chapter" LABEL="2.5.4  数据字典的实现" ORDERLABEL="00000039"><METS:fptr FILEID="00000039"/>
				</METS:div>
			</METS:div>
			<METS:div TYPE="Chapter" LABEL="2.6  成本/效益分析" ORDERLABEL="00000040"><METS:fptr FILEID="00000040"/>
				<METS:div TYPE="Chapter" LABEL="2.6.1  成本估计" ORDERLABEL="00000041"><METS:fptr FILEID="00000041"/>
				</METS:div>
				<METS:div TYPE="Chapter" LABEL="2.6.2  成本/效益分析的方法" ORDERLABEL="00000042"><METS:fptr FILEID="00000042"/>
				</METS:div>
			</METS:div>
			<METS:div TYPE="Chapter" LABEL="2.7  小结" ORDERLABEL="00000043"><METS:fptr FILEID="00000043"/>
			</METS:div>
			<METS:div TYPE="Chapter" LABEL="习题二" ORDERLABEL="00000044"><METS:fptr FILEID="00000044"/>
			</METS:div>
		</METS:div>
		<METS:div TYPE="Chapter" LABEL="第三章  需求分析" ORDERLABEL="00000046"><METS:fptr FILEID="00000046"/>
			<METS:div TYPE="Chapter" LABEL="3.1  需求分析的任务" ORDERLABEL="00000046"><METS:fptr FILEID="00000046"/>
				<METS:div TYPE="Chapter" LABEL="3.1.1  确定对系统的综合要求" ORDERLABEL="00000046"><METS:fptr FILEID="00000046"/>
				</METS:div>
				<METS:div TYPE="Chapter" LABEL="3.1.2  分析系统的数据要求" ORDERLABEL="00000047"><METS:fptr FILEID="00000047"/>
				</METS:div>
				<METS:div TYPE="Chapter" LABEL="3.1.3  导出系统的逻辑模型" ORDERLABEL="00000047"><METS:fptr FILEID="00000047"/>
				</METS:div>
				<METS:div TYPE="Chapter" LABEL="3.1.4  修正系统开发计划" ORDERLABEL="00000047"><METS:fptr FILEID="00000047"/>
				</METS:div>
				<METS:div TYPE="Chapter" LABEL="3.1.5  开发原型系统" ORDERLABEL="00000047"><METS:fptr FILEID="00000047"/>
				</METS:div>
			</METS:div>
			<METS:div TYPE="Chapter" LABEL="3.2  分析过程" ORDERLABEL="00000048"><METS:fptr FILEID="00000048"/>
				<METS:div TYPE="Chapter" LABEL="3.2.1  沿数据流图回溯" ORDERLABEL="00000048"><METS:fptr FILEID="00000048"/>
				</METS:div>
				<METS:div TYPE="Chapter" LABEL="3.2.2  用户复查" ORDERLABEL="00000048"><METS:fptr FILEID="00000048"/>
				</METS:div>
				<METS:div TYPE="Chapter" LABEL="3.2.3  细化数据流图" ORDERLABEL="00000049"><METS:fptr FILEID="00000049"/>
				</METS:div>
				<METS:div TYPE="Chapter" LABEL="3.2.4  修正开发计划" ORDERLABEL="00000050"><METS:fptr FILEID="00000050"/>
				</METS:div>
				<METS:div TYPE="Chapter" LABEL="3.2.5  书写文档" ORDERLABEL="00000050"><METS:fptr FILEID="00000050"/>
				</METS:div>
				<METS:div TYPE="Chapter" LABEL="3.2.6  审查和复审" ORDERLABEL="00000051"><METS:fptr FILEID="00000051"/>
				</METS:div>
			</METS:div>
			<METS:div TYPE="Chapter" LABEL="3.3  图形工具" ORDERLABEL="00000051"><METS:fptr FILEID="00000051"/>
				<METS:div TYPE="Chapter" LABEL="3.3.1  层次方框图" ORDERLABEL="00000051"><METS:fptr FILEID="00000051"/>
				</METS:div>
				<METS:div TYPE="Chapter" LABEL="3.3.2  Warnier图" ORDERLABEL="00000052"><METS:fptr FILEID="00000052"/>
				</METS:div>
				<METS:div TYPE="Chapter" LABEL="3.3.3  IPO图" ORDERLABEL="00000052"><METS:fptr FILEID="00000052"/>
				</METS:div>
			</METS:div>
			<METS:div TYPE="Chapter" LABEL="3.4  验证软件需求" ORDERLABEL="00000054"><METS:fptr FILEID="00000054"/>
				<METS:div TYPE="Chapter" LABEL="3.4.1  从哪些方面验证软件需求的正确性" ORDERLABEL="00000054"><METS:fptr FILEID="00000054"/>
				</METS:div>
				<METS:div TYPE="Chapter" LABEL="3.4.2  用于需求分析的软件工具" ORDERLABEL="00000054"><METS:fptr FILEID="00000054"/>
				</METS:div>
				<METS:div TYPE="Chapter" LABEL="3.4.3  超高级语言" ORDERLABEL="00000055"><METS:fptr FILEID="00000055"/>
				</METS:div>
			</METS:div>
			<METS:div TYPE="Chapter" LABEL="3.5  原型法" ORDERLABEL="00000057"><METS:fptr FILEID="00000057"/>
				<METS:div TYPE="Chapter" LABEL="3.5.1  支持原型法的基本事实" ORDERLABEL="00000057"><METS:fptr FILEID="00000057"/>
				</METS:div>
				<METS:div TYPE="Chapter" LABEL="3.5.2  实现原型的一般途径" ORDERLABEL="00000058"><METS:fptr FILEID="00000058"/>
				</METS:div>
				<METS:div TYPE="Chapter" LABEL="3.5.3  基于知识的途径" ORDERLABEL="00000058"><METS:fptr FILEID="00000058"/>
				</METS:div>
			</METS:div>
			<METS:div TYPE="Chapter" LABEL="3.6  小结" ORDERLABEL="00000059"><METS:fptr FILEID="00000059"/>
			</METS:div>
			<METS:div TYPE="Chapter" LABEL="习题三" ORDERLABEL="00000061"><METS:fptr FILEID="00000061"/>
			</METS:div>
		</METS:div>
		<METS:div TYPE="Chapter" LABEL="第四章  总体设计" ORDERLABEL="00000063"><METS:fptr FILEID="00000063"/>
			<METS:div TYPE="Chapter" LABEL="4.1  总体设计的过程" ORDERLABEL="00000063"><METS:fptr FILEID="00000063"/>
				<METS:div TYPE="Chapter" LABEL="4.1.1  设想供选择的方案" ORDERLABEL="00000063"><METS:fptr FILEID="00000063"/>
				</METS:div>
				<METS:div TYPE="Chapter" LABEL="4.1.2  选取合理的方案" ORDERLABEL="00000064"><METS:fptr FILEID="00000064"/>
				</METS:div>
				<METS:div TYPE="Chapter" LABEL="4.1.3  推荐最佳方案" ORDERLABEL="00000064"><METS:fptr FILEID="00000064"/>
				</METS:div>
				<METS:div TYPE="Chapter" LABEL="4.1.4  功能分解" ORDERLABEL="00000064"><METS:fptr FILEID="00000064"/>
				</METS:div>
				<METS:div TYPE="Chapter" LABEL="4.1.5  设计软件结构" ORDERLABEL="00000064"><METS:fptr FILEID="00000064"/>
				</METS:div>
				<METS:div TYPE="Chapter" LABEL="4.1.6  数据库设计" ORDERLABEL="00000065"><METS:fptr FILEID="00000065"/>
				</METS:div>
				<METS:div TYPE="Chapter" LABEL="4.1.7  制定测试计划" ORDERLABEL="00000065"><METS:fptr FILEID="00000065"/>
				</METS:div>
				<METS:div TYPE="Chapter" LABEL="4.1.8  书写文档" ORDERLABEL="00000065"><METS:fptr FILEID="00000065"/>
				</METS:div>
				<METS:div TYPE="Chapter" LABEL="4.1.9  审查和复审" ORDERLABEL="00000066"><METS:fptr FILEID="00000066"/>
				</METS:div>
			</METS:div>
			<METS:div TYPE="Chapter" LABEL="4.2  软件设计的概念和原理" ORDERLABEL="00000066"><METS:fptr FILEID="00000066"/>
				<METS:div TYPE="Chapter" LABEL="4.2.1  模块化" ORDERLABEL="00000066"><METS:fptr FILEID="00000066"/>
				</METS:div>
				<METS:div TYPE="Chapter" LABEL="4.2.2  抽象" ORDERLABEL="00000067"><METS:fptr FILEID="00000067"/>
				</METS:div>
				<METS:div TYPE="Chapter" LABEL="4.2.3  信息隐蔽和局部化" ORDERLABEL="00000068"><METS:fptr FILEID="00000068"/>
				</METS:div>
				<METS:div TYPE="Chapter" LABEL="4.2.4  模块独立" ORDERLABEL="00000068"><METS:fptr FILEID="00000068"/>
				</METS:div>
			</METS:div>
			<METS:div TYPE="Chapter" LABEL="4.3  启发式规则" ORDERLABEL="00000070"><METS:fptr FILEID="00000070"/>
				<METS:div TYPE="Chapter" LABEL="4.3.1  改进软件结构提高模块独立性" ORDERLABEL="00000071"><METS:fptr FILEID="00000071"/>
				</METS:div>
				<METS:div TYPE="Chapter" LABEL="4.3.2  模块规模应该适中" ORDERLABEL="00000071"><METS:fptr FILEID="00000071"/>
				</METS:div>
				<METS:div TYPE="Chapter" LABEL="4.3.3  深度、宽度、扇出和扇入都应适当" ORDERLABEL="00000071"><METS:fptr FILEID="00000071"/>
				</METS:div>
				<METS:div TYPE="Chapter" LABEL="4.3.4  模块的作用域应该在控制域之内" ORDERLABEL="00000071"><METS:fptr FILEID="00000071"/>
				</METS:div>
				<METS:div TYPE="Chapter" LABEL="4.3.5  力争降低模块接口的复杂程度" ORDERLABEL="00000072"><METS:fptr FILEID="00000072"/>
				</METS:div>
				<METS:div TYPE="Chapter" LABEL="4.3.6  设计单入口单出口的模块" ORDERLABEL="00000073"><METS:fptr FILEID="00000073"/>
				</METS:div>
				<METS:div TYPE="Chapter" LABEL="4.3.7  模块功能应该可以预测" ORDERLABEL="00000073"><METS:fptr FILEID="00000073"/>
				</METS:div>
			</METS:div>
			<METS:div TYPE="Chapter" LABEL="4.4  图形工具" ORDERLABEL="00000073"><METS:fptr FILEID="00000073"/>
				<METS:div TYPE="Chapter" LABEL="4.4.1  层次图和HIPO图" ORDERLABEL="00000073"><METS:fptr FILEID="00000073"/>
				</METS:div>
				<METS:div TYPE="Chapter" LABEL="4.4.2  结构图" ORDERLABEL="00000074"><METS:fptr FILEID="00000074"/>
				</METS:div>
			</METS:div>
			<METS:div TYPE="Chapter" LABEL="4.5  面向数据流的设计方法" ORDERLABEL="00000076"><METS:fptr FILEID="00000076"/>
				<METS:div TYPE="Chapter" LABEL="4.5.1  概念" ORDERLABEL="00000076"><METS:fptr FILEID="00000076"/>
				</METS:div>
				<METS:div TYPE="Chapter" LABEL="4.5.2  变换分析" ORDERLABEL="00000078"><METS:fptr FILEID="00000078"/>
				</METS:div>
				<METS:div TYPE="Chapter" LABEL="4.5.3  事务分析" ORDERLABEL="00000085"><METS:fptr FILEID="00000085"/>
				</METS:div>
				<METS:div TYPE="Chapter" LABEL="4.5.4  设计优化" ORDERLABEL="00000086"><METS:fptr FILEID="00000086"/>
				</METS:div>
			</METS:div>
			<METS:div TYPE="Chapter" LABEL="4.6  小结" ORDERLABEL="00000086"><METS:fptr FILEID="00000086"/>
			</METS:div>
			<METS:div TYPE="Chapter" LABEL="习题四" ORDERLABEL="00000087"><METS:fptr FILEID="00000087"/>
			</METS:div>
		</METS:div>
		<METS:div TYPE="Chapter" LABEL="第五章  详细设计" ORDERLABEL="00000091"><METS:fptr FILEID="00000091"/>
			<METS:div TYPE="Chapter" LABEL="5.1  结构程序设计" ORDERLABEL="00000091"><METS:fptr FILEID="00000091"/>
			</METS:div>
			<METS:div TYPE="Chapter" LABEL="5.2  详细设计的工具" ORDERLABEL="00000094"><METS:fptr FILEID="00000094"/>
				<METS:div TYPE="Chapter" LABEL="5.2.1  程序流程图" ORDERLABEL="00000094"><METS:fptr FILEID="00000094"/>
				</METS:div>
				<METS:div TYPE="Chapter" LABEL="5.2.2  盒图(N-S图)" ORDERLABEL="00000096"><METS:fptr FILEID="00000096"/>
				</METS:div>
				<METS:div TYPE="Chapter" LABEL="5.2.3  PAD图" ORDERLABEL="00000096"><METS:fptr FILEID="00000096"/>
				</METS:div>
				<METS:div TYPE="Chapter" LABEL="5.2.4  判定表" ORDERLABEL="00000098"><METS:fptr FILEID="00000098"/>
				</METS:div>
				<METS:div TYPE="Chapter" LABEL="5.2.5  判定树" ORDERLABEL="00000099"><METS:fptr FILEID="00000099"/>
				</METS:div>
				<METS:div TYPE="Chapter" LABEL="5.2.6  过程设计语言(PDL)" ORDERLABEL="00000099"><METS:fptr FILEID="00000099"/>
				</METS:div>
				<METS:div TYPE="Chapter" LABEL="5.2.7  模块开发文件夹" ORDERLABEL="00000100"><METS:fptr FILEID="00000100"/>
				</METS:div>
			</METS:div>
			<METS:div TYPE="Chapter" LABEL="5.3  Jackson程序设计方法" ORDERLABEL="00000100"><METS:fptr FILEID="00000100"/>
				<METS:div TYPE="Chapter" LABEL="5.3.1  Jackson图" ORDERLABEL="00000101"><METS:fptr FILEID="00000101"/>
				</METS:div>
				<METS:div TYPE="Chapter" LABEL="5.3.2  改进的Jackson图" ORDERLABEL="00000102"><METS:fptr FILEID="00000102"/>
				</METS:div>
				<METS:div TYPE="Chapter" LABEL="5.3.3  Jackson方法" ORDERLABEL="00000103"><METS:fptr FILEID="00000103"/>
				</METS:div>
			</METS:div>
			<METS:div TYPE="Chapter" LABEL="5.4  Warnier程序设计方法" ORDERLABEL="00000108"><METS:fptr FILEID="00000108"/>
				<METS:div TYPE="Chapter" LABEL="5.4.1  Warnier方法" ORDERLABEL="00000108"><METS:fptr FILEID="00000108"/>
				</METS:div>
				<METS:div TYPE="Chapter" LABEL="5.4.2  Warnier方法的辅助技术" ORDERLABEL="00000113"><METS:fptr FILEID="00000113"/>
				</METS:div>
			</METS:div>
			<METS:div TYPE="Chapter" LABEL="5.5  程序复杂程度的定量度量" ORDERLABEL="00000117"><METS:fptr FILEID="00000117"/>
				<METS:div TYPE="Chapter" LABEL="5.5.1  McCabe方法" ORDERLABEL="00000118"><METS:fptr FILEID="00000118"/>
				</METS:div>
				<METS:div TYPE="Chapter" LABEL="5.5.2  Halstead方法" ORDERLABEL="00000120"><METS:fptr FILEID="00000120"/>
				</METS:div>
			</METS:div>
			<METS:div TYPE="Chapter" LABEL="5.6  小结" ORDERLABEL="00000120"><METS:fptr FILEID="00000120"/>
			</METS:div>
			<METS:div TYPE="Chapter" LABEL="习题五" ORDERLABEL="00000121"><METS:fptr FILEID="00000121"/>
			</METS:div>
		</METS:div>
		<METS:div TYPE="Chapter" LABEL="第六章  软件蓝图" ORDERLABEL="00000126"><METS:fptr FILEID="00000126"/>
			<METS:div TYPE="Chapter" LABEL="6.1  软件蓝图方法论" ORDERLABEL="00000126"><METS:fptr FILEID="00000126"/>
				<METS:div TYPE="Chapter" LABEL="6.1.1  对软件蓝图的要求" ORDERLABEL="00000126"><METS:fptr FILEID="00000126"/>
				</METS:div>
				<METS:div TYPE="Chapter" LABEL="6.1.2  三级设计" ORDERLABEL="00000127"><METS:fptr FILEID="00000127"/>
				</METS:div>
				<METS:div TYPE="Chapter" LABEL="6.1.3  蓝图语言" ORDERLABEL="00000128"><METS:fptr FILEID="00000128"/>
				</METS:div>
				<METS:div TYPE="Chapter" LABEL="6.1.4  蓝图的书写风格" ORDERLABEL="00000128"><METS:fptr FILEID="00000128"/>
				</METS:div>
			</METS:div>
			<METS:div TYPE="Chapter" LABEL="6.2  软件蓝图的构成" ORDERLABEL="00000129"><METS:fptr FILEID="00000129"/>
				<METS:div TYPE="Chapter" LABEL="6.2.1  直接描述数据" ORDERLABEL="00000129"><METS:fptr FILEID="00000129"/>
				</METS:div>
				<METS:div TYPE="Chapter" LABEL="6.2.2  高级数据运算符" ORDERLABEL="00000131"><METS:fptr FILEID="00000131"/>
				</METS:div>
				<METS:div TYPE="Chapter" LABEL="6.2.3  丰富灵活的控制操作" ORDERLABEL="00000133"><METS:fptr FILEID="00000133"/>
				</METS:div>
				<METS:div TYPE="Chapter" LABEL="6.2.4  显式描述软件结构" ORDERLABEL="00000134"><METS:fptr FILEID="00000134"/>
				</METS:div>
			</METS:div>
			<METS:div TYPE="Chapter" LABEL="6.3  词法扫描程序的规格说明" ORDERLABEL="00000136"><METS:fptr FILEID="00000136"/>
				<METS:div TYPE="Chapter" LABEL="6.3.1  输入串" ORDERLABEL="00000136"><METS:fptr FILEID="00000136"/>
				</METS:div>
				<METS:div TYPE="Chapter" LABEL="6.3.2  输出串" ORDERLABEL="00000136"><METS:fptr FILEID="00000136"/>
				</METS:div>
				<METS:div TYPE="Chapter" LABEL="6.3.3  扫描程序的语法" ORDERLABEL="00000137"><METS:fptr FILEID="00000137"/>
				</METS:div>
			</METS:div>
			<METS:div TYPE="Chapter" LABEL="6.4  词法扫描程序的A级设计" ORDERLABEL="00000139"><METS:fptr FILEID="00000139"/>
				<METS:div TYPE="Chapter" LABEL="6.4.1  选取数据元素设计数据流" ORDERLABEL="00000139"><METS:fptr FILEID="00000139"/>
				</METS:div>
				<METS:div TYPE="Chapter" LABEL="6.4.2  设计控制流" ORDERLABEL="00000139"><METS:fptr FILEID="00000139"/>
				</METS:div>
				<METS:div TYPE="Chapter" LABEL="6.4.3  划分模块" ORDERLABEL="00000140"><METS:fptr FILEID="00000140"/>
				</METS:div>
				<METS:div TYPE="Chapter" LABEL="6.4.4  定义模块" ORDERLABEL="00000141"><METS:fptr FILEID="00000141"/>
				</METS:div>
				<METS:div TYPE="Chapter" LABEL="6.4.5  书写A级蓝图" ORDERLABEL="00000141"><METS:fptr FILEID="00000141"/>
				</METS:div>
			</METS:div>
			<METS:div TYPE="Chapter" LABEL="6.5  词法扫描程序的B级设计" ORDERLABEL="00000143"><METS:fptr FILEID="00000143"/>
				<METS:div TYPE="Chapter" LABEL="6.5.1  精化数据流" ORDERLABEL="00000143"><METS:fptr FILEID="00000143"/>
				</METS:div>
				<METS:div TYPE="Chapter" LABEL="6.5.2  组织模块" ORDERLABEL="00000144"><METS:fptr FILEID="00000144"/>
				</METS:div>
				<METS:div TYPE="Chapter" LABEL="6.5.3  构造过程访问结构" ORDERLABEL="00000144"><METS:fptr FILEID="00000144"/>
				</METS:div>
				<METS:div TYPE="Chapter" LABEL="6.5.4  书写B级蓝图" ORDERLABEL="00000145"><METS:fptr FILEID="00000145"/>
				</METS:div>
			</METS:div>
			<METS:div TYPE="Chapter" LABEL="6.6  词法扫描程序的c级设计" ORDERLABEL="00000150"><METS:fptr FILEID="00000150"/>
				<METS:div TYPE="Chapter" LABEL="6.6.1  选取更多数据元素" ORDERLABEL="00000150"><METS:fptr FILEID="00000150"/>
				</METS:div>
				<METS:div TYPE="Chapter" LABEL="6.6.2  详细描述数据流" ORDERLABEL="00000150"><METS:fptr FILEID="00000150"/>
				</METS:div>
				<METS:div TYPE="Chapter" LABEL="6.6.3  构造其他访问结构" ORDERLABEL="00000151"><METS:fptr FILEID="00000151"/>
				</METS:div>
				<METS:div TYPE="Chapter" LABEL="6.6.4  书写C级蓝图" ORDERLABEL="00000151"><METS:fptr FILEID="00000151"/>
				</METS:div>
			</METS:div>
			<METS:div TYPE="Chapter" LABEL="6.7  小结" ORDERLABEL="00000158"><METS:fptr FILEID="00000158"/>
			</METS:div>
			<METS:div TYPE="Chapter" LABEL="习题六" ORDERLABEL="00000158"><METS:fptr FILEID="00000158"/>
			</METS:div>
		</METS:div>
		<METS:div TYPE="Chapter" LABEL="第七章  编码" ORDERLABEL="00000160"><METS:fptr FILEID="00000160"/>
			<METS:div TYPE="Chapter" LABEL="7.1  程序设计语言" ORDERLABEL="00000160"><METS:fptr FILEID="00000160"/>
				<METS:div TYPE="Chapter" LABEL="7.1.1  程序设计语言分类" ORDERLABEL="00000160"><METS:fptr FILEID="00000160"/>
				</METS:div>
				<METS:div TYPE="Chapter" LABEL="7.1.2  程序设计语言的特点" ORDERLABEL="00000161"><METS:fptr FILEID="00000161"/>
				</METS:div>
				<METS:div TYPE="Chapter" LABEL="7.1.3  选择一种语言" ORDERLABEL="00000164"><METS:fptr FILEID="00000164"/>
				</METS:div>
			</METS:div>
			<METS:div TYPE="Chapter" LABEL="7.2  程序设计途径" ORDERLABEL="00000165"><METS:fptr FILEID="00000165"/>
				<METS:div TYPE="Chapter" LABEL="7.2.1  写程序的风格" ORDERLABEL="00000165"><METS:fptr FILEID="00000165"/>
				</METS:div>
				<METS:div TYPE="Chapter" LABEL="7.2.2  程序设计方法论" ORDERLABEL="00000167"><METS:fptr FILEID="00000167"/>
				</METS:div>
				<METS:div TYPE="Chapter" LABEL="7.2.3  程序设计自动化" ORDERLABEL="00000168"><METS:fptr FILEID="00000168"/>
				</METS:div>
				<METS:div TYPE="Chapter" LABEL="7.2.4  程序设计工具" ORDERLABEL="00000168"><METS:fptr FILEID="00000168"/>
				</METS:div>
			</METS:div>
			<METS:div TYPE="Chapter" LABEL="7.3  小结" ORDERLABEL="00000170"><METS:fptr FILEID="00000170"/>
			</METS:div>
			<METS:div TYPE="Chapter" LABEL="习题七" ORDERLABEL="00000170"><METS:fptr FILEID="00000170"/>
			</METS:div>
		</METS:div>
		<METS:div TYPE="Chapter" LABEL="第八章  测试" ORDERLABEL="00000172"><METS:fptr FILEID="00000172"/>
			<METS:div TYPE="Chapter" LABEL="8.1  基本概念" ORDERLABEL="00000172"><METS:fptr FILEID="00000172"/>
				<METS:div TYPE="Chapter" LABEL="8.1.1  软件测试的目标" ORDERLABEL="00000173"><METS:fptr FILEID="00000173"/>
				</METS:div>
				<METS:div TYPE="Chapter" LABEL="8.1.2  黑盒测试和白盒测试" ORDERLABEL="00000173"><METS:fptr FILEID="00000173"/>
				</METS:div>
				<METS:div TYPE="Chapter" LABEL="8.1.3  软件测试的步骤" ORDERLABEL="00000174"><METS:fptr FILEID="00000174"/>
				</METS:div>
				<METS:div TYPE="Chapter" LABEL="8.1.4  测试阶段的信息流" ORDERLABEL="00000175"><METS:fptr FILEID="00000175"/>
				</METS:div>
			</METS:div>
			<METS:div TYPE="Chapter" LABEL="8.2  单元测试" ORDERLABEL="00000176"><METS:fptr FILEID="00000176"/>
				<METS:div TYPE="Chapter" LABEL="8.2.1  单元测试考虑" ORDERLABEL="00000176"><METS:fptr FILEID="00000176"/>
				</METS:div>
				<METS:div TYPE="Chapter" LABEL="8.2.2  单元测试过程" ORDERLABEL="00000178"><METS:fptr FILEID="00000178"/>
				</METS:div>
			</METS:div>
			<METS:div TYPE="Chapter" LABEL="8.3  集成测试" ORDERLABEL="00000180"><METS:fptr FILEID="00000180"/>
				<METS:div TYPE="Chapter" LABEL="8.3.1  自顶向下结合" ORDERLABEL="00000181"><METS:fptr FILEID="00000181"/>
				</METS:div>
				<METS:div TYPE="Chapter" LABEL="8.3.2  自底向上结合" ORDERLABEL="00000183"><METS:fptr FILEID="00000183"/>
				</METS:div>
				<METS:div TYPE="Chapter" LABEL="8.3.3  不同集成测试策略的比较" ORDERLABEL="00000184"><METS:fptr FILEID="00000184"/>
				</METS:div>
			</METS:div>
			<METS:div TYPE="Chapter" LABEL="8.4  验收测试" ORDERLABEL="00000184"><METS:fptr FILEID="00000184"/>
				<METS:div TYPE="Chapter" LABEL="8.4.1  验收测试的范围" ORDERLABEL="00000184"><METS:fptr FILEID="00000184"/>
				</METS:div>
				<METS:div TYPE="Chapter" LABEL="8.4.2  软件配置复查" ORDERLABEL="00000185"><METS:fptr FILEID="00000185"/>
				</METS:div>
			</METS:div>
			<METS:div TYPE="Chapter" LABEL="8.5  设计测试方案" ORDERLABEL="00000185"><METS:fptr FILEID="00000185"/>
				<METS:div TYPE="Chapter" LABEL="8.5.1  逻辑覆盖" ORDERLABEL="00000186"><METS:fptr FILEID="00000186"/>
				</METS:div>
				<METS:div TYPE="Chapter" LABEL="8.5.2  等价划分" ORDERLABEL="00000189"><METS:fptr FILEID="00000189"/>
				</METS:div>
				<METS:div TYPE="Chapter" LABEL="8.5.3  边界值分析" ORDERLABEL="00000192"><METS:fptr FILEID="00000192"/>
				</METS:div>
				<METS:div TYPE="Chapter" LABEL="8.5.4  错误推测" ORDERLABEL="00000193"><METS:fptr FILEID="00000193"/>
				</METS:div>
				<METS:div TYPE="Chapter" LABEL="8.5.5  实用测试策略" ORDERLABEL="00000194"><METS:fptr FILEID="00000194"/>
				</METS:div>
			</METS:div>
			<METS:div TYPE="Chapter" LABEL="8.6  调试" ORDERLABEL="00000197"><METS:fptr FILEID="00000197"/>
				<METS:div TYPE="Chapter" LABEL="8.6.1  调试技术" ORDERLABEL="00000198"><METS:fptr FILEID="00000198"/>
				</METS:div>
				<METS:div TYPE="Chapter" LABEL="8.6.2  调试策略" ORDERLABEL="00000199"><METS:fptr FILEID="00000199"/>
				</METS:div>
			</METS:div>
			<METS:div TYPE="Chapter" LABEL="8.7  软件可靠性" ORDERLABEL="00000200"><METS:fptr FILEID="00000200"/>
				<METS:div TYPE="Chapter" LABEL="8.7.1  基本概念" ORDERLABEL="00000200"><METS:fptr FILEID="00000200"/>
				</METS:div>
				<METS:div TYPE="Chapter" LABEL="8.7.2  估算平均无故障时间的方法" ORDERLABEL="00000201"><METS:fptr FILEID="00000201"/>
				</METS:div>
				<METS:div TYPE="Chapter" LABEL="8.7.3  程序正确性证明" ORDERLABEL="00000203"><METS:fptr FILEID="00000203"/>
				</METS:div>
			</METS:div>
			<METS:div TYPE="Chapter" LABEL="8.8  日立预测法" ORDERLABEL="00000204"><METS:fptr FILEID="00000204"/>
				<METS:div TYPE="Chapter" LABEL="8.8.1  测试完成率模型" ORDERLABEL="00000204"><METS:fptr FILEID="00000204"/>
				</METS:div>
				<METS:div TYPE="Chapter" LABEL="8.8.2  错误发现率模型" ORDERLABEL="00000205"><METS:fptr FILEID="00000205"/>
				</METS:div>
				<METS:div TYPE="Chapter" LABEL="8.8.3  使用日立预测法的步骤" ORDERLABEL="00000205"><METS:fptr FILEID="00000205"/>
				</METS:div>
			</METS:div>
			<METS:div TYPE="Chapter" LABEL="8.9  自动测试工具" ORDERLABEL="00000206"><METS:fptr FILEID="00000206"/>
				<METS:div TYPE="Chapter" LABEL="8.9.1  测试数据生成程序" ORDERLABEL="00000206"><METS:fptr FILEID="00000206"/>
				</METS:div>
				<METS:div TYPE="Chapter" LABEL="8.9.2  动态分析程序" ORDERLABEL="00000206"><METS:fptr FILEID="00000206"/>
				</METS:div>
				<METS:div TYPE="Chapter" LABEL="8.9.3  静态分析程序" ORDERLABEL="00000207"><METS:fptr FILEID="00000207"/>
				</METS:div>
				<METS:div TYPE="Chapter" LABEL="8.9.4  文件比较程序" ORDERLABEL="00000207"><METS:fptr FILEID="00000207"/>
				</METS:div>
			</METS:div>
			<METS:div TYPE="Chapter" LABEL="8.10  小结" ORDERLABEL="00000207"><METS:fptr FILEID="00000207"/>
			</METS:div>
			<METS:div TYPE="Chapter" LABEL="习题八" ORDERLABEL="00000208"><METS:fptr FILEID="00000208"/>
			</METS:div>
		</METS:div>
		<METS:div TYPE="Chapter" LABEL="第九章  维护" ORDERLABEL="00000212"><METS:fptr FILEID="00000212"/>
			<METS:div TYPE="Chapter" LABEL="9.1  软件维护的定义" ORDERLABEL="00000212"><METS:fptr FILEID="00000212"/>
			</METS:div>
			<METS:div TYPE="Chapter" LABEL="9.2  维护的特点" ORDERLABEL="00000213"><METS:fptr FILEID="00000213"/>
				<METS:div TYPE="Chapter" LABEL="9.2.1  结构化维护与非结构化维护的对比" ORDERLABEL="00000213"><METS:fptr FILEID="00000213"/>
				</METS:div>
				<METS:div TYPE="Chapter" LABEL="9.2.2  维护的代价" ORDERLABEL="00000214"><METS:fptr FILEID="00000214"/>
				</METS:div>
				<METS:div TYPE="Chapter" LABEL="9.2.3  维护的问题" ORDERLABEL="00000214"><METS:fptr FILEID="00000214"/>
				</METS:div>
			</METS:div>
			<METS:div TYPE="Chapter" LABEL="9.3  维护过程" ORDERLABEL="00000215"><METS:fptr FILEID="00000215"/>
				<METS:div TYPE="Chapter" LABEL="9.3.1  维护组织" ORDERLABEL="00000215"><METS:fptr FILEID="00000215"/>
				</METS:div>
				<METS:div TYPE="Chapter" LABEL="9.3.2  维护报告" ORDERLABEL="00000215"><METS:fptr FILEID="00000215"/>
				</METS:div>
				<METS:div TYPE="Chapter" LABEL="9.3.3  维护的事件流" ORDERLABEL="00000216"><METS:fptr FILEID="00000216"/>
				</METS:div>
				<METS:div TYPE="Chapter" LABEL="9.3.4  保存维护记录" ORDERLABEL="00000217"><METS:fptr FILEID="00000217"/>
				</METS:div>
				<METS:div TYPE="Chapter" LABEL="9.3.5  评价维护活动" ORDERLABEL="00000218"><METS:fptr FILEID="00000218"/>
				</METS:div>
			</METS:div>
			<METS:div TYPE="Chapter" LABEL="9.4  可维护性" ORDERLABEL="00000218"><METS:fptr FILEID="00000218"/>
				<METS:div TYPE="Chapter" LABEL="9.4.1  决定软件可维护性的因素" ORDERLABEL="00000218"><METS:fptr FILEID="00000218"/>
				</METS:div>
				<METS:div TYPE="Chapter" LABEL="9.4.2  文档" ORDERLABEL="00000219"><METS:fptr FILEID="00000219"/>
				</METS:div>
				<METS:div TYPE="Chapter" LABEL="9.4.3  可维护性复审" ORDERLABEL="00000220"><METS:fptr FILEID="00000220"/>
				</METS:div>
			</METS:div>
			<METS:div TYPE="Chapter" LABEL="9.5  软件再用" ORDERLABEL="00000221"><METS:fptr FILEID="00000221"/>
				<METS:div TYPE="Chapter" LABEL="9.5.1  概念" ORDERLABEL="00000221"><METS:fptr FILEID="00000221"/>
				</METS:div>
				<METS:div TYPE="Chapter" LABEL="9.5.2  面向对象的程序设计语言" ORDERLABEL="00000222"><METS:fptr FILEID="00000222"/>
				</METS:div>
			</METS:div>
			<METS:div TYPE="Chapter" LABEL="9.6  软件再用实例介绍" ORDERLABEL="00000224"><METS:fptr FILEID="00000224"/>
				<METS:div TYPE="Chapter" LABEL="9.6.1  应用软件生成系统" ORDERLABEL="00000225"><METS:fptr FILEID="00000225"/>
				</METS:div>
				<METS:div TYPE="Chapter" LABEL="9.6.2  Demeter系统" ORDERLABEL="00000227"><METS:fptr FILEID="00000227"/>
				</METS:div>
			</METS:div>
			<METS:div TYPE="Chapter" LABEL="9.7  小结" ORDERLABEL="00000230"><METS:fptr FILEID="00000230"/>
			</METS:div>
			<METS:div TYPE="Chapter" LABEL="习题九" ORDERLABEL="00000231"><METS:fptr FILEID="00000231"/>
			</METS:div>
		</METS:div>
		<METS:div TYPE="Chapter" LABEL="第十章  管理技术" ORDERLABEL="00000232"><METS:fptr FILEID="00000232"/>
			<METS:div TYPE="Chapter" LABEL="10.1  成本估计" ORDERLABEL="00000232"><METS:fptr FILEID="00000232"/>
				<METS:div TYPE="Chapter" LABEL="10.1.1  参数方程" ORDERLABEL="00000232"><METS:fptr FILEID="00000232"/>
				</METS:div>
				<METS:div TYPE="Chapter" LABEL="10.1.2  标准值法" ORDERLABEL="00000233"><METS:fptr FILEID="00000233"/>
				</METS:div>
				<METS:div TYPE="Chapter" LABEL="10.1.3  COCOMO模型" ORDERLABEL="00000234"><METS:fptr FILEID="00000234"/>
				</METS:div>
			</METS:div>
			<METS:div TYPE="Chapter" LABEL="10.2  进度计划" ORDERLABEL="00000237"><METS:fptr FILEID="00000237"/>
				<METS:div TYPE="Chapter" LABEL="10.2.1  Gantt图(横道图)" ORDERLABEL="00000238"><METS:fptr FILEID="00000238"/>
				</METS:div>
				<METS:div TYPE="Chapter" LABEL="10.2.2  工程网络" ORDERLABEL="00000238"><METS:fptr FILEID="00000238"/>
				</METS:div>
				<METS:div TYPE="Chapter" LABEL="10.2.3  估算进度" ORDERLABEL="00000240"><METS:fptr FILEID="00000240"/>
				</METS:div>
				<METS:div TYPE="Chapter" LABEL="10.2.4  关键路径" ORDERLABEL="00000241"><METS:fptr FILEID="00000241"/>
				</METS:div>
				<METS:div TYPE="Chapter" LABEL="10.2.5  机动时间" ORDERLABEL="00000242"><METS:fptr FILEID="00000242"/>
				</METS:div>
			</METS:div>
			<METS:div TYPE="Chapter" LABEL="10.3  人员组织" ORDERLABEL="00000243"><METS:fptr FILEID="00000243"/>
				<METS:div TYPE="Chapter" LABEL="10.3.1  程序设计小组的组织" ORDERLABEL="00000244"><METS:fptr FILEID="00000244"/>
				</METS:div>
				<METS:div TYPE="Chapter" LABEL="10.3.2  主程序员组" ORDERLABEL="00000244"><METS:fptr FILEID="00000244"/>
				</METS:div>
			</METS:div>
			<METS:div TYPE="Chapter" LABEL="10.4  质量保证" ORDERLABEL="00000245"><METS:fptr FILEID="00000245"/>
				<METS:div TYPE="Chapter" LABEL="10.4.1  软件质量" ORDERLABEL="00000246"><METS:fptr FILEID="00000246"/>
				</METS:div>
				<METS:div TYPE="Chapter" LABEL="10.4.2  质量保证" ORDERLABEL="00000246"><METS:fptr FILEID="00000246"/>
				</METS:div>
			</METS:div>
			<METS:div TYPE="Chapter" LABEL="10.5  项目计划" ORDERLABEL="00000248"><METS:fptr FILEID="00000248"/>
				<METS:div TYPE="Chapter" LABEL="10.5.1  项目计划的内容" ORDERLABEL="00000248"><METS:fptr FILEID="00000248"/>
				</METS:div>
				<METS:div TYPE="Chapter" LABEL="10.5.2  项目报告" ORDERLABEL="00000249"><METS:fptr FILEID="00000249"/>
				</METS:div>
				<METS:div TYPE="Chapter" LABEL="10.5.3  变动控制" ORDERLABEL="00000249"><METS:fptr FILEID="00000249"/>
				</METS:div>
			</METS:div>
			<METS:div TYPE="Chapter" LABEL="10.6  软件管理工具" ORDERLABEL="00000250"><METS:fptr FILEID="00000250"/>
			</METS:div>
			<METS:div TYPE="Chapter" LABEL="10.7  小结" ORDERLABEL="00000250"><METS:fptr FILEID="00000250"/>
			</METS:div>
			<METS:div TYPE="Chapter" LABEL="习题十" ORDERLABEL="00000251"><METS:fptr FILEID="00000251"/>
			</METS:div>
		</METS:div>
	</METS:structMap>
</METS:mets>
