<?xml version="1.0" encoding="utf-8"?>
<METS:mets xmlns:METS="http://www.loc.gov/METS/" xmlns:xsi="http://www.w3.org/2001/XMLSchema-instance" xmlns:gdm="http://sunsite.berkeley.edu/GDM/" xmlns:xlink="http://www.w3.org/TR/xlink" xsi:schemalocation="http://www.loc.gov/METS/http://www.loc.gov/standards/mets/mets.xsd" LABEL="Zhejiang University.jdl.China-America digital library project" TYPE="Section">
	<METS:structMap TYPE="Catalog">
		<METS:div TYPE="Chapter" LABEL="第一章 软件危机与软件工程" ORDERLABEL="00000009"><METS:fptr FILEID="00000009"/>
			<METS:div TYPE="Chapter" LABEL="1.1 软件危机" ORDERLABEL="00000009"><METS:fptr FILEID="00000009"/>
			</METS:div>
			<METS:div TYPE="Chapter" LABEL="1.2 软件工程学的范畴" ORDERLABEL="00000010"><METS:fptr FILEID="00000010"/>
			</METS:div>
			<METS:div TYPE="Chapter" LABEL="1.3 软件工程的应用" ORDERLABEL="00000012"><METS:fptr FILEID="00000012"/>
			</METS:div>
			<METS:div TYPE="Chapter" LABEL="习题" ORDERLABEL="00000014"><METS:fptr FILEID="00000014"/>
			</METS:div>
		</METS:div>
		<METS:div TYPE="Chapter" LABEL="第二章 软件生存周期" ORDERLABEL="00000015"><METS:fptr FILEID="00000015"/>
			<METS:div TYPE="Chapter" LABEL="2.1 生存周期的瀑布模型" ORDERLABEL="00000015"><METS:fptr FILEID="00000015"/>
			</METS:div>
			<METS:div TYPE="Chapter" LABEL="2.2 瀑布型软件开发的特点" ORDERLABEL="00000018"><METS:fptr FILEID="00000018"/>
			</METS:div>
			<METS:div TYPE="Chapter" LABEL="2.3 快速的原型化开发" ORDERLABEL="00000019"><METS:fptr FILEID="00000019"/>
			</METS:div>
			<METS:div TYPE="Chapter" LABEL="习题" ORDERLABEL="00000020"><METS:fptr FILEID="00000020"/>
			</METS:div>
		</METS:div>
		<METS:div TYPE="Chapter" LABEL="第三章 软件需求分析" ORDERLABEL="00000021"><METS:fptr FILEID="00000021"/>
			<METS:div TYPE="Chapter" LABEL="3.1 需求分析的任务" ORDERLABEL="00000021"><METS:fptr FILEID="00000021"/>
			</METS:div>
			<METS:div TYPE="Chapter" LABEL="3.2 需求分析的步骤" ORDERLABEL="00000021"><METS:fptr FILEID="00000021"/>
			</METS:div>
			<METS:div TYPE="Chapter" LABEL="3.3 需求规格说明书" ORDERLABEL="00000023"><METS:fptr FILEID="00000023"/>
			</METS:div>
			<METS:div TYPE="Chapter" LABEL="3.4 结构化分析方法" ORDERLABEL="00000035"><METS:fptr FILEID="00000035"/>
			</METS:div>
			<METS:div TYPE="Chapter" LABEL="3.5 需求分析的工具" ORDERLABEL="00000040"><METS:fptr FILEID="00000040"/>
			</METS:div>
			<METS:div TYPE="Chapter" LABEL="小结" ORDERLABEL="00000044"><METS:fptr FILEID="00000044"/>
			</METS:div>
			<METS:div TYPE="Chapter" LABEL="习题" ORDERLABEL="00000045"><METS:fptr FILEID="00000045"/>
			</METS:div>
		</METS:div>
		<METS:div TYPE="Chapter" LABEL="第四章 软件设计概述" ORDERLABEL="00000046"><METS:fptr FILEID="00000046"/>
			<METS:div TYPE="Chapter" LABEL="4.1 软件设计的任务和步骤" ORDERLABEL="00000046"><METS:fptr FILEID="00000046"/>
			</METS:div>
			<METS:div TYPE="Chapter" LABEL="4.2 模块化设计" ORDERLABEL="00000047"><METS:fptr FILEID="00000047"/>
			</METS:div>
			<METS:div TYPE="Chapter" LABEL="4.3 自顶向下逐步细化" ORDERLABEL="00000051"><METS:fptr FILEID="00000051"/>
			</METS:div>
			<METS:div TYPE="Chapter" LABEL="4.4 设计文档及其复审" ORDERLABEL="00000052"><METS:fptr FILEID="00000052"/>
			</METS:div>
			<METS:div TYPE="Chapter" LABEL="小结" ORDERLABEL="00000058"><METS:fptr FILEID="00000058"/>
			</METS:div>
			<METS:div TYPE="Chapter" LABEL="习题" ORDERLABEL="00000059"><METS:fptr FILEID="00000059"/>
			</METS:div>
		</METS:div>
		<METS:div TYPE="Chapter" LABEL="第五章 结构化系统设计" ORDERLABEL="00000060"><METS:fptr FILEID="00000060"/>
			<METS:div TYPE="Chapter" LABEL="5.1 概述" ORDERLABEL="00000060"><METS:fptr FILEID="00000060"/>
			</METS:div>
			<METS:div TYPE="Chapter" LABEL="5.2 软件结构的典型形式" ORDERLABEL="00000060"><METS:fptr FILEID="00000060"/>
			</METS:div>
			<METS:div TYPE="Chapter" LABEL="5.3 建立初始结构图" ORDERLABEL="00000062"><METS:fptr FILEID="00000062"/>
			</METS:div>
			<METS:div TYPE="Chapter" LABEL="5.4 结构图的改进" ORDERLABEL="00000069"><METS:fptr FILEID="00000069"/>
			</METS:div>
			<METS:div TYPE="Chapter" LABEL="5.5 SD方法应用举例" ORDERLABEL="00000074"><METS:fptr FILEID="00000074"/>
			</METS:div>
			<METS:div TYPE="Chapter" LABEL="小结" ORDERLABEL="00000084"><METS:fptr FILEID="00000084"/>
			</METS:div>
			<METS:div TYPE="Chapter" LABEL="习题" ORDERLABEL="00000084"><METS:fptr FILEID="00000084"/>
			</METS:div>
		</METS:div>
		<METS:div TYPE="Chapter" LABEL="第六章 详细设计" ORDERLABEL="00000086"><METS:fptr FILEID="00000086"/>
			<METS:div TYPE="Chapter" LABEL="6.1 目的与任务" ORDERLABEL="00000086"><METS:fptr FILEID="00000086"/>
			</METS:div>
			<METS:div TYPE="Chapter" LABEL="6.2 模块的逻辑设计" ORDERLABEL="00000087"><METS:fptr FILEID="00000087"/>
			</METS:div>
			<METS:div TYPE="Chapter" LABEL="6.3 常用的表达工具" ORDERLABEL="00000090"><METS:fptr FILEID="00000090"/>
			</METS:div>
			<METS:div TYPE="Chapter" LABEL="6.4 结构复杂性的度量" ORDERLABEL="00000093"><METS:fptr FILEID="00000093"/>
			</METS:div>
			<METS:div TYPE="Chapter" LABEL="小结" ORDERLABEL="00000098"><METS:fptr FILEID="00000098"/>
			</METS:div>
			<METS:div TYPE="Chapter" LABEL="习题" ORDERLABEL="00000098"><METS:fptr FILEID="00000098"/>
			</METS:div>
		</METS:div>
		<METS:div TYPE="Chapter" LABEL="第七章 其它设计方法" ORDERLABEL="00000101"><METS:fptr FILEID="00000101"/>
			<METS:div TYPE="Chapter" LABEL="7.1 面向数据结构的设计" ORDERLABEL="00000101"><METS:fptr FILEID="00000101"/>
			</METS:div>
			<METS:div TYPE="Chapter" LABEL="7.2 Jackson图" ORDERLABEL="00000102"><METS:fptr FILEID="00000102"/>
			</METS:div>
			<METS:div TYPE="Chapter" LABEL="7.3 Jackson设计方法" ORDERLABEL="00000105"><METS:fptr FILEID="00000105"/>
			</METS:div>
			<METS:div TYPE="Chapter" LABEL="7.4 Warnier图" ORDERLABEL="00000115"><METS:fptr FILEID="00000115"/>
			</METS:div>
			<METS:div TYPE="Chapter" LABEL="7.5 小结" ORDERLABEL="00000118"><METS:fptr FILEID="00000118"/>
			</METS:div>
			<METS:div TYPE="Chapter" LABEL="小结" ORDERLABEL="00000123"><METS:fptr FILEID="00000123"/>
			</METS:div>
			<METS:div TYPE="Chapter" LABEL="习题" ORDERLABEL="00000123"><METS:fptr FILEID="00000123"/>
			</METS:div>
		</METS:div>
		<METS:div TYPE="Chapter" LABEL="第八章 编码和语言选择" ORDERLABEL="00000125"><METS:fptr FILEID="00000125"/>
			<METS:div TYPE="Chapter" LABEL="8.1 编码的目的" ORDERLABEL="00000125"><METS:fptr FILEID="00000125"/>
			</METS:div>
			<METS:div TYPE="Chapter" LABEL="8.2 编码的风格" ORDERLABEL="00000126"><METS:fptr FILEID="00000126"/>
			</METS:div>
			<METS:div TYPE="Chapter" LABEL="8.3 编码语言的发展" ORDERLABEL="00000134"><METS:fptr FILEID="00000134"/>
			</METS:div>
			<METS:div TYPE="Chapter" LABEL="8.4 编码语言的选择" ORDERLABEL="00000138"><METS:fptr FILEID="00000138"/>
			</METS:div>
			<METS:div TYPE="Chapter" LABEL="小结" ORDERLABEL="00000139"><METS:fptr FILEID="00000139"/>
			</METS:div>
			<METS:div TYPE="Chapter" LABEL="习题" ORDERLABEL="00000139"><METS:fptr FILEID="00000139"/>
			</METS:div>
		</METS:div>
		<METS:div TYPE="Chapter" LABEL="第九章 软件测试" ORDERLABEL="00000141"><METS:fptr FILEID="00000141"/>
			<METS:div TYPE="Chapter" LABEL="9.1 基本概念" ORDERLABEL="00000141"><METS:fptr FILEID="00000141"/>
			</METS:div>
			<METS:div TYPE="Chapter" LABEL="9.2 代码的复审" ORDERLABEL="00000144"><METS:fptr FILEID="00000144"/>
			</METS:div>
			<METS:div TYPE="Chapter" LABEL="9.3 测试用例的设计" ORDERLABEL="00000145"><METS:fptr FILEID="00000145"/>
			</METS:div>
			<METS:div TYPE="Chapter" LABEL="9.4 单元测试" ORDERLABEL="00000159"><METS:fptr FILEID="00000159"/>
			</METS:div>
			<METS:div TYPE="Chapter" LABEL="9.5 综合测试" ORDERLABEL="00000163"><METS:fptr FILEID="00000163"/>
			</METS:div>
			<METS:div TYPE="Chapter" LABEL="9.6 高级测试" ORDERLABEL="00000166"><METS:fptr FILEID="00000166"/>
			</METS:div>
			<METS:div TYPE="Chapter" LABEL="9.7 纠错" ORDERLABEL="00000168"><METS:fptr FILEID="00000168"/>
			</METS:div>
			<METS:div TYPE="Chapter" LABEL="小结" ORDERLABEL="00000171"><METS:fptr FILEID="00000171"/>
			</METS:div>
			<METS:div TYPE="Chapter" LABEL="习题" ORDERLABEL="00000171"><METS:fptr FILEID="00000171"/>
			</METS:div>
		</METS:div>
		<METS:div TYPE="Chapter" LABEL="第十章 软件维护" ORDERLABEL="00000173"><METS:fptr FILEID="00000173"/>
			<METS:div TYPE="Chapter" LABEL="10.1 维护的种类" ORDERLABEL="00000173"><METS:fptr FILEID="00000173"/>
			</METS:div>
			<METS:div TYPE="Chapter" LABEL="10.2 可维护性" ORDERLABEL="00000174"><METS:fptr FILEID="00000174"/>
			</METS:div>
			<METS:div TYPE="Chapter" LABEL="10.3 维护工作的步骤" ORDERLABEL="00000177"><METS:fptr FILEID="00000177"/>
			</METS:div>
			<METS:div TYPE="Chapter" LABEL="10.4 维护工作的管理" ORDERLABEL="00000178"><METS:fptr FILEID="00000178"/>
			</METS:div>
			<METS:div TYPE="Chapter" LABEL="小结" ORDERLABEL="00000180"><METS:fptr FILEID="00000180"/>
			</METS:div>
			<METS:div TYPE="Chapter" LABEL="习题" ORDERLABEL="00000181"><METS:fptr FILEID="00000181"/>
			</METS:div>
		</METS:div>
		<METS:div TYPE="Chapter" LABEL="第十一章 软件项目计划" ORDERLABEL="00000182"><METS:fptr FILEID="00000182"/>
			<METS:div TYPE="Chapter" LABEL="11.1 问题定义" ORDERLABEL="00000182"><METS:fptr FILEID="00000182"/>
			</METS:div>
			<METS:div TYPE="Chapter" LABEL="11.2 可行性研究" ORDERLABEL="00000183"><METS:fptr FILEID="00000183"/>
			</METS:div>
			<METS:div TYPE="Chapter" LABEL="11.3 项目实施计划" ORDERLABEL="00000188"><METS:fptr FILEID="00000188"/>
			</METS:div>
			<METS:div TYPE="Chapter" LABEL="小结" ORDERLABEL="00000188"><METS:fptr FILEID="00000188"/>
			</METS:div>
			<METS:div TYPE="Chapter" LABEL="习题" ORDERLABEL="00000189"><METS:fptr FILEID="00000189"/>
			</METS:div>
		</METS:div>
		<METS:div TYPE="Chapter" LABEL="第十二章 软件工程管理" ORDERLABEL="00000190"><METS:fptr FILEID="00000190"/>
			<METS:div TYPE="Chapter" LABEL="12.1 管理的目的与内容" ORDERLABEL="00000190"><METS:fptr FILEID="00000190"/>
			</METS:div>
			<METS:div TYPE="Chapter" LABEL="12.2 软件估算模型" ORDERLABEL="00000191"><METS:fptr FILEID="00000191"/>
			</METS:div>
			<METS:div TYPE="Chapter" LABEL="12.3 成本估计" ORDERLABEL="00000195"><METS:fptr FILEID="00000195"/>
			</METS:div>
			<METS:div TYPE="Chapter" LABEL="12.4 人员的分配与组织" ORDERLABEL="00000200"><METS:fptr FILEID="00000200"/>
			</METS:div>
			<METS:div TYPE="Chapter" LABEL="12.5 进度安排" ORDERLABEL="00000202"><METS:fptr FILEID="00000202"/>
			</METS:div>
			<METS:div TYPE="Chapter" LABEL="小结" ORDERLABEL="00000206"><METS:fptr FILEID="00000206"/>
			</METS:div>
			<METS:div TYPE="Chapter" LABEL="习题" ORDERLABEL="00000206"><METS:fptr FILEID="00000206"/>
			</METS:div>
		</METS:div>
		<METS:div TYPE="Chapter" LABEL="第十三章 软件质量保证" ORDERLABEL="00000208"><METS:fptr FILEID="00000208"/>
			<METS:div TYPE="Chapter" LABEL="13.1 质量保证" ORDERLABEL="00000208"><METS:fptr FILEID="00000208"/>
			</METS:div>
			<METS:div TYPE="Chapter" LABEL="13.2 软件可靠性" ORDERLABEL="00000210"><METS:fptr FILEID="00000210"/>
			</METS:div>
			<METS:div TYPE="Chapter" LABEL="13.3 程序正确性证明" ORDERLABEL="00000214"><METS:fptr FILEID="00000214"/>
			</METS:div>
			<METS:div TYPE="Chapter" LABEL="小结" ORDERLABEL="00000215"><METS:fptr FILEID="00000215"/>
			</METS:div>
			<METS:div TYPE="Chapter" LABEL="习题" ORDERLABEL="00000216"><METS:fptr FILEID="00000216"/>
			</METS:div>
		</METS:div>
		<METS:div TYPE="Chapter" LABEL="第十四章 软件工程环境" ORDERLABEL="00000217"><METS:fptr FILEID="00000217"/>
			<METS:div TYPE="Chapter" LABEL="14.1 什么是软件工程环境" ORDERLABEL="00000217"><METS:fptr FILEID="00000217"/>
			</METS:div>
			<METS:div TYPE="Chapter" LABEL="14.2 软件开发环境的演变" ORDERLABEL="00000217"><METS:fptr FILEID="00000217"/>
			</METS:div>
			<METS:div TYPE="Chapter" LABEL="14.3 集成化项目支持环境" ORDERLABEL="00000219"><METS:fptr FILEID="00000219"/>
			</METS:div>
			<METS:div TYPE="Chapter" LABEL="14.4 UNIX程序设计环境" ORDERLABEL="00000222"><METS:fptr FILEID="00000222"/>
			</METS:div>
			<METS:div TYPE="Chapter" LABEL="14.5 Ada程序设计支持环境" ORDERLABEL="00000228"><METS:fptr FILEID="00000228"/>
			</METS:div>
			<METS:div TYPE="Chapter" LABEL="14.6 应用生成器简介" ORDERLABEL="00000229"><METS:fptr FILEID="00000229"/>
			</METS:div>
			<METS:div TYPE="Chapter" LABEL="小结" ORDERLABEL="00000230"><METS:fptr FILEID="00000230"/>
			</METS:div>
			<METS:div TYPE="Chapter" LABEL="习题" ORDERLABEL="00000230"><METS:fptr FILEID="00000230"/>
			</METS:div>
		</METS:div>
	</METS:structMap>
</METS:mets>
