<?xml version="1.0" encoding="utf-8"?>
<METS:mets xmlns:METS="http://www.loc.gov/METS/" xmlns:xsi="http://www.w3.org/2001/XMLSchema-instance" xmlns:gdm="http://sunsite.berkeley.edu/GDM/" xmlns:xlink="http://www.w3.org/TR/xlink" xsi:schemalocation="http://www.loc.gov/METS/http://www.loc.gov/standards/mets/mets.xsd" LABEL="Zhejiang University.jdl.China-America digital library project" TYPE="Section">
	<METS:structMap TYPE="Catalog">
		<METS:div TYPE="Chapter" LABEL="第1章  软件工程概论" ORDERLABEL="00000014"><METS:fptr FILEID="00000014"/>
			<METS:div TYPE="Chapter" LABEL="1.1  软件危机" ORDERLABEL="00000014"><METS:fptr FILEID="00000014"/>
				<METS:div TYPE="Chapter" LABEL="1.1.1  软件危机简介" ORDERLABEL="00000014"><METS:fptr FILEID="00000014"/>
				</METS:div>
				<METS:div TYPE="Chapter" LABEL="1.1.2  产生软件危机的原因" ORDERLABEL="00000014"><METS:fptr FILEID="00000014"/>
				</METS:div>
				<METS:div TYPE="Chapter" LABEL="1.1.3  消除软件危机的途径" ORDERLABEL="00000015"><METS:fptr FILEID="00000015"/>
				</METS:div>
			</METS:div>
			<METS:div TYPE="Chapter" LABEL="1.2  软件工程" ORDERLABEL="00000016"><METS:fptr FILEID="00000016"/>
				<METS:div TYPE="Chapter" LABEL="1.2.1  软件工程简介" ORDERLABEL="00000016"><METS:fptr FILEID="00000016"/>
				</METS:div>
				<METS:div TYPE="Chapter" LABEL="1.2.2  软件工程的基本原理" ORDERLABEL="00000016"><METS:fptr FILEID="00000016"/>
				</METS:div>
				<METS:div TYPE="Chapter" LABEL="1.2.3  软件工程方法学" ORDERLABEL="00000016"><METS:fptr FILEID="00000016"/>
				</METS:div>
			</METS:div>
			<METS:div TYPE="Chapter" LABEL="1.3  软件生命周期" ORDERLABEL="00000017"><METS:fptr FILEID="00000017"/>
			</METS:div>
			<METS:div TYPE="Chapter" LABEL="1.4  软件过程" ORDERLABEL="00000018"><METS:fptr FILEID="00000018"/>
			</METS:div>
			<METS:div TYPE="Chapter" LABEL="习题" ORDERLABEL="00000021"><METS:fptr FILEID="00000021"/>
			</METS:div>
			<METS:div TYPE="Chapter" LABEL="习题解答" ORDERLABEL="00000023"><METS:fptr FILEID="00000023"/>
			</METS:div>
		</METS:div>
		<METS:div TYPE="Chapter" LABEL="第2章  结构化分析" ORDERLABEL="00000026"><METS:fptr FILEID="00000026"/>
			<METS:div TYPE="Chapter" LABEL="2.1  可行性研究的任务" ORDERLABEL="00000026"><METS:fptr FILEID="00000026"/>
			</METS:div>
			<METS:div TYPE="Chapter" LABEL="2.2  可行性研究过程" ORDERLABEL="00000026"><METS:fptr FILEID="00000026"/>
			</METS:div>
			<METS:div TYPE="Chapter" LABEL="2.3  需求分析的任务" ORDERLABEL="00000027"><METS:fptr FILEID="00000027"/>
			</METS:div>
			<METS:div TYPE="Chapter" LABEL="2.4  与用户沟通的方法" ORDERLABEL="00000027"><METS:fptr FILEID="00000027"/>
			</METS:div>
			<METS:div TYPE="Chapter" LABEL="2.5  分析建模与规格说明" ORDERLABEL="00000028"><METS:fptr FILEID="00000028"/>
			</METS:div>
			<METS:div TYPE="Chapter" LABEL="2.6  实体-联系图" ORDERLABEL="00000029"><METS:fptr FILEID="00000029"/>
			</METS:div>
			<METS:div TYPE="Chapter" LABEL="2.7  数据流图" ORDERLABEL="00000029"><METS:fptr FILEID="00000029"/>
			</METS:div>
			<METS:div TYPE="Chapter" LABEL="2.8  数据字典" ORDERLABEL="00000030"><METS:fptr FILEID="00000030"/>
			</METS:div>
			<METS:div TYPE="Chapter" LABEL="2.9  状态转换图" ORDERLABEL="00000030"><METS:fptr FILEID="00000030"/>
			</METS:div>
			<METS:div TYPE="Chapter" LABEL="2.10  其他图形工具" ORDERLABEL="00000031"><METS:fptr FILEID="00000031"/>
			</METS:div>
			<METS:div TYPE="Chapter" LABEL="2.11  验证软件需求" ORDERLABEL="00000032"><METS:fptr FILEID="00000032"/>
			</METS:div>
			<METS:div TYPE="Chapter" LABEL="2.12  成本/效益分析" ORDERLABEL="00000032"><METS:fptr FILEID="00000032"/>
				<METS:div TYPE="Chapter" LABEL="2.12.1  成本估计" ORDERLABEL="00000032"><METS:fptr FILEID="00000032"/>
				</METS:div>
				<METS:div TYPE="Chapter" LABEL="2.12.2  成本/效益分析方法" ORDERLABEL="00000032"><METS:fptr FILEID="00000032"/>
				</METS:div>
			</METS:div>
			<METS:div TYPE="Chapter" LABEL="2.13  形式化说明技术" ORDERLABEL="00000033"><METS:fptr FILEID="00000033"/>
			</METS:div>
			<METS:div TYPE="Chapter" LABEL="习题" ORDERLABEL="00000034"><METS:fptr FILEID="00000034"/>
			</METS:div>
			<METS:div TYPE="Chapter" LABEL="习题解答" ORDERLABEL="00000036"><METS:fptr FILEID="00000036"/>
			</METS:div>
		</METS:div>
		<METS:div TYPE="Chapter" LABEL="第3章  结构化设计" ORDERLABEL="00000054"><METS:fptr FILEID="00000054"/>
			<METS:div TYPE="Chapter" LABEL="3.1  软件设计的任务" ORDERLABEL="00000054"><METS:fptr FILEID="00000054"/>
				<METS:div TYPE="Chapter" LABEL="3.1.1  概要设计" ORDERLABEL="00000054"><METS:fptr FILEID="00000054"/>
				</METS:div>
				<METS:div TYPE="Chapter" LABEL="3.1.2  详细设计" ORDERLABEL="00000054"><METS:fptr FILEID="00000054"/>
				</METS:div>
			</METS:div>
			<METS:div TYPE="Chapter" LABEL="3.2  分析与设计的关系" ORDERLABEL="00000055"><METS:fptr FILEID="00000055"/>
			</METS:div>
			<METS:div TYPE="Chapter" LABEL="3.3  设计原理" ORDERLABEL="00000056"><METS:fptr FILEID="00000056"/>
				<METS:div TYPE="Chapter" LABEL="3.3.1  模块化与模块独立" ORDERLABEL="00000056"><METS:fptr FILEID="00000056"/>
				</METS:div>
				<METS:div TYPE="Chapter" LABEL="3.3.2  抽象" ORDERLABEL="00000056"><METS:fptr FILEID="00000056"/>
				</METS:div>
				<METS:div TYPE="Chapter" LABEL="3.3.3  逐步求精" ORDERLABEL="00000057"><METS:fptr FILEID="00000057"/>
				</METS:div>
				<METS:div TYPE="Chapter" LABEL="3.3.4  信息隐藏" ORDERLABEL="00000058"><METS:fptr FILEID="00000058"/>
				</METS:div>
				<METS:div TYPE="Chapter" LABEL="3.3.5  局部化" ORDERLABEL="00000058"><METS:fptr FILEID="00000058"/>
				</METS:div>
			</METS:div>
			<METS:div TYPE="Chapter" LABEL="3.4  度量模块独立性的标准" ORDERLABEL="00000058"><METS:fptr FILEID="00000058"/>
				<METS:div TYPE="Chapter" LABEL="3.4.1  耦合" ORDERLABEL="00000058"><METS:fptr FILEID="00000058"/>
				</METS:div>
				<METS:div TYPE="Chapter" LABEL="3.4.2  内聚" ORDERLABEL="00000058"><METS:fptr FILEID="00000058"/>
				</METS:div>
			</METS:div>
			<METS:div TYPE="Chapter" LABEL="3.5  启发规则" ORDERLABEL="00000059"><METS:fptr FILEID="00000059"/>
			</METS:div>
			<METS:div TYPE="Chapter" LABEL="3.6  描绘软件结构的图形工具" ORDERLABEL="00000059"><METS:fptr FILEID="00000059"/>
			</METS:div>
			<METS:div TYPE="Chapter" LABEL="3.7  面向数据流的设计方法" ORDERLABEL="00000059"><METS:fptr FILEID="00000059"/>
				<METS:div TYPE="Chapter" LABEL="3.7.1  数据流的类型" ORDERLABEL="00000060"><METS:fptr FILEID="00000060"/>
				</METS:div>
				<METS:div TYPE="Chapter" LABEL="3.7.2  设计步骤" ORDERLABEL="00000060"><METS:fptr FILEID="00000060"/>
				</METS:div>
			</METS:div>
			<METS:div TYPE="Chapter" LABEL="3.8  人机界面设计" ORDERLABEL="00000061"><METS:fptr FILEID="00000061"/>
				<METS:div TYPE="Chapter" LABEL="3.8.1  应该考虑的设计问题" ORDERLABEL="00000062"><METS:fptr FILEID="00000062"/>
				</METS:div>
				<METS:div TYPE="Chapter" LABEL="3.8.2  人机界面设计过程" ORDERLABEL="00000063"><METS:fptr FILEID="00000063"/>
				</METS:div>
				<METS:div TYPE="Chapter" LABEL="3.8.3  人机界面设计指南" ORDERLABEL="00000063"><METS:fptr FILEID="00000063"/>
				</METS:div>
			</METS:div>
			<METS:div TYPE="Chapter" LABEL="3.9  过程设计" ORDERLABEL="00000064"><METS:fptr FILEID="00000064"/>
			</METS:div>
			<METS:div TYPE="Chapter" LABEL="3.10  过程设计的工具" ORDERLABEL="00000064"><METS:fptr FILEID="00000064"/>
			</METS:div>
			<METS:div TYPE="Chapter" LABEL="3.11  面向数据结构的设计方法" ORDERLABEL="00000066"><METS:fptr FILEID="00000066"/>
			</METS:div>
			<METS:div TYPE="Chapter" LABEL="3.12  程序复杂程度的定量度量" ORDERLABEL="00000067"><METS:fptr FILEID="00000067"/>
				<METS:div TYPE="Chapter" LABEL="3.12.1  McCabe方法" ORDERLABEL="00000067"><METS:fptr FILEID="00000067"/>
				</METS:div>
				<METS:div TYPE="Chapter" LABEL="3.12.2  Halstead方法" ORDERLABEL="00000067"><METS:fptr FILEID="00000067"/>
				</METS:div>
			</METS:div>
			<METS:div TYPE="Chapter" LABEL="习题" ORDERLABEL="00000068"><METS:fptr FILEID="00000068"/>
			</METS:div>
			<METS:div TYPE="Chapter" LABEL="习题解答" ORDERLABEL="00000072"><METS:fptr FILEID="00000072"/>
			</METS:div>
		</METS:div>
		<METS:div TYPE="Chapter" LABEL="第4章  结构化实现" ORDERLABEL="00000092"><METS:fptr FILEID="00000092"/>
			<METS:div TYPE="Chapter" LABEL="4.1  编码" ORDERLABEL="00000092"><METS:fptr FILEID="00000092"/>
				<METS:div TYPE="Chapter" LABEL="4.1.1  选择程序设计语言" ORDERLABEL="00000092"><METS:fptr FILEID="00000092"/>
				</METS:div>
				<METS:div TYPE="Chapter" LABEL="4.1.2  编码风格" ORDERLABEL="00000093"><METS:fptr FILEID="00000093"/>
				</METS:div>
			</METS:div>
			<METS:div TYPE="Chapter" LABEL="4.2  软件测试基础" ORDERLABEL="00000093"><METS:fptr FILEID="00000093"/>
			</METS:div>
			<METS:div TYPE="Chapter" LABEL="4.3  单元测试" ORDERLABEL="00000094"><METS:fptr FILEID="00000094"/>
			</METS:div>
			<METS:div TYPE="Chapter" LABEL="4.4  集成测试" ORDERLABEL="00000095"><METS:fptr FILEID="00000095"/>
			</METS:div>
			<METS:div TYPE="Chapter" LABEL="4.5  白盒测试技术" ORDERLABEL="00000097"><METS:fptr FILEID="00000097"/>
				<METS:div TYPE="Chapter" LABEL="4.5.1  逻辑覆盖" ORDERLABEL="00000097"><METS:fptr FILEID="00000097"/>
				</METS:div>
				<METS:div TYPE="Chapter" LABEL="4.5.2  控制结构测试" ORDERLABEL="00000098"><METS:fptr FILEID="00000098"/>
				</METS:div>
			</METS:div>
			<METS:div TYPE="Chapter" LABEL="4.6  黑盒测试技术" ORDERLABEL="00000099"><METS:fptr FILEID="00000099"/>
				<METS:div TYPE="Chapter" LABEL="4.6.1  等价划分" ORDERLABEL="00000099"><METS:fptr FILEID="00000099"/>
				</METS:div>
				<METS:div TYPE="Chapter" LABEL="4.6.2  边界值分析" ORDERLABEL="00000100"><METS:fptr FILEID="00000100"/>
				</METS:div>
				<METS:div TYPE="Chapter" LABEL="4.6.3  错误推测" ORDERLABEL="00000101"><METS:fptr FILEID="00000101"/>
				</METS:div>
			</METS:div>
			<METS:div TYPE="Chapter" LABEL="4.7  调试" ORDERLABEL="00000101"><METS:fptr FILEID="00000101"/>
				<METS:div TYPE="Chapter" LABEL="4.7.1  调试过程" ORDERLABEL="00000101"><METS:fptr FILEID="00000101"/>
				</METS:div>
				<METS:div TYPE="Chapter" LABEL="4.7.2  调试途径" ORDERLABEL="00000101"><METS:fptr FILEID="00000101"/>
				</METS:div>
			</METS:div>
			<METS:div TYPE="Chapter" LABEL="4.8  软件可靠性" ORDERLABEL="00000102"><METS:fptr FILEID="00000102"/>
				<METS:div TYPE="Chapter" LABEL="4.8.1  基本概念" ORDERLABEL="00000102"><METS:fptr FILEID="00000102"/>
				</METS:div>
				<METS:div TYPE="Chapter" LABEL="4.8.2  估算平均无故障时间的方法" ORDERLABEL="00000103"><METS:fptr FILEID="00000103"/>
				</METS:div>
			</METS:div>
			<METS:div TYPE="Chapter" LABEL="习题" ORDERLABEL="00000105"><METS:fptr FILEID="00000105"/>
			</METS:div>
			<METS:div TYPE="Chapter" LABEL="习题解答" ORDERLABEL="00000107"><METS:fptr FILEID="00000107"/>
			</METS:div>
		</METS:div>
		<METS:div TYPE="Chapter" LABEL="第5章  维护" ORDERLABEL="00000118"><METS:fptr FILEID="00000118"/>
			<METS:div TYPE="Chapter" LABEL="5.1  软件维护的定义" ORDERLABEL="00000118"><METS:fptr FILEID="00000118"/>
			</METS:div>
			<METS:div TYPE="Chapter" LABEL="5.2  软件维护的特点" ORDERLABEL="00000119"><METS:fptr FILEID="00000119"/>
			</METS:div>
			<METS:div TYPE="Chapter" LABEL="5.3  软件维护过程" ORDERLABEL="00000120"><METS:fptr FILEID="00000120"/>
			</METS:div>
			<METS:div TYPE="Chapter" LABEL="5.4  软件的可维护性" ORDERLABEL="00000121"><METS:fptr FILEID="00000121"/>
				<METS:div TYPE="Chapter" LABEL="5.4.1  决定软件可维护性的因素" ORDERLABEL="00000121"><METS:fptr FILEID="00000121"/>
				</METS:div>
				<METS:div TYPE="Chapter" LABEL="5.4.2  文档" ORDERLABEL="00000122"><METS:fptr FILEID="00000122"/>
				</METS:div>
				<METS:div TYPE="Chapter" LABEL="5.4.3  可维护性复审" ORDERLABEL="00000122"><METS:fptr FILEID="00000122"/>
				</METS:div>
			</METS:div>
			<METS:div TYPE="Chapter" LABEL="5.5  预防性维护" ORDERLABEL="00000122"><METS:fptr FILEID="00000122"/>
			</METS:div>
			<METS:div TYPE="Chapter" LABEL="5.6  软件再工程过程" ORDERLABEL="00000123"><METS:fptr FILEID="00000123"/>
			</METS:div>
			<METS:div TYPE="Chapter" LABEL="习题" ORDERLABEL="00000124"><METS:fptr FILEID="00000124"/>
			</METS:div>
			<METS:div TYPE="Chapter" LABEL="习题解答" ORDERLABEL="00000125"><METS:fptr FILEID="00000125"/>
			</METS:div>
		</METS:div>
		<METS:div TYPE="Chapter" LABEL="第6章  面向对象方法学引论" ORDERLABEL="00000130"><METS:fptr FILEID="00000130"/>
			<METS:div TYPE="Chapter" LABEL="6.1  面向对象方法学概述" ORDERLABEL="00000130"><METS:fptr FILEID="00000130"/>
				<METS:div TYPE="Chapter" LABEL="6.1.1  面向对象方法学的要点" ORDERLABEL="00000130"><METS:fptr FILEID="00000130"/>
				</METS:div>
				<METS:div TYPE="Chapter" LABEL="6.1.2  面向对象方法学的优点" ORDERLABEL="00000131"><METS:fptr FILEID="00000131"/>
				</METS:div>
				<METS:div TYPE="Chapter" LABEL="6.1.3  面向对象的软件过程" ORDERLABEL="00000133"><METS:fptr FILEID="00000133"/>
				</METS:div>
			</METS:div>
			<METS:div TYPE="Chapter" LABEL="6.2  面向对象的概念" ORDERLABEL="00000134"><METS:fptr FILEID="00000134"/>
				<METS:div TYPE="Chapter" LABEL="6.2.1  对象" ORDERLABEL="00000134"><METS:fptr FILEID="00000134"/>
				</METS:div>
				<METS:div TYPE="Chapter" LABEL="6.2.2  其他概念" ORDERLABEL="00000135"><METS:fptr FILEID="00000135"/>
				</METS:div>
			</METS:div>
			<METS:div TYPE="Chapter" LABEL="6.3  面向对象建模" ORDERLABEL="00000136"><METS:fptr FILEID="00000136"/>
			</METS:div>
			<METS:div TYPE="Chapter" LABEL="6.4  对象模型" ORDERLABEL="00000137"><METS:fptr FILEID="00000137"/>
				<METS:div TYPE="Chapter" LABEL="6.4.1  类图的基本符号" ORDERLABEL="00000137"><METS:fptr FILEID="00000137"/>
				</METS:div>
				<METS:div TYPE="Chapter" LABEL="6.4.2  表示关系的符号" ORDERLABEL="00000137"><METS:fptr FILEID="00000137"/>
				</METS:div>
			</METS:div>
			<METS:div TYPE="Chapter" LABEL="6.5  动态模型" ORDERLABEL="00000139"><METS:fptr FILEID="00000139"/>
			</METS:div>
			<METS:div TYPE="Chapter" LABEL="6.6  功能模型" ORDERLABEL="00000139"><METS:fptr FILEID="00000139"/>
				<METS:div TYPE="Chapter" LABEL="6.6.1  用例图" ORDERLABEL="00000139"><METS:fptr FILEID="00000139"/>
				</METS:div>
				<METS:div TYPE="Chapter" LABEL="6.6.2  用例建模" ORDERLABEL="00000141"><METS:fptr FILEID="00000141"/>
				</METS:div>
			</METS:div>
			<METS:div TYPE="Chapter" LABEL="6.7  3种模型之间的关系" ORDERLABEL="00000141"><METS:fptr FILEID="00000141"/>
			</METS:div>
			<METS:div TYPE="Chapter" LABEL="习题" ORDERLABEL="00000142"><METS:fptr FILEID="00000142"/>
			</METS:div>
			<METS:div TYPE="Chapter" LABEL="习题解答" ORDERLABEL="00000143"><METS:fptr FILEID="00000143"/>
			</METS:div>
		</METS:div>
		<METS:div TYPE="Chapter" LABEL="第7章  面向对象分析" ORDERLABEL="00000150"><METS:fptr FILEID="00000150"/>
			<METS:div TYPE="Chapter" LABEL="7.1  面向对象分析的基本过程" ORDERLABEL="00000150"><METS:fptr FILEID="00000150"/>
				<METS:div TYPE="Chapter" LABEL="7.1.1  概述" ORDERLABEL="00000150"><METS:fptr FILEID="00000150"/>
				</METS:div>
				<METS:div TYPE="Chapter" LABEL="7.1.2  3个子模型与5个层次" ORDERLABEL="00000151"><METS:fptr FILEID="00000151"/>
				</METS:div>
			</METS:div>
			<METS:div TYPE="Chapter" LABEL="7.2  需求陈述" ORDERLABEL="00000151"><METS:fptr FILEID="00000151"/>
			</METS:div>
			<METS:div TYPE="Chapter" LABEL="7.3  建立对象模型" ORDERLABEL="00000152"><METS:fptr FILEID="00000152"/>
				<METS:div TYPE="Chapter" LABEL="7.3.1  确定类与对象" ORDERLABEL="00000152"><METS:fptr FILEID="00000152"/>
				</METS:div>
				<METS:div TYPE="Chapter" LABEL="7.3.2  确定关联" ORDERLABEL="00000153"><METS:fptr FILEID="00000153"/>
				</METS:div>
				<METS:div TYPE="Chapter" LABEL="7.3.3  划分主题" ORDERLABEL="00000154"><METS:fptr FILEID="00000154"/>
				</METS:div>
				<METS:div TYPE="Chapter" LABEL="7.3.4  确定属性" ORDERLABEL="00000154"><METS:fptr FILEID="00000154"/>
				</METS:div>
				<METS:div TYPE="Chapter" LABEL="7.3.5  识别继承关系" ORDERLABEL="00000154"><METS:fptr FILEID="00000154"/>
				</METS:div>
				<METS:div TYPE="Chapter" LABEL="7.3.6  反复修改" ORDERLABEL="00000155"><METS:fptr FILEID="00000155"/>
				</METS:div>
			</METS:div>
			<METS:div TYPE="Chapter" LABEL="7.4  建立动态模型" ORDERLABEL="00000155"><METS:fptr FILEID="00000155"/>
				<METS:div TYPE="Chapter" LABEL="7.4.1  编写脚本" ORDERLABEL="00000155"><METS:fptr FILEID="00000155"/>
				</METS:div>
				<METS:div TYPE="Chapter" LABEL="7.4.2  画事件跟踪图" ORDERLABEL="00000156"><METS:fptr FILEID="00000156"/>
				</METS:div>
				<METS:div TYPE="Chapter" LABEL="7.4.3  画状态图" ORDERLABEL="00000156"><METS:fptr FILEID="00000156"/>
				</METS:div>
				<METS:div TYPE="Chapter" LABEL="7.4.4  审查动态模型" ORDERLABEL="00000157"><METS:fptr FILEID="00000157"/>
				</METS:div>
			</METS:div>
			<METS:div TYPE="Chapter" LABEL="7.5  建立功能模型" ORDERLABEL="00000157"><METS:fptr FILEID="00000157"/>
			</METS:div>
			<METS:div TYPE="Chapter" LABEL="7.6  定义服务" ORDERLABEL="00000157"><METS:fptr FILEID="00000157"/>
			</METS:div>
			<METS:div TYPE="Chapter" LABEL="习题" ORDERLABEL="00000158"><METS:fptr FILEID="00000158"/>
			</METS:div>
			<METS:div TYPE="Chapter" LABEL="习题解答" ORDERLABEL="00000159"><METS:fptr FILEID="00000159"/>
			</METS:div>
		</METS:div>
		<METS:div TYPE="Chapter" LABEL="第8章  面向对象设计" ORDERLABEL="00000164"><METS:fptr FILEID="00000164"/>
			<METS:div TYPE="Chapter" LABEL="8.1  面向对象设计的准则" ORDERLABEL="00000164"><METS:fptr FILEID="00000164"/>
			</METS:div>
			<METS:div TYPE="Chapter" LABEL="8.2  启发规则" ORDERLABEL="00000165"><METS:fptr FILEID="00000165"/>
			</METS:div>
			<METS:div TYPE="Chapter" LABEL="8.3  软件重用" ORDERLABEL="00000166"><METS:fptr FILEID="00000166"/>
				<METS:div TYPE="Chapter" LABEL="8.3.1  概述" ORDERLABEL="00000166"><METS:fptr FILEID="00000166"/>
				</METS:div>
				<METS:div TYPE="Chapter" LABEL="8.3.2  类构件" ORDERLABEL="00000167"><METS:fptr FILEID="00000167"/>
				</METS:div>
				<METS:div TYPE="Chapter" LABEL="8.3.3  软件重用的效益" ORDERLABEL="00000168"><METS:fptr FILEID="00000168"/>
				</METS:div>
			</METS:div>
			<METS:div TYPE="Chapter" LABEL="8.4  系统分解" ORDERLABEL="00000168"><METS:fptr FILEID="00000168"/>
			</METS:div>
			<METS:div TYPE="Chapter" LABEL="8.5  设计问题域子系统" ORDERLABEL="00000169"><METS:fptr FILEID="00000169"/>
			</METS:div>
			<METS:div TYPE="Chapter" LABEL="8.6  设计人机交互子系统" ORDERLABEL="00000170"><METS:fptr FILEID="00000170"/>
			</METS:div>
			<METS:div TYPE="Chapter" LABEL="8.7  设计任务管理子系统" ORDERLABEL="00000170"><METS:fptr FILEID="00000170"/>
			</METS:div>
			<METS:div TYPE="Chapter" LABEL="8.8  设计数据管理子系统" ORDERLABEL="00000171"><METS:fptr FILEID="00000171"/>
			</METS:div>
			<METS:div TYPE="Chapter" LABEL="8.9  设计类中的服务" ORDERLABEL="00000172"><METS:fptr FILEID="00000172"/>
			</METS:div>
			<METS:div TYPE="Chapter" LABEL="8.10  设计关联" ORDERLABEL="00000172"><METS:fptr FILEID="00000172"/>
			</METS:div>
			<METS:div TYPE="Chapter" LABEL="8.11  设计优化" ORDERLABEL="00000173"><METS:fptr FILEID="00000173"/>
			</METS:div>
			<METS:div TYPE="Chapter" LABEL="习题" ORDERLABEL="00000174"><METS:fptr FILEID="00000174"/>
			</METS:div>
			<METS:div TYPE="Chapter" LABEL="习题解答" ORDERLABEL="00000175"><METS:fptr FILEID="00000175"/>
			</METS:div>
		</METS:div>
		<METS:div TYPE="Chapter" LABEL="第9章  面向对象实现" ORDERLABEL="00000184"><METS:fptr FILEID="00000184"/>
			<METS:div TYPE="Chapter" LABEL="9.1  程序设计语言" ORDERLABEL="00000184"><METS:fptr FILEID="00000184"/>
			</METS:div>
			<METS:div TYPE="Chapter" LABEL="9.2  程序设计风格" ORDERLABEL="00000185"><METS:fptr FILEID="00000185"/>
			</METS:div>
			<METS:div TYPE="Chapter" LABEL="9.3  面向对象的测试策略" ORDERLABEL="00000186"><METS:fptr FILEID="00000186"/>
			</METS:div>
			<METS:div TYPE="Chapter" LABEL="9.4  设计测试用例" ORDERLABEL="00000187"><METS:fptr FILEID="00000187"/>
				<METS:div TYPE="Chapter" LABEL="9.4.1  测试类的技术" ORDERLABEL="00000187"><METS:fptr FILEID="00000187"/>
				</METS:div>
				<METS:div TYPE="Chapter" LABEL="9.4.2  集成测试技术" ORDERLABEL="00000188"><METS:fptr FILEID="00000188"/>
				</METS:div>
			</METS:div>
			<METS:div TYPE="Chapter" LABEL="习题" ORDERLABEL="00000188"><METS:fptr FILEID="00000188"/>
			</METS:div>
			<METS:div TYPE="Chapter" LABEL="习题解答" ORDERLABEL="00000189"><METS:fptr FILEID="00000189"/>
			</METS:div>
		</METS:div>
		<METS:div TYPE="Chapter" LABEL="第10章  软件项目管理" ORDERLABEL="00000194"><METS:fptr FILEID="00000194"/>
			<METS:div TYPE="Chapter" LABEL="10.1  估算软件规模" ORDERLABEL="00000194"><METS:fptr FILEID="00000194"/>
				<METS:div TYPE="Chapter" LABEL="10.1.1  代码行技术" ORDERLABEL="00000194"><METS:fptr FILEID="00000194"/>
				</METS:div>
				<METS:div TYPE="Chapter" LABEL="10.1.2  功能点技术" ORDERLABEL="00000194"><METS:fptr FILEID="00000194"/>
				</METS:div>
			</METS:div>
			<METS:div TYPE="Chapter" LABEL="10.2  估算工作量" ORDERLABEL="00000196"><METS:fptr FILEID="00000196"/>
				<METS:div TYPE="Chapter" LABEL="10.2.1  静态单变量模型" ORDERLABEL="00000196"><METS:fptr FILEID="00000196"/>
				</METS:div>
				<METS:div TYPE="Chapter" LABEL="10.2.2  动态多变量模型" ORDERLABEL="00000196"><METS:fptr FILEID="00000196"/>
				</METS:div>
				<METS:div TYPE="Chapter" LABEL="10.2.3  COCOMO2模型" ORDERLABEL="00000196"><METS:fptr FILEID="00000196"/>
				</METS:div>
			</METS:div>
			<METS:div TYPE="Chapter" LABEL="10.3  进度计划" ORDERLABEL="00000197"><METS:fptr FILEID="00000197"/>
				<METS:div TYPE="Chapter" LABEL="10.3.1  估算开发时间" ORDERLABEL="00000197"><METS:fptr FILEID="00000197"/>
				</METS:div>
				<METS:div TYPE="Chapter" LABEL="10.3.2  Gantt图" ORDERLABEL="00000198"><METS:fptr FILEID="00000198"/>
				</METS:div>
				<METS:div TYPE="Chapter" LABEL="10.3.3  工程网络" ORDERLABEL="00000198"><METS:fptr FILEID="00000198"/>
				</METS:div>
				<METS:div TYPE="Chapter" LABEL="10.3.4  估算工程进度" ORDERLABEL="00000198"><METS:fptr FILEID="00000198"/>
				</METS:div>
				<METS:div TYPE="Chapter" LABEL="10.3.5  关键路径" ORDERLABEL="00000199"><METS:fptr FILEID="00000199"/>
				</METS:div>
				<METS:div TYPE="Chapter" LABEL="10.3.6  机动时间" ORDERLABEL="00000199"><METS:fptr FILEID="00000199"/>
				</METS:div>
			</METS:div>
			<METS:div TYPE="Chapter" LABEL="10.4  人员组织" ORDERLABEL="00000199"><METS:fptr FILEID="00000199"/>
				<METS:div TYPE="Chapter" LABEL="10.4.1  民主制程序员组" ORDERLABEL="00000200"><METS:fptr FILEID="00000200"/>
				</METS:div>
				<METS:div TYPE="Chapter" LABEL="10.4.2  主程序员组" ORDERLABEL="00000200"><METS:fptr FILEID="00000200"/>
				</METS:div>
				<METS:div TYPE="Chapter" LABEL="10.4.3  现代程序员组" ORDERLABEL="00000200"><METS:fptr FILEID="00000200"/>
				</METS:div>
			</METS:div>
			<METS:div TYPE="Chapter" LABEL="10.5  质量保证" ORDERLABEL="00000201"><METS:fptr FILEID="00000201"/>
				<METS:div TYPE="Chapter" LABEL="10.5.1  软件质量" ORDERLABEL="00000201"><METS:fptr FILEID="00000201"/>
				</METS:div>
				<METS:div TYPE="Chapter" LABEL="10.5.2  软件质量保证措施" ORDERLABEL="00000201"><METS:fptr FILEID="00000201"/>
				</METS:div>
			</METS:div>
			<METS:div TYPE="Chapter" LABEL="10.6  软件配置管理" ORDERLABEL="00000201"><METS:fptr FILEID="00000201"/>
				<METS:div TYPE="Chapter" LABEL="10.6.1  软件配置" ORDERLABEL="00000201"><METS:fptr FILEID="00000201"/>
				</METS:div>
				<METS:div TYPE="Chapter" LABEL="10.6.2  软件配置管理过程" ORDERLABEL="00000202"><METS:fptr FILEID="00000202"/>
				</METS:div>
			</METS:div>
			<METS:div TYPE="Chapter" LABEL="10.7  能力成熟度模型" ORDERLABEL="00000203"><METS:fptr FILEID="00000203"/>
			</METS:div>
			<METS:div TYPE="Chapter" LABEL="习题" ORDERLABEL="00000204"><METS:fptr FILEID="00000204"/>
			</METS:div>
			<METS:div TYPE="Chapter" LABEL="习题解答" ORDERLABEL="00000206"><METS:fptr FILEID="00000206"/>
			</METS:div>
		</METS:div>
	</METS:structMap>
</METS:mets>
