<?xml version="1.0" encoding="utf-8"?>
<METS:mets xmlns:METS="http://www.loc.gov/METS/" xmlns:xsi="http://www.w3.org/2001/XMLSchema-instance" xmlns:gdm="http://sunsite.berkeley.edu/GDM/" xmlns:xlink="http://www.w3.org/TR/xlink" xsi:schemalocation="http://www.loc.gov/METS/http://www.loc.gov/standards/mets/mets.xsd" LABEL="Zhejiang University.jdl.China-America digital library project" TYPE="Section">
	<METS:structMap TYPE="Catalog">
		<METS:div TYPE="Chapter" LABEL="第1章  引论" ORDERLABEL="00000009"><METS:fptr FILEID="00000009"/>
			<METS:div TYPE="Chapter" LABEL="1.1  软件工程概述" ORDERLABEL="00000009"><METS:fptr FILEID="00000009"/>
			</METS:div>
			<METS:div TYPE="Chapter" LABEL="1.2  软件工程模式" ORDERLABEL="00000010"><METS:fptr FILEID="00000010"/>
				<METS:div TYPE="Chapter" LABEL="1.2.1  传统软件工程模式" ORDERLABEL="00000010"><METS:fptr FILEID="00000010"/>
				</METS:div>
				<METS:div TYPE="Chapter" LABEL="1.2.2  现代软件工程模式" ORDERLABEL="00000013"><METS:fptr FILEID="00000013"/>
				</METS:div>
			</METS:div>
			<METS:div TYPE="Chapter" LABEL="本章小结" ORDERLABEL="00000016"><METS:fptr FILEID="00000016"/>
			</METS:div>
			<METS:div TYPE="Chapter" LABEL="思考题" ORDERLABEL="00000016"><METS:fptr FILEID="00000016"/>
			</METS:div>
		</METS:div>
		<METS:div TYPE="Chapter" LABEL="第2章  现代软件需求" ORDERLABEL="00000017"><METS:fptr FILEID="00000017"/>
			<METS:div TYPE="Chapter" LABEL="2.1  软件需求概述" ORDERLABEL="00000017"><METS:fptr FILEID="00000017"/>
				<METS:div TYPE="Chapter" LABEL="2.1.1  软件需求的定义" ORDERLABEL="00000017"><METS:fptr FILEID="00000017"/>
				</METS:div>
				<METS:div TYPE="Chapter" LABEL="2.1.2  软件需求分析技术" ORDERLABEL="00000018"><METS:fptr FILEID="00000018"/>
				</METS:div>
				<METS:div TYPE="Chapter" LABEL="2.1.3  软件需求开发过程" ORDERLABEL="00000021"><METS:fptr FILEID="00000021"/>
				</METS:div>
				<METS:div TYPE="Chapter" LABEL="2.1.4  软件需求的形式化方法" ORDERLABEL="00000023"><METS:fptr FILEID="00000023"/>
				</METS:div>
			</METS:div>
			<METS:div TYPE="Chapter" LABEL="2.2  软件需求管理" ORDERLABEL="00000026"><METS:fptr FILEID="00000026"/>
				<METS:div TYPE="Chapter" LABEL="2.2.1  软件需求管理概述" ORDERLABEL="00000026"><METS:fptr FILEID="00000026"/>
				</METS:div>
				<METS:div TYPE="Chapter" LABEL="2.2.2  软件需求管理的技术" ORDERLABEL="00000029"><METS:fptr FILEID="00000029"/>
				</METS:div>
				<METS:div TYPE="Chapter" LABEL="2.2.3  软件需求管理的工具" ORDERLABEL="00000031"><METS:fptr FILEID="00000031"/>
				</METS:div>
			</METS:div>
			<METS:div TYPE="Chapter" LABEL="本章小结" ORDERLABEL="00000034"><METS:fptr FILEID="00000034"/>
			</METS:div>
			<METS:div TYPE="Chapter" LABEL="思考题" ORDERLABEL="00000034"><METS:fptr FILEID="00000034"/>
			</METS:div>
		</METS:div>
		<METS:div TYPE="Chapter" LABEL="第3章  现代软件体系结构" ORDERLABEL="00000035"><METS:fptr FILEID="00000035"/>
			<METS:div TYPE="Chapter" LABEL="3.1  软件体系结构概述" ORDERLABEL="00000035"><METS:fptr FILEID="00000035"/>
				<METS:div TYPE="Chapter" LABEL="3.1.1  软件体系结构的意义和目标" ORDERLABEL="00000035"><METS:fptr FILEID="00000035"/>
				</METS:div>
				<METS:div TYPE="Chapter" LABEL="3.1.2  软件体系结构的发展及研究热点" ORDERLABEL="00000038"><METS:fptr FILEID="00000038"/>
				</METS:div>
				<METS:div TYPE="Chapter" LABEL="3.1.3  软件体系结构风格" ORDERLABEL="00000041"><METS:fptr FILEID="00000041"/>
				</METS:div>
				<METS:div TYPE="Chapter" LABEL="3.1.4  体系结构描述语言" ORDERLABEL="00000044"><METS:fptr FILEID="00000044"/>
				</METS:div>
				<METS:div TYPE="Chapter" LABEL="3.1.5  软件体系结构分析和设计的工具" ORDERLABEL="00000045"><METS:fptr FILEID="00000045"/>
				</METS:div>
			</METS:div>
			<METS:div TYPE="Chapter" LABEL="3.2  新型软件体系结构概述" ORDERLABEL="00000048"><METS:fptr FILEID="00000048"/>
				<METS:div TYPE="Chapter" LABEL="3.2.1  新型软件体系结构" ORDERLABEL="00000048"><METS:fptr FILEID="00000048"/>
				</METS:div>
				<METS:div TYPE="Chapter" LABEL="3.2.2  分布式软件体系结构" ORDERLABEL="00000052"><METS:fptr FILEID="00000052"/>
				</METS:div>
				<METS:div TYPE="Chapter" LABEL="3.2.3  软件体系架构" ORDERLABEL="00000054"><METS:fptr FILEID="00000054"/>
				</METS:div>
			</METS:div>
			<METS:div TYPE="Chapter" LABEL="本章小结" ORDERLABEL="00000055"><METS:fptr FILEID="00000055"/>
			</METS:div>
			<METS:div TYPE="Chapter" LABEL="思考题" ORDERLABEL="00000056"><METS:fptr FILEID="00000056"/>
			</METS:div>
		</METS:div>
		<METS:div TYPE="Chapter" LABEL="第4章  面向对象开发方法" ORDERLABEL="00000057"><METS:fptr FILEID="00000057"/>
			<METS:div TYPE="Chapter" LABEL="4.1  面向对象开发方法概述" ORDERLABEL="00000057"><METS:fptr FILEID="00000057"/>
				<METS:div TYPE="Chapter" LABEL="4.1.1  传统的软件工程方法的缺陷" ORDERLABEL="00000057"><METS:fptr FILEID="00000057"/>
				</METS:div>
				<METS:div TYPE="Chapter" LABEL="4.1.2  面向对象技术的基本概念" ORDERLABEL="00000058"><METS:fptr FILEID="00000058"/>
				</METS:div>
				<METS:div TYPE="Chapter" LABEL="4.1.3  面向对象软件开发方法" ORDERLABEL="00000063"><METS:fptr FILEID="00000063"/>
				</METS:div>
			</METS:div>
			<METS:div TYPE="Chapter" LABEL="4.2  基于对象模型的技术" ORDERLABEL="00000066"><METS:fptr FILEID="00000066"/>
				<METS:div TYPE="Chapter" LABEL="4.2.1  三种对象模型" ORDERLABEL="00000066"><METS:fptr FILEID="00000066"/>
				</METS:div>
				<METS:div TYPE="Chapter" LABEL="4.2.2  OMT方法的开发过程" ORDERLABEL="00000067"><METS:fptr FILEID="00000067"/>
				</METS:div>
			</METS:div>
			<METS:div TYPE="Chapter" LABEL="4.3  面向对象角色分析和建模技术(OOram)" ORDERLABEL="00000070"><METS:fptr FILEID="00000070"/>
				<METS:div TYPE="Chapter" LABEL="4.3.1  OOram概述" ORDERLABEL="00000070"><METS:fptr FILEID="00000070"/>
				</METS:div>
				<METS:div TYPE="Chapter" LABEL="4.3.2  OOram方法的优点与不足" ORDERLABEL="00000071"><METS:fptr FILEID="00000071"/>
				</METS:div>
				<METS:div TYPE="Chapter" LABEL="4.3.3  OOram方法与OMT方法的比较" ORDERLABEL="00000071"><METS:fptr FILEID="00000071"/>
				</METS:div>
			</METS:div>
			<METS:div TYPE="Chapter" LABEL="4.4  Booch方法" ORDERLABEL="00000073"><METS:fptr FILEID="00000073"/>
				<METS:div TYPE="Chapter" LABEL="4.4.1  Booch方法的基本模型" ORDERLABEL="00000073"><METS:fptr FILEID="00000073"/>
				</METS:div>
				<METS:div TYPE="Chapter" LABEL="4.4.2  基于Booch方法的开发过程" ORDERLABEL="00000075"><METS:fptr FILEID="00000075"/>
				</METS:div>
				<METS:div TYPE="Chapter" LABEL="4.4.3  Booch方法的特点" ORDERLABEL="00000076"><METS:fptr FILEID="00000076"/>
				</METS:div>
			</METS:div>
			<METS:div TYPE="Chapter" LABEL="4.5  Coad-Yourdon方法" ORDERLABEL="00000077"><METS:fptr FILEID="00000077"/>
				<METS:div TYPE="Chapter" LABEL="4.5.1  面向对象的分析(OOA)" ORDERLABEL="00000077"><METS:fptr FILEID="00000077"/>
				</METS:div>
				<METS:div TYPE="Chapter" LABEL="4.5.2  面向对象的设计(OOD)" ORDERLABEL="00000086"><METS:fptr FILEID="00000086"/>
				</METS:div>
			</METS:div>
			<METS:div TYPE="Chapter" LABEL="4.6  层次化面向对象设计方法" ORDERLABEL="00000089"><METS:fptr FILEID="00000089"/>
				<METS:div TYPE="Chapter" LABEL="4.6.1  HOOD的基本思想" ORDERLABEL="00000089"><METS:fptr FILEID="00000089"/>
				</METS:div>
				<METS:div TYPE="Chapter" LABEL="4.6.2  HOOD的设计表示及过程" ORDERLABEL="00000090"><METS:fptr FILEID="00000090"/>
				</METS:div>
				<METS:div TYPE="Chapter" LABEL="4.6.3  HOOD与OOD的关系" ORDERLABEL="00000093"><METS:fptr FILEID="00000093"/>
				</METS:div>
			</METS:div>
			<METS:div TYPE="Chapter" LABEL="本章小结" ORDERLABEL="00000094"><METS:fptr FILEID="00000094"/>
			</METS:div>
			<METS:div TYPE="Chapter" LABEL="思考题" ORDERLABEL="00000094"><METS:fptr FILEID="00000094"/>
			</METS:div>
		</METS:div>
		<METS:div TYPE="Chapter" LABEL="第5章  UML软件工程" ORDERLABEL="00000095"><METS:fptr FILEID="00000095"/>
			<METS:div TYPE="Chapter" LABEL="5.1  标准建模语言UML概述" ORDERLABEL="00000095"><METS:fptr FILEID="00000095"/>
				<METS:div TYPE="Chapter" LABEL="5.1.1  UML简介" ORDERLABEL="00000095"><METS:fptr FILEID="00000095"/>
				</METS:div>
				<METS:div TYPE="Chapter" LABEL="5.1.2  UML的概念模型" ORDERLABEL="00000097"><METS:fptr FILEID="00000097"/>
				</METS:div>
			</METS:div>
			<METS:div TYPE="Chapter" LABEL="5.2  UML的静态建模机制" ORDERLABEL="00000100"><METS:fptr FILEID="00000100"/>
				<METS:div TYPE="Chapter" LABEL="5.2.1  建模机制用例图" ORDERLABEL="00000100"><METS:fptr FILEID="00000100"/>
				</METS:div>
				<METS:div TYPE="Chapter" LABEL="5.2.2  类图、对象图和包图" ORDERLABEL="00000102"><METS:fptr FILEID="00000102"/>
				</METS:div>
				<METS:div TYPE="Chapter" LABEL="5.2.3  构件图和配置图" ORDERLABEL="00000106"><METS:fptr FILEID="00000106"/>
				</METS:div>
			</METS:div>
			<METS:div TYPE="Chapter" LABEL="5.3  UML的动态建模机制" ORDERLABEL="00000108"><METS:fptr FILEID="00000108"/>
				<METS:div TYPE="Chapter" LABEL="5.3.1  信息传递过程" ORDERLABEL="00000108"><METS:fptr FILEID="00000108"/>
				</METS:div>
				<METS:div TYPE="Chapter" LABEL="5.3.2  状态图" ORDERLABEL="00000108"><METS:fptr FILEID="00000108"/>
				</METS:div>
				<METS:div TYPE="Chapter" LABEL="5.3.3  顺序图" ORDERLABEL="00000109"><METS:fptr FILEID="00000109"/>
				</METS:div>
				<METS:div TYPE="Chapter" LABEL="5.3.4  合作图" ORDERLABEL="00000110"><METS:fptr FILEID="00000110"/>
				</METS:div>
				<METS:div TYPE="Chapter" LABEL="5.3.5  活动图" ORDERLABEL="00000111"><METS:fptr FILEID="00000111"/>
				</METS:div>
			</METS:div>
			<METS:div TYPE="Chapter" LABEL="5.4  UML开发方法及支持环境" ORDERLABEL="00000112"><METS:fptr FILEID="00000112"/>
				<METS:div TYPE="Chapter" LABEL="5.4.1  UML柔性软件开发过程" ORDERLABEL="00000113"><METS:fptr FILEID="00000113"/>
				</METS:div>
				<METS:div TYPE="Chapter" LABEL="5.4.2  UML集成化支持环境" ORDERLABEL="00000114"><METS:fptr FILEID="00000114"/>
				</METS:div>
			</METS:div>
			<METS:div TYPE="Chapter" LABEL="本章小结" ORDERLABEL="00000117"><METS:fptr FILEID="00000117"/>
			</METS:div>
			<METS:div TYPE="Chapter" LABEL="思考题" ORDERLABEL="00000117"><METS:fptr FILEID="00000117"/>
			</METS:div>
		</METS:div>
		<METS:div TYPE="Chapter" LABEL="第6章  分布式系统的软件开发" ORDERLABEL="00000119"><METS:fptr FILEID="00000119"/>
			<METS:div TYPE="Chapter" LABEL="6.1  分布式应用概述" ORDERLABEL="00000119"><METS:fptr FILEID="00000119"/>
				<METS:div TYPE="Chapter" LABEL="6.1.1  分布式应用的特征、分类和形式" ORDERLABEL="00000119"><METS:fptr FILEID="00000119"/>
				</METS:div>
				<METS:div TYPE="Chapter" LABEL="6.1.2  分布式的两种结构模型" ORDERLABEL="00000124"><METS:fptr FILEID="00000124"/>
				</METS:div>
			</METS:div>
			<METS:div TYPE="Chapter" LABEL="6.2  分布式系统开发的关键基础技术" ORDERLABEL="00000126"><METS:fptr FILEID="00000126"/>
				<METS:div TYPE="Chapter" LABEL="6.2.1  基于Web的应用结构" ORDERLABEL="00000126"><METS:fptr FILEID="00000126"/>
				</METS:div>
				<METS:div TYPE="Chapter" LABEL="6.2.2  中间件技术" ORDERLABEL="00000128"><METS:fptr FILEID="00000128"/>
				</METS:div>
				<METS:div TYPE="Chapter" LABEL="6.2.3  分布式对象技术" ORDERLABEL="00000131"><METS:fptr FILEID="00000131"/>
				</METS:div>
			</METS:div>
			<METS:div TYPE="Chapter" LABEL="本章小结" ORDERLABEL="00000132"><METS:fptr FILEID="00000132"/>
			</METS:div>
			<METS:div TYPE="Chapter" LABEL="思考题" ORDERLABEL="00000132"><METS:fptr FILEID="00000132"/>
			</METS:div>
		</METS:div>
		<METS:div TYPE="Chapter" LABEL="第7章  基于构件的软件开发" ORDERLABEL="00000134"><METS:fptr FILEID="00000134"/>
			<METS:div TYPE="Chapter" LABEL="7.1  软件复用概述" ORDERLABEL="00000134"><METS:fptr FILEID="00000134"/>
				<METS:div TYPE="Chapter" LABEL="7.1.1  软件复用的定义" ORDERLABEL="00000134"><METS:fptr FILEID="00000134"/>
				</METS:div>
				<METS:div TYPE="Chapter" LABEL="7.1.2  软件复用的形式" ORDERLABEL="00000134"><METS:fptr FILEID="00000134"/>
				</METS:div>
				<METS:div TYPE="Chapter" LABEL="7.1.3  软件复用的过程" ORDERLABEL="00000135"><METS:fptr FILEID="00000135"/>
				</METS:div>
				<METS:div TYPE="Chapter" LABEL="7.1.4  软件复用的意义" ORDERLABEL="00000136"><METS:fptr FILEID="00000136"/>
				</METS:div>
			</METS:div>
			<METS:div TYPE="Chapter" LABEL="7.2  构件与构件技术" ORDERLABEL="00000136"><METS:fptr FILEID="00000136"/>
				<METS:div TYPE="Chapter" LABEL="7.2.1  构件的定义及基本特征" ORDERLABEL="00000136"><METS:fptr FILEID="00000136"/>
				</METS:div>
				<METS:div TYPE="Chapter" LABEL="7.2.2  构件技术的产生与基本思想" ORDERLABEL="00000137"><METS:fptr FILEID="00000137"/>
				</METS:div>
			</METS:div>
			<METS:div TYPE="Chapter" LABEL="7.3  构件与构件系统" ORDERLABEL="00000138"><METS:fptr FILEID="00000138"/>
				<METS:div TYPE="Chapter" LABEL="7.3.1  对可复用构件的要求" ORDERLABEL="00000138"><METS:fptr FILEID="00000138"/>
				</METS:div>
				<METS:div TYPE="Chapter" LABEL="7.3.2  构件模型及系统" ORDERLABEL="00000139"><METS:fptr FILEID="00000139"/>
				</METS:div>
				<METS:div TYPE="Chapter" LABEL="7.3.3  构件的分类" ORDERLABEL="00000141"><METS:fptr FILEID="00000141"/>
				</METS:div>
				<METS:div TYPE="Chapter" LABEL="7.3.4  构件库的管理" ORDERLABEL="00000142"><METS:fptr FILEID="00000142"/>
				</METS:div>
			</METS:div>
			<METS:div TYPE="Chapter" LABEL="7.4  领域工程" ORDERLABEL="00000143"><METS:fptr FILEID="00000143"/>
				<METS:div TYPE="Chapter" LABEL="7.4.1  领域分析概述" ORDERLABEL="00000143"><METS:fptr FILEID="00000143"/>
				</METS:div>
				<METS:div TYPE="Chapter" LABEL="7.4.2  领域模型的建立" ORDERLABEL="00000145"><METS:fptr FILEID="00000145"/>
				</METS:div>
				<METS:div TYPE="Chapter" LABEL="7.4.3  DSSA的定义及其产生" ORDERLABEL="00000146"><METS:fptr FILEID="00000146"/>
				</METS:div>
				<METS:div TYPE="Chapter" LABEL="7.4.4  结构建模和结构点" ORDERLABEL="00000147"><METS:fptr FILEID="00000147"/>
				</METS:div>
			</METS:div>
			<METS:div TYPE="Chapter" LABEL="7.5  基于构件的软件开发" ORDERLABEL="00000148"><METS:fptr FILEID="00000148"/>
				<METS:div TYPE="Chapter" LABEL="7.5.1  CBSE/CBD概述" ORDERLABEL="00000148"><METS:fptr FILEID="00000148"/>
				</METS:div>
				<METS:div TYPE="Chapter" LABEL="7.5.2  CBSE过程" ORDERLABEL="00000150"><METS:fptr FILEID="00000150"/>
				</METS:div>
				<METS:div TYPE="Chapter" LABEL="7.5.3  基于构件的系统的开发" ORDERLABEL="00000151"><METS:fptr FILEID="00000151"/>
				</METS:div>
				<METS:div TYPE="Chapter" LABEL="7.5.4  建造构件" ORDERLABEL="00000152"><METS:fptr FILEID="00000152"/>
				</METS:div>
			</METS:div>
			<METS:div TYPE="Chapter" LABEL="7.6  CBD与传统的软件开发方法的比较" ORDERLABEL="00000153"><METS:fptr FILEID="00000153"/>
			</METS:div>
			<METS:div TYPE="Chapter" LABEL="本章小结" ORDERLABEL="00000157"><METS:fptr FILEID="00000157"/>
			</METS:div>
			<METS:div TYPE="Chapter" LABEL="思考题" ORDERLABEL="00000157"><METS:fptr FILEID="00000157"/>
			</METS:div>
		</METS:div>
		<METS:div TYPE="Chapter" LABEL="第8章  CORBA与DCOM技术" ORDERLABEL="00000158"><METS:fptr FILEID="00000158"/>
			<METS:div TYPE="Chapter" LABEL="8.1  分布式对象技术" ORDERLABEL="00000158"><METS:fptr FILEID="00000158"/>
				<METS:div TYPE="Chapter" LABEL="8.1.1  微软的COM/DCOM" ORDERLABEL="00000158"><METS:fptr FILEID="00000158"/>
				</METS:div>
				<METS:div TYPE="Chapter" LABEL="8.1.2  CORBA" ORDERLABEL="00000159"><METS:fptr FILEID="00000159"/>
				</METS:div>
				<METS:div TYPE="Chapter" LABEL="8.1.3  IBM的SOM/DSOM" ORDERLABEL="00000160"><METS:fptr FILEID="00000160"/>
				</METS:div>
			</METS:div>
			<METS:div TYPE="Chapter" LABEL="8.2  CORBA的设计模式" ORDERLABEL="00000160"><METS:fptr FILEID="00000160"/>
			</METS:div>
			<METS:div TYPE="Chapter" LABEL="8.3  DCOM技术" ORDERLABEL="00000164"><METS:fptr FILEID="00000164"/>
			</METS:div>
			<METS:div TYPE="Chapter" LABEL="8.4  CORBA与DCOM的主要异同" ORDERLABEL="00000168"><METS:fptr FILEID="00000168"/>
			</METS:div>
			<METS:div TYPE="Chapter" LABEL="本章小结" ORDERLABEL="00000170"><METS:fptr FILEID="00000170"/>
			</METS:div>
			<METS:div TYPE="Chapter" LABEL="思考题" ORDERLABEL="00000170"><METS:fptr FILEID="00000170"/>
			</METS:div>
		</METS:div>
		<METS:div TYPE="Chapter" LABEL="第9章  基于Java的软件开发" ORDERLABEL="00000171"><METS:fptr FILEID="00000171"/>
			<METS:div TYPE="Chapter" LABEL="9.1  Java技术概述" ORDERLABEL="00000171"><METS:fptr FILEID="00000171"/>
				<METS:div TYPE="Chapter" LABEL="9.1.1  Java的运行机制及特点" ORDERLABEL="00000171"><METS:fptr FILEID="00000171"/>
				</METS:div>
				<METS:div TYPE="Chapter" LABEL="9.1.2  Java对软件开发的影响" ORDERLABEL="00000174"><METS:fptr FILEID="00000174"/>
				</METS:div>
				<METS:div TYPE="Chapter" LABEL="9.1.3  Java的发展" ORDERLABEL="00000175"><METS:fptr FILEID="00000175"/>
				</METS:div>
			</METS:div>
			<METS:div TYPE="Chapter" LABEL="9.2  JavaBeans技术" ORDERLABEL="00000176"><METS:fptr FILEID="00000176"/>
				<METS:div TYPE="Chapter" LABEL="9.2.1  JavaBeans特性" ORDERLABEL="00000176"><METS:fptr FILEID="00000176"/>
				</METS:div>
				<METS:div TYPE="Chapter" LABEL="9.2.2  JavaBeans的基本设计" ORDERLABEL="00000177"><METS:fptr FILEID="00000177"/>
				</METS:div>
				<METS:div TYPE="Chapter" LABEL="9.2.3  JavaBeans的目标" ORDERLABEL="00000178"><METS:fptr FILEID="00000178"/>
				</METS:div>
			</METS:div>
			<METS:div TYPE="Chapter" LABEL="9.3  J2EE技术" ORDERLABEL="00000178"><METS:fptr FILEID="00000178"/>
				<METS:div TYPE="Chapter" LABEL="9.3.1  J2EE核心概述" ORDERLABEL="00000178"><METS:fptr FILEID="00000178"/>
				</METS:div>
				<METS:div TYPE="Chapter" LABEL="9.3.2  J2EE核心技术" ORDERLABEL="00000181"><METS:fptr FILEID="00000181"/>
				</METS:div>
				<METS:div TYPE="Chapter" LABEL="9.3.3  J2EE的主要优点" ORDERLABEL="00000184"><METS:fptr FILEID="00000184"/>
				</METS:div>
			</METS:div>
			<METS:div TYPE="Chapter" LABEL="9.4  EJB技术" ORDERLABEL="00000185"><METS:fptr FILEID="00000185"/>
				<METS:div TYPE="Chapter" LABEL="9.4.1  EJB的体系结构" ORDERLABEL="00000185"><METS:fptr FILEID="00000185"/>
				</METS:div>
				<METS:div TYPE="Chapter" LABEL="9.4.2  EJB构件" ORDERLABEL="00000187"><METS:fptr FILEID="00000187"/>
				</METS:div>
				<METS:div TYPE="Chapter" LABEL="9.4.3  EJB编程模型" ORDERLABEL="00000189"><METS:fptr FILEID="00000189"/>
				</METS:div>
				<METS:div TYPE="Chapter" LABEL="9.4.4  EJB中各角色的分析" ORDERLABEL="00000189"><METS:fptr FILEID="00000189"/>
				</METS:div>
				<METS:div TYPE="Chapter" LABEL="9.4.5  EJB构件模型的目标" ORDERLABEL="00000190"><METS:fptr FILEID="00000190"/>
				</METS:div>
				<METS:div TYPE="Chapter" LABEL="9.4.6  EJB和其他技术的关系" ORDERLABEL="00000190"><METS:fptr FILEID="00000190"/>
				</METS:div>
			</METS:div>
			<METS:div TYPE="Chapter" LABEL="本章小结" ORDERLABEL="00000192"><METS:fptr FILEID="00000192"/>
			</METS:div>
			<METS:div TYPE="Chapter" LABEL="思考题" ORDERLABEL="00000192"><METS:fptr FILEID="00000192"/>
			</METS:div>
		</METS:div>
		<METS:div TYPE="Chapter" LABEL="第10章  现代软件测试与评估" ORDERLABEL="00000193"><METS:fptr FILEID="00000193"/>
			<METS:div TYPE="Chapter" LABEL="10.1  软件测试的理论和实践" ORDERLABEL="00000193"><METS:fptr FILEID="00000193"/>
				<METS:div TYPE="Chapter" LABEL="10.1.1  概述" ORDERLABEL="00000193"><METS:fptr FILEID="00000193"/>
				</METS:div>
				<METS:div TYPE="Chapter" LABEL="10.1.2  测试的基本知识" ORDERLABEL="00000193"><METS:fptr FILEID="00000193"/>
				</METS:div>
			</METS:div>
			<METS:div TYPE="Chapter" LABEL="10.2  综合测试的基本方法" ORDERLABEL="00000195"><METS:fptr FILEID="00000195"/>
			</METS:div>
			<METS:div TYPE="Chapter" LABEL="10.3  软件测试原则" ORDERLABEL="00000198"><METS:fptr FILEID="00000198"/>
			</METS:div>
			<METS:div TYPE="Chapter" LABEL="10.4  面向对象软件的测试" ORDERLABEL="00000198"><METS:fptr FILEID="00000198"/>
				<METS:div TYPE="Chapter" LABEL="10.4.1  面向对象测试模型(Object-Orient Test Model)" ORDERLABEL="00000199"><METS:fptr FILEID="00000199"/>
				</METS:div>
				<METS:div TYPE="Chapter" LABEL="10.4.2  面向对象分析的测试" ORDERLABEL="00000200"><METS:fptr FILEID="00000200"/>
				</METS:div>
				<METS:div TYPE="Chapter" LABEL="10.4.3  面向对象设计的测试" ORDERLABEL="00000202"><METS:fptr FILEID="00000202"/>
				</METS:div>
				<METS:div TYPE="Chapter" LABEL="10.4.4  面向对象编程的测试" ORDERLABEL="00000203"><METS:fptr FILEID="00000203"/>
				</METS:div>
				<METS:div TYPE="Chapter" LABEL="10.4.5  面向对象的单元测试" ORDERLABEL="00000204"><METS:fptr FILEID="00000204"/>
				</METS:div>
				<METS:div TYPE="Chapter" LABEL="10.4.6  面向对象的集成测试" ORDERLABEL="00000205"><METS:fptr FILEID="00000205"/>
				</METS:div>
				<METS:div TYPE="Chapter" LABEL="10.4.7  面向对象的系统测试" ORDERLABEL="00000206"><METS:fptr FILEID="00000206"/>
				</METS:div>
			</METS:div>
			<METS:div TYPE="Chapter" LABEL="10.5  分布式对象测试" ORDERLABEL="00000207"><METS:fptr FILEID="00000207"/>
				<METS:div TYPE="Chapter" LABEL="10.5.1  分布式对象测试概述" ORDERLABEL="00000207"><METS:fptr FILEID="00000207"/>
				</METS:div>
				<METS:div TYPE="Chapter" LABEL="10.5.2  一般分布式模型的测试" ORDERLABEL="00000210"><METS:fptr FILEID="00000210"/>
				</METS:div>
				<METS:div TYPE="Chapter" LABEL="10.5.3  最大的分布式系统——Internet" ORDERLABEL="00000213"><METS:fptr FILEID="00000213"/>
				</METS:div>
			</METS:div>
			<METS:div TYPE="Chapter" LABEL="10.6  CMM及其应用" ORDERLABEL="00000215"><METS:fptr FILEID="00000215"/>
				<METS:div TYPE="Chapter" LABEL="10.6.1  CMM简介" ORDERLABEL="00000216"><METS:fptr FILEID="00000216"/>
				</METS:div>
				<METS:div TYPE="Chapter" LABEL="10.6.2  CMM与ISO" ORDERLABEL="00000220"><METS:fptr FILEID="00000220"/>
				</METS:div>
			</METS:div>
			<METS:div TYPE="Chapter" LABEL="本章小结" ORDERLABEL="00000223"><METS:fptr FILEID="00000223"/>
			</METS:div>
			<METS:div TYPE="Chapter" LABEL="思考题" ORDERLABEL="00000223"><METS:fptr FILEID="00000223"/>
			</METS:div>
		</METS:div>
		<METS:div TYPE="Chapter" LABEL="第11章  典型实例分析" ORDERLABEL="00000224"><METS:fptr FILEID="00000224"/>
			<METS:div TYPE="Chapter" LABEL="11.1  面向对象软件技术开发实例" ORDERLABEL="00000224"><METS:fptr FILEID="00000224"/>
			</METS:div>
			<METS:div TYPE="Chapter" LABEL="11.2  分布式软件开发实例" ORDERLABEL="00000230"><METS:fptr FILEID="00000230"/>
			</METS:div>
			<METS:div TYPE="Chapter" LABEL="11.3  Java软件开发实例" ORDERLABEL="00000235"><METS:fptr FILEID="00000235"/>
			</METS:div>
			<METS:div TYPE="Chapter" LABEL="11.4  UML软件工程实例" ORDERLABEL="00000241"><METS:fptr FILEID="00000241"/>
			</METS:div>
			<METS:div TYPE="Chapter" LABEL="11.5  DCOM技术开发实例" ORDERLABEL="00000246"><METS:fptr FILEID="00000246"/>
			</METS:div>
			<METS:div TYPE="Chapter" LABEL="本章小结" ORDERLABEL="00000250"><METS:fptr FILEID="00000250"/>
			</METS:div>
			<METS:div TYPE="Chapter" LABEL="思考题" ORDERLABEL="00000251"><METS:fptr FILEID="00000251"/>
			</METS:div>
		</METS:div>
	</METS:structMap>
</METS:mets>
