<?xml version="1.0" encoding="utf-8"?>
<METS:mets xmlns:METS="http://www.loc.gov/METS/" xmlns:xsi="http://www.w3.org/2001/XMLSchema-instance" xmlns:gdm="http://sunsite.berkeley.edu/GDM/" xmlns:xlink="http://www.w3.org/TR/xlink" xsi:schemalocation="http://www.loc.gov/METS/http://www.loc.gov/standards/mets/mets.xsd" LABEL="Zhejiang University.jdl.China-America digital library project" TYPE="Section">
	<METS:structMap TYPE="Catalog">
		<METS:div TYPE="Chapter" LABEL="第1章  计算机网络概论" ORDERLABEL="00000013"><METS:fptr FILEID="00000013"/>
			<METS:div TYPE="Chapter" LABEL="1.1  计算机网络的产生与发展" ORDERLABEL="00000013"><METS:fptr FILEID="00000013"/>
				<METS:div TYPE="Chapter" LABEL="1.1.1  计算机与通信的结合" ORDERLABEL="00000013"><METS:fptr FILEID="00000013"/>
				</METS:div>
				<METS:div TYPE="Chapter" LABEL="1.1.2  计算机网络的发展" ORDERLABEL="00000013"><METS:fptr FILEID="00000013"/>
				</METS:div>
			</METS:div>
			<METS:div TYPE="Chapter" LABEL="1.2  计算机网络" ORDERLABEL="00000016"><METS:fptr FILEID="00000016"/>
				<METS:div TYPE="Chapter" LABEL="1.2.1  计算机网络的定义与结构" ORDERLABEL="00000016"><METS:fptr FILEID="00000016"/>
				</METS:div>
				<METS:div TYPE="Chapter" LABEL="1.2.2  计算机网络的主要功能" ORDERLABEL="00000019"><METS:fptr FILEID="00000019"/>
				</METS:div>
				<METS:div TYPE="Chapter" LABEL="1.2.3  计算机网络的分类" ORDERLABEL="00000019"><METS:fptr FILEID="00000019"/>
				</METS:div>
			</METS:div>
			<METS:div TYPE="Chapter" LABEL="1.3  信道与数据通信" ORDERLABEL="00000020"><METS:fptr FILEID="00000020"/>
				<METS:div TYPE="Chapter" LABEL="1.3.1  信道" ORDERLABEL="00000020"><METS:fptr FILEID="00000020"/>
				</METS:div>
				<METS:div TYPE="Chapter" LABEL="1.3.2  模拟传输与数字传输" ORDERLABEL="00000023"><METS:fptr FILEID="00000023"/>
				</METS:div>
			</METS:div>
			<METS:div TYPE="Chapter" LABEL="1.4  关于信道共享" ORDERLABEL="00000032"><METS:fptr FILEID="00000032"/>
				<METS:div TYPE="Chapter" LABEL="1.4.1  共享点到点信道" ORDERLABEL="00000032"><METS:fptr FILEID="00000032"/>
				</METS:div>
				<METS:div TYPE="Chapter" LABEL="1.4.2  共享用点到点链路构成的网络" ORDERLABEL="00000035"><METS:fptr FILEID="00000035"/>
				</METS:div>
				<METS:div TYPE="Chapter" LABEL="1.4.3  共享广播信道" ORDERLABEL="00000038"><METS:fptr FILEID="00000038"/>
				</METS:div>
			</METS:div>
			<METS:div TYPE="Chapter" LABEL="习题" ORDERLABEL="00000039"><METS:fptr FILEID="00000039"/>
			</METS:div>
		</METS:div>
		<METS:div TYPE="Chapter" LABEL="第2章  计算机网络体系结构与协议" ORDERLABEL="00000041"><METS:fptr FILEID="00000041"/>
			<METS:div TYPE="Chapter" LABEL="2.1  网络体系结构" ORDERLABEL="00000041"><METS:fptr FILEID="00000041"/>
				<METS:div TYPE="Chapter" LABEL="2.1.1  体系结构的层次化" ORDERLABEL="00000041"><METS:fptr FILEID="00000041"/>
				</METS:div>
				<METS:div TYPE="Chapter" LABEL="2.1.2  开放系统互联参考模型" ORDERLABEL="00000042"><METS:fptr FILEID="00000042"/>
				</METS:div>
				<METS:div TYPE="Chapter" LABEL="2.1.3  OSI/RM中的基本概念" ORDERLABEL="00000044"><METS:fptr FILEID="00000044"/>
				</METS:div>
				<METS:div TYPE="Chapter" LABEL="2.1.4  TCP/IP网络体系结构简介" ORDERLABEL="00000048"><METS:fptr FILEID="00000048"/>
				</METS:div>
			</METS:div>
			<METS:div TYPE="Chapter" LABEL="2.2  物理层" ORDERLABEL="00000049"><METS:fptr FILEID="00000049"/>
				<METS:div TYPE="Chapter" LABEL="2.2.1  物理层的功能与特性" ORDERLABEL="00000049"><METS:fptr FILEID="00000049"/>
				</METS:div>
				<METS:div TYPE="Chapter" LABEL="2.2.2  传输媒体" ORDERLABEL="00000052"><METS:fptr FILEID="00000052"/>
				</METS:div>
			</METS:div>
			<METS:div TYPE="Chapter" LABEL="2.3  数据链路层" ORDERLABEL="00000056"><METS:fptr FILEID="00000056"/>
				<METS:div TYPE="Chapter" LABEL="2.3.1  数据链路层的基本概念" ORDERLABEL="00000056"><METS:fptr FILEID="00000056"/>
				</METS:div>
				<METS:div TYPE="Chapter" LABEL="2.3.2  停止等待协议" ORDERLABEL="00000057"><METS:fptr FILEID="00000057"/>
				</METS:div>
				<METS:div TYPE="Chapter" LABEL="2.3.3  连续ARQ和选择重传ARQ协议" ORDERLABEL="00000063"><METS:fptr FILEID="00000063"/>
				</METS:div>
				<METS:div TYPE="Chapter" LABEL="2.3.4  面向比特的链路控制规程HDLC" ORDERLABEL="00000065"><METS:fptr FILEID="00000065"/>
				</METS:div>
				<METS:div TYPE="Chapter" LABEL="2.3.5  数据链路服务原语与协议数据单元的关系" ORDERLABEL="00000071"><METS:fptr FILEID="00000071"/>
				</METS:div>
			</METS:div>
			<METS:div TYPE="Chapter" LABEL="2.4  网络层" ORDERLABEL="00000072"><METS:fptr FILEID="00000072"/>
				<METS:div TYPE="Chapter" LABEL="2.4.1  网络层提供的服务" ORDERLABEL="00000072"><METS:fptr FILEID="00000072"/>
				</METS:div>
				<METS:div TYPE="Chapter" LABEL="2.4.2  路由选择" ORDERLABEL="00000074"><METS:fptr FILEID="00000074"/>
				</METS:div>
				<METS:div TYPE="Chapter" LABEL="2.4.3  流量控制" ORDERLABEL="00000078"><METS:fptr FILEID="00000078"/>
				</METS:div>
				<METS:div TYPE="Chapter" LABEL="2.4.4  X.25建议书" ORDERLABEL="00000082"><METS:fptr FILEID="00000082"/>
				</METS:div>
			</METS:div>
			<METS:div TYPE="Chapter" LABEL="2.5  运输层" ORDERLABEL="00000089"><METS:fptr FILEID="00000089"/>
				<METS:div TYPE="Chapter" LABEL="2.5.1  概述" ORDERLABEL="00000089"><METS:fptr FILEID="00000089"/>
				</METS:div>
				<METS:div TYPE="Chapter" LABEL="2.5.2  运输服务与协议" ORDERLABEL="00000090"><METS:fptr FILEID="00000090"/>
				</METS:div>
				<METS:div TYPE="Chapter" LABEL="2.5.3  第4类运输协议的差错检测与恢复" ORDERLABEL="00000098"><METS:fptr FILEID="00000098"/>
				</METS:div>
			</METS:div>
			<METS:div TYPE="Chapter" LABEL="2.6  高层协议" ORDERLABEL="00000102"><METS:fptr FILEID="00000102"/>
				<METS:div TYPE="Chapter" LABEL="2.6.1  会话层" ORDERLABEL="00000102"><METS:fptr FILEID="00000102"/>
				</METS:div>
				<METS:div TYPE="Chapter" LABEL="2.6.2  表示层" ORDERLABEL="00000104"><METS:fptr FILEID="00000104"/>
				</METS:div>
				<METS:div TYPE="Chapter" LABEL="2.6.3  应用层" ORDERLABEL="00000106"><METS:fptr FILEID="00000106"/>
				</METS:div>
			</METS:div>
			<METS:div TYPE="Chapter" LABEL="习题" ORDERLABEL="00000111"><METS:fptr FILEID="00000111"/>
			</METS:div>
		</METS:div>
		<METS:div TYPE="Chapter" LABEL="第3章  计算机局域网" ORDERLABEL="00000114"><METS:fptr FILEID="00000114"/>
			<METS:div TYPE="Chapter" LABEL="3.1  局域网概述" ORDERLABEL="00000114"><METS:fptr FILEID="00000114"/>
				<METS:div TYPE="Chapter" LABEL="3.1.1  局域网的定义与特点" ORDERLABEL="00000114"><METS:fptr FILEID="00000114"/>
				</METS:div>
				<METS:div TYPE="Chapter" LABEL="3.1.2  计算机局域网与多用户系统和分布式系统" ORDERLABEL="00000115"><METS:fptr FILEID="00000115"/>
				</METS:div>
			</METS:div>
			<METS:div TYPE="Chapter" LABEL="3.2  局域网参考模型" ORDERLABEL="00000116"><METS:fptr FILEID="00000116"/>
				<METS:div TYPE="Chapter" LABEL="3.2.1  局域网的体系结构" ORDERLABEL="00000116"><METS:fptr FILEID="00000116"/>
				</METS:div>
				<METS:div TYPE="Chapter" LABEL="3.2.2  IEEE 802标准" ORDERLABEL="00000118"><METS:fptr FILEID="00000118"/>
				</METS:div>
				<METS:div TYPE="Chapter" LABEL="3.2.3  MAC子层与LLC子层" ORDERLABEL="00000119"><METS:fptr FILEID="00000119"/>
				</METS:div>
			</METS:div>
			<METS:div TYPE="Chapter" LABEL="3.3  IEEE 802.3标准:总线局域网" ORDERLABEL="00000123"><METS:fptr FILEID="00000123"/>
				<METS:div TYPE="Chapter" LABEL="3.3.1  竞争型媒体访问控制方法" ORDERLABEL="00000123"><METS:fptr FILEID="00000123"/>
				</METS:div>
				<METS:div TYPE="Chapter" LABEL="3.3.2  总线网的组成" ORDERLABEL="00000128"><METS:fptr FILEID="00000128"/>
				</METS:div>
				<METS:div TYPE="Chapter" LABEL="3.3.3  MAC子层" ORDERLABEL="00000129"><METS:fptr FILEID="00000129"/>
				</METS:div>
			</METS:div>
			<METS:div TYPE="Chapter" LABEL="3.4  IEEE 802.5标准:令牌环局域网" ORDERLABEL="00000131"><METS:fptr FILEID="00000131"/>
				<METS:div TYPE="Chapter" LABEL="3.4.1  令牌环的工作原理" ORDERLABEL="00000131"><METS:fptr FILEID="00000131"/>
				</METS:div>
				<METS:div TYPE="Chapter" LABEL="3.4.2  MAC帧格式" ORDERLABEL="00000132"><METS:fptr FILEID="00000132"/>
				</METS:div>
				<METS:div TYPE="Chapter" LABEL="3.4.3  令牌环的管理" ORDERLABEL="00000134"><METS:fptr FILEID="00000134"/>
				</METS:div>
			</METS:div>
			<METS:div TYPE="Chapter" LABEL="3.5  IEEE 802.4标准:令牌总线网" ORDERLABEL="00000136"><METS:fptr FILEID="00000136"/>
				<METS:div TYPE="Chapter" LABEL="3.5.1  令牌总线网的工作原理" ORDERLABEL="00000136"><METS:fptr FILEID="00000136"/>
				</METS:div>
				<METS:div TYPE="Chapter" LABEL="3.5.2  MAC帧格式" ORDERLABEL="00000137"><METS:fptr FILEID="00000137"/>
				</METS:div>
				<METS:div TYPE="Chapter" LABEL="3.5.3  令牌总线的管理" ORDERLABEL="00000138"><METS:fptr FILEID="00000138"/>
				</METS:div>
				<METS:div TYPE="Chapter" LABEL="3.5.4  3种局域网的比较" ORDERLABEL="00000139"><METS:fptr FILEID="00000139"/>
				</METS:div>
			</METS:div>
			<METS:div TYPE="Chapter" LABEL="习题" ORDERLABEL="00000141"><METS:fptr FILEID="00000141"/>
			</METS:div>
		</METS:div>
		<METS:div TYPE="Chapter" LABEL="第4章  网络互联与Internet" ORDERLABEL="00000142"><METS:fptr FILEID="00000142"/>
			<METS:div TYPE="Chapter" LABEL="4.1  网络互联概述" ORDERLABEL="00000142"><METS:fptr FILEID="00000142"/>
				<METS:div TYPE="Chapter" LABEL="4.1.1  网络互联的必要性" ORDERLABEL="00000142"><METS:fptr FILEID="00000142"/>
				</METS:div>
				<METS:div TYPE="Chapter" LABEL="4.1.2  网络互联的目标与要求" ORDERLABEL="00000142"><METS:fptr FILEID="00000142"/>
				</METS:div>
				<METS:div TYPE="Chapter" LABEL="4.1.3  网络互联方案" ORDERLABEL="00000143"><METS:fptr FILEID="00000143"/>
				</METS:div>
			</METS:div>
			<METS:div TYPE="Chapter" LABEL="4.2  网络互联设备" ORDERLABEL="00000145"><METS:fptr FILEID="00000145"/>
				<METS:div TYPE="Chapter" LABEL="4.2.1  中继器" ORDERLABEL="00000145"><METS:fptr FILEID="00000145"/>
				</METS:div>
				<METS:div TYPE="Chapter" LABEL="4.2.2  网桥" ORDERLABEL="00000145"><METS:fptr FILEID="00000145"/>
				</METS:div>
				<METS:div TYPE="Chapter" LABEL="4.2.3  路由器" ORDERLABEL="00000148"><METS:fptr FILEID="00000148"/>
				</METS:div>
				<METS:div TYPE="Chapter" LABEL="4.2.4  网关" ORDERLABEL="00000150"><METS:fptr FILEID="00000150"/>
				</METS:div>
				<METS:div TYPE="Chapter" LABEL="4.2.5  集线器" ORDERLABEL="00000150"><METS:fptr FILEID="00000150"/>
				</METS:div>
			</METS:div>
			<METS:div TYPE="Chapter" LABEL="4.3  局域网互联" ORDERLABEL="00000151"><METS:fptr FILEID="00000151"/>
				<METS:div TYPE="Chapter" LABEL="4.3.1  本地局域网互联方式" ORDERLABEL="00000151"><METS:fptr FILEID="00000151"/>
				</METS:div>
				<METS:div TYPE="Chapter" LABEL="4.3.2  远程局域网互联方式" ORDERLABEL="00000152"><METS:fptr FILEID="00000152"/>
				</METS:div>
			</METS:div>
			<METS:div TYPE="Chapter" LABEL="4.4  广域网互联" ORDERLABEL="00000154"><METS:fptr FILEID="00000154"/>
				<METS:div TYPE="Chapter" LABEL="4.4.1  无连接的网际互联方式" ORDERLABEL="00000154"><METS:fptr FILEID="00000154"/>
				</METS:div>
				<METS:div TYPE="Chapter" LABEL="4.4.2  面向连接的网际互联" ORDERLABEL="00000155"><METS:fptr FILEID="00000155"/>
				</METS:div>
			</METS:div>
			<METS:div TYPE="Chapter" LABEL="4.5  Internet" ORDERLABEL="00000156"><METS:fptr FILEID="00000156"/>
				<METS:div TYPE="Chapter" LABEL="4.5.1  TCP/IP分层模式" ORDERLABEL="00000157"><METS:fptr FILEID="00000157"/>
				</METS:div>
				<METS:div TYPE="Chapter" LABEL="4.5.2  Internet的编址与命名" ORDERLABEL="00000159"><METS:fptr FILEID="00000159"/>
				</METS:div>
				<METS:div TYPE="Chapter" LABEL="4.5.3  IP协议" ORDERLABEL="00000164"><METS:fptr FILEID="00000164"/>
				</METS:div>
				<METS:div TYPE="Chapter" LABEL="4.5.4  Internet上的服务" ORDERLABEL="00000171"><METS:fptr FILEID="00000171"/>
				</METS:div>
			</METS:div>
			<METS:div TYPE="Chapter" LABEL="习题" ORDERLABEL="00000174"><METS:fptr FILEID="00000174"/>
			</METS:div>
		</METS:div>
		<METS:div TYPE="Chapter" LABEL="第5章  高速网络技术" ORDERLABEL="00000176"><METS:fptr FILEID="00000176"/>
			<METS:div TYPE="Chapter" LABEL="5.1  高速以太网技术" ORDERLABEL="00000176"><METS:fptr FILEID="00000176"/>
				<METS:div TYPE="Chapter" LABEL="5.1.1  100 Base-T" ORDERLABEL="00000176"><METS:fptr FILEID="00000176"/>
				</METS:div>
				<METS:div TYPE="Chapter" LABEL="5.1.2  100 Base-VG" ORDERLABEL="00000177"><METS:fptr FILEID="00000177"/>
				</METS:div>
				<METS:div TYPE="Chapter" LABEL="5.1.3  全双工以太网与等时以太网" ORDERLABEL="00000179"><METS:fptr FILEID="00000179"/>
				</METS:div>
				<METS:div TYPE="Chapter" LABEL="5.1.4  千兆位以太网" ORDERLABEL="00000179"><METS:fptr FILEID="00000179"/>
				</METS:div>
			</METS:div>
			<METS:div TYPE="Chapter" LABEL="5.2  光纤分布式数据接口FDDI" ORDERLABEL="00000180"><METS:fptr FILEID="00000180"/>
				<METS:div TYPE="Chapter" LABEL="5.2.1  FDDI概述" ORDERLABEL="00000180"><METS:fptr FILEID="00000180"/>
				</METS:div>
				<METS:div TYPE="Chapter" LABEL="5.2.2  FDDI与802.5令牌环型网的主要差别" ORDERLABEL="00000181"><METS:fptr FILEID="00000181"/>
				</METS:div>
				<METS:div TYPE="Chapter" LABEL="5.2.3  FDDI-Ⅱ" ORDERLABEL="00000185"><METS:fptr FILEID="00000185"/>
				</METS:div>
				<METS:div TYPE="Chapter" LABEL="5.2.4  CDDI和FFOL" ORDERLABEL="00000188"><METS:fptr FILEID="00000188"/>
				</METS:div>
			</METS:div>
			<METS:div TYPE="Chapter" LABEL="5.3  分布式队列双总线DQDB" ORDERLABEL="00000189"><METS:fptr FILEID="00000189"/>
				<METS:div TYPE="Chapter" LABEL="5.3.1  DQDB概述" ORDERLABEL="00000189"><METS:fptr FILEID="00000189"/>
				</METS:div>
				<METS:div TYPE="Chapter" LABEL="5.3.2  DQDB网络的组成与总线的接入控制" ORDERLABEL="00000190"><METS:fptr FILEID="00000190"/>
				</METS:div>
				<METS:div TYPE="Chapter" LABEL="5.3.3  IEEE 802.6标准" ORDERLABEL="00000192"><METS:fptr FILEID="00000192"/>
				</METS:div>
			</METS:div>
			<METS:div TYPE="Chapter" LABEL="5.4  综合业务数字网ISDN" ORDERLABEL="00000195"><METS:fptr FILEID="00000195"/>
				<METS:div TYPE="Chapter" LABEL="5.4.1  N-ISDN的体系结构" ORDERLABEL="00000196"><METS:fptr FILEID="00000196"/>
				</METS:div>
				<METS:div TYPE="Chapter" LABEL="5.4.2  宽带综合业务数字网B-ISDN" ORDERLABEL="00000198"><METS:fptr FILEID="00000198"/>
				</METS:div>
				<METS:div TYPE="Chapter" LABEL="5.4.3  异步转移模式ATM" ORDERLABEL="00000202"><METS:fptr FILEID="00000202"/>
				</METS:div>
				<METS:div TYPE="Chapter" LABEL="5.4.4  ATM网与现有网络的互联互通" ORDERLABEL="00000207"><METS:fptr FILEID="00000207"/>
				</METS:div>
			</METS:div>
			<METS:div TYPE="Chapter" LABEL="5.5  帧中继FR和交换式多兆比特数据服务SMDS" ORDERLABEL="00000212"><METS:fptr FILEID="00000212"/>
				<METS:div TYPE="Chapter" LABEL="5.5.1  帧中继FR" ORDERLABEL="00000212"><METS:fptr FILEID="00000212"/>
				</METS:div>
				<METS:div TYPE="Chapter" LABEL="5.5.2  交换式多兆比特数据服务SMDS" ORDERLABEL="00000215"><METS:fptr FILEID="00000215"/>
				</METS:div>
			</METS:div>
			<METS:div TYPE="Chapter" LABEL="习题" ORDERLABEL="00000217"><METS:fptr FILEID="00000217"/>
			</METS:div>
		</METS:div>
		<METS:div TYPE="Chapter" LABEL="第6章  计算机网络的安全与管理" ORDERLABEL="00000218"><METS:fptr FILEID="00000218"/>
			<METS:div TYPE="Chapter" LABEL="6.1  计算机网络的安全" ORDERLABEL="00000218"><METS:fptr FILEID="00000218"/>
				<METS:div TYPE="Chapter" LABEL="6.1.1  数据加密" ORDERLABEL="00000218"><METS:fptr FILEID="00000218"/>
				</METS:div>
				<METS:div TYPE="Chapter" LABEL="6.1.2  数字签名" ORDERLABEL="00000224"><METS:fptr FILEID="00000224"/>
				</METS:div>
				<METS:div TYPE="Chapter" LABEL="6.1.3  密钥分配协议" ORDERLABEL="00000225"><METS:fptr FILEID="00000225"/>
				</METS:div>
				<METS:div TYPE="Chapter" LABEL="6.1.4  在OSI环境下的安全措施" ORDERLABEL="00000227"><METS:fptr FILEID="00000227"/>
				</METS:div>
			</METS:div>
			<METS:div TYPE="Chapter" LABEL="6.2  防火墙技术" ORDERLABEL="00000229"><METS:fptr FILEID="00000229"/>
				<METS:div TYPE="Chapter" LABEL="6.2.1  防火墙的概念" ORDERLABEL="00000229"><METS:fptr FILEID="00000229"/>
				</METS:div>
				<METS:div TYPE="Chapter" LABEL="6.2.2  防火墙的配置" ORDERLABEL="00000233"><METS:fptr FILEID="00000233"/>
				</METS:div>
			</METS:div>
			<METS:div TYPE="Chapter" LABEL="6.3  网络管理" ORDERLABEL="00000235"><METS:fptr FILEID="00000235"/>
				<METS:div TYPE="Chapter" LABEL="6.3.1  OSI网络管理结构" ORDERLABEL="00000235"><METS:fptr FILEID="00000235"/>
				</METS:div>
				<METS:div TYPE="Chapter" LABEL="6.3.2  网络管理功能" ORDERLABEL="00000236"><METS:fptr FILEID="00000236"/>
				</METS:div>
				<METS:div TYPE="Chapter" LABEL="6.3.3  简单网络管理协议SNMP" ORDERLABEL="00000238"><METS:fptr FILEID="00000238"/>
				</METS:div>
			</METS:div>
			<METS:div TYPE="Chapter" LABEL="习题" ORDERLABEL="00000239"><METS:fptr FILEID="00000239"/>
			</METS:div>
		</METS:div>
		<METS:div TYPE="Chapter" LABEL="第7章  网络系统集成、规划与设计" ORDERLABEL="00000240"><METS:fptr FILEID="00000240"/>
			<METS:div TYPE="Chapter" LABEL="7.1  网络系统集成的基本概念" ORDERLABEL="00000240"><METS:fptr FILEID="00000240"/>
				<METS:div TYPE="Chapter" LABEL="7.1.1  什么是网络系统集成" ORDERLABEL="00000240"><METS:fptr FILEID="00000240"/>
				</METS:div>
				<METS:div TYPE="Chapter" LABEL="7.1.2  网络系统集成的目标、方法和内容" ORDERLABEL="00000240"><METS:fptr FILEID="00000240"/>
				</METS:div>
			</METS:div>
			<METS:div TYPE="Chapter" LABEL="7.2  网络规划与设计" ORDERLABEL="00000243"><METS:fptr FILEID="00000243"/>
				<METS:div TYPE="Chapter" LABEL="7.2.1  网络系统规划及设计的一般步骤与原则" ORDERLABEL="00000243"><METS:fptr FILEID="00000243"/>
				</METS:div>
				<METS:div TYPE="Chapter" LABEL="7.2.2  需求分析及系统目标" ORDERLABEL="00000244"><METS:fptr FILEID="00000244"/>
				</METS:div>
				<METS:div TYPE="Chapter" LABEL="7.2.3  网络规划方案" ORDERLABEL="00000246"><METS:fptr FILEID="00000246"/>
				</METS:div>
				<METS:div TYPE="Chapter" LABEL="7.2.4  网络系统总体设计" ORDERLABEL="00000249"><METS:fptr FILEID="00000249"/>
				</METS:div>
			</METS:div>
			<METS:div TYPE="Chapter" LABEL="7.3  系统组网时应考虑的技术问题" ORDERLABEL="00000259"><METS:fptr FILEID="00000259"/>
				<METS:div TYPE="Chapter" LABEL="7.3.1  客户机/服务器计算模式" ORDERLABEL="00000259"><METS:fptr FILEID="00000259"/>
				</METS:div>
				<METS:div TYPE="Chapter" LABEL="7.3.2  组网技术方案的选择" ORDERLABEL="00000262"><METS:fptr FILEID="00000262"/>
				</METS:div>
				<METS:div TYPE="Chapter" LABEL="7.3.3  系统组网应注意的问题" ORDERLABEL="00000272"><METS:fptr FILEID="00000272"/>
				</METS:div>
				<METS:div TYPE="Chapter" LABEL="7.3.4  网络系统性能的保证与评价" ORDERLABEL="00000279"><METS:fptr FILEID="00000279"/>
				</METS:div>
			</METS:div>
			<METS:div TYPE="Chapter" LABEL="7.4  网络系统设计范例介绍" ORDERLABEL="00000282"><METS:fptr FILEID="00000282"/>
				<METS:div TYPE="Chapter" LABEL="7.4.1  某单位局域网络系统" ORDERLABEL="00000282"><METS:fptr FILEID="00000282"/>
				</METS:div>
				<METS:div TYPE="Chapter" LABEL="7.4.2  某校园网络系统" ORDERLABEL="00000284"><METS:fptr FILEID="00000284"/>
				</METS:div>
			</METS:div>
			<METS:div TYPE="Chapter" LABEL="习题" ORDERLABEL="00000286"><METS:fptr FILEID="00000286"/>
			</METS:div>
		</METS:div>
		<METS:div TYPE="Chapter" LABEL="第8章  Novell网络操作系统及其应用" ORDERLABEL="00000288"><METS:fptr FILEID="00000288"/>
			<METS:div TYPE="Chapter" LABEL="8.1  Novell网络及操作系统概述" ORDERLABEL="00000288"><METS:fptr FILEID="00000288"/>
				<METS:div TYPE="Chapter" LABEL="8.1.1  Novell网络的发展过程" ORDERLABEL="00000288"><METS:fptr FILEID="00000288"/>
				</METS:div>
				<METS:div TYPE="Chapter" LABEL="8.1.2  Novell局域网络基本组成" ORDERLABEL="00000289"><METS:fptr FILEID="00000289"/>
				</METS:div>
				<METS:div TYPE="Chapter" LABEL="8.1.3  Novell网络支持的标准" ORDERLABEL="00000290"><METS:fptr FILEID="00000290"/>
				</METS:div>
			</METS:div>
			<METS:div TYPE="Chapter" LABEL="8.2  Novell网络系统安装" ORDERLABEL="00000292"><METS:fptr FILEID="00000292"/>
				<METS:div TYPE="Chapter" LABEL="8.2.1  安装环境" ORDERLABEL="00000292"><METS:fptr FILEID="00000292"/>
				</METS:div>
				<METS:div TYPE="Chapter" LABEL="8.2.2  网络服务器的安装" ORDERLABEL="00000293"><METS:fptr FILEID="00000293"/>
				</METS:div>
				<METS:div TYPE="Chapter" LABEL="8.2.3  网络工作站的安装" ORDERLABEL="00000297"><METS:fptr FILEID="00000297"/>
				</METS:div>
			</METS:div>
			<METS:div TYPE="Chapter" LABEL="8.3  网络的使用" ORDERLABEL="00000299"><METS:fptr FILEID="00000299"/>
				<METS:div TYPE="Chapter" LABEL="8.3.1  文件服务器的启动与关闭" ORDERLABEL="00000300"><METS:fptr FILEID="00000300"/>
				</METS:div>
				<METS:div TYPE="Chapter" LABEL="8.3.2  文件服务器控制台操作" ORDERLABEL="00000300"><METS:fptr FILEID="00000300"/>
				</METS:div>
				<METS:div TYPE="Chapter" LABEL="8.3.3  从工作站上网和下网操作步骤" ORDERLABEL="00000302"><METS:fptr FILEID="00000302"/>
				</METS:div>
			</METS:div>
			<METS:div TYPE="Chapter" LABEL="8.4  Novell网络环境设置及系统管理" ORDERLABEL="00000303"><METS:fptr FILEID="00000303"/>
				<METS:div TYPE="Chapter" LABEL="8.4.1  网络目录服务及目录树结构" ORDERLABEL="00000303"><METS:fptr FILEID="00000303"/>
				</METS:div>
				<METS:div TYPE="Chapter" LABEL="8.4.2  文件服务器硬盘目录结构" ORDERLABEL="00000304"><METS:fptr FILEID="00000304"/>
				</METS:div>
				<METS:div TYPE="Chapter" LABEL="8.4.3  NetWare权限及安全保密" ORDERLABEL="00000305"><METS:fptr FILEID="00000305"/>
				</METS:div>
				<METS:div TYPE="Chapter" LABEL="8.4.4  创建、管理用户及群组" ORDERLABEL="00000307"><METS:fptr FILEID="00000307"/>
				</METS:div>
				<METS:div TYPE="Chapter" LABEL="8.4.5  入网注册文本" ORDERLABEL="00000311"><METS:fptr FILEID="00000311"/>
				</METS:div>
			</METS:div>
			<METS:div TYPE="Chapter" LABEL="习题" ORDERLABEL="00000314"><METS:fptr FILEID="00000314"/>
			</METS:div>
		</METS:div>
		<METS:div TYPE="Chapter" LABEL="第9章  Windows NT网络操作系统及其应用" ORDERLABEL="00000315"><METS:fptr FILEID="00000315"/>
			<METS:div TYPE="Chapter" LABEL="9.1  Windows NT概述" ORDERLABEL="00000315"><METS:fptr FILEID="00000315"/>
			</METS:div>
			<METS:div TYPE="Chapter" LABEL="9.2  Windows NT的基本概念" ORDERLABEL="00000316"><METS:fptr FILEID="00000316"/>
			</METS:div>
			<METS:div TYPE="Chapter" LABEL="9.3  Windows NT Server的用途及特点" ORDERLABEL="00000318"><METS:fptr FILEID="00000318"/>
				<METS:div TYPE="Chapter" LABEL="9.3.1  用途" ORDERLABEL="00000318"><METS:fptr FILEID="00000318"/>
				</METS:div>
				<METS:div TYPE="Chapter" LABEL="9.3.2  特点" ORDERLABEL="00000318"><METS:fptr FILEID="00000318"/>
				</METS:div>
			</METS:div>
			<METS:div TYPE="Chapter" LABEL="9.4  Windows NT网络系统安装" ORDERLABEL="00000319"><METS:fptr FILEID="00000319"/>
				<METS:div TYPE="Chapter" LABEL="9.4.1  安装环境" ORDERLABEL="00000319"><METS:fptr FILEID="00000319"/>
				</METS:div>
				<METS:div TYPE="Chapter" LABEL="9.4.2  网络安装的实例介绍" ORDERLABEL="00000320"><METS:fptr FILEID="00000320"/>
				</METS:div>
			</METS:div>
			<METS:div TYPE="Chapter" LABEL="9.5  Windows NT网络的一般使用方式" ORDERLABEL="00000325"><METS:fptr FILEID="00000325"/>
				<METS:div TYPE="Chapter" LABEL="9.5.1  启动Windows NT" ORDERLABEL="00000325"><METS:fptr FILEID="00000325"/>
				</METS:div>
				<METS:div TYPE="Chapter" LABEL="9.5.2  Windows NT网络操作系统的使用介绍" ORDERLABEL="00000327"><METS:fptr FILEID="00000327"/>
				</METS:div>
			</METS:div>
			<METS:div TYPE="Chapter" LABEL="9.6  网络用户的管理" ORDERLABEL="00000328"><METS:fptr FILEID="00000328"/>
				<METS:div TYPE="Chapter" LABEL="9.6.1  网络的规划" ORDERLABEL="00000329"><METS:fptr FILEID="00000329"/>
				</METS:div>
				<METS:div TYPE="Chapter" LABEL="9.6.2  域用户管理器" ORDERLABEL="00000331"><METS:fptr FILEID="00000331"/>
				</METS:div>
				<METS:div TYPE="Chapter" LABEL="9.6.3  用户、组账号设置及权限分配" ORDERLABEL="00000333"><METS:fptr FILEID="00000333"/>
				</METS:div>
			</METS:div>
			<METS:div TYPE="Chapter" LABEL="9.7  使用网络资源" ORDERLABEL="00000336"><METS:fptr FILEID="00000336"/>
				<METS:div TYPE="Chapter" LABEL="9.7.1  理解FAT和NTFS 以及它们对网络资源的影响" ORDERLABEL="00000336"><METS:fptr FILEID="00000336"/>
				</METS:div>
				<METS:div TYPE="Chapter" LABEL="9.7.2  共享资源及网络映射" ORDERLABEL="00000337"><METS:fptr FILEID="00000337"/>
				</METS:div>
				<METS:div TYPE="Chapter" LABEL="9.7.3  网络资源的安全性保护" ORDERLABEL="00000341"><METS:fptr FILEID="00000341"/>
				</METS:div>
			</METS:div>
			<METS:div TYPE="Chapter" LABEL="习题" ORDERLABEL="00000343"><METS:fptr FILEID="00000343"/>
			</METS:div>
		</METS:div>
		<METS:div TYPE="Chapter" LABEL="第10章  网络信息系统开发实例" ORDERLABEL="00000344"><METS:fptr FILEID="00000344"/>
			<METS:div TYPE="Chapter" LABEL="10.1  开发网络应用程序应考虑的问题" ORDERLABEL="00000344"><METS:fptr FILEID="00000344"/>
				<METS:div TYPE="Chapter" LABEL="10.1.1  选择支持网络运行环境的软件" ORDERLABEL="00000344"><METS:fptr FILEID="00000344"/>
				</METS:div>
				<METS:div TYPE="Chapter" LABEL="10.1.2  “客户/服务器”应用程序的设计" ORDERLABEL="00000344"><METS:fptr FILEID="00000344"/>
				</METS:div>
			</METS:div>
			<METS:div TYPE="Chapter" LABEL="10.2  网络上共享数据的规划" ORDERLABEL="00000346"><METS:fptr FILEID="00000346"/>
				<METS:div TYPE="Chapter" LABEL="10.2.1  以数据为中心考虑网络数据规划" ORDERLABEL="00000346"><METS:fptr FILEID="00000346"/>
				</METS:div>
				<METS:div TYPE="Chapter" LABEL="10.2.2  以数据为中心将数据文件分为层次结构" ORDERLABEL="00000346"><METS:fptr FILEID="00000346"/>
				</METS:div>
			</METS:div>
			<METS:div TYPE="Chapter" LABEL="10.3  网络环境下信息管理系统数据共享与并发控制" ORDERLABEL="00000347"><METS:fptr FILEID="00000347"/>
				<METS:div TYPE="Chapter" LABEL="10.3.1  数据共享与并发控制方法分析" ORDERLABEL="00000347"><METS:fptr FILEID="00000347"/>
				</METS:div>
				<METS:div TYPE="Chapter" LABEL="10.3.2  实用网络中断处理程序" ORDERLABEL="00000348"><METS:fptr FILEID="00000348"/>
				</METS:div>
			</METS:div>
			<METS:div TYPE="Chapter" LABEL="10.4  在网络环境下使用Access数据库" ORDERLABEL="00000350"><METS:fptr FILEID="00000350"/>
				<METS:div TYPE="Chapter" LABEL="10.4.1  理解独占与共享方式" ORDERLABEL="00000350"><METS:fptr FILEID="00000350"/>
				</METS:div>
				<METS:div TYPE="Chapter" LABEL="10.4.2  以共享方式打开数据库" ORDERLABEL="00000350"><METS:fptr FILEID="00000350"/>
				</METS:div>
				<METS:div TYPE="Chapter" LABEL="10.4.3  设置记录锁定方式" ORDERLABEL="00000351"><METS:fptr FILEID="00000351"/>
				</METS:div>
			</METS:div>
			<METS:div TYPE="Chapter" LABEL="10.5  医用血液信息管理网络系统实例介绍" ORDERLABEL="00000352"><METS:fptr FILEID="00000352"/>
				<METS:div TYPE="Chapter" LABEL="10.5.1  概述" ORDERLABEL="00000352"><METS:fptr FILEID="00000352"/>
				</METS:div>
				<METS:div TYPE="Chapter" LABEL="10.5.2  系统管理模式及逻辑模型" ORDERLABEL="00000352"><METS:fptr FILEID="00000352"/>
				</METS:div>
				<METS:div TYPE="Chapter" LABEL="10.5.3  血液信息管理系统总体设计" ORDERLABEL="00000353"><METS:fptr FILEID="00000353"/>
				</METS:div>
				<METS:div TYPE="Chapter" LABEL="10.5.4  系统的特点及关键技术" ORDERLABEL="00000355"><METS:fptr FILEID="00000355"/>
				</METS:div>
			</METS:div>
			<METS:div TYPE="Chapter" LABEL="10.6  网络集成的简单实例" ORDERLABEL="00000356"><METS:fptr FILEID="00000356"/>
				<METS:div TYPE="Chapter" LABEL="10.6.1  基本网络环境" ORDERLABEL="00000357"><METS:fptr FILEID="00000357"/>
				</METS:div>
				<METS:div TYPE="Chapter" LABEL="10.6.2  网络的连接模式" ORDERLABEL="00000357"><METS:fptr FILEID="00000357"/>
				</METS:div>
				<METS:div TYPE="Chapter" LABEL="10.6.3  将NetWare服务器纳入Windows NT域下的管理" ORDERLABEL="00000360"><METS:fptr FILEID="00000360"/>
				</METS:div>
				<METS:div TYPE="Chapter" LABEL="10.6.4  将NetWare服务器资源通过Windows NT服务器实现共享" ORDERLABEL="00000362"><METS:fptr FILEID="00000362"/>
				</METS:div>
			</METS:div>
			<METS:div TYPE="Chapter" LABEL="习题" ORDERLABEL="00000364"><METS:fptr FILEID="00000364"/>
			</METS:div>
		</METS:div>
	</METS:structMap>
</METS:mets>
