<?xml version="1.0" encoding="utf-8"?>
<METS:mets xmlns:METS="http://www.loc.gov/METS/" xmlns:xsi="http://www.w3.org/2001/XMLSchema-instance" xmlns:gdm="http://sunsite.berkeley.edu/GDM/" xmlns:xlink="http://www.w3.org/TR/xlink" xsi:schemalocation="http://www.loc.gov/METS/http://www.loc.gov/standards/mets/mets.xsd" LABEL="Zhejiang University.jdl.China-America digital library project" TYPE="Section">
	<METS:structMap TYPE="Catalog">
		<METS:div TYPE="Chapter" LABEL="第1章  计算机网络基础" ORDERLABEL="00000010"><METS:fptr FILEID="00000010"/>
			<METS:div TYPE="Chapter" LABEL="1.1  计算机网络的概念" ORDERLABEL="00000010"><METS:fptr FILEID="00000010"/>
				<METS:div TYPE="Chapter" LABEL="1.1.1  什么是计算机网络" ORDERLABEL="00000010"><METS:fptr FILEID="00000010"/>
				</METS:div>
				<METS:div TYPE="Chapter" LABEL="1.1.2  局域网和广域网" ORDERLABEL="00000011"><METS:fptr FILEID="00000011"/>
				</METS:div>
				<METS:div TYPE="Chapter" LABEL="1.1.3  基于服务器的网络和对等网络" ORDERLABEL="00000015"><METS:fptr FILEID="00000015"/>
				</METS:div>
				<METS:div TYPE="Chapter" LABEL="1.1.4  共享介质的网络和交换式网络" ORDERLABEL="00000017"><METS:fptr FILEID="00000017"/>
				</METS:div>
			</METS:div>
			<METS:div TYPE="Chapter" LABEL="1.2  计算机网络的组成" ORDERLABEL="00000018"><METS:fptr FILEID="00000018"/>
				<METS:div TYPE="Chapter" LABEL="1.2.1  计算机网络的硬件组成" ORDERLABEL="00000018"><METS:fptr FILEID="00000018"/>
				</METS:div>
				<METS:div TYPE="Chapter" LABEL="1.2.2  计算机网络的软件组成" ORDERLABEL="00000023"><METS:fptr FILEID="00000023"/>
				</METS:div>
				<METS:div TYPE="Chapter" LABEL="1.2.3  通信子网和资源子网" ORDERLABEL="00000025"><METS:fptr FILEID="00000025"/>
				</METS:div>
			</METS:div>
			<METS:div TYPE="Chapter" LABEL="1.3  计算机网络的作用" ORDERLABEL="00000025"><METS:fptr FILEID="00000025"/>
				<METS:div TYPE="Chapter" LABEL="1.3.1  共享硬件资源" ORDERLABEL="00000025"><METS:fptr FILEID="00000025"/>
				</METS:div>
				<METS:div TYPE="Chapter" LABEL="1.3.2  共享软件" ORDERLABEL="00000027"><METS:fptr FILEID="00000027"/>
				</METS:div>
			</METS:div>
			<METS:div TYPE="Chapter" LABEL="1.4  计算机网络拓扑结构" ORDERLABEL="00000029"><METS:fptr FILEID="00000029"/>
				<METS:div TYPE="Chapter" LABEL="1.4.1  总线网络" ORDERLABEL="00000029"><METS:fptr FILEID="00000029"/>
				</METS:div>
				<METS:div TYPE="Chapter" LABEL="1.4.2  环状网络" ORDERLABEL="00000030"><METS:fptr FILEID="00000030"/>
				</METS:div>
				<METS:div TYPE="Chapter" LABEL="1.4.3  星状网络" ORDERLABEL="00000031"><METS:fptr FILEID="00000031"/>
				</METS:div>
				<METS:div TYPE="Chapter" LABEL="1.4.4  星状总线" ORDERLABEL="00000031"><METS:fptr FILEID="00000031"/>
				</METS:div>
				<METS:div TYPE="Chapter" LABEL="1.4.5  网状网络" ORDERLABEL="00000032"><METS:fptr FILEID="00000032"/>
				</METS:div>
			</METS:div>
			<METS:div TYPE="Chapter" LABEL="习题" ORDERLABEL="00000032"><METS:fptr FILEID="00000032"/>
			</METS:div>
		</METS:div>
		<METS:div TYPE="Chapter" LABEL="第2章  数据通信基础" ORDERLABEL="00000034"><METS:fptr FILEID="00000034"/>
			<METS:div TYPE="Chapter" LABEL="2.1  数据通信模型" ORDERLABEL="00000034"><METS:fptr FILEID="00000034"/>
			</METS:div>
			<METS:div TYPE="Chapter" LABEL="2.2  数据和信号" ORDERLABEL="00000036"><METS:fptr FILEID="00000036"/>
				<METS:div TYPE="Chapter" LABEL="2.2.1  数据和信号的概念" ORDERLABEL="00000036"><METS:fptr FILEID="00000036"/>
				</METS:div>
				<METS:div TYPE="Chapter" LABEL="2.2.2  时域信号和频域信号" ORDERLABEL="00000037"><METS:fptr FILEID="00000037"/>
				</METS:div>
				<METS:div TYPE="Chapter" LABEL="2.2.3  数字数据" ORDERLABEL="00000039"><METS:fptr FILEID="00000039"/>
				</METS:div>
				<METS:div TYPE="Chapter" LABEL="2.2.4  模拟数据数字化" ORDERLABEL="00000039"><METS:fptr FILEID="00000039"/>
				</METS:div>
			</METS:div>
			<METS:div TYPE="Chapter" LABEL="2.3  数据传输" ORDERLABEL="00000040"><METS:fptr FILEID="00000040"/>
				<METS:div TYPE="Chapter" LABEL="2.3.1  数据传输的形式" ORDERLABEL="00000040"><METS:fptr FILEID="00000040"/>
				</METS:div>
				<METS:div TYPE="Chapter" LABEL="2.3.2  基带传输" ORDERLABEL="00000041"><METS:fptr FILEID="00000041"/>
				</METS:div>
				<METS:div TYPE="Chapter" LABEL="2.3.3  频带传输" ORDERLABEL="00000043"><METS:fptr FILEID="00000043"/>
				</METS:div>
				<METS:div TYPE="Chapter" LABEL="2.3.4  数据传输指标" ORDERLABEL="00000045"><METS:fptr FILEID="00000045"/>
				</METS:div>
			</METS:div>
			<METS:div TYPE="Chapter" LABEL="2.4  通信方式" ORDERLABEL="00000047"><METS:fptr FILEID="00000047"/>
				<METS:div TYPE="Chapter" LABEL="2.4.1  并行和串行通信" ORDERLABEL="00000047"><METS:fptr FILEID="00000047"/>
				</METS:div>
				<METS:div TYPE="Chapter" LABEL="2.4.2  同步和异步通信" ORDERLABEL="00000048"><METS:fptr FILEID="00000048"/>
				</METS:div>
				<METS:div TYPE="Chapter" LABEL="2.4.3  数据通信的方向" ORDERLABEL="00000049"><METS:fptr FILEID="00000049"/>
				</METS:div>
			</METS:div>
			<METS:div TYPE="Chapter" LABEL="2.5  通信线路" ORDERLABEL="00000050"><METS:fptr FILEID="00000050"/>
				<METS:div TYPE="Chapter" LABEL="2.5.1  双绞线" ORDERLABEL="00000050"><METS:fptr FILEID="00000050"/>
				</METS:div>
				<METS:div TYPE="Chapter" LABEL="2.5.2  同轴电缆" ORDERLABEL="00000051"><METS:fptr FILEID="00000051"/>
				</METS:div>
				<METS:div TYPE="Chapter" LABEL="2.5.3  光导纤维" ORDERLABEL="00000053"><METS:fptr FILEID="00000053"/>
				</METS:div>
				<METS:div TYPE="Chapter" LABEL="2.5.4  无线通信" ORDERLABEL="00000054"><METS:fptr FILEID="00000054"/>
				</METS:div>
			</METS:div>
			<METS:div TYPE="Chapter" LABEL="2.6  多路复用" ORDERLABEL="00000055"><METS:fptr FILEID="00000055"/>
				<METS:div TYPE="Chapter" LABEL="2.6.1  频分制多路复用" ORDERLABEL="00000056"><METS:fptr FILEID="00000056"/>
				</METS:div>
				<METS:div TYPE="Chapter" LABEL="2.6.2  时分制多路复用" ORDERLABEL="00000056"><METS:fptr FILEID="00000056"/>
				</METS:div>
			</METS:div>
			<METS:div TYPE="Chapter" LABEL="2.7  交换技术" ORDERLABEL="00000057"><METS:fptr FILEID="00000057"/>
				<METS:div TYPE="Chapter" LABEL="2.7.1  电路交换" ORDERLABEL="00000058"><METS:fptr FILEID="00000058"/>
				</METS:div>
				<METS:div TYPE="Chapter" LABEL="2.7.2  报文交换" ORDERLABEL="00000059"><METS:fptr FILEID="00000059"/>
				</METS:div>
				<METS:div TYPE="Chapter" LABEL="2.7.3  报文分组交换" ORDERLABEL="00000060"><METS:fptr FILEID="00000060"/>
				</METS:div>
				<METS:div TYPE="Chapter" LABEL="2.7.4  广域网连接方式" ORDERLABEL="00000060"><METS:fptr FILEID="00000060"/>
				</METS:div>
			</METS:div>
			<METS:div TYPE="Chapter" LABEL="2.8  差错控制" ORDERLABEL="00000061"><METS:fptr FILEID="00000061"/>
				<METS:div TYPE="Chapter" LABEL="2.8.1  奇偶校验" ORDERLABEL="00000062"><METS:fptr FILEID="00000062"/>
				</METS:div>
				<METS:div TYPE="Chapter" LABEL="2.8.2  循环冗余校验" ORDERLABEL="00000065"><METS:fptr FILEID="00000065"/>
				</METS:div>
			</METS:div>
			<METS:div TYPE="Chapter" LABEL="习题" ORDERLABEL="00000070"><METS:fptr FILEID="00000070"/>
			</METS:div>
		</METS:div>
		<METS:div TYPE="Chapter" LABEL="第3章  计算机网络体系结构" ORDERLABEL="00000072"><METS:fptr FILEID="00000072"/>
			<METS:div TYPE="Chapter" LABEL="3.1  网络体系结构" ORDERLABEL="00000072"><METS:fptr FILEID="00000072"/>
				<METS:div TYPE="Chapter" LABEL="3.1.1  基本概念" ORDERLABEL="00000072"><METS:fptr FILEID="00000072"/>
				</METS:div>
				<METS:div TYPE="Chapter" LABEL="3.1.2  ISO/OSI参考模型" ORDERLABEL="00000074"><METS:fptr FILEID="00000074"/>
				</METS:div>
			</METS:div>
			<METS:div TYPE="Chapter" LABEL="3.2  物理层协议" ORDERLABEL="00000077"><METS:fptr FILEID="00000077"/>
				<METS:div TYPE="Chapter" LABEL="3.2.1  物理层协议描述" ORDERLABEL="00000077"><METS:fptr FILEID="00000077"/>
				</METS:div>
				<METS:div TYPE="Chapter" LABEL="3.2.2  物理层协议示例" ORDERLABEL="00000078"><METS:fptr FILEID="00000078"/>
				</METS:div>
			</METS:div>
			<METS:div TYPE="Chapter" LABEL="3.3  数据链路协议" ORDERLABEL="00000082"><METS:fptr FILEID="00000082"/>
				<METS:div TYPE="Chapter" LABEL="3.3.1  HDLC的帧格式" ORDERLABEL="00000083"><METS:fptr FILEID="00000083"/>
				</METS:div>
				<METS:div TYPE="Chapter" LABEL="3.3.2  HDLC的命令和响应" ORDERLABEL="00000084"><METS:fptr FILEID="00000084"/>
				</METS:div>
				<METS:div TYPE="Chapter" LABEL="3.3.3  HDLC的平衡型和非平衡型的操作环境" ORDERLABEL="00000086"><METS:fptr FILEID="00000086"/>
				</METS:div>
				<METS:div TYPE="Chapter" LABEL="3.3.4  HDLC的流量控制" ORDERLABEL="00000087"><METS:fptr FILEID="00000087"/>
				</METS:div>
				<METS:div TYPE="Chapter" LABEL="3.3.5  HDLC数据传输过程" ORDERLABEL="00000088"><METS:fptr FILEID="00000088"/>
				</METS:div>
			</METS:div>
			<METS:div TYPE="Chapter" LABEL="3.4  网络层协议" ORDERLABEL="00000089"><METS:fptr FILEID="00000089"/>
				<METS:div TYPE="Chapter" LABEL="3.4.1  虚电路和数据报" ORDERLABEL="00000090"><METS:fptr FILEID="00000090"/>
				</METS:div>
				<METS:div TYPE="Chapter" LABEL="3.4.2  路由选择" ORDERLABEL="00000094"><METS:fptr FILEID="00000094"/>
				</METS:div>
				<METS:div TYPE="Chapter" LABEL="3.4.3  X.25型网络协议" ORDERLABEL="00000097"><METS:fptr FILEID="00000097"/>
				</METS:div>
			</METS:div>
			<METS:div TYPE="Chapter" LABEL="3.5  传输层协议" ORDERLABEL="00000100"><METS:fptr FILEID="00000100"/>
				<METS:div TYPE="Chapter" LABEL="3.5.1  传输层协议的分类" ORDERLABEL="00000101"><METS:fptr FILEID="00000101"/>
				</METS:div>
				<METS:div TYPE="Chapter" LABEL="3.5.2  传输层向会话层提供的服务" ORDERLABEL="00000103"><METS:fptr FILEID="00000103"/>
				</METS:div>
				<METS:div TYPE="Chapter" LABEL="3.5.3  传输连接建立" ORDERLABEL="00000104"><METS:fptr FILEID="00000104"/>
				</METS:div>
			</METS:div>
			<METS:div TYPE="Chapter" LABEL="3.6  高层协议" ORDERLABEL="00000104"><METS:fptr FILEID="00000104"/>
				<METS:div TYPE="Chapter" LABEL="3.6.1  会话层协议" ORDERLABEL="00000105"><METS:fptr FILEID="00000105"/>
				</METS:div>
				<METS:div TYPE="Chapter" LABEL="3.6.2  表示层协议" ORDERLABEL="00000106"><METS:fptr FILEID="00000106"/>
				</METS:div>
				<METS:div TYPE="Chapter" LABEL="3.6.3  应用层协议" ORDERLABEL="00000109"><METS:fptr FILEID="00000109"/>
				</METS:div>
			</METS:div>
			<METS:div TYPE="Chapter" LABEL="习题" ORDERLABEL="00000110"><METS:fptr FILEID="00000110"/>
			</METS:div>
		</METS:div>
		<METS:div TYPE="Chapter" LABEL="第4章  计算机局域网" ORDERLABEL="00000112"><METS:fptr FILEID="00000112"/>
			<METS:div TYPE="Chapter" LABEL="4.1  计算机局域网协议" ORDERLABEL="00000112"><METS:fptr FILEID="00000112"/>
				<METS:div TYPE="Chapter" LABEL="4.1.1  IEEE 802简介" ORDERLABEL="00000112"><METS:fptr FILEID="00000112"/>
				</METS:div>
				<METS:div TYPE="Chapter" LABEL="4.1.2  IEEE 802标准系列" ORDERLABEL="00000113"><METS:fptr FILEID="00000113"/>
				</METS:div>
				<METS:div TYPE="Chapter" LABEL="4.1.3  逻辑链路控制子层" ORDERLABEL="00000114"><METS:fptr FILEID="00000114"/>
				</METS:div>
			</METS:div>
			<METS:div TYPE="Chapter" LABEL="4.2  IEEE 802.3类型的网络" ORDERLABEL="00000115"><METS:fptr FILEID="00000115"/>
				<METS:div TYPE="Chapter" LABEL="4.2.1  IEEE 802.3标准" ORDERLABEL="00000115"><METS:fptr FILEID="00000115"/>
				</METS:div>
				<METS:div TYPE="Chapter" LABEL="4.2.2  以太网" ORDERLABEL="00000118"><METS:fptr FILEID="00000118"/>
				</METS:div>
			</METS:div>
			<METS:div TYPE="Chapter" LABEL="4.3  IEEE 802.4标准" ORDERLABEL="00000121"><METS:fptr FILEID="00000121"/>
				<METS:div TYPE="Chapter" LABEL="4.3.1  令牌总线网原理" ORDERLABEL="00000122"><METS:fptr FILEID="00000122"/>
				</METS:div>
				<METS:div TYPE="Chapter" LABEL="4.3.2  令牌总线MAC帧格式" ORDERLABEL="00000122"><METS:fptr FILEID="00000122"/>
				</METS:div>
				<METS:div TYPE="Chapter" LABEL="4.3.3  令牌总线介质访问控制" ORDERLABEL="00000124"><METS:fptr FILEID="00000124"/>
				</METS:div>
			</METS:div>
			<METS:div TYPE="Chapter" LABEL="4.4  IEEE 802.5标准" ORDERLABEL="00000126"><METS:fptr FILEID="00000126"/>
				<METS:div TYPE="Chapter" LABEL="4.4.1  令牌环网原理" ORDERLABEL="00000126"><METS:fptr FILEID="00000126"/>
				</METS:div>
				<METS:div TYPE="Chapter" LABEL="4.4.2  令牌环网帧格式" ORDERLABEL="00000127"><METS:fptr FILEID="00000127"/>
				</METS:div>
				<METS:div TYPE="Chapter" LABEL="4.4.3  令牌环介质访问控制" ORDERLABEL="00000129"><METS:fptr FILEID="00000129"/>
				</METS:div>
				<METS:div TYPE="Chapter" LABEL="4.4.4  令牌环网的硬件组成" ORDERLABEL="00000130"><METS:fptr FILEID="00000130"/>
				</METS:div>
			</METS:div>
			<METS:div TYPE="Chapter" LABEL="4.5  光纤分布数据接口" ORDERLABEL="00000131"><METS:fptr FILEID="00000131"/>
				<METS:div TYPE="Chapter" LABEL="4.5.1  光纤网基本组成" ORDERLABEL="00000131"><METS:fptr FILEID="00000131"/>
				</METS:div>
				<METS:div TYPE="Chapter" LABEL="4.5.2  FDDI标准" ORDERLABEL="00000133"><METS:fptr FILEID="00000133"/>
				</METS:div>
			</METS:div>
			<METS:div TYPE="Chapter" LABEL="4.6  其他类型的局域网" ORDERLABEL="00000136"><METS:fptr FILEID="00000136"/>
				<METS:div TYPE="Chapter" LABEL="4.6.1  100VG-AnyLAN" ORDERLABEL="00000136"><METS:fptr FILEID="00000136"/>
				</METS:div>
				<METS:div TYPE="Chapter" LABEL="4.6.2  ARCnet" ORDERLABEL="00000138"><METS:fptr FILEID="00000138"/>
				</METS:div>
				<METS:div TYPE="Chapter" LABEL="4.6.3  AppleTalk" ORDERLABEL="00000138"><METS:fptr FILEID="00000138"/>
				</METS:div>
			</METS:div>
			<METS:div TYPE="Chapter" LABEL="习题" ORDERLABEL="00000139"><METS:fptr FILEID="00000139"/>
			</METS:div>
		</METS:div>
		<METS:div TYPE="Chapter" LABEL="第5章  TCP/IP协议" ORDERLABEL="00000141"><METS:fptr FILEID="00000141"/>
			<METS:div TYPE="Chapter" LABEL="5.1  TCP/IP参考模型" ORDERLABEL="00000141"><METS:fptr FILEID="00000141"/>
				<METS:div TYPE="Chapter" LABEL="5.1.1  各层服务概述" ORDERLABEL="00000142"><METS:fptr FILEID="00000142"/>
				</METS:div>
				<METS:div TYPE="Chapter" LABEL="5.1.2  TCP/IP的基本工作原理" ORDERLABEL="00000143"><METS:fptr FILEID="00000143"/>
				</METS:div>
			</METS:div>
			<METS:div TYPE="Chapter" LABEL="5.2  IP协议" ORDERLABEL="00000147"><METS:fptr FILEID="00000147"/>
				<METS:div TYPE="Chapter" LABEL="5.2.1  IP分组格式" ORDERLABEL="00000147"><METS:fptr FILEID="00000147"/>
				</METS:div>
				<METS:div TYPE="Chapter" LABEL="5.2.2  IP地址" ORDERLABEL="00000151"><METS:fptr FILEID="00000151"/>
				</METS:div>
				<METS:div TYPE="Chapter" LABEL="5.2.3  互联网络控制协议" ORDERLABEL="00000158"><METS:fptr FILEID="00000158"/>
				</METS:div>
				<METS:div TYPE="Chapter" LABEL="5.2.4  互联网的路由选择" ORDERLABEL="00000163"><METS:fptr FILEID="00000163"/>
				</METS:div>
				<METS:div TYPE="Chapter" LABEL="5.2.5  下一代IP协议——IPv6" ORDERLABEL="00000170"><METS:fptr FILEID="00000170"/>
				</METS:div>
			</METS:div>
			<METS:div TYPE="Chapter" LABEL="5.3  TCP协议" ORDERLABEL="00000171"><METS:fptr FILEID="00000171"/>
				<METS:div TYPE="Chapter" LABEL="5.3.1  传输协议的要素" ORDERLABEL="00000172"><METS:fptr FILEID="00000172"/>
				</METS:div>
				<METS:div TYPE="Chapter" LABEL="5.3.2  TCP服务模型" ORDERLABEL="00000175"><METS:fptr FILEID="00000175"/>
				</METS:div>
				<METS:div TYPE="Chapter" LABEL="5.3.3  TCP协议格式" ORDERLABEL="00000178"><METS:fptr FILEID="00000178"/>
				</METS:div>
				<METS:div TYPE="Chapter" LABEL="5.3.4  TCP数据段头" ORDERLABEL="00000178"><METS:fptr FILEID="00000178"/>
				</METS:div>
				<METS:div TYPE="Chapter" LABEL="5.3.5  TCP连接管理" ORDERLABEL="00000181"><METS:fptr FILEID="00000181"/>
				</METS:div>
				<METS:div TYPE="Chapter" LABEL="5.3.6  TCP传输策略" ORDERLABEL="00000182"><METS:fptr FILEID="00000182"/>
				</METS:div>
				<METS:div TYPE="Chapter" LABEL="5.3.7  TCP拥塞控制" ORDERLABEL="00000183"><METS:fptr FILEID="00000183"/>
				</METS:div>
				<METS:div TYPE="Chapter" LABEL="5.3.8  UDP" ORDERLABEL="00000184"><METS:fptr FILEID="00000184"/>
				</METS:div>
			</METS:div>
			<METS:div TYPE="Chapter" LABEL="习题" ORDERLABEL="00000185"><METS:fptr FILEID="00000185"/>
			</METS:div>
		</METS:div>
		<METS:div TYPE="Chapter" LABEL="第6章  互联网络技术" ORDERLABEL="00000186"><METS:fptr FILEID="00000186"/>
			<METS:div TYPE="Chapter" LABEL="6.1  网络互连概述" ORDERLABEL="00000186"><METS:fptr FILEID="00000186"/>
				<METS:div TYPE="Chapter" LABEL="6.1.1  不同网络之间的差异" ORDERLABEL="00000188"><METS:fptr FILEID="00000188"/>
				</METS:div>
				<METS:div TYPE="Chapter" LABEL="6.1.2  网络互连技术" ORDERLABEL="00000188"><METS:fptr FILEID="00000188"/>
				</METS:div>
			</METS:div>
			<METS:div TYPE="Chapter" LABEL="6.2  网络互连设备" ORDERLABEL="00000189"><METS:fptr FILEID="00000189"/>
				<METS:div TYPE="Chapter" LABEL="6.2.1  中继器" ORDERLABEL="00000190"><METS:fptr FILEID="00000190"/>
				</METS:div>
				<METS:div TYPE="Chapter" LABEL="6.2.2  网桥" ORDERLABEL="00000192"><METS:fptr FILEID="00000192"/>
				</METS:div>
				<METS:div TYPE="Chapter" LABEL="6.2.3  路由器" ORDERLABEL="00000202"><METS:fptr FILEID="00000202"/>
				</METS:div>
				<METS:div TYPE="Chapter" LABEL="6.2.4  交换器" ORDERLABEL="00000208"><METS:fptr FILEID="00000208"/>
				</METS:div>
				<METS:div TYPE="Chapter" LABEL="6.2.5  干线" ORDERLABEL="00000209"><METS:fptr FILEID="00000209"/>
				</METS:div>
				<METS:div TYPE="Chapter" LABEL="6.2.6  网关" ORDERLABEL="00000210"><METS:fptr FILEID="00000210"/>
				</METS:div>
			</METS:div>
			<METS:div TYPE="Chapter" LABEL="6.3  公用数据网" ORDERLABEL="00000212"><METS:fptr FILEID="00000212"/>
				<METS:div TYPE="Chapter" LABEL="6.3.1  电路交换数据网" ORDERLABEL="00000212"><METS:fptr FILEID="00000212"/>
				</METS:div>
				<METS:div TYPE="Chapter" LABEL="6.3.2  分组交换数据网" ORDERLABEL="00000214"><METS:fptr FILEID="00000214"/>
				</METS:div>
			</METS:div>
			<METS:div TYPE="Chapter" LABEL="6.4  WAN,MAN,LAN连接技术" ORDERLABEL="00000216"><METS:fptr FILEID="00000216"/>
				<METS:div TYPE="Chapter" LABEL="6.4.1  连接类型" ORDERLABEL="00000216"><METS:fptr FILEID="00000216"/>
				</METS:div>
				<METS:div TYPE="Chapter" LABEL="6.4.2  园区主干网和城域网" ORDERLABEL="00000218"><METS:fptr FILEID="00000218"/>
				</METS:div>
				<METS:div TYPE="Chapter" LABEL="6.4.3  广域网连接" ORDERLABEL="00000219"><METS:fptr FILEID="00000219"/>
				</METS:div>
			</METS:div>
			<METS:div TYPE="Chapter" LABEL="习题" ORDERLABEL="00000220"><METS:fptr FILEID="00000220"/>
			</METS:div>
		</METS:div>
		<METS:div TYPE="Chapter" LABEL="第7章  网络新技术" ORDERLABEL="00000221"><METS:fptr FILEID="00000221"/>
			<METS:div TYPE="Chapter" LABEL="7.1  计算机交换分机与综合业务数字网" ORDERLABEL="00000221"><METS:fptr FILEID="00000221"/>
				<METS:div TYPE="Chapter" LABEL="7.1.1  计算机交换分机" ORDERLABEL="00000221"><METS:fptr FILEID="00000221"/>
				</METS:div>
				<METS:div TYPE="Chapter" LABEL="7.1.2  综合业务数字网" ORDERLABEL="00000225"><METS:fptr FILEID="00000225"/>
				</METS:div>
			</METS:div>
			<METS:div TYPE="Chapter" LABEL="7.2  帧中继" ORDERLABEL="00000237"><METS:fptr FILEID="00000237"/>
				<METS:div TYPE="Chapter" LABEL="7.2.1  帧中继承载ISDN业务" ORDERLABEL="00000238"><METS:fptr FILEID="00000238"/>
				</METS:div>
				<METS:div TYPE="Chapter" LABEL="7.2.2  帧中继数据传输服务" ORDERLABEL="00000242"><METS:fptr FILEID="00000242"/>
				</METS:div>
			</METS:div>
			<METS:div TYPE="Chapter" LABEL="7.3  ATM技术" ORDERLABEL="00000246"><METS:fptr FILEID="00000246"/>
				<METS:div TYPE="Chapter" LABEL="7.3.1  ATM的发展" ORDERLABEL="00000246"><METS:fptr FILEID="00000246"/>
				</METS:div>
				<METS:div TYPE="Chapter" LABEL="7.3.2  ATM的概念" ORDERLABEL="00000248"><METS:fptr FILEID="00000248"/>
				</METS:div>
				<METS:div TYPE="Chapter" LABEL="7.3.3  ATM交换" ORDERLABEL="00000249"><METS:fptr FILEID="00000249"/>
				</METS:div>
				<METS:div TYPE="Chapter" LABEL="7.3.4  ATM协议参考模型" ORDERLABEL="00000252"><METS:fptr FILEID="00000252"/>
				</METS:div>
				<METS:div TYPE="Chapter" LABEL="7.3.5  ATM应用" ORDERLABEL="00000258"><METS:fptr FILEID="00000258"/>
				</METS:div>
			</METS:div>
			<METS:div TYPE="Chapter" LABEL="7.4  交换多兆位数据服务" ORDERLABEL="00000261"><METS:fptr FILEID="00000261"/>
			</METS:div>
			<METS:div TYPE="Chapter" LABEL="习题" ORDERLABEL="00000263"><METS:fptr FILEID="00000263"/>
			</METS:div>
		</METS:div>
		<METS:div TYPE="Chapter" LABEL="第8章  网络设计" ORDERLABEL="00000265"><METS:fptr FILEID="00000265"/>
			<METS:div TYPE="Chapter" LABEL="8.1  计算机网络设计的阶段" ORDERLABEL="00000265"><METS:fptr FILEID="00000265"/>
			</METS:div>
			<METS:div TYPE="Chapter" LABEL="8.2  结构化布线系统" ORDERLABEL="00000267"><METS:fptr FILEID="00000267"/>
			</METS:div>
			<METS:div TYPE="Chapter" LABEL="8.3  网络结构设计" ORDERLABEL="00000271"><METS:fptr FILEID="00000271"/>
			</METS:div>
			<METS:div TYPE="Chapter" LABEL="8.4  系统集成" ORDERLABEL="00000275"><METS:fptr FILEID="00000275"/>
			</METS:div>
			<METS:div TYPE="Chapter" LABEL="习题" ORDERLABEL="00000276"><METS:fptr FILEID="00000276"/>
			</METS:div>
		</METS:div>
		<METS:div TYPE="Chapter" LABEL="第9章  Internet应用技术" ORDERLABEL="00000277"><METS:fptr FILEID="00000277"/>
			<METS:div TYPE="Chapter" LABEL="9.1  Internet的基本情况" ORDERLABEL="00000277"><METS:fptr FILEID="00000277"/>
				<METS:div TYPE="Chapter" LABEL="9.1.1  Internet主干网" ORDERLABEL="00000277"><METS:fptr FILEID="00000277"/>
				</METS:div>
				<METS:div TYPE="Chapter" LABEL="9.1.2  中国Internet的发展" ORDERLABEL="00000279"><METS:fptr FILEID="00000279"/>
				</METS:div>
				<METS:div TYPE="Chapter" LABEL="9.1.3  Internet的结构" ORDERLABEL="00000281"><METS:fptr FILEID="00000281"/>
				</METS:div>
				<METS:div TYPE="Chapter" LABEL="9.1.4  Internet的管理" ORDERLABEL="00000284"><METS:fptr FILEID="00000284"/>
				</METS:div>
			</METS:div>
			<METS:div TYPE="Chapter" LABEL="9.2  Internet的连接" ORDERLABEL="00000285"><METS:fptr FILEID="00000285"/>
			</METS:div>
			<METS:div TYPE="Chapter" LABEL="9.3  Internet应用技术" ORDERLABEL="00000288"><METS:fptr FILEID="00000288"/>
				<METS:div TYPE="Chapter" LABEL="9.3.1  域名系统" ORDERLABEL="00000288"><METS:fptr FILEID="00000288"/>
				</METS:div>
				<METS:div TYPE="Chapter" LABEL="9.3.2  简单邮件传输协议" ORDERLABEL="00000296"><METS:fptr FILEID="00000296"/>
				</METS:div>
				<METS:div TYPE="Chapter" LABEL="9.3.3  远程登录" ORDERLABEL="00000299"><METS:fptr FILEID="00000299"/>
				</METS:div>
				<METS:div TYPE="Chapter" LABEL="9.3.4  文件传输协议" ORDERLABEL="00000303"><METS:fptr FILEID="00000303"/>
				</METS:div>
				<METS:div TYPE="Chapter" LABEL="9.3.5  网络新闻USENET" ORDERLABEL="00000305"><METS:fptr FILEID="00000305"/>
				</METS:div>
				<METS:div TYPE="Chapter" LABEL="9.3.6  万维网" ORDERLABEL="00000310"><METS:fptr FILEID="00000310"/>
				</METS:div>
			</METS:div>
			<METS:div TYPE="Chapter" LABEL="习题" ORDERLABEL="00000317"><METS:fptr FILEID="00000317"/>
			</METS:div>
		</METS:div>
		<METS:div TYPE="Chapter" LABEL="第10章  访问Internet" ORDERLABEL="00000318"><METS:fptr FILEID="00000318"/>
			<METS:div TYPE="Chapter" LABEL="10.1  Internet的连接" ORDERLABEL="00000318"><METS:fptr FILEID="00000318"/>
				<METS:div TYPE="Chapter" LABEL="10.1.1  配置拨号网络" ORDERLABEL="00000318"><METS:fptr FILEID="00000318"/>
				</METS:div>
				<METS:div TYPE="Chapter" LABEL="10.1.2  使用拨号网络" ORDERLABEL="00000323"><METS:fptr FILEID="00000323"/>
				</METS:div>
			</METS:div>
			<METS:div TYPE="Chapter" LABEL="10.2  电子邮件" ORDERLABEL="00000323"><METS:fptr FILEID="00000323"/>
				<METS:div TYPE="Chapter" LABEL="10.2.1  UNIX下的mail" ORDERLABEL="00000323"><METS:fptr FILEID="00000323"/>
				</METS:div>
				<METS:div TYPE="Chapter" LABEL="10.2.2  Eudora" ORDERLABEL="00000324"><METS:fptr FILEID="00000324"/>
				</METS:div>
				<METS:div TYPE="Chapter" LABEL="10.2.3  Netscape浏览器的邮件功能" ORDERLABEL="00000325"><METS:fptr FILEID="00000325"/>
				</METS:div>
			</METS:div>
			<METS:div TYPE="Chapter" LABEL="10.3  文件传输" ORDERLABEL="00000328"><METS:fptr FILEID="00000328"/>
				<METS:div TYPE="Chapter" LABEL="10.3.1  UNIX下的FTP" ORDERLABEL="00000328"><METS:fptr FILEID="00000328"/>
				</METS:div>
				<METS:div TYPE="Chapter" LABEL="10.3.2  Windows下的FTP客户软件" ORDERLABEL="00000331"><METS:fptr FILEID="00000331"/>
				</METS:div>
			</METS:div>
			<METS:div TYPE="Chapter" LABEL="10.4  远程登录" ORDERLABEL="00000334"><METS:fptr FILEID="00000334"/>
				<METS:div TYPE="Chapter" LABEL="10.4.1  UNIX下的Telnet" ORDERLABEL="00000334"><METS:fptr FILEID="00000334"/>
				</METS:div>
				<METS:div TYPE="Chapter" LABEL="10.4.2  Windows下的远程登录" ORDERLABEL="00000335"><METS:fptr FILEID="00000335"/>
				</METS:div>
			</METS:div>
			<METS:div TYPE="Chapter" LABEL="10.5  WWW浏览器" ORDERLABEL="00000338"><METS:fptr FILEID="00000338"/>
				<METS:div TYPE="Chapter" LABEL="10.5.1  设置浏览器" ORDERLABEL="00000338"><METS:fptr FILEID="00000338"/>
				</METS:div>
				<METS:div TYPE="Chapter" LABEL="10.5.2  使用浏览器" ORDERLABEL="00000340"><METS:fptr FILEID="00000340"/>
				</METS:div>
				<METS:div TYPE="Chapter" LABEL="10.5.3  搜索引擎" ORDERLABEL="00000341"><METS:fptr FILEID="00000341"/>
				</METS:div>
			</METS:div>
			<METS:div TYPE="Chapter" LABEL="10.6  局域网连接Internet" ORDERLABEL="00000346"><METS:fptr FILEID="00000346"/>
				<METS:div TYPE="Chapter" LABEL="10.6.1  独立IP地址连接" ORDERLABEL="00000346"><METS:fptr FILEID="00000346"/>
				</METS:div>
				<METS:div TYPE="Chapter" LABEL="10.6.2  通过代理服务器连接" ORDERLABEL="00000346"><METS:fptr FILEID="00000346"/>
				</METS:div>
			</METS:div>
			<METS:div TYPE="Chapter" LABEL="习题" ORDERLABEL="00000350"><METS:fptr FILEID="00000350"/>
			</METS:div>
		</METS:div>
		<METS:div TYPE="Chapter" LABEL="第11章  计算机网络安全" ORDERLABEL="00000351"><METS:fptr FILEID="00000351"/>
			<METS:div TYPE="Chapter" LABEL="11.1  网络安全概述" ORDERLABEL="00000351"><METS:fptr FILEID="00000351"/>
				<METS:div TYPE="Chapter" LABEL="11.1.1  网络安全问题" ORDERLABEL="00000351"><METS:fptr FILEID="00000351"/>
				</METS:div>
				<METS:div TYPE="Chapter" LABEL="11.1.2  网络安全措施" ORDERLABEL="00000353"><METS:fptr FILEID="00000353"/>
				</METS:div>
			</METS:div>
			<METS:div TYPE="Chapter" LABEL="11.2  数据加密技术" ORDERLABEL="00000356"><METS:fptr FILEID="00000356"/>
				<METS:div TYPE="Chapter" LABEL="11.2.1  密码学概述" ORDERLABEL="00000357"><METS:fptr FILEID="00000357"/>
				</METS:div>
				<METS:div TYPE="Chapter" LABEL="11.2.2  安全套接字层" ORDERLABEL="00000360"><METS:fptr FILEID="00000360"/>
				</METS:div>
			</METS:div>
			<METS:div TYPE="Chapter" LABEL="11.3  防火墙技术" ORDERLABEL="00000362"><METS:fptr FILEID="00000362"/>
				<METS:div TYPE="Chapter" LABEL="11.3.1  防火墙的概念" ORDERLABEL="00000362"><METS:fptr FILEID="00000362"/>
				</METS:div>
				<METS:div TYPE="Chapter" LABEL="11.3.2  防火墙的体系结构" ORDERLABEL="00000363"><METS:fptr FILEID="00000363"/>
				</METS:div>
				<METS:div TYPE="Chapter" LABEL="11.3.3  防火墙的类型" ORDERLABEL="00000363"><METS:fptr FILEID="00000363"/>
				</METS:div>
			</METS:div>
			<METS:div TYPE="Chapter" LABEL="习题" ORDERLABEL="00000369"><METS:fptr FILEID="00000369"/>
			</METS:div>
		</METS:div>
		<METS:div TYPE="Chapter" LABEL="第12章  网络实验" ORDERLABEL="00000370"><METS:fptr FILEID="00000370"/>
			<METS:div TYPE="Chapter" LABEL="12.1  实验一  建立对等网" ORDERLABEL="00000370"><METS:fptr FILEID="00000370"/>
			</METS:div>
			<METS:div TYPE="Chapter" LABEL="12.2  实验二  建立基于服务器网络" ORDERLABEL="00000372"><METS:fptr FILEID="00000372"/>
			</METS:div>
			<METS:div TYPE="Chapter" LABEL="12.3  实验三  网络工作站的一般使用" ORDERLABEL="00000378"><METS:fptr FILEID="00000378"/>
			</METS:div>
			<METS:div TYPE="Chapter" LABEL="12.4  实验四  利用NWADMIN管理目录树对象" ORDERLABEL="00000379"><METS:fptr FILEID="00000379"/>
			</METS:div>
			<METS:div TYPE="Chapter" LABEL="12.5  实验五  管理目录树的访问权" ORDERLABEL="00000381"><METS:fptr FILEID="00000381"/>
			</METS:div>
			<METS:div TYPE="Chapter" LABEL="12.6  实验六  管理目录和文件" ORDERLABEL="00000383"><METS:fptr FILEID="00000383"/>
			</METS:div>
			<METS:div TYPE="Chapter" LABEL="12.7  实验七  实现网络打印" ORDERLABEL="00000385"><METS:fptr FILEID="00000385"/>
			</METS:div>
			<METS:div TYPE="Chapter" LABEL="12.8  实验八  拨号连接Internet" ORDERLABEL="00000388"><METS:fptr FILEID="00000388"/>
			</METS:div>
		</METS:div>
	</METS:structMap>
</METS:mets>
