<?xml version="1.0" encoding="utf-8"?>
<METS:mets xmlns:METS="http://www.loc.gov/METS/" xmlns:xsi="http://www.w3.org/2001/XMLSchema-instance" xmlns:gdm="http://sunsite.berkeley.edu/GDM/" xmlns:xlink="http://www.w3.org/TR/xlink" xsi:schemalocation="http://www.loc.gov/METS/http://www.loc.gov/standards/mets/mets.xsd" LABEL="Zhejiang University.jdl.China-America digital library project" TYPE="Section">
	<METS:structMap TYPE="Catalog">
		<METS:div TYPE="Chapter" LABEL="第一部分  建立路线图" ORDERLABEL="00000029"><METS:fptr FILEID="00000029"/>
			<METS:div TYPE="Chapter" LABEL="第1章  风险概述" ORDERLABEL="00000030"><METS:fptr FILEID="00000030"/>
				<METS:div TYPE="Chapter" LABEL="后门/陷阱门" ORDERLABEL="00000031"><METS:fptr FILEID="00000031"/>
				</METS:div>
				<METS:div TYPE="Chapter" LABEL="犯大错误" ORDERLABEL="00000033"><METS:fptr FILEID="00000033"/>
				</METS:div>
				<METS:div TYPE="Chapter" LABEL="拒绝使用" ORDERLABEL="00000033"><METS:fptr FILEID="00000033"/>
				</METS:div>
				<METS:div TYPE="Chapter" LABEL="辐射" ORDERLABEL="00000034"><METS:fptr FILEID="00000034"/>
				</METS:div>
				<METS:div TYPE="Chapter" LABEL="盗用" ORDERLABEL="00000034"><METS:fptr FILEID="00000034"/>
				</METS:div>
				<METS:div TYPE="Chapter" LABEL="无法使用" ORDERLABEL="00000036"><METS:fptr FILEID="00000036"/>
				</METS:div>
				<METS:div TYPE="Chapter" LABEL="火灾和自然灾害" ORDERLABEL="00000036"><METS:fptr FILEID="00000036"/>
				</METS:div>
				<METS:div TYPE="Chapter" LABEL="伪造" ORDERLABEL="00000037"><METS:fptr FILEID="00000037"/>
				</METS:div>
				<METS:div TYPE="Chapter" LABEL="诈骗" ORDERLABEL="00000037"><METS:fptr FILEID="00000037"/>
				</METS:div>
				<METS:div TYPE="Chapter" LABEL="硬件故障" ORDERLABEL="00000038"><METS:fptr FILEID="00000038"/>
				</METS:div>
				<METS:div TYPE="Chapter" LABEL="假冒" ORDERLABEL="00000039"><METS:fptr FILEID="00000039"/>
				</METS:div>
				<METS:div TYPE="Chapter" LABEL="不准确的或过时的信息" ORDERLABEL="00000040"><METS:fptr FILEID="00000040"/>
				</METS:div>
				<METS:div TYPE="Chapter" LABEL="故意对数据和程序破坏" ORDERLABEL="00000041"><METS:fptr FILEID="00000041"/>
				</METS:div>
				<METS:div TYPE="Chapter" LABEL="逻辑炸弹" ORDERLABEL="00000043"><METS:fptr FILEID="00000043"/>
				</METS:div>
				<METS:div TYPE="Chapter" LABEL="虚报" ORDERLABEL="00000044"><METS:fptr FILEID="00000044"/>
				</METS:div>
				<METS:div TYPE="Chapter" LABEL="错误指向" ORDERLABEL="00000044"><METS:fptr FILEID="00000044"/>
				</METS:div>
				<METS:div TYPE="Chapter" LABEL="网络分析器" ORDERLABEL="00000045"><METS:fptr FILEID="00000045"/>
				</METS:div>
				<METS:div TYPE="Chapter" LABEL="职业引起的危害" ORDERLABEL="00000045"><METS:fptr FILEID="00000045"/>
				</METS:div>
				<METS:div TYPE="Chapter" LABEL="超负荷" ORDERLABEL="00000046"><METS:fptr FILEID="00000046"/>
				</METS:div>
				<METS:div TYPE="Chapter" LABEL="乘机而入" ORDERLABEL="00000047"><METS:fptr FILEID="00000047"/>
				</METS:div>
				<METS:div TYPE="Chapter" LABEL="侵犯专利权" ORDERLABEL="00000048"><METS:fptr FILEID="00000048"/>
				</METS:div>
				<METS:div TYPE="Chapter" LABEL="程序编制错误" ORDERLABEL="00000048"><METS:fptr FILEID="00000048"/>
				</METS:div>
				<METS:div TYPE="Chapter" LABEL="破坏活动" ORDERLABEL="00000049"><METS:fptr FILEID="00000049"/>
				</METS:div>
				<METS:div TYPE="Chapter" LABEL="废物利用" ORDERLABEL="00000051"><METS:fptr FILEID="00000051"/>
				</METS:div>
				<METS:div TYPE="Chapter" LABEL="伪造和模拟" ORDERLABEL="00000051"><METS:fptr FILEID="00000051"/>
				</METS:div>
				<METS:div TYPE="Chapter" LABEL="超级处理" ORDERLABEL="00000052"><METS:fptr FILEID="00000052"/>
				</METS:div>
				<METS:div TYPE="Chapter" LABEL="偷窃行为" ORDERLABEL="00000052"><METS:fptr FILEID="00000052"/>
				</METS:div>
				<METS:div TYPE="Chapter" LABEL="特洛伊木马" ORDERLABEL="00000054"><METS:fptr FILEID="00000054"/>
				</METS:div>
				<METS:div TYPE="Chapter" LABEL="版本控制" ORDERLABEL="00000054"><METS:fptr FILEID="00000054"/>
				</METS:div>
				<METS:div TYPE="Chapter" LABEL="病毒" ORDERLABEL="00000055"><METS:fptr FILEID="00000055"/>
				</METS:div>
				<METS:div TYPE="Chapter" LABEL="搭线窃听" ORDERLABEL="00000056"><METS:fptr FILEID="00000056"/>
				</METS:div>
			</METS:div>
			<METS:div TYPE="Chapter" LABEL="第2章  关于风险的思考" ORDERLABEL="00000057"><METS:fptr FILEID="00000057"/>
				<METS:div TYPE="Chapter" LABEL="专用术语" ORDERLABEL="00000057"><METS:fptr FILEID="00000057"/>
				</METS:div>
				<METS:div TYPE="Chapter" LABEL="风险管理的某些原则" ORDERLABEL="00000061"><METS:fptr FILEID="00000061"/>
				</METS:div>
				<METS:div TYPE="Chapter" LABEL="承担风险的心理" ORDERLABEL="00000061"><METS:fptr FILEID="00000061"/>
				</METS:div>
				<METS:div TYPE="Chapter" LABEL="可见的与实际的威胁" ORDERLABEL="00000061"><METS:fptr FILEID="00000061"/>
				</METS:div>
				<METS:div TYPE="Chapter" LABEL="关于风险的一些基本事实" ORDERLABEL="00000066"><METS:fptr FILEID="00000066"/>
				</METS:div>
				<METS:div TYPE="Chapter" LABEL="—些关于风险分析的基本事实" ORDERLABEL="00000068"><METS:fptr FILEID="00000068"/>
				</METS:div>
				<METS:div TYPE="Chapter" LABEL="选择降低风险的策略" ORDERLABEL="00000069"><METS:fptr FILEID="00000069"/>
				</METS:div>
				<METS:div TYPE="Chapter" LABEL="评估降纸风险策略" ORDERLABEL="00000070"><METS:fptr FILEID="00000070"/>
				</METS:div>
				<METS:div TYPE="Chapter" LABEL="注释" ORDERLABEL="00000071"><METS:fptr FILEID="00000071"/>
				</METS:div>
			</METS:div>
			<METS:div TYPE="Chapter" LABEL="第3章  风险评估" ORDERLABEL="00000073"><METS:fptr FILEID="00000073"/>
				<METS:div TYPE="Chapter" LABEL="体系结构的影响" ORDERLABEL="00000074"><METS:fptr FILEID="00000074"/>
				</METS:div>
				<METS:div TYPE="Chapter" LABEL="预备知识" ORDERLABEL="00000075"><METS:fptr FILEID="00000075"/>
				</METS:div>
				<METS:div TYPE="Chapter" LABEL="特裴尔顾问团(Delphi Panels)" ORDERLABEL="00000077"><METS:fptr FILEID="00000077"/>
				</METS:div>
				<METS:div TYPE="Chapter" LABEL="排列方法" ORDERLABEL="00000080"><METS:fptr FILEID="00000080"/>
				</METS:div>
				<METS:div TYPE="Chapter" LABEL="审计方法" ORDERLABEL="00000083"><METS:fptr FILEID="00000083"/>
				</METS:div>
				<METS:div TYPE="Chapter" LABEL="特征记分法" ORDERLABEL="00000083"><METS:fptr FILEID="00000083"/>
				</METS:div>
				<METS:div TYPE="Chapter" LABEL="级别确认" ORDERLABEL="00000084"><METS:fptr FILEID="00000084"/>
				</METS:div>
				<METS:div TYPE="Chapter" LABEL="红皮书" ORDERLABEL="00000090"><METS:fptr FILEID="00000090"/>
				</METS:div>
				<METS:div TYPE="Chapter" LABEL="风险指数的计算" ORDERLABEL="00000098"><METS:fptr FILEID="00000098"/>
				</METS:div>
				<METS:div TYPE="Chapter" LABEL="问题表和调查表方法" ORDERLABEL="00000100"><METS:fptr FILEID="00000100"/>
				</METS:div>
				<METS:div TYPE="Chapter" LABEL="注释" ORDERLABEL="00000103"><METS:fptr FILEID="00000103"/>
				</METS:div>
			</METS:div>
			<METS:div TYPE="Chapter" LABEL="第4章  风险管理/测量工具和服务" ORDERLABEL="00000105"><METS:fptr FILEID="00000105"/>
				<METS:div TYPE="Chapter" LABEL="怎样选样一种风险分析工具" ORDERLABEL="00000105"><METS:fptr FILEID="00000105"/>
				</METS:div>
				<METS:div TYPE="Chapter" LABEL="工具" ORDERLABEL="00000113"><METS:fptr FILEID="00000113"/>
				</METS:div>
				<METS:div TYPE="Chapter" LABEL="服务" ORDERLABEL="00000124"><METS:fptr FILEID="00000124"/>
				</METS:div>
			</METS:div>
			<METS:div TYPE="Chapter" LABEL="第5章  你的风险是什么?自我测试" ORDERLABEL="00000126"><METS:fptr FILEID="00000126"/>
				<METS:div TYPE="Chapter" LABEL="保护办公地点" ORDERLABEL="00000126"><METS:fptr FILEID="00000126"/>
				</METS:div>
				<METS:div TYPE="Chapter" LABEL="保护工作站" ORDERLABEL="00000129"><METS:fptr FILEID="00000129"/>
				</METS:div>
				<METS:div TYPE="Chapter" LABEL="保护服务器" ORDERLABEL="00000132"><METS:fptr FILEID="00000132"/>
				</METS:div>
				<METS:div TYPE="Chapter" LABEL="保护应用程序和数据" ORDERLABEL="00000138"><METS:fptr FILEID="00000138"/>
				</METS:div>
				<METS:div TYPE="Chapter" LABEL="保护网络打印机" ORDERLABEL="00000139"><METS:fptr FILEID="00000139"/>
				</METS:div>
				<METS:div TYPE="Chapter" LABEL="保护工作站和服务器间的电缆" ORDERLABEL="00000139"><METS:fptr FILEID="00000139"/>
				</METS:div>
				<METS:div TYPE="Chapter" LABEL="保护与外界的连接" ORDERLABEL="00000140"><METS:fptr FILEID="00000140"/>
				</METS:div>
			</METS:div>
		</METS:div>
		<METS:div TYPE="Chapter" LABEL="第二部分  一些威胁的详细论述" ORDERLABEL="00000143"><METS:fptr FILEID="00000143"/>
			<METS:div TYPE="Chapter" LABEL="第6章  对网络有威胁的人" ORDERLABEL="00000144"><METS:fptr FILEID="00000144"/>
				<METS:div TYPE="Chapter" LABEL="管理员" ORDERLABEL="00000144"><METS:fptr FILEID="00000144"/>
				</METS:div>
				<METS:div TYPE="Chapter" LABEL="计算机安全专业人员" ORDERLABEL="00000145"><METS:fptr FILEID="00000145"/>
				</METS:div>
				<METS:div TYPE="Chapter" LABEL="局域网管理员" ORDERLABEL="00000146"><METS:fptr FILEID="00000146"/>
				</METS:div>
				<METS:div TYPE="Chapter" LABEL="用户" ORDERLABEL="00000147"><METS:fptr FILEID="00000147"/>
				</METS:div>
				<METS:div TYPE="Chapter" LABEL="计算机窃贼" ORDERLABEL="00000148"><METS:fptr FILEID="00000148"/>
				</METS:div>
				<METS:div TYPE="Chapter" LABEL="对行窃的反应" ORDERLABEL="00000160"><METS:fptr FILEID="00000160"/>
				</METS:div>
				<METS:div TYPE="Chapter" LABEL="别的局外人" ORDERLABEL="00000161"><METS:fptr FILEID="00000161"/>
				</METS:div>
				<METS:div TYPE="Chapter" LABEL="分担责任" ORDERLABEL="00000162"><METS:fptr FILEID="00000162"/>
				</METS:div>
				<METS:div TYPE="Chapter" LABEL="注释" ORDERLABEL="00000163"><METS:fptr FILEID="00000163"/>
				</METS:div>
			</METS:div>
			<METS:div TYPE="Chapter" LABEL="第7章  网络类型如何影响风险" ORDERLABEL="00000165"><METS:fptr FILEID="00000165"/>
				<METS:div TYPE="Chapter" LABEL="总线网" ORDERLABEL="00000165"><METS:fptr FILEID="00000165"/>
				</METS:div>
				<METS:div TYPE="Chapter" LABEL="拨号网" ORDERLABEL="00000166"><METS:fptr FILEID="00000166"/>
				</METS:div>
				<METS:div TYPE="Chapter" LABEL="多种网络" ORDERLABEL="00000166"><METS:fptr FILEID="00000166"/>
				</METS:div>
				<METS:div TYPE="Chapter" LABEL="局域网" ORDERLABEL="00000167"><METS:fptr FILEID="00000167"/>
				</METS:div>
				<METS:div TYPE="Chapter" LABEL="网状网络" ORDERLABEL="00000167"><METS:fptr FILEID="00000167"/>
				</METS:div>
				<METS:div TYPE="Chapter" LABEL="包交换网" ORDERLABEL="00000168"><METS:fptr FILEID="00000168"/>
				</METS:div>
				<METS:div TYPE="Chapter" LABEL="环形网" ORDERLABEL="00000168"><METS:fptr FILEID="00000168"/>
				</METS:div>
				<METS:div TYPE="Chapter" LABEL="系统网络" ORDERLABEL="00000168"><METS:fptr FILEID="00000168"/>
				</METS:div>
				<METS:div TYPE="Chapter" LABEL="星型网络" ORDERLABEL="00000169"><METS:fptr FILEID="00000169"/>
				</METS:div>
			</METS:div>
			<METS:div TYPE="Chapter" LABEL="第8章  关于病毒的某些事实" ORDERLABEL="00000171"><METS:fptr FILEID="00000171"/>
				<METS:div TYPE="Chapter" LABEL="病毒基础" ORDERLABEL="00000171"><METS:fptr FILEID="00000171"/>
				</METS:div>
				<METS:div TYPE="Chapter" LABEL="自我保护的常识" ORDERLABEL="00000186"><METS:fptr FILEID="00000186"/>
				</METS:div>
			</METS:div>
			<METS:div TYPE="Chapter" LABEL="第9章  病毒对NetWare局域网的危害:事实与虚构" ORDERLABEL="00000191"><METS:fptr FILEID="00000191"/>
				<METS:div TYPE="Chapter" LABEL="病毒基础" ORDERLABEL="00000191"><METS:fptr FILEID="00000191"/>
				</METS:div>
				<METS:div TYPE="Chapter" LABEL="如何测试病毒" ORDERLABEL="00000192"><METS:fptr FILEID="00000192"/>
				</METS:div>
				<METS:div TYPE="Chapter" LABEL="一点基本知识" ORDERLABEL="00000194"><METS:fptr FILEID="00000194"/>
				</METS:div>
				<METS:div TYPE="Chapter" LABEL="普通文件型病毒如何在NetWare上运行" ORDERLABEL="00000195"><METS:fptr FILEID="00000195"/>
				</METS:div>
				<METS:div TYPE="Chapter" LABEL="NetWare特有的病毒" ORDERLABEL="00000198"><METS:fptr FILEID="00000198"/>
				</METS:div>
				<METS:div TYPE="Chapter" LABEL="引导带有引导型病毒的工作站" ORDERLABEL="00000198"><METS:fptr FILEID="00000198"/>
				</METS:div>
				<METS:div TYPE="Chapter" LABEL="引导带有引导型病毒的服务器" ORDERLABEL="00000199"><METS:fptr FILEID="00000199"/>
				</METS:div>
				<METS:div TYPE="Chapter" LABEL="来自服务器的病毒攻击" ORDERLABEL="00000199"><METS:fptr FILEID="00000199"/>
				</METS:div>
				<METS:div TYPE="Chapter" LABEL="保护带有NelWare的服务器" ORDERLABEL="00000201"><METS:fptr FILEID="00000201"/>
				</METS:div>
			</METS:div>
		</METS:div>
		<METS:div TYPE="Chapter" LABEL="第三部分  深入研究某些解决办法" ORDERLABEL="00000203"><METS:fptr FILEID="00000203"/>
			<METS:div TYPE="Chapter" LABEL="第10章  常规防护" ORDERLABEL="00000204"><METS:fptr FILEID="00000204"/>
				<METS:div TYPE="Chapter" LABEL="采用备份来避免总体损失" ORDERLABEL="00000204"><METS:fptr FILEID="00000204"/>
				</METS:div>
				<METS:div TYPE="Chapter" LABEL="帮助用户帮助他们自己" ORDERLABEL="00000205"><METS:fptr FILEID="00000205"/>
				</METS:div>
				<METS:div TYPE="Chapter" LABEL="防止窃贼" ORDERLABEL="00000206"><METS:fptr FILEID="00000206"/>
				</METS:div>
				<METS:div TYPE="Chapter" LABEL="预防引导病毒" ORDERLABEL="00000206"><METS:fptr FILEID="00000206"/>
				</METS:div>
				<METS:div TYPE="Chapter" LABEL="预防文件病毒" ORDERLABEL="00000207"><METS:fptr FILEID="00000207"/>
				</METS:div>
				<METS:div TYPE="Chapter" LABEL="将访问控制加到PC机" ORDERLABEL="00000207"><METS:fptr FILEID="00000207"/>
				</METS:div>
				<METS:div TYPE="Chapter" LABEL="防止软件海盗行动" ORDERLABEL="00000207"><METS:fptr FILEID="00000207"/>
				</METS:div>
				<METS:div TYPE="Chapter" LABEL="防止无意的信息披露" ORDERLABEL="00000208"><METS:fptr FILEID="00000208"/>
				</METS:div>
				<METS:div TYPE="Chapter" LABEL="使服务器安全" ORDERLABEL="00000208"><METS:fptr FILEID="00000208"/>
				</METS:div>
				<METS:div TYPE="Chapter" LABEL="使用网络操作系统的安全功能" ORDERLABEL="00000209"><METS:fptr FILEID="00000209"/>
				</METS:div>
				<METS:div TYPE="Chapter" LABEL="阻止局外人攻击" ORDERLABEL="00000209"><METS:fptr FILEID="00000209"/>
				</METS:div>
				<METS:div TYPE="Chapter" LABEL="不要促成过早的硬件故障" ORDERLABEL="00000210"><METS:fptr FILEID="00000210"/>
				</METS:div>
				<METS:div TYPE="Chapter" LABEL="为灾难准备硬件" ORDERLABEL="00000210"><METS:fptr FILEID="00000210"/>
				</METS:div>
				<METS:div TYPE="Chapter" LABEL="学习数据恢复的基本知识" ORDERLABEL="00000211"><METS:fptr FILEID="00000211"/>
				</METS:div>
				<METS:div TYPE="Chapter" LABEL="确定政策" ORDERLABEL="00000211"><METS:fptr FILEID="00000211"/>
				</METS:div>
			</METS:div>
			<METS:div TYPE="Chapter" LABEL="第11章  网络安全控制措施概述" ORDERLABEL="00000212"><METS:fptr FILEID="00000212"/>
				<METS:div TYPE="Chapter" LABEL="物理访问控制" ORDERLABEL="00000212"><METS:fptr FILEID="00000212"/>
				</METS:div>
				<METS:div TYPE="Chapter" LABEL="逻辑访问控制" ORDERLABEL="00000213"><METS:fptr FILEID="00000213"/>
				</METS:div>
				<METS:div TYPE="Chapter" LABEL="组织方面的控制" ORDERLABEL="00000214"><METS:fptr FILEID="00000214"/>
				</METS:div>
				<METS:div TYPE="Chapter" LABEL="人事控制" ORDERLABEL="00000214"><METS:fptr FILEID="00000214"/>
				</METS:div>
				<METS:div TYPE="Chapter" LABEL="操作控制" ORDERLABEL="00000215"><METS:fptr FILEID="00000215"/>
				</METS:div>
				<METS:div TYPE="Chapter" LABEL="应用程序开发控制" ORDERLABEL="00000216"><METS:fptr FILEID="00000216"/>
				</METS:div>
				<METS:div TYPE="Chapter" LABEL="工作站控制" ORDERLABEL="00000217"><METS:fptr FILEID="00000217"/>
				</METS:div>
				<METS:div TYPE="Chapter" LABEL="服务器控制" ORDERLABEL="00000217"><METS:fptr FILEID="00000217"/>
				</METS:div>
				<METS:div TYPE="Chapter" LABEL="数据传输控制" ORDERLABEL="00000217"><METS:fptr FILEID="00000217"/>
				</METS:div>
				<METS:div TYPE="Chapter" LABEL="自我测试:你安全吗?" ORDERLABEL="00000218"><METS:fptr FILEID="00000218"/>
				</METS:div>
				<METS:div TYPE="Chapter" LABEL="注释" ORDERLABEL="00000220"><METS:fptr FILEID="00000220"/>
				</METS:div>
			</METS:div>
			<METS:div TYPE="Chapter" LABEL="第12章  访问控制及访问控制产品" ORDERLABEL="00000221"><METS:fptr FILEID="00000221"/>
				<METS:div TYPE="Chapter" LABEL="网络中的访问控制问题" ORDERLABEL="00000222"><METS:fptr FILEID="00000222"/>
				</METS:div>
				<METS:div TYPE="Chapter" LABEL="用于访问控制的开放式安全系统结构" ORDERLABEL="00000225"><METS:fptr FILEID="00000225"/>
				</METS:div>
				<METS:div TYPE="Chapter" LABEL="微型计算机访问控制产品评估" ORDERLABEL="00000238"><METS:fptr FILEID="00000238"/>
				</METS:div>
				<METS:div TYPE="Chapter" LABEL="其它产品信息" ORDERLABEL="00000290"><METS:fptr FILEID="00000290"/>
				</METS:div>
				<METS:div TYPE="Chapter" LABEL="注释" ORDERLABEL="00000292"><METS:fptr FILEID="00000292"/>
				</METS:div>
			</METS:div>
			<METS:div TYPE="Chapter" LABEL="第13章  证实:口令和现代变种" ORDERLABEL="00000293"><METS:fptr FILEID="00000293"/>
				<METS:div TYPE="Chapter" LABEL="绕过口令系统" ORDERLABEL="00000294"><METS:fptr FILEID="00000294"/>
				</METS:div>
				<METS:div TYPE="Chapter" LABEL="通过NetUtils来攻击一切" ORDERLABEL="00000296"><METS:fptr FILEID="00000296"/>
				</METS:div>
				<METS:div TYPE="Chapter" LABEL="通过蛮力口令猜测突破口令系统" ORDERLABEL="00000297"><METS:fptr FILEID="00000297"/>
				</METS:div>
				<METS:div TYPE="Chapter" LABEL="用网络分析器捕获NetWare口令" ORDERLABEL="00000301"><METS:fptr FILEID="00000301"/>
				</METS:div>
				<METS:div TYPE="Chapter" LABEL="用字典攻击" ORDERLABEL="00000301"><METS:fptr FILEID="00000301"/>
				</METS:div>
				<METS:div TYPE="Chapter" LABEL="通过猜测来攻击" ORDERLABEL="00000302"><METS:fptr FILEID="00000302"/>
				</METS:div>
				<METS:div TYPE="Chapter" LABEL="用借用的口令进行攻击" ORDERLABEL="00000303"><METS:fptr FILEID="00000303"/>
				</METS:div>
				<METS:div TYPE="Chapter" LABEL="通过逆向算法攻击" ORDERLABEL="00000304"><METS:fptr FILEID="00000304"/>
				</METS:div>
				<METS:div TYPE="Chapter" LABEL="用TSR攻击" ORDERLABEL="00000304"><METS:fptr FILEID="00000304"/>
				</METS:div>
				<METS:div TYPE="Chapter" LABEL="利用委员会会议攻击" ORDERLABEL="00000306"><METS:fptr FILEID="00000306"/>
				</METS:div>
				<METS:div TYPE="Chapter" LABEL="用LOGIN特洛伊来攻击" ORDERLABEL="00000306"><METS:fptr FILEID="00000306"/>
				</METS:div>
				<METS:div TYPE="Chapter" LABEL="通过以前被授权的用户攻击" ORDERLABEL="00000307"><METS:fptr FILEID="00000307"/>
				</METS:div>
				<METS:div TYPE="Chapter" LABEL="对口令问题的某些一般解决办法" ORDERLABEL="00000308"><METS:fptr FILEID="00000308"/>
				</METS:div>
				<METS:div TYPE="Chapter" LABEL="口令管理准则" ORDERLABEL="00000311"><METS:fptr FILEID="00000311"/>
				</METS:div>
				<METS:div TYPE="Chapter" LABEL="注释" ORDERLABEL="00000317"><METS:fptr FILEID="00000317"/>
				</METS:div>
			</METS:div>
			<METS:div TYPE="Chapter" LABEL="第14章  加密与数字签名" ORDERLABEL="00000318"><METS:fptr FILEID="00000318"/>
				<METS:div TYPE="Chapter" LABEL="加密如何工作" ORDERLABEL="00000319"><METS:fptr FILEID="00000319"/>
				</METS:div>
				<METS:div TYPE="Chapter" LABEL="安装加密" ORDERLABEL="00000319"><METS:fptr FILEID="00000319"/>
				</METS:div>
				<METS:div TYPE="Chapter" LABEL="关于加密的几个常见问题" ORDERLABEL="00000320"><METS:fptr FILEID="00000320"/>
				</METS:div>
				<METS:div TYPE="Chapter" LABEL="数据加密标准(DES)" ORDERLABEL="00000323"><METS:fptr FILEID="00000323"/>
				</METS:div>
				<METS:div TYPE="Chapter" LABEL="关于RSA和公开密钥加密系统的几个问题" ORDERLABEL="00000326"><METS:fptr FILEID="00000326"/>
				</METS:div>
				<METS:div TYPE="Chapter" LABEL="DSS" ORDERLABEL="00000330"><METS:fptr FILEID="00000330"/>
				</METS:div>
				<METS:div TYPE="Chapter" LABEL="Kerberos" ORDERLABEL="00000330"><METS:fptr FILEID="00000330"/>
				</METS:div>
				<METS:div TYPE="Chapter" LABEL="运算时间" ORDERLABEL="00000330"><METS:fptr FILEID="00000330"/>
				</METS:div>
				<METS:div TYPE="Chapter" LABEL="操作实例" ORDERLABEL="00000331"><METS:fptr FILEID="00000331"/>
				</METS:div>
				<METS:div TYPE="Chapter" LABEL="用X9.9证实消息" ORDERLABEL="00000331"><METS:fptr FILEID="00000331"/>
				</METS:div>
				<METS:div TYPE="Chapter" LABEL="加密的基本问题" ORDERLABEL="00000333"><METS:fptr FILEID="00000333"/>
				</METS:div>
				<METS:div TYPE="Chapter" LABEL="注释" ORDERLABEL="00000333"><METS:fptr FILEID="00000333"/>
				</METS:div>
			</METS:div>
			<METS:div TYPE="Chapter" LABEL="第15章  容错的用户、存储、电源及网络" ORDERLABEL="00000334"><METS:fptr FILEID="00000334"/>
				<METS:div TYPE="Chapter" LABEL="问题是什么呢?" ORDERLABEL="00000335"><METS:fptr FILEID="00000335"/>
				</METS:div>
				<METS:div TYPE="Chapter" LABEL="容错用户" ORDERLABEL="00000337"><METS:fptr FILEID="00000337"/>
				</METS:div>
				<METS:div TYPE="Chapter" LABEL="硬件与容错" ORDERLABEL="00000343"><METS:fptr FILEID="00000343"/>
				</METS:div>
				<METS:div TYPE="Chapter" LABEL="两台计算机比一台好些" ORDERLABEL="00000344"><METS:fptr FILEID="00000344"/>
				</METS:div>
				<METS:div TYPE="Chapter" LABEL="容错存储" ORDERLABEL="00000344"><METS:fptr FILEID="00000344"/>
				</METS:div>
				<METS:div TYPE="Chapter" LABEL="备份" ORDERLABEL="00000349"><METS:fptr FILEID="00000349"/>
				</METS:div>
				<METS:div TYPE="Chapter" LABEL="容错电源" ORDERLABEL="00000353"><METS:fptr FILEID="00000353"/>
				</METS:div>
				<METS:div TYPE="Chapter" LABEL="容错网络" ORDERLABEL="00000360"><METS:fptr FILEID="00000360"/>
				</METS:div>
				<METS:div TYPE="Chapter" LABEL="将选择加权" ORDERLABEL="00000361"><METS:fptr FILEID="00000361"/>
				</METS:div>
				<METS:div TYPE="Chapter" LABEL="销售商" ORDERLABEL="00000361"><METS:fptr FILEID="00000361"/>
				</METS:div>
				<METS:div TYPE="Chapter" LABEL="注释" ORDERLABEL="00000364"><METS:fptr FILEID="00000364"/>
				</METS:div>
			</METS:div>
			<METS:div TYPE="Chapter" LABEL="第16章  公告牌(BBS)与安全" ORDERLABEL="00000365"><METS:fptr FILEID="00000365"/>
				<METS:div TYPE="Chapter" LABEL="为什么呼叫BBS?" ORDERLABEL="00000365"><METS:fptr FILEID="00000365"/>
				</METS:div>
				<METS:div TYPE="Chapter" LABEL="呼叫者的安全" ORDERLABEL="00000366"><METS:fptr FILEID="00000366"/>
				</METS:div>
				<METS:div TYPE="Chapter" LABEL="从你的组织中的BBS得到的益处" ORDERLABEL="00000368"><METS:fptr FILEID="00000368"/>
				</METS:div>
				<METS:div TYPE="Chapter" LABEL="建立安全的BBS" ORDERLABEL="00000369"><METS:fptr FILEID="00000369"/>
				</METS:div>
				<METS:div TYPE="Chapter" LABEL="评估BBS软件的安全功能" ORDERLABEL="00000372"><METS:fptr FILEID="00000372"/>
				</METS:div>
				<METS:div TYPE="Chapter" LABEL="注意黑暗面" ORDERLABEL="00000377"><METS:fptr FILEID="00000377"/>
				</METS:div>
				<METS:div TYPE="Chapter" LABEL="注释" ORDERLABEL="00000382"><METS:fptr FILEID="00000382"/>
				</METS:div>
			</METS:div>
			<METS:div TYPE="Chapter" LABEL="第17章  到全世界去的安全连接:网桥,路由器,信关和隔离墙" ORDERLABEL="00000383"><METS:fptr FILEID="00000383"/>
				<METS:div TYPE="Chapter" LABEL="网桥和路由器" ORDERLABEL="00000384"><METS:fptr FILEID="00000384"/>
				</METS:div>
				<METS:div TYPE="Chapter" LABEL="案例研究:Digital公司建立一网络隔离墙" ORDERLABEL="00000390"><METS:fptr FILEID="00000390"/>
				</METS:div>
				<METS:div TYPE="Chapter" LABEL="注释" ORDERLABEL="00000398"><METS:fptr FILEID="00000398"/>
				</METS:div>
			</METS:div>
			<METS:div TYPE="Chapter" LABEL="第18章  法规,标准和网络安全" ORDERLABEL="00000399"><METS:fptr FILEID="00000399"/>
				<METS:div TYPE="Chapter" LABEL="标准的开发" ORDERLABEL="00000399"><METS:fptr FILEID="00000399"/>
				</METS:div>
				<METS:div TYPE="Chapter" LABEL="国际的/非专有的/法定的标准" ORDERLABEL="00000407"><METS:fptr FILEID="00000407"/>
				</METS:div>
				<METS:div TYPE="Chapter" LABEL="安全产品评估" ORDERLABEL="00000418"><METS:fptr FILEID="00000418"/>
				</METS:div>
				<METS:div TYPE="Chapter" LABEL="指导方针" ORDERLABEL="00000419"><METS:fptr FILEID="00000419"/>
				</METS:div>
				<METS:div TYPE="Chapter" LABEL="立法" ORDERLABEL="00000421"><METS:fptr FILEID="00000421"/>
				</METS:div>
				<METS:div TYPE="Chapter" LABEL="我们还需要什么" ORDERLABEL="00000429"><METS:fptr FILEID="00000429"/>
				</METS:div>
				<METS:div TYPE="Chapter" LABEL="注释" ORDERLABEL="00000430"><METS:fptr FILEID="00000430"/>
				</METS:div>
			</METS:div>
		</METS:div>
		<METS:div TYPE="Chapter" LABEL="第四部分  考察局域网" ORDERLABEL="00000433"><METS:fptr FILEID="00000433"/>
			<METS:div TYPE="Chapter" LABEL="第19章  容错和网络操作系统" ORDERLABEL="00000434"><METS:fptr FILEID="00000434"/>
				<METS:div TYPE="Chapter" LABEL="容错介绍" ORDERLABEL="00000434"><METS:fptr FILEID="00000434"/>
				</METS:div>
				<METS:div TYPE="Chapter" LABEL="寻找数据保护的方法" ORDERLABEL="00000435"><METS:fptr FILEID="00000435"/>
				</METS:div>
				<METS:div TYPE="Chapter" LABEL="销售商信息" ORDERLABEL="00000443"><METS:fptr FILEID="00000443"/>
				</METS:div>
			</METS:div>
			<METS:div TYPE="Chapter" LABEL="第20章  Microsoft的LAN Manager" ORDERLABEL="00000445"><METS:fptr FILEID="00000445"/>
				<METS:div TYPE="Chapter" LABEL="概述" ORDERLABEL="00000447"><METS:fptr FILEID="00000447"/>
				</METS:div>
				<METS:div TYPE="Chapter" LABEL="管理" ORDERLABEL="00000448"><METS:fptr FILEID="00000448"/>
				</METS:div>
				<METS:div TYPE="Chapter" LABEL="服务器安全性" ORDERLABEL="00000451"><METS:fptr FILEID="00000451"/>
				</METS:div>
				<METS:div TYPE="Chapter" LABEL="针对工作组的Windows" ORDERLABEL="00000455"><METS:fptr FILEID="00000455"/>
				</METS:div>
				<METS:div TYPE="Chapter" LABEL="共享资源的控制" ORDERLABEL="00000455"><METS:fptr FILEID="00000455"/>
				</METS:div>
				<METS:div TYPE="Chapter" LABEL="远程程序调用" ORDERLABEL="00000456"><METS:fptr FILEID="00000456"/>
				</METS:div>
				<METS:div TYPE="Chapter" LABEL="远程服务器访问" ORDERLABEL="00000456"><METS:fptr FILEID="00000456"/>
				</METS:div>
				<METS:div TYPE="Chapter" LABEL="本地安全性" ORDERLABEL="00000456"><METS:fptr FILEID="00000456"/>
				</METS:div>
				<METS:div TYPE="Chapter" LABEL="审计" ORDERLABEL="00000456"><METS:fptr FILEID="00000456"/>
				</METS:div>
				<METS:div TYPE="Chapter" LABEL="容错" ORDERLABEL="00000457"><METS:fptr FILEID="00000457"/>
				</METS:div>
				<METS:div TYPE="Chapter" LABEL="注释" ORDERLABEL="00000458"><METS:fptr FILEID="00000458"/>
				</METS:div>
			</METS:div>
			<METS:div TYPE="Chapter" LABEL="第21章  使IBM LAN Server网络变得安全" ORDERLABEL="00000459"><METS:fptr FILEID="00000459"/>
				<METS:div TYPE="Chapter" LABEL="安装" ORDERLABEL="00000460"><METS:fptr FILEID="00000460"/>
				</METS:div>
				<METS:div TYPE="Chapter" LABEL="访问控制" ORDERLABEL="00000464"><METS:fptr FILEID="00000464"/>
				</METS:div>
				<METS:div TYPE="Chapter" LABEL="操作" ORDERLABEL="00000471"><METS:fptr FILEID="00000471"/>
				</METS:div>
				<METS:div TYPE="Chapter" LABEL="注释" ORDERLABEL="00000472"><METS:fptr FILEID="00000472"/>
				</METS:div>
			</METS:div>
			<METS:div TYPE="Chapter" LABEL="第22章  LANtastic的网络安全" ORDERLABEL="00000473"><METS:fptr FILEID="00000473"/>
				<METS:div TYPE="Chapter" LABEL="LANtastic网络简介" ORDERLABEL="00000473"><METS:fptr FILEID="00000473"/>
				</METS:div>
				<METS:div TYPE="Chapter" LABEL="LANtastic的安全特性" ORDERLABEL="00000474"><METS:fptr FILEID="00000474"/>
				</METS:div>
				<METS:div TYPE="Chapter" LABEL="销售商信息" ORDERLABEL="00000480"><METS:fptr FILEID="00000480"/>
				</METS:div>
			</METS:div>
			<METS:div TYPE="Chapter" LABEL="第23章  NetWare的安全" ORDERLABEL="00000481"><METS:fptr FILEID="00000481"/>
				<METS:div TYPE="Chapter" LABEL="什么是NetWare?" ORDERLABEL="00000481"><METS:fptr FILEID="00000481"/>
				</METS:div>
				<METS:div TYPE="Chapter" LABEL="初始设置:SYSCON" ORDERLABEL="00000484"><METS:fptr FILEID="00000484"/>
				</METS:div>
				<METS:div TYPE="Chapter" LABEL="属性和权限" ORDERLABEL="00000496"><METS:fptr FILEID="00000496"/>
				</METS:div>
				<METS:div TYPE="Chapter" LABEL="文件级保护" ORDERLABEL="00000497"><METS:fptr FILEID="00000497"/>
				</METS:div>
				<METS:div TYPE="Chapter" LABEL="关于访问权限" ORDERLABEL="00000505"><METS:fptr FILEID="00000505"/>
				</METS:div>
				<METS:div TYPE="Chapter" LABEL="建立目录结构" ORDERLABEL="00000505"><METS:fptr FILEID="00000505"/>
				</METS:div>
				<METS:div TYPE="Chapter" LABEL="建立工作组" ORDERLABEL="00000506"><METS:fptr FILEID="00000506"/>
				</METS:div>
				<METS:div TYPE="Chapter" LABEL="建立工作组管理员(NetWare 3.x)" ORDERLABEL="00000506"><METS:fptr FILEID="00000506"/>
				</METS:div>
				<METS:div TYPE="Chapter" LABEL="关于LOGIN" ORDERLABEL="00000507"><METS:fptr FILEID="00000507"/>
				</METS:div>
				<METS:div TYPE="Chapter" LABEL="建立安全性的其它方法" ORDERLABEL="00000508"><METS:fptr FILEID="00000508"/>
				</METS:div>
				<METS:div TYPE="Chapter" LABEL="NetWare安全维护命令" ORDERLABEL="00000510"><METS:fptr FILEID="00000510"/>
				</METS:div>
				<METS:div TYPE="Chapter" LABEL="NetWare的容错性" ORDERLABEL="00000513"><METS:fptr FILEID="00000513"/>
				</METS:div>
				<METS:div TYPE="Chapter" LABEL="建立一个安全的NetWare网络" ORDERLABEL="00000515"><METS:fptr FILEID="00000515"/>
				</METS:div>
				<METS:div TYPE="Chapter" LABEL="DAVE的最重要的几点忠告" ORDERLABEL="00000516"><METS:fptr FILEID="00000516"/>
				</METS:div>
				<METS:div TYPE="Chapter" LABEL="奇特的和最后的" ORDERLABEL="00000518"><METS:fptr FILEID="00000518"/>
				</METS:div>
				<METS:div TYPE="Chapter" LABEL="注释" ORDERLABEL="00000520"><METS:fptr FILEID="00000520"/>
				</METS:div>
			</METS:div>
			<METS:div TYPE="Chapter" LABEL="第24章  UNIX安全" ORDERLABEL="00000521"><METS:fptr FILEID="00000521"/>
				<METS:div TYPE="Chapter" LABEL="UNIX的开发背景" ORDERLABEL="00000521"><METS:fptr FILEID="00000521"/>
				</METS:div>
				<METS:div TYPE="Chapter" LABEL="回顾一些蠕虫事件" ORDERLABEL="00000523"><METS:fptr FILEID="00000523"/>
				</METS:div>
				<METS:div TYPE="Chapter" LABEL="关于保障个人稳私权的问题" ORDERLABEL="00000529"><METS:fptr FILEID="00000529"/>
				</METS:div>
				<METS:div TYPE="Chapter" LABEL="设置一个安全的UNIX配置" ORDERLABEL="00000530"><METS:fptr FILEID="00000530"/>
				</METS:div>
				<METS:div TYPE="Chapter" LABEL="安全性的监控和管理" ORDERLABEL="00000537"><METS:fptr FILEID="00000537"/>
				</METS:div>
				<METS:div TYPE="Chapter" LABEL="用其它软件加强安全性" ORDERLABEL="00000541"><METS:fptr FILEID="00000541"/>
				</METS:div>
				<METS:div TYPE="Chapter" LABEL="跟上潮流" ORDERLABEL="00000542"><METS:fptr FILEID="00000542"/>
				</METS:div>
				<METS:div TYPE="Chapter" LABEL="注释" ORDERLABEL="00000543"><METS:fptr FILEID="00000543"/>
				</METS:div>
			</METS:div>
			<METS:div TYPE="Chapter" LABEL="第25章  Banyan VINES安全" ORDERLABEL="00000546"><METS:fptr FILEID="00000546"/>
				<METS:div TYPE="Chapter" LABEL="建立用户类型" ORDERLABEL="00000547"><METS:fptr FILEID="00000547"/>
				</METS:div>
				<METS:div TYPE="Chapter" LABEL="控制注册" ORDERLABEL="00000547"><METS:fptr FILEID="00000547"/>
				</METS:div>
				<METS:div TYPE="Chapter" LABEL="服务器安全保护" ORDERLABEL="00000552"><METS:fptr FILEID="00000552"/>
				</METS:div>
				<METS:div TYPE="Chapter" LABEL="通过权限控制访问" ORDERLABEL="00000554"><METS:fptr FILEID="00000554"/>
				</METS:div>
				<METS:div TYPE="Chapter" LABEL="通过属性控制访问" ORDERLABEL="00000556"><METS:fptr FILEID="00000556"/>
				</METS:div>
				<METS:div TYPE="Chapter" LABEL="产生日志报告" ORDERLABEL="00000557"><METS:fptr FILEID="00000557"/>
				</METS:div>
				<METS:div TYPE="Chapter" LABEL="控制台安全保护" ORDERLABEL="00000558"><METS:fptr FILEID="00000558"/>
				</METS:div>
			</METS:div>
		</METS:div>
		<METS:div TYPE="Chapter" LABEL="第五部分  采取行动的时刻到了!" ORDERLABEL="00000559"><METS:fptr FILEID="00000559"/>
			<METS:div TYPE="Chapter" LABEL="第26章  两个安全范例" ORDERLABEL="00000560"><METS:fptr FILEID="00000560"/>
				<METS:div TYPE="Chapter" LABEL="一个转移范例" ORDERLABEL="00000560"><METS:fptr FILEID="00000560"/>
				</METS:div>
				<METS:div TYPE="Chapter" LABEL="迷失于浓雾中:考察令人沮丧的范例" ORDERLABEL="00000561"><METS:fptr FILEID="00000561"/>
				</METS:div>
				<METS:div TYPE="Chapter" LABEL="比较两个范例" ORDERLABEL="00000570"><METS:fptr FILEID="00000570"/>
				</METS:div>
				<METS:div TYPE="Chapter" LABEL="老专家的新工作" ORDERLABEL="00000574"><METS:fptr FILEID="00000574"/>
				</METS:div>
				<METS:div TYPE="Chapter" LABEL="注释" ORDERLABEL="00000578"><METS:fptr FILEID="00000578"/>
				</METS:div>
			</METS:div>
			<METS:div TYPE="Chapter" LABEL="第27章  规划网络使之幸免于灾难" ORDERLABEL="00000580"><METS:fptr FILEID="00000580"/>
				<METS:div TYPE="Chapter" LABEL="对抗措施" ORDERLABEL="00000581"><METS:fptr FILEID="00000581"/>
				</METS:div>
				<METS:div TYPE="Chapter" LABEL="D天以前" ORDERLABEL="00000585"><METS:fptr FILEID="00000585"/>
				</METS:div>
				<METS:div TYPE="Chapter" LABEL="意外事件规划" ORDERLABEL="00000587"><METS:fptr FILEID="00000587"/>
				</METS:div>
				<METS:div TYPE="Chapter" LABEL="创立一份灾难恢复计划" ORDERLABEL="00000592"><METS:fptr FILEID="00000592"/>
				</METS:div>
				<METS:div TYPE="Chapter" LABEL="注释" ORDERLABEL="00000593"><METS:fptr FILEID="00000593"/>
				</METS:div>
			</METS:div>
			<METS:div TYPE="Chapter" LABEL="第28章  计算机和计算机安全培训" ORDERLABEL="00000594"><METS:fptr FILEID="00000594"/>
				<METS:div TYPE="Chapter" LABEL="什么是培训?" ORDERLABEL="00000594"><METS:fptr FILEID="00000594"/>
				</METS:div>
				<METS:div TYPE="Chapter" LABEL="安全培训与法律" ORDERLABEL="00000595"><METS:fptr FILEID="00000595"/>
				</METS:div>
				<METS:div TYPE="Chapter" LABEL="培训成本与利益" ORDERLABEL="00000597"><METS:fptr FILEID="00000597"/>
				</METS:div>
				<METS:div TYPE="Chapter" LABEL="对培训员和培训主任的提示" ORDERLABEL="00000598"><METS:fptr FILEID="00000598"/>
				</METS:div>
				<METS:div TYPE="Chapter" LABEL="培训材料" ORDERLABEL="00000603"><METS:fptr FILEID="00000603"/>
				</METS:div>
				<METS:div TYPE="Chapter" LABEL="安全培训课程" ORDERLABEL="00000609"><METS:fptr FILEID="00000609"/>
				</METS:div>
				<METS:div TYPE="Chapter" LABEL="术浯汇集" ORDERLABEL="00000624"><METS:fptr FILEID="00000624"/>
				</METS:div>
				<METS:div TYPE="Chapter" LABEL="进一步的阅读材料" ORDERLABEL="00000624"><METS:fptr FILEID="00000624"/>
				</METS:div>
				<METS:div TYPE="Chapter" LABEL="注释" ORDERLABEL="00000625"><METS:fptr FILEID="00000625"/>
				</METS:div>
			</METS:div>
			<METS:div TYPE="Chapter" LABEL="第29章  安全政策与使命声明" ORDERLABEL="00000626"><METS:fptr FILEID="00000626"/>
				<METS:div TYPE="Chapter" LABEL="制定政策" ORDERLABEL="00000626"><METS:fptr FILEID="00000626"/>
				</METS:div>
				<METS:div TYPE="Chapter" LABEL="政策实施" ORDERLABEL="00000628"><METS:fptr FILEID="00000628"/>
				</METS:div>
				<METS:div TYPE="Chapter" LABEL="使命声明草案" ORDERLABEL="00000631"><METS:fptr FILEID="00000631"/>
				</METS:div>
				<METS:div TYPE="Chapter" LABEL="道德" ORDERLABEL="00000631"><METS:fptr FILEID="00000631"/>
				</METS:div>
				<METS:div TYPE="Chapter" LABEL="安全政策草案" ORDERLABEL="00000632"><METS:fptr FILEID="00000632"/>
				</METS:div>
				<METS:div TYPE="Chapter" LABEL="发许可证" ORDERLABEL="00000640"><METS:fptr FILEID="00000640"/>
				</METS:div>
				<METS:div TYPE="Chapter" LABEL="软件海盗行动与局域网" ORDERLABEL="00000641"><METS:fptr FILEID="00000641"/>
				</METS:div>
				<METS:div TYPE="Chapter" LABEL="注释" ORDERLABEL="00000648"><METS:fptr FILEID="00000648"/>
				</METS:div>
			</METS:div>
			<METS:div TYPE="Chapter" LABEL="第30章  网络管理与安全" ORDERLABEL="00000649"><METS:fptr FILEID="00000649"/>
				<METS:div TYPE="Chapter" LABEL="发现闯入者" ORDERLABEL="00000649"><METS:fptr FILEID="00000649"/>
				</METS:div>
				<METS:div TYPE="Chapter" LABEL="发现网络故障" ORDERLABEL="00000660"><METS:fptr FILEID="00000660"/>
				</METS:div>
				<METS:div TYPE="Chapter" LABEL="网络管理工具" ORDERLABEL="00000661"><METS:fptr FILEID="00000661"/>
				</METS:div>
				<METS:div TYPE="Chapter" LABEL="对问题的响应" ORDERLABEL="00000673"><METS:fptr FILEID="00000673"/>
				</METS:div>
				<METS:div TYPE="Chapter" LABEL="销售商" ORDERLABEL="00000677"><METS:fptr FILEID="00000677"/>
				</METS:div>
				<METS:div TYPE="Chapter" LABEL="注释" ORDERLABEL="00000678"><METS:fptr FILEID="00000678"/>
				</METS:div>
			</METS:div>
		</METS:div>
		<METS:div TYPE="Chapter" LABEL="第六部分  共享件" ORDERLABEL="00000679"><METS:fptr FILEID="00000679"/>
			<METS:div TYPE="Chapter" LABEL="网络安全共享件和免费软件" ORDERLABEL="00000679"><METS:fptr FILEID="00000679"/>
				<METS:div TYPE="Chapter" LABEL="如何使用本软件" ORDERLABEL="00000679"><METS:fptr FILEID="00000679"/>
				</METS:div>
				<METS:div TYPE="Chapter" LABEL="磁盘上有什么东西?" ORDERLABEL="00000682"><METS:fptr FILEID="00000682"/>
				</METS:div>
				<METS:div TYPE="Chapter" LABEL="APRITE/APRUN" ORDERLABEL="00000685"><METS:fptr FILEID="00000685"/>
				</METS:div>
				<METS:div TYPE="Chapter" LABEL="BACKEMUP" ORDERLABEL="00000686"><METS:fptr FILEID="00000686"/>
				</METS:div>
				<METS:div TYPE="Chapter" LABEL="BAGKEYS" ORDERLABEL="00000687"><METS:fptr FILEID="00000687"/>
				</METS:div>
				<METS:div TYPE="Chapter" LABEL="BLANK" ORDERLABEL="00000687"><METS:fptr FILEID="00000687"/>
				</METS:div>
				<METS:div TYPE="Chapter" LABEL="CMOS" ORDERLABEL="00000688"><METS:fptr FILEID="00000688"/>
				</METS:div>
				<METS:div TYPE="Chapter" LABEL="CRYPTA" ORDERLABEL="00000688"><METS:fptr FILEID="00000688"/>
				</METS:div>
				<METS:div TYPE="Chapter" LABEL="CRYPTDES" ORDERLABEL="00000689"><METS:fptr FILEID="00000689"/>
				</METS:div>
				<METS:div TYPE="Chapter" LABEL="CRYPTE" ORDERLABEL="00000690"><METS:fptr FILEID="00000690"/>
				</METS:div>
				<METS:div TYPE="Chapter" LABEL="CRYPTMPJ" ORDERLABEL="00000690"><METS:fptr FILEID="00000690"/>
				</METS:div>
				<METS:div TYPE="Chapter" LABEL="DELETE" ORDERLABEL="00000691"><METS:fptr FILEID="00000691"/>
				</METS:div>
				<METS:div TYPE="Chapter" LABEL="DlSKUSED" ORDERLABEL="00000691"><METS:fptr FILEID="00000691"/>
				</METS:div>
				<METS:div TYPE="Chapter" LABEL="DO-FOR" ORDERLABEL="00000692"><METS:fptr FILEID="00000692"/>
				</METS:div>
				<METS:div TYPE="Chapter" LABEL="DOSWATCH" ORDERLABEL="00000693"><METS:fptr FILEID="00000693"/>
				</METS:div>
				<METS:div TYPE="Chapter" LABEL="DRLOCK" ORDERLABEL="00000694"><METS:fptr FILEID="00000694"/>
				</METS:div>
				<METS:div TYPE="Chapter" LABEL="DSEDIT" ORDERLABEL="00000694"><METS:fptr FILEID="00000694"/>
				</METS:div>
				<METS:div TYPE="Chapter" LABEL="ENVEDIT" ORDERLABEL="00000695"><METS:fptr FILEID="00000695"/>
				</METS:div>
				<METS:div TYPE="Chapter" LABEL="EQUIPCHK" ORDERLABEL="00000695"><METS:fptr FILEID="00000695"/>
				</METS:div>
				<METS:div TYPE="Chapter" LABEL="EQUIV" ORDERLABEL="00000696"><METS:fptr FILEID="00000696"/>
				</METS:div>
				<METS:div TYPE="Chapter" LABEL="FINDTEXT" ORDERLABEL="00000697"><METS:fptr FILEID="00000697"/>
				</METS:div>
				<METS:div TYPE="Chapter" LABEL="FULLDIR" ORDERLABEL="00000697"><METS:fptr FILEID="00000697"/>
				</METS:div>
				<METS:div TYPE="Chapter" LABEL="GENCON" ORDERLABEL="00000698"><METS:fptr FILEID="00000698"/>
				</METS:div>
				<METS:div TYPE="Chapter" LABEL="GLOSSARY" ORDERLABEL="00000699"><METS:fptr FILEID="00000699"/>
				</METS:div>
				<METS:div TYPE="Chapter" LABEL="IDLEBOOT" ORDERLABEL="00000699"><METS:fptr FILEID="00000699"/>
				</METS:div>
				<METS:div TYPE="Chapter" LABEL="JLOCK" ORDERLABEL="00000700"><METS:fptr FILEID="00000700"/>
				</METS:div>
				<METS:div TYPE="Chapter" LABEL="LANMENU" ORDERLABEL="00000701"><METS:fptr FILEID="00000701"/>
				</METS:div>
				<METS:div TYPE="Chapter" LABEL="LOGINCHK" ORDERLABEL="00000701"><METS:fptr FILEID="00000701"/>
				</METS:div>
				<METS:div TYPE="Chapter" LABEL="MCP" ORDERLABEL="00000702"><METS:fptr FILEID="00000702"/>
				</METS:div>
				<METS:div TYPE="Chapter" LABEL="MEMINFO" ORDERLABEL="00000702"><METS:fptr FILEID="00000702"/>
				</METS:div>
				<METS:div TYPE="Chapter" LABEL="NLMLOCK 2" ORDERLABEL="00000703"><METS:fptr FILEID="00000703"/>
				</METS:div>
				<METS:div TYPE="Chapter" LABEL="NOBOOT" ORDERLABEL="00000704"><METS:fptr FILEID="00000704"/>
				</METS:div>
				<METS:div TYPE="Chapter" LABEL="NOSTOP" ORDERLABEL="00000704"><METS:fptr FILEID="00000704"/>
				</METS:div>
				<METS:div TYPE="Chapter" LABEL="NOVBAT" ORDERLABEL="00000705"><METS:fptr FILEID="00000705"/>
				</METS:div>
				<METS:div TYPE="Chapter" LABEL="ONEPAD" ORDERLABEL="00000705"><METS:fptr FILEID="00000705"/>
				</METS:div>
				<METS:div TYPE="Chapter" LABEL="OTL" ORDERLABEL="00000706"><METS:fptr FILEID="00000706"/>
				</METS:div>
				<METS:div TYPE="Chapter" LABEL="PASSWORD" ORDERLABEL="00000707"><METS:fptr FILEID="00000707"/>
				</METS:div>
				<METS:div TYPE="Chapter" LABEL="PASSWORDS(in PW. ZIP)" ORDERLABEL="00000707"><METS:fptr FILEID="00000707"/>
				</METS:div>
				<METS:div TYPE="Chapter" LABEL="PASSWRD" ORDERLABEL="00000708"><METS:fptr FILEID="00000708"/>
				</METS:div>
				<METS:div TYPE="Chapter" LABEL="PAUDIT 2" ORDERLABEL="00000708"><METS:fptr FILEID="00000708"/>
				</METS:div>
				<METS:div TYPE="Chapter" LABEL="QUICK" ORDERLABEL="00000708"><METS:fptr FILEID="00000708"/>
				</METS:div>
				<METS:div TYPE="Chapter" LABEL="RANK-IT" ORDERLABEL="00000709"><METS:fptr FILEID="00000709"/>
				</METS:div>
				<METS:div TYPE="Chapter" LABEL="READEXE" ORDERLABEL="00000709"><METS:fptr FILEID="00000709"/>
				</METS:div>
				<METS:div TYPE="Chapter" LABEL="README" ORDERLABEL="00000710"><METS:fptr FILEID="00000710"/>
				</METS:div>
				<METS:div TYPE="Chapter" LABEL="REBOOT" ORDERLABEL="00000711"><METS:fptr FILEID="00000711"/>
				</METS:div>
				<METS:div TYPE="Chapter" LABEL="SCOPE(in KSCOPE. ZIP )" ORDERLABEL="00000711"><METS:fptr FILEID="00000711"/>
				</METS:div>
				<METS:div TYPE="Chapter" LABEL="SECOURSE" ORDERLABEL="00000712"><METS:fptr FILEID="00000712"/>
				</METS:div>
				<METS:div TYPE="Chapter" LABEL="SHOWINT" ORDERLABEL="00000712"><METS:fptr FILEID="00000712"/>
				</METS:div>
				<METS:div TYPE="Chapter" LABEL="SNORETIL" ORDERLABEL="00000713"><METS:fptr FILEID="00000713"/>
				</METS:div>
				<METS:div TYPE="Chapter" LABEL="SUPER" ORDERLABEL="00000714"><METS:fptr FILEID="00000714"/>
				</METS:div>
				<METS:div TYPE="Chapter" LABEL="TAKE FIVE(in TAKE5. ZIP)" ORDERLABEL="00000714"><METS:fptr FILEID="00000714"/>
				</METS:div>
				<METS:div TYPE="Chapter" LABEL="TESTBAK" ORDERLABEL="00000715"><METS:fptr FILEID="00000715"/>
				</METS:div>
				<METS:div TYPE="Chapter" LABEL="TSRBOOT" ORDERLABEL="00000716"><METS:fptr FILEID="00000716"/>
				</METS:div>
				<METS:div TYPE="Chapter" LABEL="VBASEABC" ORDERLABEL="00000717"><METS:fptr FILEID="00000717"/>
				</METS:div>
				<METS:div TYPE="Chapter" LABEL="VBASICS" ORDERLABEL="00000717"><METS:fptr FILEID="00000717"/>
				</METS:div>
				<METS:div TYPE="Chapter" LABEL="WHOHAS" ORDERLABEL="00000718"><METS:fptr FILEID="00000718"/>
				</METS:div>
				<METS:div TYPE="Chapter" LABEL="WINSUP" ORDERLABEL="00000719"><METS:fptr FILEID="00000719"/>
				</METS:div>
			</METS:div>
		</METS:div>
	</METS:structMap>
</METS:mets>
