<?xml version="1.0" encoding="utf-8"?>
<METS:mets xmlns:METS="http://www.loc.gov/METS/" xmlns:xsi="http://www.w3.org/2001/XMLSchema-instance" xmlns:gdm="http://sunsite.berkeley.edu/GDM/" xmlns:xlink="http://www.w3.org/TR/xlink" xsi:schemalocation="http://www.loc.gov/METS/http://www.loc.gov/standards/mets/mets.xsd" LABEL="Zhejiang University.jdl.China-America digital library project" TYPE="Section">
	<METS:structMap TYPE="Catalog">
		<METS:div TYPE="Chapter" LABEL="第一篇 计算机网络基础" ORDERLABEL="00000013"><METS:fptr FILEID="00000013"/>
			<METS:div TYPE="Chapter" LABEL="第一章 计算机网络技术基础" ORDERLABEL="00000013"><METS:fptr FILEID="00000013"/>
				<METS:div TYPE="Chapter" LABEL="1.1 计算机网络概述" ORDERLABEL="00000015"><METS:fptr FILEID="00000015"/>
				</METS:div>
				<METS:div TYPE="Chapter" LABEL="1.2 计算机网络拓扑结构和传输介质" ORDERLABEL="00000022"><METS:fptr FILEID="00000022"/>
				</METS:div>
				<METS:div TYPE="Chapter" LABEL="1.3 数据通信基础" ORDERLABEL="00000027"><METS:fptr FILEID="00000027"/>
				</METS:div>
				<METS:div TYPE="Chapter" LABEL="1.4 计算机网络体系结构、协议和网络操作系统" ORDERLABEL="00000044"><METS:fptr FILEID="00000044"/>
				</METS:div>
				<METS:div TYPE="Chapter" LABEL="1.5 计算机网络模型" ORDERLABEL="00000058"><METS:fptr FILEID="00000058"/>
				</METS:div>
				<METS:div TYPE="Chapter" LABEL="1.6 网络操作系统" ORDERLABEL="00000065"><METS:fptr FILEID="00000065"/>
				</METS:div>
				<METS:div TYPE="Chapter" LABEL="习题" ORDERLABEL="00000070"><METS:fptr FILEID="00000070"/>
				</METS:div>
			</METS:div>
			<METS:div TYPE="Chapter" LABEL="第二章 计算机局域网组网技术" ORDERLABEL="00000073"><METS:fptr FILEID="00000073"/>
				<METS:div TYPE="Chapter" LABEL="2.1 局域网概述" ORDERLABEL="00000073"><METS:fptr FILEID="00000073"/>
				</METS:div>
				<METS:div TYPE="Chapter" LABEL="2.2 局域网的拓扑结构" ORDERLABEL="00000075"><METS:fptr FILEID="00000075"/>
				</METS:div>
				<METS:div TYPE="Chapter" LABEL="2.3 局域网的基本组成" ORDERLABEL="00000079"><METS:fptr FILEID="00000079"/>
				</METS:div>
				<METS:div TYPE="Chapter" LABEL="2.4 局域网的访问控制方式(通讯方式)" ORDERLABEL="00000085"><METS:fptr FILEID="00000085"/>
				</METS:div>
				<METS:div TYPE="Chapter" LABEL="2.5 典型局域网组网技术" ORDERLABEL="00000090"><METS:fptr FILEID="00000090"/>
				</METS:div>
				<METS:div TYPE="Chapter" LABEL="2.6 网间互联" ORDERLABEL="00000107"><METS:fptr FILEID="00000107"/>
				</METS:div>
				<METS:div TYPE="Chapter" LABEL="习题" ORDERLABEL="00000121"><METS:fptr FILEID="00000121"/>
				</METS:div>
			</METS:div>
		</METS:div>
		<METS:div TYPE="Chapter" LABEL="第二篇 WindowsNT网络设计与架设" ORDERLABEL="00000123"><METS:fptr FILEID="00000123"/>
			<METS:div TYPE="Chapter" LABEL="第三章 组建 Windows NT局域网" ORDERLABEL="00000125"><METS:fptr FILEID="00000125"/>
				<METS:div TYPE="Chapter" LABEL="3.1 Windows NT网络概述" ORDERLABEL="00000125"><METS:fptr FILEID="00000125"/>
				</METS:div>
				<METS:div TYPE="Chapter" LABEL="3.2 Windows  NT服务器、工作站和  Windows 95/98的区别" ORDERLABEL="00000128"><METS:fptr FILEID="00000128"/>
				</METS:div>
				<METS:div TYPE="Chapter" LABEL="3.3 架设自己的  Windows  NT网络" ORDERLABEL="00000129"><METS:fptr FILEID="00000129"/>
				</METS:div>
				<METS:div TYPE="Chapter" LABEL="3.4 组建  Windows  NT网所涉及的基本概念" ORDERLABEL="00000134"><METS:fptr FILEID="00000134"/>
				</METS:div>
				<METS:div TYPE="Chapter" LABEL="3.5 安装 Windows NT服务器的基本操作" ORDERLABEL="00000146"><METS:fptr FILEID="00000146"/>
				</METS:div>
				<METS:div TYPE="Chapter" LABEL="3.6 Windows  NT中的 TCP/IP协议" ORDERLABEL="00000152"><METS:fptr FILEID="00000152"/>
				</METS:div>
				<METS:div TYPE="Chapter" LABEL="3.7 Windows NT卸载的基本操作" ORDERLABEL="00000159"><METS:fptr FILEID="00000159"/>
				</METS:div>
				<METS:div TYPE="Chapter" LABEL="3.8 恢复或修复 Windows NT系统" ORDERLABEL="00000160"><METS:fptr FILEID="00000160"/>
				</METS:div>
				<METS:div TYPE="Chapter" LABEL="一、实验" ORDERLABEL="00000165"><METS:fptr FILEID="00000165"/>
				</METS:div>
				<METS:div TYPE="Chapter" LABEL="二、习题" ORDERLABEL="00000165"><METS:fptr FILEID="00000165"/>
				</METS:div>
			</METS:div>
			<METS:div TYPE="Chapter" LABEL="第四章  Windows NT网络工作站的联接" ORDERLABEL="00000167"><METS:fptr FILEID="00000167"/>
				<METS:div TYPE="Chapter" LABEL="4.1 网络工作站联接前的准备" ORDERLABEL="00000167"><METS:fptr FILEID="00000167"/>
				</METS:div>
				<METS:div TYPE="Chapter" LABEL="4.2 Windows  NT服务器与  Windows 95/98工作站域方式互联" ORDERLABEL="00000168"><METS:fptr FILEID="00000168"/>
				</METS:div>
				<METS:div TYPE="Chapter" LABEL="4.3 Windows NT server与workstation(工作站)域方式互联" ORDERLABEL="00000177"><METS:fptr FILEID="00000177"/>
				</METS:div>
				<METS:div TYPE="Chapter" LABEL="4.4 DOS工作站与 Windows NT server域方式联接" ORDERLABEL="00000181"><METS:fptr FILEID="00000181"/>
				</METS:div>
				<METS:div TYPE="Chapter" LABEL="一、实验" ORDERLABEL="00000195"><METS:fptr FILEID="00000195"/>
				</METS:div>
				<METS:div TYPE="Chapter" LABEL="二、习题" ORDERLABEL="00000195"><METS:fptr FILEID="00000195"/>
				</METS:div>
			</METS:div>
			<METS:div TYPE="Chapter" LABEL="第五章 Wiindows NT网络邮局" ORDERLABEL="00000197"><METS:fptr FILEID="00000197"/>
				<METS:div TYPE="Chapter" LABEL="5.1 引言" ORDERLABEL="00000197"><METS:fptr FILEID="00000197"/>
				</METS:div>
				<METS:div TYPE="Chapter" LABEL="5.2 电子邮件(E-mail)" ORDERLABEL="00000197"><METS:fptr FILEID="00000197"/>
				</METS:div>
				<METS:div TYPE="Chapter" LABEL="5.3 网络传真(E-faX)" ORDERLABEL="00000198"><METS:fptr FILEID="00000198"/>
				</METS:div>
				<METS:div TYPE="Chapter" LABEL="5.4 网络邮局的建立" ORDERLABEL="00000199"><METS:fptr FILEID="00000199"/>
				</METS:div>
				<METS:div TYPE="Chapter" LABEL="5.5 网络邮局的管理" ORDERLABEL="00000208"><METS:fptr FILEID="00000208"/>
				</METS:div>
				<METS:div TYPE="Chapter" LABEL="5.6 在 Windows NT上使用 Microsoft Exchange的基本技巧" ORDERLABEL="00000213"><METS:fptr FILEID="00000213"/>
				</METS:div>
				<METS:div TYPE="Chapter" LABEL="5.7 在 Windows NT上使用 Microsoft Exchange收发电子邮件的基本技巧" ORDERLABEL="00000217"><METS:fptr FILEID="00000217"/>
				</METS:div>
				<METS:div TYPE="Chapter" LABEL="一、实验" ORDERLABEL="00000222"><METS:fptr FILEID="00000222"/>
				</METS:div>
				<METS:div TYPE="Chapter" LABEL="二、习题" ORDERLABEL="00000223"><METS:fptr FILEID="00000223"/>
				</METS:div>
			</METS:div>
		</METS:div>
		<METS:div TYPE="Chapter" LABEL="第三篇 Internet 篇" ORDERLABEL="00000225"><METS:fptr FILEID="00000225"/>
			<METS:div TYPE="Chapter" LABEL="第六章 Internet和intranet" ORDERLABEL="00000227"><METS:fptr FILEID="00000227"/>
				<METS:div TYPE="Chapter" LABEL="6.1 Internet概述" ORDERLABEL="00000227"><METS:fptr FILEID="00000227"/>
				</METS:div>
				<METS:div TYPE="Chapter" LABEL="6.2 Internet的基本概念、知识和术语" ORDERLABEL="00000229"><METS:fptr FILEID="00000229"/>
				</METS:div>
				<METS:div TYPE="Chapter" LABEL="6.3 Internet的接入技术" ORDERLABEL="00000234"><METS:fptr FILEID="00000234"/>
				</METS:div>
				<METS:div TYPE="Chapter" LABEL="6.4 Internet中的域名系统" ORDERLABEL="00000253"><METS:fptr FILEID="00000253"/>
				</METS:div>
				<METS:div TYPE="Chapter" LABEL="6.5 用 Windows NT创建小型 intranet网络" ORDERLABEL="00000257"><METS:fptr FILEID="00000257"/>
				</METS:div>
				<METS:div TYPE="Chapter" LABEL="一、实验" ORDERLABEL="00000261"><METS:fptr FILEID="00000261"/>
				</METS:div>
				<METS:div TYPE="Chapter" LABEL="二、习题" ORDERLABEL="00000261"><METS:fptr FILEID="00000261"/>
				</METS:div>
			</METS:div>
			<METS:div TYPE="Chapter" LABEL="第七章 Internet中的重要工具" ORDERLABEL="00000263"><METS:fptr FILEID="00000263"/>
				<METS:div TYPE="Chapter" LABEL="7.1 引言" ORDERLABEL="00000263"><METS:fptr FILEID="00000263"/>
				</METS:div>
				<METS:div TYPE="Chapter" LABEL="7.2 万维网(WWW)" ORDERLABEL="00000263"><METS:fptr FILEID="00000263"/>
				</METS:div>
				<METS:div TYPE="Chapter" LABEL="7.3 网络上的电子邮件(E-mail)" ORDERLABEL="00000271"><METS:fptr FILEID="00000271"/>
				</METS:div>
				<METS:div TYPE="Chapter" LABEL="7.4 网络上的文件传送" ORDERLABEL="00000297"><METS:fptr FILEID="00000297"/>
				</METS:div>
				<METS:div TYPE="Chapter" LABEL="7.5 远程登录(telnet)和BBS" ORDERLABEL="00000311"><METS:fptr FILEID="00000311"/>
				</METS:div>
				<METS:div TYPE="Chapter" LABEL="7.6 网络新闻组(USefiet)" ORDERLABEL="00000314"><METS:fptr FILEID="00000314"/>
				</METS:div>
				<METS:div TYPE="Chapter" LABEL="一、实验" ORDERLABEL="00000316"><METS:fptr FILEID="00000316"/>
				</METS:div>
				<METS:div TYPE="Chapter" LABEL="二、习题" ORDERLABEL="00000316"><METS:fptr FILEID="00000316"/>
				</METS:div>
			</METS:div>
		</METS:div>
	</METS:structMap>
</METS:mets>
