<?xml version="1.0" encoding="utf-8"?>
<METS:mets xmlns:METS="http://www.loc.gov/METS/" xmlns:xsi="http://www.w3.org/2001/XMLSchema-instance" xmlns:gdm="http://sunsite.berkeley.edu/GDM/" xmlns:xlink="http://www.w3.org/TR/xlink" xsi:schemalocation="http://www.loc.gov/METS/http://www.loc.gov/standards/mets/mets.xsd" LABEL="Zhejiang University.jdl.China-America digital library project" TYPE="Section">
	<METS:structMap TYPE="Catalog">
		<METS:div TYPE="Chapter" LABEL="第1章  计算机基础知识" ORDERLABEL="00000010"><METS:fptr FILEID="00000010"/>
			<METS:div TYPE="Chapter" LABEL="1.1  计算机的起源与发展" ORDERLABEL="00000010"><METS:fptr FILEID="00000010"/>
				<METS:div TYPE="Chapter" LABEL="1.1.1  计算机的起源" ORDERLABEL="00000010"><METS:fptr FILEID="00000010"/>
				</METS:div>
				<METS:div TYPE="Chapter" LABEL="1.1.2  计算机的发展" ORDERLABEL="00000011"><METS:fptr FILEID="00000011"/>
				</METS:div>
				<METS:div TYPE="Chapter" LABEL="1.1.3  计算机的分类" ORDERLABEL="00000013"><METS:fptr FILEID="00000013"/>
				</METS:div>
				<METS:div TYPE="Chapter" LABEL="1.1.4  计算机的应用" ORDERLABEL="00000014"><METS:fptr FILEID="00000014"/>
				</METS:div>
			</METS:div>
			<METS:div TYPE="Chapter" LABEL="1.2  信息编码与数据表示" ORDERLABEL="00000016"><METS:fptr FILEID="00000016"/>
				<METS:div TYPE="Chapter" LABEL="1.2.1  数制表示和转换" ORDERLABEL="00000016"><METS:fptr FILEID="00000016"/>
				</METS:div>
				<METS:div TYPE="Chapter" LABEL="1.2.2  数值型数据的表示与运算" ORDERLABEL="00000019"><METS:fptr FILEID="00000019"/>
				</METS:div>
				<METS:div TYPE="Chapter" LABEL="1.2.3  非数值型数据的编码" ORDERLABEL="00000022"><METS:fptr FILEID="00000022"/>
				</METS:div>
			</METS:div>
			<METS:div TYPE="Chapter" LABEL="1.3  计算机系统" ORDERLABEL="00000025"><METS:fptr FILEID="00000025"/>
				<METS:div TYPE="Chapter" LABEL="1.3.1  计算机硬件系统" ORDERLABEL="00000025"><METS:fptr FILEID="00000025"/>
				</METS:div>
				<METS:div TYPE="Chapter" LABEL="1.3.2  计算机软件系统" ORDERLABEL="00000032"><METS:fptr FILEID="00000032"/>
				</METS:div>
			</METS:div>
			<METS:div TYPE="Chapter" LABEL="1.4  计算机网络" ORDERLABEL="00000034"><METS:fptr FILEID="00000034"/>
				<METS:div TYPE="Chapter" LABEL="1.4.1  计算机网络的发展" ORDERLABEL="00000035"><METS:fptr FILEID="00000035"/>
				</METS:div>
				<METS:div TYPE="Chapter" LABEL="I.4.2  计算机网络的分类" ORDERLABEL="00000036"><METS:fptr FILEID="00000036"/>
				</METS:div>
				<METS:div TYPE="Chapter" LABEL="1.4.3  计算机网络的组成" ORDERLABEL="00000038"><METS:fptr FILEID="00000038"/>
				</METS:div>
				<METS:div TYPE="Chapter" LABEL="1.4.4  计算机网络的功能" ORDERLABEL="00000039"><METS:fptr FILEID="00000039"/>
				</METS:div>
			</METS:div>
			<METS:div TYPE="Chapter" LABEL="1.5  计算机网络协议" ORDERLABEL="00000040"><METS:fptr FILEID="00000040"/>
				<METS:div TYPE="Chapter" LABEL="1.5.1  OSI体系结构" ORDERLABEL="00000040"><METS:fptr FILEID="00000040"/>
				</METS:div>
				<METS:div TYPE="Chapter" LABEL="1.5.2  TCP/IP协议" ORDERLABEL="00000042"><METS:fptr FILEID="00000042"/>
				</METS:div>
			</METS:div>
		</METS:div>
		<METS:div TYPE="Chapter" LABEL="第2章  计算机联网" ORDERLABEL="00000047"><METS:fptr FILEID="00000047"/>
			<METS:div TYPE="Chapter" LABEL="2.1  网络传输介质" ORDERLABEL="00000047"><METS:fptr FILEID="00000047"/>
				<METS:div TYPE="Chapter" LABEL="2.1.1  双绞线" ORDERLABEL="00000047"><METS:fptr FILEID="00000047"/>
				</METS:div>
				<METS:div TYPE="Chapter" LABEL="2.1.2  同轴电缆" ORDERLABEL="00000050"><METS:fptr FILEID="00000050"/>
				</METS:div>
				<METS:div TYPE="Chapter" LABEL="2.1.3  光缆" ORDERLABEL="00000052"><METS:fptr FILEID="00000052"/>
				</METS:div>
				<METS:div TYPE="Chapter" LABEL="2.1.4  无线传输介质" ORDERLABEL="00000054"><METS:fptr FILEID="00000054"/>
				</METS:div>
			</METS:div>
			<METS:div TYPE="Chapter" LABEL="2.2  网络设备" ORDERLABEL="00000055"><METS:fptr FILEID="00000055"/>
				<METS:div TYPE="Chapter" LABEL="2.2.1  网络接口卡" ORDERLABEL="00000055"><METS:fptr FILEID="00000055"/>
				</METS:div>
				<METS:div TYPE="Chapter" LABEL="2.2.2  调制解调器" ORDERLABEL="00000057"><METS:fptr FILEID="00000057"/>
				</METS:div>
				<METS:div TYPE="Chapter" LABEL="2.2.3  中继器" ORDERLABEL="00000058"><METS:fptr FILEID="00000058"/>
				</METS:div>
				<METS:div TYPE="Chapter" LABEL="2.2.4  集线器" ORDERLABEL="00000058"><METS:fptr FILEID="00000058"/>
				</METS:div>
				<METS:div TYPE="Chapter" LABEL="2.2.5  网桥" ORDERLABEL="00000059"><METS:fptr FILEID="00000059"/>
				</METS:div>
				<METS:div TYPE="Chapter" LABEL="2.2.6  交换机" ORDERLABEL="00000060"><METS:fptr FILEID="00000060"/>
				</METS:div>
				<METS:div TYPE="Chapter" LABEL="2.2.7  路由器" ORDERLABEL="00000061"><METS:fptr FILEID="00000061"/>
				</METS:div>
				<METS:div TYPE="Chapter" LABEL="2.2.8  网关" ORDERLABEL="00000062"><METS:fptr FILEID="00000062"/>
				</METS:div>
			</METS:div>
			<METS:div TYPE="Chapter" LABEL="2.3  客户端网络环境配置" ORDERLABEL="00000062"><METS:fptr FILEID="00000062"/>
				<METS:div TYPE="Chapter" LABEL="2.3.1  Windows 2000的网络组件" ORDERLABEL="00000062"><METS:fptr FILEID="00000062"/>
				</METS:div>
				<METS:div TYPE="Chapter" LABEL="2.3.2  安装联网硬件" ORDERLABEL="00000063"><METS:fptr FILEID="00000063"/>
				</METS:div>
				<METS:div TYPE="Chapter" LABEL="2.3.3  使用TCP/IP协议进行网络互连" ORDERLABEL="00000065"><METS:fptr FILEID="00000065"/>
				</METS:div>
			</METS:div>
			<METS:div TYPE="Chapter" LABEL="2.4  常用网络服务及其配置" ORDERLABEL="00000071"><METS:fptr FILEID="00000071"/>
				<METS:div TYPE="Chapter" LABEL="2.4.1  文件与打印机共享服务" ORDERLABEL="00000071"><METS:fptr FILEID="00000071"/>
				</METS:div>
				<METS:div TYPE="Chapter" LABEL="2.4.2  域名服务DNS" ORDERLABEL="00000076"><METS:fptr FILEID="00000076"/>
				</METS:div>
				<METS:div TYPE="Chapter" LABEL="2.4.3  WWWW服务" ORDERLABEL="00000078"><METS:fptr FILEID="00000078"/>
				</METS:div>
				<METS:div TYPE="Chapter" LABEL="2.4.4  文件传输服务" ORDERLABEL="00000079"><METS:fptr FILEID="00000079"/>
				</METS:div>
				<METS:div TYPE="Chapter" LABEL="2.4.5  电子邮件服务" ORDERLABEL="00000079"><METS:fptr FILEID="00000079"/>
				</METS:div>
				<METS:div TYPE="Chapter" LABEL="2.4.6  管理配置Internet信息服务器" ORDERLABEL="00000080"><METS:fptr FILEID="00000080"/>
				</METS:div>
			</METS:div>
		</METS:div>
		<METS:div TYPE="Chapter" LABEL="第3章  Internet及其应用" ORDERLABEL="00000091"><METS:fptr FILEID="00000091"/>
			<METS:div TYPE="Chapter" LABEL="3.1  Internet综述" ORDERLABEL="00000091"><METS:fptr FILEID="00000091"/>
				<METS:div TYPE="Chapter" LABEL="3.1.1  Internet的发展" ORDERLABEL="00000091"><METS:fptr FILEID="00000091"/>
				</METS:div>
				<METS:div TYPE="Chapter" LABEL="3.1.2  Internet的资源和服务" ORDERLABEL="00000094"><METS:fptr FILEID="00000094"/>
				</METS:div>
			</METS:div>
			<METS:div TYPE="Chapter" LABEL="3.2  IE浏览器的使用" ORDERLABEL="00000094"><METS:fptr FILEID="00000094"/>
				<METS:div TYPE="Chapter" LABEL="3.2.1  IE的界面" ORDERLABEL="00000095"><METS:fptr FILEID="00000095"/>
				</METS:div>
				<METS:div TYPE="Chapter" LABEL="3.2.2  IE常用参数的设置" ORDERLABEL="00000096"><METS:fptr FILEID="00000096"/>
				</METS:div>
				<METS:div TYPE="Chapter" LABEL="3.2.3  IE网络漫步" ORDERLABEL="00000101"><METS:fptr FILEID="00000101"/>
				</METS:div>
				<METS:div TYPE="Chapter" LABEL="3.2.4  IE信息浏览与保存" ORDERLABEL="00000102"><METS:fptr FILEID="00000102"/>
				</METS:div>
				<METS:div TYPE="Chapter" LABEL="3.2.5  IE信息的收藏" ORDERLABEL="00000103"><METS:fptr FILEID="00000103"/>
				</METS:div>
			</METS:div>
			<METS:div TYPE="Chapter" LABEL="3.3  用Outlook收发电子邮件" ORDERLABEL="00000105"><METS:fptr FILEID="00000105"/>
				<METS:div TYPE="Chapter" LABEL="3.3.1  Outlook Express的界面" ORDERLABEL="00000105"><METS:fptr FILEID="00000105"/>
				</METS:div>
				<METS:div TYPE="Chapter" LABEL="3.3.2  申请自己的电子邮件信箱" ORDERLABEL="00000106"><METS:fptr FILEID="00000106"/>
				</METS:div>
				<METS:div TYPE="Chapter" LABEL="3.3.3  配置Outlook的邮箱参数" ORDERLABEL="00000106"><METS:fptr FILEID="00000106"/>
				</METS:div>
				<METS:div TYPE="Chapter" LABEL="3.3.4  邮件的建立、发送和接收" ORDERLABEL="00000109"><METS:fptr FILEID="00000109"/>
				</METS:div>
				<METS:div TYPE="Chapter" LABEL="3.3.5  邮件的阅读和回复" ORDERLABEL="00000111"><METS:fptr FILEID="00000111"/>
				</METS:div>
				<METS:div TYPE="Chapter" LABEL="3.3.6  邮件通信簿" ORDERLABEL="00000112"><METS:fptr FILEID="00000112"/>
				</METS:div>
			</METS:div>
			<METS:div TYPE="Chapter" LABEL="3.4  用FTP进行文件传输" ORDERLABEL="00000115"><METS:fptr FILEID="00000115"/>
				<METS:div TYPE="Chapter" LABEL="3.4.1  上传和下载" ORDERLABEL="00000115"><METS:fptr FILEID="00000115"/>
				</METS:div>
				<METS:div TYPE="Chapter" LABEL="3.4.2  常用FTP命令" ORDERLABEL="00000115"><METS:fptr FILEID="00000115"/>
				</METS:div>
				<METS:div TYPE="Chapter" LABEL="3.4.3  常用工具" ORDERLABEL="00000117"><METS:fptr FILEID="00000117"/>
				</METS:div>
			</METS:div>
			<METS:div TYPE="Chapter" LABEL="3.5  WWW及其信息检索" ORDERLABEL="00000120"><METS:fptr FILEID="00000120"/>
				<METS:div TYPE="Chapter" LABEL="3.5.1  Google(www.google.com)" ORDERLABEL="00000121"><METS:fptr FILEID="00000121"/>
				</METS:div>
				<METS:div TYPE="Chapter" LABEL="3.5.2  Baidu(www.baidu.com)" ORDERLABEL="00000123"><METS:fptr FILEID="00000123"/>
				</METS:div>
				<METS:div TYPE="Chapter" LABEL="3.5.3  AltaVista(www.altavista.com)" ORDERLABEL="00000125"><METS:fptr FILEID="00000125"/>
				</METS:div>
				<METS:div TYPE="Chapter" LABEL="3.5.4  Excite(www.excite.com)" ORDERLABEL="00000126"><METS:fptr FILEID="00000126"/>
				</METS:div>
				<METS:div TYPE="Chapter" LABEL="3.5.5  Lycos(www.lycos.com)" ORDERLABEL="00000127"><METS:fptr FILEID="00000127"/>
				</METS:div>
				<METS:div TYPE="Chapter" LABEL="3.5.6  Info seek(www.infoseek.com)" ORDERLABEL="00000128"><METS:fptr FILEID="00000128"/>
				</METS:div>
				<METS:div TYPE="Chapter" LABEL="3.5.7  Yahoo(www.yahoo.com)" ORDERLABEL="00000129"><METS:fptr FILEID="00000129"/>
				</METS:div>
			</METS:div>
		</METS:div>
		<METS:div TYPE="Chapter" LABEL="第4章  HTML基础及网页制作" ORDERLABEL="00000130"><METS:fptr FILEID="00000130"/>
			<METS:div TYPE="Chapter" LABEL="4.1  HTML基本语法" ORDERLABEL="00000130"><METS:fptr FILEID="00000130"/>
				<METS:div TYPE="Chapter" LABEL="4.1.1  关于标记的约定" ORDERLABEL="00000130"><METS:fptr FILEID="00000130"/>
				</METS:div>
				<METS:div TYPE="Chapter" LABEL="4.1.2  HTML文档的结构" ORDERLABEL="00000131"><METS:fptr FILEID="00000131"/>
				</METS:div>
			</METS:div>
			<METS:div TYPE="Chapter" LABEL="4.2  颜色、版面与字体控制" ORDERLABEL="00000132"><METS:fptr FILEID="00000132"/>
				<METS:div TYPE="Chapter" LABEL="4.2.1  颜色控制" ORDERLABEL="00000132"><METS:fptr FILEID="00000132"/>
				</METS:div>
				<METS:div TYPE="Chapter" LABEL="4.2.2  版面控制" ORDERLABEL="00000133"><METS:fptr FILEID="00000133"/>
				</METS:div>
				<METS:div TYPE="Chapter" LABEL="4.2.3  字体控制" ORDERLABEL="00000134"><METS:fptr FILEID="00000134"/>
				</METS:div>
				<METS:div TYPE="Chapter" LABEL="4.2.4  转义字符与特殊字符" ORDERLABEL="00000135"><METS:fptr FILEID="00000135"/>
				</METS:div>
			</METS:div>
			<METS:div TYPE="Chapter" LABEL="4.3  项目列表" ORDERLABEL="00000137"><METS:fptr FILEID="00000137"/>
				<METS:div TYPE="Chapter" LABEL="4.3.1  无序列表(UL)" ORDERLABEL="00000137"><METS:fptr FILEID="00000137"/>
				</METS:div>
				<METS:div TYPE="Chapter" LABEL="4.3.2  有序列表(OL)" ORDERLABEL="00000137"><METS:fptr FILEID="00000137"/>
				</METS:div>
				<METS:div TYPE="Chapter" LABEL="4.3.3  定义列表(DL)" ORDERLABEL="00000137"><METS:fptr FILEID="00000137"/>
				</METS:div>
				<METS:div TYPE="Chapter" LABEL="4.3.4  改变条目标记" ORDERLABEL="00000138"><METS:fptr FILEID="00000138"/>
				</METS:div>
			</METS:div>
			<METS:div TYPE="Chapter" LABEL="4.4  图像与音乐" ORDERLABEL="00000139"><METS:fptr FILEID="00000139"/>
				<METS:div TYPE="Chapter" LABEL="4.4.1  图像" ORDERLABEL="00000139"><METS:fptr FILEID="00000139"/>
				</METS:div>
				<METS:div TYPE="Chapter" LABEL="4.4.2  播放音乐" ORDERLABEL="00000140"><METS:fptr FILEID="00000140"/>
				</METS:div>
			</METS:div>
			<METS:div TYPE="Chapter" LABEL="4.5  超链接" ORDERLABEL="00000141"><METS:fptr FILEID="00000141"/>
				<METS:div TYPE="Chapter" LABEL="4.5.1  超链接标记(A)" ORDERLABEL="00000142"><METS:fptr FILEID="00000142"/>
				</METS:div>
				<METS:div TYPE="Chapter" LABEL="4.5.2  标记一个书签" ORDERLABEL="00000142"><METS:fptr FILEID="00000142"/>
				</METS:div>
				<METS:div TYPE="Chapter" LABEL="4.5.3  图像链接指针" ORDERLABEL="00000143"><METS:fptr FILEID="00000143"/>
				</METS:div>
				<METS:div TYPE="Chapter" LABEL="4.5.4  图像地图" ORDERLABEL="00000143"><METS:fptr FILEID="00000143"/>
				</METS:div>
			</METS:div>
			<METS:div TYPE="Chapter" LABEL="4.6  表格" ORDERLABEL="00000144"><METS:fptr FILEID="00000144"/>
				<METS:div TYPE="Chapter" LABEL="4.6.1  表格的基本标记" ORDERLABEL="00000144"><METS:fptr FILEID="00000144"/>
				</METS:div>
				<METS:div TYPE="Chapter" LABEL="4.6.2  表格的常见形式" ORDERLABEL="00000145"><METS:fptr FILEID="00000145"/>
				</METS:div>
				<METS:div TYPE="Chapter" LABEL="4.6.3  表格的属性" ORDERLABEL="00000147"><METS:fptr FILEID="00000147"/>
				</METS:div>
			</METS:div>
			<METS:div TYPE="Chapter" LABEL="4.7  交互式表单" ORDERLABEL="00000150"><METS:fptr FILEID="00000150"/>
				<METS:div TYPE="Chapter" LABEL="4.7.1  表单标记" ORDERLABEL="00000150"><METS:fptr FILEID="00000150"/>
				</METS:div>
				<METS:div TYPE="Chapter" LABEL="4.7.2  用户输入标记" ORDERLABEL="00000151"><METS:fptr FILEID="00000151"/>
				</METS:div>
				<METS:div TYPE="Chapter" LABEL="4.7.3  下拉列表选择" ORDERLABEL="00000151"><METS:fptr FILEID="00000151"/>
				</METS:div>
				<METS:div TYPE="Chapter" LABEL="4.7.4  多行文本输入" ORDERLABEL="00000152"><METS:fptr FILEID="00000152"/>
				</METS:div>
			</METS:div>
			<METS:div TYPE="Chapter" LABEL="4.8  帧结构网页" ORDERLABEL="00000153"><METS:fptr FILEID="00000153"/>
				<METS:div TYPE="Chapter" LABEL="4.8.1  帧结构的基本格式" ORDERLABEL="00000153"><METS:fptr FILEID="00000153"/>
				</METS:div>
				<METS:div TYPE="Chapter" LABEL="4.8.2  典型的帧结构" ORDERLABEL="00000154"><METS:fptr FILEID="00000154"/>
				</METS:div>
				<METS:div TYPE="Chapter" LABEL="4.8.3  帧间的关联" ORDERLABEL="00000155"><METS:fptr FILEID="00000155"/>
				</METS:div>
			</METS:div>
			<METS:div TYPE="Chapter" LABEL="4.9  用CSS控制网页样式" ORDERLABEL="00000157"><METS:fptr FILEID="00000157"/>
				<METS:div TYPE="Chapter" LABEL="4.9.1  CSS的规则" ORDERLABEL="00000157"><METS:fptr FILEID="00000157"/>
				</METS:div>
				<METS:div TYPE="Chapter" LABEL="4.9.2  CSS与HTML的结合方式" ORDERLABEL="00000159"><METS:fptr FILEID="00000159"/>
				</METS:div>
				<METS:div TYPE="Chapter" LABEL="4.9.3  控制字体" ORDERLABEL="00000160"><METS:fptr FILEID="00000160"/>
				</METS:div>
				<METS:div TYPE="Chapter" LABEL="4.9.4  控制文字定位" ORDERLABEL="00000161"><METS:fptr FILEID="00000161"/>
				</METS:div>
				<METS:div TYPE="Chapter" LABEL="4.9.5  控制颜色与背景" ORDERLABEL="00000162"><METS:fptr FILEID="00000162"/>
				</METS:div>
				<METS:div TYPE="Chapter" LABEL="4.9.6  改变列表前的标识" ORDERLABEL="00000163"><METS:fptr FILEID="00000163"/>
				</METS:div>
				<METS:div TYPE="Chapter" LABEL="4.9.7  控制空格与边框" ORDERLABEL="00000163"><METS:fptr FILEID="00000163"/>
				</METS:div>
			</METS:div>
		</METS:div>
		<METS:div TYPE="Chapter" LABEL="第5章  数据库系统Access" ORDERLABEL="00000166"><METS:fptr FILEID="00000166"/>
			<METS:div TYPE="Chapter" LABEL="5.1  数据库基础知识" ORDERLABEL="00000166"><METS:fptr FILEID="00000166"/>
				<METS:div TYPE="Chapter" LABEL="5.1.1  基本概念" ORDERLABEL="00000166"><METS:fptr FILEID="00000166"/>
				</METS:div>
				<METS:div TYPE="Chapter" LABEL="5.1.2  数据管理的发展阶段" ORDERLABEL="00000168"><METS:fptr FILEID="00000168"/>
				</METS:div>
				<METS:div TYPE="Chapter" LABEL="5.1.3  数据模型" ORDERLABEL="00000169"><METS:fptr FILEID="00000169"/>
				</METS:div>
				<METS:div TYPE="Chapter" LABEL="5.1.4  关系数据库" ORDERLABEL="00000171"><METS:fptr FILEID="00000171"/>
				</METS:div>
			</METS:div>
			<METS:div TYPE="Chapter" LABEL="5.2  Access的使用" ORDERLABEL="00000173"><METS:fptr FILEID="00000173"/>
				<METS:div TYPE="Chapter" LABEL="5.2.1  Access的窗口" ORDERLABEL="00000173"><METS:fptr FILEID="00000173"/>
				</METS:div>
				<METS:div TYPE="Chapter" LABEL="5.2.2  Access数据库的管理" ORDERLABEL="00000174"><METS:fptr FILEID="00000174"/>
				</METS:div>
				<METS:div TYPE="Chapter" LABEL="5.2.3  Access数据库表管理" ORDERLABEL="00000177"><METS:fptr FILEID="00000177"/>
				</METS:div>
			</METS:div>
			<METS:div TYPE="Chapter" LABEL="5.3  SQL查询基础" ORDERLABEL="00000183"><METS:fptr FILEID="00000183"/>
			</METS:div>
			<METS:div TYPE="Chapter" LABEL="5.4  开放数据库互连ODBC" ORDERLABEL="00000194"><METS:fptr FILEID="00000194"/>
			</METS:div>
		</METS:div>
		<METS:div TYPE="Chapter" LABEL="第6章  Web网站开发" ORDERLABEL="00000198"><METS:fptr FILEID="00000198"/>
			<METS:div TYPE="Chapter" LABEL="6.1  Web开发技术慨述" ORDERLABEL="00000198"><METS:fptr FILEID="00000198"/>
			</METS:div>
			<METS:div TYPE="Chapter" LABEL="6.2  ASP基础" ORDERLABEL="00000199"><METS:fptr FILEID="00000199"/>
				<METS:div TYPE="Chapter" LABEL="6.2.1  ASP文件" ORDERLABEL="00000199"><METS:fptr FILEID="00000199"/>
				</METS:div>
				<METS:div TYPE="Chapter" LABEL="6.2.2  ASP文件工作原理" ORDERLABEL="00000199"><METS:fptr FILEID="00000199"/>
				</METS:div>
				<METS:div TYPE="Chapter" LABEL="6.2.3  ASP运行环境的配置" ORDERLABEL="00000200"><METS:fptr FILEID="00000200"/>
				</METS:div>
				<METS:div TYPE="Chapter" LABEL="6.2.4  VBScript语法" ORDERLABEL="00000201"><METS:fptr FILEID="00000201"/>
				</METS:div>
			</METS:div>
			<METS:div TYPE="Chapter" LABEL="6.3  ASP的内置对象" ORDERLABEL="00000210"><METS:fptr FILEID="00000210"/>
			</METS:div>
			<METS:div TYPE="Chapter" LABEL="6.4  Web数据库访问" ORDERLABEL="00000217"><METS:fptr FILEID="00000217"/>
			</METS:div>
			<METS:div TYPE="Chapter" LABEL="6.5  留言本开发实例" ORDERLABEL="00000219"><METS:fptr FILEID="00000219"/>
			</METS:div>
		</METS:div>
	</METS:structMap>
</METS:mets>
