<?xml version="1.0" encoding="utf-8"?>
<METS:mets xmlns:METS="http://www.loc.gov/METS/" xmlns:xsi="http://www.w3.org/2001/XMLSchema-instance" xmlns:gdm="http://sunsite.berkeley.edu/GDM/" xmlns:xlink="http://www.w3.org/TR/xlink" xsi:schemalocation="http://www.loc.gov/METS/http://www.loc.gov/standards/mets/mets.xsd" LABEL="Zhejiang University.jdl.China-America digital library project" TYPE="Section">
	<METS:structMap TYPE="Catalog">
		<METS:div TYPE="Chapter" LABEL="第1章  计算机网络概述" ORDERLABEL="00000017"><METS:fptr FILEID="00000017"/>
			<METS:div TYPE="Chapter" LABEL="1.1  计算机网络的基本概念" ORDERLABEL="00000017"><METS:fptr FILEID="00000017"/>
				<METS:div TYPE="Chapter" LABEL="1.1.1  什么是计算机网络" ORDERLABEL="00000017"><METS:fptr FILEID="00000017"/>
				</METS:div>
				<METS:div TYPE="Chapter" LABEL="1.1.2  计算机网络的基本模型" ORDERLABEL="00000018"><METS:fptr FILEID="00000018"/>
				</METS:div>
				<METS:div TYPE="Chapter" LABEL="1.1.3  计算机网络的设计目标" ORDERLABEL="00000019"><METS:fptr FILEID="00000019"/>
				</METS:div>
				<METS:div TYPE="Chapter" LABEL="1.1.4  计算机网络的基本功能和用途" ORDERLABEL="00000020"><METS:fptr FILEID="00000020"/>
				</METS:div>
				<METS:div TYPE="Chapter" LABEL="1.1.5  计算机网络的特点" ORDERLABEL="00000022"><METS:fptr FILEID="00000022"/>
				</METS:div>
				<METS:div TYPE="Chapter" LABEL="1.1.6  计算机网络的分类" ORDERLABEL="00000022"><METS:fptr FILEID="00000022"/>
				</METS:div>
				<METS:div TYPE="Chapter" LABEL="1.1.7  图标约定" ORDERLABEL="00000025"><METS:fptr FILEID="00000025"/>
				</METS:div>
			</METS:div>
			<METS:div TYPE="Chapter" LABEL="1.2  计算机网络的发展" ORDERLABEL="00000026"><METS:fptr FILEID="00000026"/>
				<METS:div TYPE="Chapter" LABEL="1.2.1  计算机网络的发展史" ORDERLABEL="00000026"><METS:fptr FILEID="00000026"/>
				</METS:div>
				<METS:div TYPE="Chapter" LABEL="1.2.2  N向终端的联机系统阶段" ORDERLABEL="00000027"><METS:fptr FILEID="00000027"/>
				</METS:div>
				<METS:div TYPE="Chapter" LABEL="1.2.3  计算机网络阶段" ORDERLABEL="00000029"><METS:fptr FILEID="00000029"/>
				</METS:div>
				<METS:div TYPE="Chapter" LABEL="1.2.4  标准化网络阶段" ORDERLABEL="00000030"><METS:fptr FILEID="00000030"/>
				</METS:div>
				<METS:div TYPE="Chapter" LABEL="1.2.5  网络互联阶段" ORDERLABEL="00000030"><METS:fptr FILEID="00000030"/>
				</METS:div>
				<METS:div TYPE="Chapter" LABEL="1.2.6  计算机网络的发展趋势" ORDERLABEL="00000030"><METS:fptr FILEID="00000030"/>
				</METS:div>
			</METS:div>
			<METS:div TYPE="Chapter" LABEL="1.3  多用户系统、网络系统和分布式计算机系统" ORDERLABEL="00000034"><METS:fptr FILEID="00000034"/>
				<METS:div TYPE="Chapter" LABEL="1.3.1  多用户系统" ORDERLABEL="00000034"><METS:fptr FILEID="00000034"/>
				</METS:div>
				<METS:div TYPE="Chapter" LABEL="1.3.2  计算机网络系统" ORDERLABEL="00000035"><METS:fptr FILEID="00000035"/>
				</METS:div>
				<METS:div TYPE="Chapter" LABEL="1.3.3  分布式计算机系统" ORDERLABEL="00000035"><METS:fptr FILEID="00000035"/>
				</METS:div>
				<METS:div TYPE="Chapter" LABEL="1.3.4  分布式数据存储模式" ORDERLABEL="00000035"><METS:fptr FILEID="00000035"/>
				</METS:div>
			</METS:div>
			<METS:div TYPE="Chapter" LABEL="1.4  计算机网络的组成" ORDERLABEL="00000036"><METS:fptr FILEID="00000036"/>
				<METS:div TYPE="Chapter" LABEL="1.4.1  通信子网和资源子网" ORDERLABEL="00000036"><METS:fptr FILEID="00000036"/>
				</METS:div>
				<METS:div TYPE="Chapter" LABEL="1.4.2  网络结点" ORDERLABEL="00000038"><METS:fptr FILEID="00000038"/>
				</METS:div>
			</METS:div>
			<METS:div TYPE="Chapter" LABEL="1.5  计算机网络的硬件与软件系统" ORDERLABEL="00000039"><METS:fptr FILEID="00000039"/>
				<METS:div TYPE="Chapter" LABEL="1.5.1  计算机网络通信模型" ORDERLABEL="00000039"><METS:fptr FILEID="00000039"/>
				</METS:div>
				<METS:div TYPE="Chapter" LABEL="1.5.2  计算机网络的硬件系统" ORDERLABEL="00000039"><METS:fptr FILEID="00000039"/>
				</METS:div>
				<METS:div TYPE="Chapter" LABEL="1.5.3  计算机网络的软件系统" ORDERLABEL="00000044"><METS:fptr FILEID="00000044"/>
				</METS:div>
				<METS:div TYPE="Chapter" LABEL="1.5.4  几种常用的网络操作系统" ORDERLABEL="00000046"><METS:fptr FILEID="00000046"/>
				</METS:div>
			</METS:div>
			<METS:div TYPE="Chapter" LABEL="1.6  资源共享技术" ORDERLABEL="00000053"><METS:fptr FILEID="00000053"/>
				<METS:div TYPE="Chapter" LABEL="1.6.1  硬件资源共享" ORDERLABEL="00000053"><METS:fptr FILEID="00000053"/>
				</METS:div>
				<METS:div TYPE="Chapter" LABEL="1.6.2  软件资源共享" ORDERLABEL="00000053"><METS:fptr FILEID="00000053"/>
				</METS:div>
				<METS:div TYPE="Chapter" LABEL="1.6.3  数据资源共享" ORDERLABEL="00000054"><METS:fptr FILEID="00000054"/>
				</METS:div>
				<METS:div TYPE="Chapter" LABEL="1.6.4  通信信道资源共享" ORDERLABEL="00000054"><METS:fptr FILEID="00000054"/>
				</METS:div>
			</METS:div>
			<METS:div TYPE="Chapter" LABEL="1.7  网络术语及常用缩略词" ORDERLABEL="00000055"><METS:fptr FILEID="00000055"/>
			</METS:div>
			<METS:div TYPE="Chapter" LABEL="习题" ORDERLABEL="00000070"><METS:fptr FILEID="00000070"/>
			</METS:div>
		</METS:div>
		<METS:div TYPE="Chapter" LABEL="第2章  局域网技术" ORDERLABEL="00000072"><METS:fptr FILEID="00000072"/>
			<METS:div TYPE="Chapter" LABEL="2.1  局域网的概念" ORDERLABEL="00000072"><METS:fptr FILEID="00000072"/>
			</METS:div>
			<METS:div TYPE="Chapter" LABEL="2.2  局域网络拓扑结构" ORDERLABEL="00000073"><METS:fptr FILEID="00000073"/>
				<METS:div TYPE="Chapter" LABEL="2.2.1  什么是网络拓扑结构" ORDERLABEL="00000073"><METS:fptr FILEID="00000073"/>
				</METS:div>
				<METS:div TYPE="Chapter" LABEL="2.2.2  总线型拓扑结构" ORDERLABEL="00000073"><METS:fptr FILEID="00000073"/>
				</METS:div>
				<METS:div TYPE="Chapter" LABEL="2.2.3  环型拓扑结构" ORDERLABEL="00000075"><METS:fptr FILEID="00000075"/>
				</METS:div>
				<METS:div TYPE="Chapter" LABEL="2.2.4  星型拓扑结构" ORDERLABEL="00000077"><METS:fptr FILEID="00000077"/>
				</METS:div>
				<METS:div TYPE="Chapter" LABEL="2.2.5  总线-星型拓扑结构" ORDERLABEL="00000078"><METS:fptr FILEID="00000078"/>
				</METS:div>
				<METS:div TYPE="Chapter" LABEL="2.2.6  环型-星型拓扑结构" ORDERLABEL="00000078"><METS:fptr FILEID="00000078"/>
				</METS:div>
				<METS:div TYPE="Chapter" LABEL="2.2.7  树型结构" ORDERLABEL="00000078"><METS:fptr FILEID="00000078"/>
				</METS:div>
				<METS:div TYPE="Chapter" LABEL="2.2.8  半网状结构" ORDERLABEL="00000079"><METS:fptr FILEID="00000079"/>
				</METS:div>
				<METS:div TYPE="Chapter" LABEL="2.2.9  全网状结构" ORDERLABEL="00000080"><METS:fptr FILEID="00000080"/>
				</METS:div>
			</METS:div>
			<METS:div TYPE="Chapter" LABEL="2.3  网络通信介质" ORDERLABEL="00000080"><METS:fptr FILEID="00000080"/>
				<METS:div TYPE="Chapter" LABEL="2.3.1  有线介质" ORDERLABEL="00000081"><METS:fptr FILEID="00000081"/>
				</METS:div>
				<METS:div TYPE="Chapter" LABEL="2.3.2  无线介质" ORDERLABEL="00000085"><METS:fptr FILEID="00000085"/>
				</METS:div>
			</METS:div>
			<METS:div TYPE="Chapter" LABEL="2.4  网络系统结构" ORDERLABEL="00000087"><METS:fptr FILEID="00000087"/>
			</METS:div>
			<METS:div TYPE="Chapter" LABEL="2.5  局域网络技术" ORDERLABEL="00000087"><METS:fptr FILEID="00000087"/>
				<METS:div TYPE="Chapter" LABEL="2.5.1  局域网络技术简介" ORDERLABEL="00000087"><METS:fptr FILEID="00000087"/>
				</METS:div>
				<METS:div TYPE="Chapter" LABEL="2.5.2  几种常用的局域网技术" ORDERLABEL="00000090"><METS:fptr FILEID="00000090"/>
				</METS:div>
			</METS:div>
			<METS:div TYPE="Chapter" LABEL="2.6  Intranet和Extranet" ORDERLABEL="00000092"><METS:fptr FILEID="00000092"/>
				<METS:div TYPE="Chapter" LABEL="2.6.1  Intranet的基本概念" ORDERLABEL="00000092"><METS:fptr FILEID="00000092"/>
				</METS:div>
				<METS:div TYPE="Chapter" LABEL="2.6.2  Intranet的定义" ORDERLABEL="00000093"><METS:fptr FILEID="00000093"/>
				</METS:div>
				<METS:div TYPE="Chapter" LABEL="2.6.3  Intranet的特点" ORDERLABEL="00000093"><METS:fptr FILEID="00000093"/>
				</METS:div>
				<METS:div TYPE="Chapter" LABEL="2.6.4  Intranet的基本功能" ORDERLABEL="00000094"><METS:fptr FILEID="00000094"/>
				</METS:div>
				<METS:div TYPE="Chapter" LABEL="2.6.5  Intranet的IP地址" ORDERLABEL="00000094"><METS:fptr FILEID="00000094"/>
				</METS:div>
				<METS:div TYPE="Chapter" LABEL="2.6.6  Intranet的安全控制技术" ORDERLABEL="00000094"><METS:fptr FILEID="00000094"/>
				</METS:div>
				<METS:div TYPE="Chapter" LABEL="2.6.7  Intranet的建设步骤" ORDERLABEL="00000095"><METS:fptr FILEID="00000095"/>
				</METS:div>
				<METS:div TYPE="Chapter" LABEL="2.6.8  Extranet" ORDERLABEL="00000098"><METS:fptr FILEID="00000098"/>
				</METS:div>
				<METS:div TYPE="Chapter" LABEL="2.6.9  Interbet与Intranet和Extranet的联系及区别" ORDERLABEL="00000098"><METS:fptr FILEID="00000098"/>
				</METS:div>
			</METS:div>
			<METS:div TYPE="Chapter" LABEL="2.7  网络协议标准" ORDERLABEL="00000098"><METS:fptr FILEID="00000098"/>
				<METS:div TYPE="Chapter" LABEL="2.7.1  IEEE 802概述" ORDERLABEL="00000098"><METS:fptr FILEID="00000098"/>
				</METS:div>
				<METS:div TYPE="Chapter" LABEL="2.7.2  IEEE 802系列简介" ORDERLABEL="00000099"><METS:fptr FILEID="00000099"/>
				</METS:div>
			</METS:div>
			<METS:div TYPE="Chapter" LABEL="2.8  网络连接设备" ORDERLABEL="00000100"><METS:fptr FILEID="00000100"/>
				<METS:div TYPE="Chapter" LABEL="2.8.1  中继器" ORDERLABEL="00000100"><METS:fptr FILEID="00000100"/>
				</METS:div>
				<METS:div TYPE="Chapter" LABEL="2.8.2  网桥" ORDERLABEL="00000102"><METS:fptr FILEID="00000102"/>
				</METS:div>
				<METS:div TYPE="Chapter" LABEL="2.8.3  网关" ORDERLABEL="00000103"><METS:fptr FILEID="00000103"/>
				</METS:div>
				<METS:div TYPE="Chapter" LABEL="2.8.4  路由器" ORDERLABEL="00000103"><METS:fptr FILEID="00000103"/>
				</METS:div>
				<METS:div TYPE="Chapter" LABEL="2.8.5  集线器" ORDERLABEL="00000104"><METS:fptr FILEID="00000104"/>
				</METS:div>
				<METS:div TYPE="Chapter" LABEL="2.8.6  交换机" ORDERLABEL="00000105"><METS:fptr FILEID="00000105"/>
				</METS:div>
				<METS:div TYPE="Chapter" LABEL="2.8.7  调制解调器" ORDERLABEL="00000109"><METS:fptr FILEID="00000109"/>
				</METS:div>
			</METS:div>
			<METS:div TYPE="Chapter" LABEL="2.9  通过网络连接设备扩展的网络" ORDERLABEL="00000112"><METS:fptr FILEID="00000112"/>
				<METS:div TYPE="Chapter" LABEL="2.9.1  基本概念" ORDERLABEL="00000112"><METS:fptr FILEID="00000112"/>
				</METS:div>
				<METS:div TYPE="Chapter" LABEL="2.9.2  局域网与广域网的连接" ORDERLABEL="00000113"><METS:fptr FILEID="00000113"/>
				</METS:div>
				<METS:div TYPE="Chapter" LABEL="2.9.3  T-n和DSn" ORDERLABEL="00000113"><METS:fptr FILEID="00000113"/>
				</METS:div>
				<METS:div TYPE="Chapter" LABEL="2.9.4  网络拓扑结构" ORDERLABEL="00000114"><METS:fptr FILEID="00000114"/>
				</METS:div>
			</METS:div>
			<METS:div TYPE="Chapter" LABEL="2.10  多路复用技术" ORDERLABEL="00000118"><METS:fptr FILEID="00000118"/>
				<METS:div TYPE="Chapter" LABEL="2.10.1  频分复用技术" ORDERLABEL="00000118"><METS:fptr FILEID="00000118"/>
				</METS:div>
				<METS:div TYPE="Chapter" LABEL="2.10.2  时分复用技术" ORDERLABEL="00000119"><METS:fptr FILEID="00000119"/>
				</METS:div>
				<METS:div TYPE="Chapter" LABEL="2.10.3  排队复用技术" ORDERLABEL="00000119"><METS:fptr FILEID="00000119"/>
				</METS:div>
				<METS:div TYPE="Chapter" LABEL="2.10.4  波分复用技术" ORDERLABEL="00000119"><METS:fptr FILEID="00000119"/>
				</METS:div>
				<METS:div TYPE="Chapter" LABEL="2.10.5  异步频分复用技术和异步时分复用技术" ORDERLABEL="00000120"><METS:fptr FILEID="00000120"/>
				</METS:div>
			</METS:div>
			<METS:div TYPE="Chapter" LABEL="2.11  智能大厦与结构化综合布线" ORDERLABEL="00000121"><METS:fptr FILEID="00000121"/>
				<METS:div TYPE="Chapter" LABEL="2.11.1  智能大厦的概念" ORDERLABEL="00000121"><METS:fptr FILEID="00000121"/>
				</METS:div>
				<METS:div TYPE="Chapter" LABEL="2.11.2  智能大厦概述" ORDERLABEL="00000121"><METS:fptr FILEID="00000121"/>
				</METS:div>
				<METS:div TYPE="Chapter" LABEL="2.11.3  智能大厦的基本组成" ORDERLABEL="00000122"><METS:fptr FILEID="00000122"/>
				</METS:div>
				<METS:div TYPE="Chapter" LABEL="2.11.4  结构化综合布线系统" ORDERLABEL="00000124"><METS:fptr FILEID="00000124"/>
				</METS:div>
			</METS:div>
			<METS:div TYPE="Chapter" LABEL="2.12  应用实例" ORDERLABEL="00000126"><METS:fptr FILEID="00000126"/>
				<METS:div TYPE="Chapter" LABEL="2.12.1  如何用双绞线组建星型结构网络" ORDERLABEL="00000126"><METS:fptr FILEID="00000126"/>
				</METS:div>
				<METS:div TYPE="Chapter" LABEL="2.12.2  光纤布放工程的设计" ORDERLABEL="00000128"><METS:fptr FILEID="00000128"/>
				</METS:div>
				<METS:div TYPE="Chapter" LABEL="2.12.3  综合大楼综合布线系统的设计" ORDERLABEL="00000128"><METS:fptr FILEID="00000128"/>
				</METS:div>
				<METS:div TYPE="Chapter" LABEL="2.12.4  交换机的连接与配置" ORDERLABEL="00000131"><METS:fptr FILEID="00000131"/>
				</METS:div>
				<METS:div TYPE="Chapter" LABEL="2.12.5  路由器的连接与配置" ORDERLABEL="00000133"><METS:fptr FILEID="00000133"/>
				</METS:div>
				<METS:div TYPE="Chapter" LABEL="2.12.6  用路由器、交换机组网的连接与配置" ORDERLABEL="00000135"><METS:fptr FILEID="00000135"/>
				</METS:div>
				<METS:div TYPE="Chapter" LABEL="2.12.7  超5类双绞线测试及FLUKE测试报告分析" ORDERLABEL="00000136"><METS:fptr FILEID="00000136"/>
				</METS:div>
				<METS:div TYPE="Chapter" LABEL="2.12.8  如何用FLUKE的Fiber模块测试光纤" ORDERLABEL="00000141"><METS:fptr FILEID="00000141"/>
				</METS:div>
				<METS:div TYPE="Chapter" LABEL="2.12.9  路由表的应用" ORDERLABEL="00000143"><METS:fptr FILEID="00000143"/>
				</METS:div>
			</METS:div>
			<METS:div TYPE="Chapter" LABEL="习题" ORDERLABEL="00000144"><METS:fptr FILEID="00000144"/>
			</METS:div>
		</METS:div>
		<METS:div TYPE="Chapter" LABEL="第3章  Internet简介" ORDERLABEL="00000146"><METS:fptr FILEID="00000146"/>
			<METS:div TYPE="Chapter" LABEL="3.1  Internet概述" ORDERLABEL="00000146"><METS:fptr FILEID="00000146"/>
				<METS:div TYPE="Chapter" LABEL="3.1.1  Internet定义" ORDERLABEL="00000146"><METS:fptr FILEID="00000146"/>
				</METS:div>
				<METS:div TYPE="Chapter" LABEL="3.1.2  Internet的特点" ORDERLABEL="00000147"><METS:fptr FILEID="00000147"/>
				</METS:div>
			</METS:div>
			<METS:div TYPE="Chapter" LABEL="3.2  Internet的历史和发展" ORDERLABEL="00000147"><METS:fptr FILEID="00000147"/>
				<METS:div TYPE="Chapter" LABEL="3.2.1  Internet的历史" ORDERLABEL="00000147"><METS:fptr FILEID="00000147"/>
				</METS:div>
				<METS:div TYPE="Chapter" LABEL="3.2.2  Internet的未来" ORDERLABEL="00000148"><METS:fptr FILEID="00000148"/>
				</METS:div>
			</METS:div>
			<METS:div TYPE="Chapter" LABEL="3.3  Internet在中国" ORDERLABEL="00000149"><METS:fptr FILEID="00000149"/>
				<METS:div TYPE="Chapter" LABEL="3.3.1  Internet在中国的发展" ORDERLABEL="00000149"><METS:fptr FILEID="00000149"/>
				</METS:div>
				<METS:div TYPE="Chapter" LABEL="3.3.2  中国四大互联网络简介" ORDERLABEL="00000150"><METS:fptr FILEID="00000150"/>
				</METS:div>
				<METS:div TYPE="Chapter" LABEL="3.3.3  “三金工程”" ORDERLABEL="00000152"><METS:fptr FILEID="00000152"/>
				</METS:div>
				<METS:div TYPE="Chapter" LABEL="3.3.4  中国计算机教育科研网简介" ORDERLABEL="00000152"><METS:fptr FILEID="00000152"/>
				</METS:div>
			</METS:div>
			<METS:div TYPE="Chapter" LABEL="3.4  Internet的资源及应用服务" ORDERLABEL="00000155"><METS:fptr FILEID="00000155"/>
				<METS:div TYPE="Chapter" LABEL="3.4.1  Internet提供的服务" ORDERLABEL="00000155"><METS:fptr FILEID="00000155"/>
				</METS:div>
				<METS:div TYPE="Chapter" LABEL="3.4.2  Internet资源概览" ORDERLABEL="00000156"><METS:fptr FILEID="00000156"/>
				</METS:div>
				<METS:div TYPE="Chapter" LABEL="3.4.3  Internet的用途" ORDERLABEL="00000159"><METS:fptr FILEID="00000159"/>
				</METS:div>
			</METS:div>
			<METS:div TYPE="Chapter" LABEL="3.5  如何接入Internet" ORDERLABEL="00000161"><METS:fptr FILEID="00000161"/>
				<METS:div TYPE="Chapter" LABEL="3.5.1  DDN专线接入方式" ORDERLABEL="00000161"><METS:fptr FILEID="00000161"/>
				</METS:div>
				<METS:div TYPE="Chapter" LABEL="3.5.2  数字用户链路网" ORDERLABEL="00000162"><METS:fptr FILEID="00000162"/>
				</METS:div>
				<METS:div TYPE="Chapter" LABEL="3.5.3  综合业务数字网" ORDERLABEL="00000163"><METS:fptr FILEID="00000163"/>
				</METS:div>
				<METS:div TYPE="Chapter" LABEL="3.5.4  直接连接到Internet" ORDERLABEL="00000164"><METS:fptr FILEID="00000164"/>
				</METS:div>
			</METS:div>
			<METS:div TYPE="Chapter" LABEL="3.6  IP地址与域名" ORDERLABEL="00000165"><METS:fptr FILEID="00000165"/>
				<METS:div TYPE="Chapter" LABEL="3.6.1  IP地址" ORDERLABEL="00000165"><METS:fptr FILEID="00000165"/>
				</METS:div>
				<METS:div TYPE="Chapter" LABEL="3.6.2  特殊IP地址" ORDERLABEL="00000166"><METS:fptr FILEID="00000166"/>
				</METS:div>
				<METS:div TYPE="Chapter" LABEL="3.6.3  域名" ORDERLABEL="00000167"><METS:fptr FILEID="00000167"/>
				</METS:div>
			</METS:div>
			<METS:div TYPE="Chapter" LABEL="3.7  子网及子网掩码" ORDERLABEL="00000169"><METS:fptr FILEID="00000169"/>
				<METS:div TYPE="Chapter" LABEL="3.7.1  子网的概念" ORDERLABEL="00000169"><METS:fptr FILEID="00000169"/>
				</METS:div>
				<METS:div TYPE="Chapter" LABEL="3.7.2  子网地址" ORDERLABEL="00000169"><METS:fptr FILEID="00000169"/>
				</METS:div>
				<METS:div TYPE="Chapter" LABEL="3.7.3  子网掩码" ORDERLABEL="00000170"><METS:fptr FILEID="00000170"/>
				</METS:div>
				<METS:div TYPE="Chapter" LABEL="3.7.4  子网掩码的用途" ORDERLABEL="00000170"><METS:fptr FILEID="00000170"/>
				</METS:div>
			</METS:div>
			<METS:div TYPE="Chapter" LABEL="3.8  应用实例" ORDERLABEL="00000171"><METS:fptr FILEID="00000171"/>
				<METS:div TYPE="Chapter" LABEL="3.8.1  网卡的安装与配置" ORDERLABEL="00000171"><METS:fptr FILEID="00000171"/>
				</METS:div>
				<METS:div TYPE="Chapter" LABEL="3.8.2  Windows 98/2000/XP网络配置" ORDERLABEL="00000174"><METS:fptr FILEID="00000174"/>
				</METS:div>
				<METS:div TYPE="Chapter" LABEL="3.8.3  子网掩码的应用" ORDERLABEL="00000176"><METS:fptr FILEID="00000176"/>
				</METS:div>
				<METS:div TYPE="Chapter" LABEL="3.8.4  如何用ping命令测试网络" ORDERLABEL="00000177"><METS:fptr FILEID="00000177"/>
				</METS:div>
				<METS:div TYPE="Chapter" LABEL="3.8.5  电话拨号网络的安装与配置" ORDERLABEL="00000179"><METS:fptr FILEID="00000179"/>
				</METS:div>
				<METS:div TYPE="Chapter" LABEL="3.8.6  ADSL及基本配置实验" ORDERLABEL="00000184"><METS:fptr FILEID="00000184"/>
				</METS:div>
			</METS:div>
			<METS:div TYPE="Chapter" LABEL="习题" ORDERLABEL="00000192"><METS:fptr FILEID="00000192"/>
			</METS:div>
		</METS:div>
		<METS:div TYPE="Chapter" LABEL="第4章  信息服务实用技术" ORDERLABEL="00000194"><METS:fptr FILEID="00000194"/>
			<METS:div TYPE="Chapter" LABEL="4.1  信息服务概述" ORDERLABEL="00000194"><METS:fptr FILEID="00000194"/>
				<METS:div TYPE="Chapter" LABEL="4.1.1  全球信息网WWW服务" ORDERLABEL="00000194"><METS:fptr FILEID="00000194"/>
				</METS:div>
				<METS:div TYPE="Chapter" LABEL="4.1.2  文件传输服务" ORDERLABEL="00000195"><METS:fptr FILEID="00000195"/>
				</METS:div>
				<METS:div TYPE="Chapter" LABEL="4.1.3  远程登录服务" ORDERLABEL="00000196"><METS:fptr FILEID="00000196"/>
				</METS:div>
				<METS:div TYPE="Chapter" LABEL="4.1.4  电子邮件服务" ORDERLABEL="00000197"><METS:fptr FILEID="00000197"/>
				</METS:div>
			</METS:div>
			<METS:div TYPE="Chapter" LABEL="4.2  WWW服务器的创建、配置与管理" ORDERLABEL="00000198"><METS:fptr FILEID="00000198"/>
				<METS:div TYPE="Chapter" LABEL="4.2.1  WWW服务器概述" ORDERLABEL="00000198"><METS:fptr FILEID="00000198"/>
				</METS:div>
				<METS:div TYPE="Chapter" LABEL="4.2.2  WWW服务器的创建" ORDERLABEL="00000198"><METS:fptr FILEID="00000198"/>
				</METS:div>
				<METS:div TYPE="Chapter" LABEL="4.2.3  WWW服务器的配置" ORDERLABEL="00000202"><METS:fptr FILEID="00000202"/>
				</METS:div>
				<METS:div TYPE="Chapter" LABEL="4.2.4  WWW服务器的管理" ORDERLABEL="00000208"><METS:fptr FILEID="00000208"/>
				</METS:div>
			</METS:div>
			<METS:div TYPE="Chapter" LABEL="4.3  FTP服务器的创建、配置与管理" ORDERLABEL="00000211"><METS:fptr FILEID="00000211"/>
				<METS:div TYPE="Chapter" LABEL="4.3.1  FTP服务器概述" ORDERLABEL="00000211"><METS:fptr FILEID="00000211"/>
				</METS:div>
				<METS:div TYPE="Chapter" LABEL="4.3.2  FTP服务器的创建" ORDERLABEL="00000211"><METS:fptr FILEID="00000211"/>
				</METS:div>
				<METS:div TYPE="Chapter" LABEL="4.3.3  FTP服务器的配置" ORDERLABEL="00000216"><METS:fptr FILEID="00000216"/>
				</METS:div>
				<METS:div TYPE="Chapter" LABEL="4.3.4  FTP服务器的管理" ORDERLABEL="00000221"><METS:fptr FILEID="00000221"/>
				</METS:div>
			</METS:div>
			<METS:div TYPE="Chapter" LABEL="4.4  邮件服务器的创建,配置与管理" ORDERLABEL="00000229"><METS:fptr FILEID="00000229"/>
				<METS:div TYPE="Chapter" LABEL="4.4.1  邮件服务器概述" ORDERLABEL="00000229"><METS:fptr FILEID="00000229"/>
				</METS:div>
				<METS:div TYPE="Chapter" LABEL="4.4.2  邮件服务器的创建" ORDERLABEL="00000231"><METS:fptr FILEID="00000231"/>
				</METS:div>
				<METS:div TYPE="Chapter" LABEL="4.4.3  邮件服务器的配置" ORDERLABEL="00000235"><METS:fptr FILEID="00000235"/>
				</METS:div>
				<METS:div TYPE="Chapter" LABEL="4.4.4  邮件服务器的管理" ORDERLABEL="00000237"><METS:fptr FILEID="00000237"/>
				</METS:div>
			</METS:div>
			<METS:div TYPE="Chapter" LABEL="4.5  DHCP服务器配置与管理" ORDERLABEL="00000243"><METS:fptr FILEID="00000243"/>
				<METS:div TYPE="Chapter" LABEL="4.5.1  DHCP服务器概述" ORDERLABEL="00000244"><METS:fptr FILEID="00000244"/>
				</METS:div>
				<METS:div TYPE="Chapter" LABEL="4.5.2  DHCP服务器的创建" ORDERLABEL="00000244"><METS:fptr FILEID="00000244"/>
				</METS:div>
				<METS:div TYPE="Chapter" LABEL="4.5.3  DHCP服务器的配置与管理" ORDERLABEL="00000246"><METS:fptr FILEID="00000246"/>
				</METS:div>
			</METS:div>
			<METS:div TYPE="Chapter" LABEL="4.6  DNS服务器配置与管理" ORDERLABEL="00000251"><METS:fptr FILEID="00000251"/>
				<METS:div TYPE="Chapter" LABEL="4.6.1  DNS服务器概述" ORDERLABEL="00000251"><METS:fptr FILEID="00000251"/>
				</METS:div>
				<METS:div TYPE="Chapter" LABEL="4.6.2  DNS服务器的创建" ORDERLABEL="00000252"><METS:fptr FILEID="00000252"/>
				</METS:div>
				<METS:div TYPE="Chapter" LABEL="4.6.3  DNS服务器的配置与管理" ORDERLABEL="00000253"><METS:fptr FILEID="00000253"/>
				</METS:div>
			</METS:div>
			<METS:div TYPE="Chapter" LABEL="4.7  总结" ORDERLABEL="00000259"><METS:fptr FILEID="00000259"/>
			</METS:div>
			<METS:div TYPE="Chapter" LABEL="习题" ORDERLABEL="00000259"><METS:fptr FILEID="00000259"/>
			</METS:div>
		</METS:div>
		<METS:div TYPE="Chapter" LABEL="第5章  Internet实用技术" ORDERLABEL="00000260"><METS:fptr FILEID="00000260"/>
			<METS:div TYPE="Chapter" LABEL="5.1  浏览器的使用" ORDERLABEL="00000260"><METS:fptr FILEID="00000260"/>
				<METS:div TYPE="Chapter" LABEL="5.1.1  Web网页和浏览器" ORDERLABEL="00000260"><METS:fptr FILEID="00000260"/>
				</METS:div>
				<METS:div TYPE="Chapter" LABEL="5.1.2  Internet Explorer软件的下载、安装与启动" ORDERLABEL="00000260"><METS:fptr FILEID="00000260"/>
				</METS:div>
				<METS:div TYPE="Chapter" LABEL="5.1.3  Internet Explorer的使用技巧" ORDERLABEL="00000261"><METS:fptr FILEID="00000261"/>
				</METS:div>
			</METS:div>
			<METS:div TYPE="Chapter" LABEL="5.2  网络搜索引擎" ORDERLABEL="00000264"><METS:fptr FILEID="00000264"/>
				<METS:div TYPE="Chapter" LABEL="5.2.1  普通搜索引擎" ORDERLABEL="00000264"><METS:fptr FILEID="00000264"/>
				</METS:div>
				<METS:div TYPE="Chapter" LABEL="5.2.2  集成搜索引擎" ORDERLABEL="00000268"><METS:fptr FILEID="00000268"/>
				</METS:div>
				<METS:div TYPE="Chapter" LABEL="5.2.3  专业搜索引擎" ORDERLABEL="00000268"><METS:fptr FILEID="00000268"/>
				</METS:div>
			</METS:div>
			<METS:div TYPE="Chapter" LABEL="5.3  Outlook的使用技术" ORDERLABEL="00000268"><METS:fptr FILEID="00000268"/>
				<METS:div TYPE="Chapter" LABEL="5.3.1  Outlook的基本功能" ORDERLABEL="00000269"><METS:fptr FILEID="00000269"/>
				</METS:div>
				<METS:div TYPE="Chapter" LABEL="5.3.2  Outlook邮件服务配置" ORDERLABEL="00000269"><METS:fptr FILEID="00000269"/>
				</METS:div>
				<METS:div TYPE="Chapter" LABEL="5.3.3  Outlook邮件服务的安装与启动" ORDERLABEL="00000272"><METS:fptr FILEID="00000272"/>
				</METS:div>
				<METS:div TYPE="Chapter" LABEL="5.3.4  收件箱的使用" ORDERLABEL="00000273"><METS:fptr FILEID="00000273"/>
				</METS:div>
				<METS:div TYPE="Chapter" LABEL="5.3.5  如何在邮件中插入附件" ORDERLABEL="00000273"><METS:fptr FILEID="00000273"/>
				</METS:div>
				<METS:div TYPE="Chapter" LABEL="5.3.6  对“垃圾邮件”的处理" ORDERLABEL="00000274"><METS:fptr FILEID="00000274"/>
				</METS:div>
				<METS:div TYPE="Chapter" LABEL="5.3.7  如何解决乱码显示" ORDERLABEL="00000274"><METS:fptr FILEID="00000274"/>
				</METS:div>
			</METS:div>
			<METS:div TYPE="Chapter" LABEL="5.4  Foxmail的使用技术" ORDERLABEL="00000274"><METS:fptr FILEID="00000274"/>
				<METS:div TYPE="Chapter" LABEL="5.4.1  Foxmail软件的下载" ORDERLABEL="00000275"><METS:fptr FILEID="00000275"/>
				</METS:div>
				<METS:div TYPE="Chapter" LABEL="5.4.2  Foxmail的配置" ORDERLABEL="00000275"><METS:fptr FILEID="00000275"/>
				</METS:div>
				<METS:div TYPE="Chapter" LABEL="5.4.3  Foxmail的使用" ORDERLABEL="00000277"><METS:fptr FILEID="00000277"/>
				</METS:div>
			</METS:div>
			<METS:div TYPE="Chapter" LABEL="5.5  NetAnts的使用技术" ORDERLABEL="00000278"><METS:fptr FILEID="00000278"/>
				<METS:div TYPE="Chapter" LABEL="5.5.1  软件下载、安装及启动" ORDERLABEL="00000278"><METS:fptr FILEID="00000278"/>
				</METS:div>
				<METS:div TYPE="Chapter" LABEL="5.5.2  用NetAnts下载文件" ORDERLABEL="00000279"><METS:fptr FILEID="00000279"/>
				</METS:div>
			</METS:div>
			<METS:div TYPE="Chapter" LABEL="5.6  FTP的使用技术" ORDERLABEL="00000280"><METS:fptr FILEID="00000280"/>
				<METS:div TYPE="Chapter" LABEL="5.6.1  FTP的启动" ORDERLABEL="00000281"><METS:fptr FILEID="00000281"/>
				</METS:div>
				<METS:div TYPE="Chapter" LABEL="5.6.2  FTP文件传输类型" ORDERLABEL="00000281"><METS:fptr FILEID="00000281"/>
				</METS:div>
				<METS:div TYPE="Chapter" LABEL="5.6.3  FTP命令" ORDERLABEL="00000282"><METS:fptr FILEID="00000282"/>
				</METS:div>
				<METS:div TYPE="Chapter" LABEL="5.6.4  FTP的操作过程" ORDERLABEL="00000283"><METS:fptr FILEID="00000283"/>
				</METS:div>
				<METS:div TYPE="Chapter" LABEL="5.6.5  FTP应用实例" ORDERLABEL="00000284"><METS:fptr FILEID="00000284"/>
				</METS:div>
				<METS:div TYPE="Chapter" LABEL="5.6.6  匿名FTP" ORDERLABEL="00000285"><METS:fptr FILEID="00000285"/>
				</METS:div>
			</METS:div>
			<METS:div TYPE="Chapter" LABEL="5.7  电子商务" ORDERLABEL="00000285"><METS:fptr FILEID="00000285"/>
				<METS:div TYPE="Chapter" LABEL="5.7.1  电子商务的基本概念" ORDERLABEL="00000285"><METS:fptr FILEID="00000285"/>
				</METS:div>
				<METS:div TYPE="Chapter" LABEL="5.7.2  电子商务的分类" ORDERLABEL="00000285"><METS:fptr FILEID="00000285"/>
				</METS:div>
				<METS:div TYPE="Chapter" LABEL="5.7.3  电子商务的平台" ORDERLABEL="00000286"><METS:fptr FILEID="00000286"/>
				</METS:div>
				<METS:div TYPE="Chapter" LABEL="5.7.4  电子商务中的付款" ORDERLABEL="00000287"><METS:fptr FILEID="00000287"/>
				</METS:div>
				<METS:div TYPE="Chapter" LABEL="5.7.5  电子商务的交易过程" ORDERLABEL="00000287"><METS:fptr FILEID="00000287"/>
				</METS:div>
				<METS:div TYPE="Chapter" LABEL="5.7.6  电子商务交易的基本程序" ORDERLABEL="00000289"><METS:fptr FILEID="00000289"/>
				</METS:div>
			</METS:div>
			<METS:div TYPE="Chapter" LABEL="习题" ORDERLABEL="00000289"><METS:fptr FILEID="00000289"/>
			</METS:div>
		</METS:div>
		<METS:div TYPE="Chapter" LABEL="第6章  网络体系结构" ORDERLABEL="00000290"><METS:fptr FILEID="00000290"/>
			<METS:div TYPE="Chapter" LABEL="6.1  概述" ORDERLABEL="00000290"><METS:fptr FILEID="00000290"/>
				<METS:div TYPE="Chapter" LABEL="6.1.1  通信协议" ORDERLABEL="00000290"><METS:fptr FILEID="00000290"/>
				</METS:div>
				<METS:div TYPE="Chapter" LABEL="6.1.2  网络系统的体系结构" ORDERLABEL="00000291"><METS:fptr FILEID="00000291"/>
				</METS:div>
				<METS:div TYPE="Chapter" LABEL="6.1.3  网络分层结构模型" ORDERLABEL="00000292"><METS:fptr FILEID="00000292"/>
				</METS:div>
			</METS:div>
			<METS:div TYPE="Chapter" LABEL="6.2  ISO/OSI网络体系结构" ORDERLABEL="00000292"><METS:fptr FILEID="00000292"/>
			</METS:div>
			<METS:div TYPE="Chapter" LABEL="6.3  OSI分层结构" ORDERLABEL="00000294"><METS:fptr FILEID="00000294"/>
				<METS:div TYPE="Chapter" LABEL="6.3.1  物理层" ORDERLABEL="00000294"><METS:fptr FILEID="00000294"/>
				</METS:div>
				<METS:div TYPE="Chapter" LABEL="6.3.2  数据链路层" ORDERLABEL="00000295"><METS:fptr FILEID="00000295"/>
				</METS:div>
				<METS:div TYPE="Chapter" LABEL="6.3.3  网络层" ORDERLABEL="00000296"><METS:fptr FILEID="00000296"/>
				</METS:div>
				<METS:div TYPE="Chapter" LABEL="6.3.4  传输层" ORDERLABEL="00000297"><METS:fptr FILEID="00000297"/>
				</METS:div>
				<METS:div TYPE="Chapter" LABEL="6.3.5  会话层" ORDERLABEL="00000298"><METS:fptr FILEID="00000298"/>
				</METS:div>
				<METS:div TYPE="Chapter" LABEL="6.3.6  表示层" ORDERLABEL="00000298"><METS:fptr FILEID="00000298"/>
				</METS:div>
				<METS:div TYPE="Chapter" LABEL="6.3.7  应用层" ORDERLABEL="00000299"><METS:fptr FILEID="00000299"/>
				</METS:div>
			</METS:div>
			<METS:div TYPE="Chapter" LABEL="6.4  TCP/IP协议" ORDERLABEL="00000299"><METS:fptr FILEID="00000299"/>
				<METS:div TYPE="Chapter" LABEL="6.4.1  TCP/IP体系结构" ORDERLABEL="00000299"><METS:fptr FILEID="00000299"/>
				</METS:div>
				<METS:div TYPE="Chapter" LABEL="6.4.2  TCP/IP协议" ORDERLABEL="00000299"><METS:fptr FILEID="00000299"/>
				</METS:div>
			</METS:div>
			<METS:div TYPE="Chapter" LABEL="习题" ORDERLABEL="00000301"><METS:fptr FILEID="00000301"/>
			</METS:div>
		</METS:div>
		<METS:div TYPE="Chapter" LABEL="第7章  网络通信技术" ORDERLABEL="00000303"><METS:fptr FILEID="00000303"/>
			<METS:div TYPE="Chapter" LABEL="7.1  数据通信" ORDERLABEL="00000303"><METS:fptr FILEID="00000303"/>
				<METS:div TYPE="Chapter" LABEL="7.1.1  数据通信的基本概念" ORDERLABEL="00000303"><METS:fptr FILEID="00000303"/>
				</METS:div>
				<METS:div TYPE="Chapter" LABEL="7.1.2  数据通信过程" ORDERLABEL="00000303"><METS:fptr FILEID="00000303"/>
				</METS:div>
				<METS:div TYPE="Chapter" LABEL="7.1.3  模拟通信系统和数字通信系统" ORDERLABEL="00000304"><METS:fptr FILEID="00000304"/>
				</METS:div>
				<METS:div TYPE="Chapter" LABEL="7.1.4  通信线路的连接方式" ORDERLABEL="00000305"><METS:fptr FILEID="00000305"/>
				</METS:div>
				<METS:div TYPE="Chapter" LABEL="7.1.5  通信线路的通信方式" ORDERLABEL="00000305"><METS:fptr FILEID="00000305"/>
				</METS:div>
				<METS:div TYPE="Chapter" LABEL="7.1.6  数据传输方式" ORDERLABEL="00000306"><METS:fptr FILEID="00000306"/>
				</METS:div>
			</METS:div>
			<METS:div TYPE="Chapter" LABEL="7.2  数据传输技术" ORDERLABEL="00000306"><METS:fptr FILEID="00000306"/>
				<METS:div TYPE="Chapter" LABEL="7.2.1  基带传输与频带传输" ORDERLABEL="00000306"><METS:fptr FILEID="00000306"/>
				</METS:div>
				<METS:div TYPE="Chapter" LABEL="7.2.2  数据编码" ORDERLABEL="00000307"><METS:fptr FILEID="00000307"/>
				</METS:div>
				<METS:div TYPE="Chapter" LABEL="7.2.3  同步传输与异步传输" ORDERLABEL="00000309"><METS:fptr FILEID="00000309"/>
				</METS:div>
			</METS:div>
			<METS:div TYPE="Chapter" LABEL="7.3  数据交换技术" ORDERLABEL="00000309"><METS:fptr FILEID="00000309"/>
				<METS:div TYPE="Chapter" LABEL="7.3.1  电路交换技术" ORDERLABEL="00000310"><METS:fptr FILEID="00000310"/>
				</METS:div>
				<METS:div TYPE="Chapter" LABEL="7.3.2  存储转发技术" ORDERLABEL="00000311"><METS:fptr FILEID="00000311"/>
				</METS:div>
			</METS:div>
			<METS:div TYPE="Chapter" LABEL="7.4  ATM交换技术" ORDERLABEL="00000312"><METS:fptr FILEID="00000312"/>
				<METS:div TYPE="Chapter" LABEL="7.4.1  什么是ATM" ORDERLABEL="00000312"><METS:fptr FILEID="00000312"/>
				</METS:div>
				<METS:div TYPE="Chapter" LABEL="7.4.2  ATM技术与电路交换及分组交换技术的比较" ORDERLABEL="00000314"><METS:fptr FILEID="00000314"/>
				</METS:div>
				<METS:div TYPE="Chapter" LABEL="7.4.3  ATM的基本特征和原理" ORDERLABEL="00000314"><METS:fptr FILEID="00000314"/>
				</METS:div>
				<METS:div TYPE="Chapter" LABEL="7.4.4  ATM协议模型" ORDERLABEL="00000317"><METS:fptr FILEID="00000317"/>
				</METS:div>
				<METS:div TYPE="Chapter" LABEL="7.4.5  ATM交换结构" ORDERLABEL="00000319"><METS:fptr FILEID="00000319"/>
				</METS:div>
			</METS:div>
			<METS:div TYPE="Chapter" LABEL="7.5  差错控制" ORDERLABEL="00000321"><METS:fptr FILEID="00000321"/>
				<METS:div TYPE="Chapter" LABEL="7.5.1  差错的基本概念" ORDERLABEL="00000321"><METS:fptr FILEID="00000321"/>
				</METS:div>
				<METS:div TYPE="Chapter" LABEL="7.5.2  差错控制方法" ORDERLABEL="00000322"><METS:fptr FILEID="00000322"/>
				</METS:div>
				<METS:div TYPE="Chapter" LABEL="7.5.3  检错编码方法" ORDERLABEL="00000323"><METS:fptr FILEID="00000323"/>
				</METS:div>
				<METS:div TYPE="Chapter" LABEL="7.5.4  自动纠错技术" ORDERLABEL="00000327"><METS:fptr FILEID="00000327"/>
				</METS:div>
				<METS:div TYPE="Chapter" LABEL="7.5.5  自动检错技术的应用" ORDERLABEL="00000330"><METS:fptr FILEID="00000330"/>
				</METS:div>
			</METS:div>
			<METS:div TYPE="Chapter" LABEL="习题" ORDERLABEL="00000332"><METS:fptr FILEID="00000332"/>
			</METS:div>
		</METS:div>
		<METS:div TYPE="Chapter" LABEL="第8章  网络管理技术" ORDERLABEL="00000333"><METS:fptr FILEID="00000333"/>
			<METS:div TYPE="Chapter" LABEL="8.1  网络管理概述" ORDERLABEL="00000333"><METS:fptr FILEID="00000333"/>
				<METS:div TYPE="Chapter" LABEL="8.1.1  网络管理的基本概念" ORDERLABEL="00000333"><METS:fptr FILEID="00000333"/>
				</METS:div>
				<METS:div TYPE="Chapter" LABEL="8.1.2  网络管理的基本内容" ORDERLABEL="00000333"><METS:fptr FILEID="00000333"/>
				</METS:div>
				<METS:div TYPE="Chapter" LABEL="8.1.3  网络管理的基本模型" ORDERLABEL="00000334"><METS:fptr FILEID="00000334"/>
				</METS:div>
			</METS:div>
			<METS:div TYPE="Chapter" LABEL="8.2  网络管理标准" ORDERLABEL="00000335"><METS:fptr FILEID="00000335"/>
				<METS:div TYPE="Chapter" LABEL="8.2.1  网络配置管理" ORDERLABEL="00000336"><METS:fptr FILEID="00000336"/>
				</METS:div>
				<METS:div TYPE="Chapter" LABEL="8.2.2  网络性能管理" ORDERLABEL="00000336"><METS:fptr FILEID="00000336"/>
				</METS:div>
				<METS:div TYPE="Chapter" LABEL="8.2.3  网络故障管理" ORDERLABEL="00000336"><METS:fptr FILEID="00000336"/>
				</METS:div>
				<METS:div TYPE="Chapter" LABEL="8.2.4  容错管理技术" ORDERLABEL="00000337"><METS:fptr FILEID="00000337"/>
				</METS:div>
				<METS:div TYPE="Chapter" LABEL="8.2.5  网络安全管理" ORDERLABEL="00000337"><METS:fptr FILEID="00000337"/>
				</METS:div>
				<METS:div TYPE="Chapter" LABEL="8.2.6  记账管理与计费管理" ORDERLABEL="00000343"><METS:fptr FILEID="00000343"/>
				</METS:div>
				<METS:div TYPE="Chapter" LABEL="8.2.7  网络地址管理" ORDERLABEL="00000343"><METS:fptr FILEID="00000343"/>
				</METS:div>
				<METS:div TYPE="Chapter" LABEL="8.2.8  文档管理" ORDERLABEL="00000344"><METS:fptr FILEID="00000344"/>
				</METS:div>
			</METS:div>
			<METS:div TYPE="Chapter" LABEL="8.3  简单网络管理协议SNMP" ORDERLABEL="00000345"><METS:fptr FILEID="00000345"/>
				<METS:div TYPE="Chapter" LABEL="8.3.1  SNMP的概念" ORDERLABEL="00000345"><METS:fptr FILEID="00000345"/>
				</METS:div>
				<METS:div TYPE="Chapter" LABEL="8.3.2  SNMP的基本组成" ORDERLABEL="00000345"><METS:fptr FILEID="00000345"/>
				</METS:div>
			</METS:div>
			<METS:div TYPE="Chapter" LABEL="8.4  软件管理" ORDERLABEL="00000347"><METS:fptr FILEID="00000347"/>
				<METS:div TYPE="Chapter" LABEL="8.4.1  软件计量管理" ORDERLABEL="00000347"><METS:fptr FILEID="00000347"/>
				</METS:div>
				<METS:div TYPE="Chapter" LABEL="8.4.2  软件分布管理" ORDERLABEL="00000347"><METS:fptr FILEID="00000347"/>
				</METS:div>
				<METS:div TYPE="Chapter" LABEL="8.4.3  软件核查管理" ORDERLABEL="00000347"><METS:fptr FILEID="00000347"/>
				</METS:div>
			</METS:div>
			<METS:div TYPE="Chapter" LABEL="习题" ORDERLABEL="00000348"><METS:fptr FILEID="00000348"/>
			</METS:div>
		</METS:div>
		<METS:div TYPE="Chapter" LABEL="第9章  网络安全管理技术" ORDERLABEL="00000349"><METS:fptr FILEID="00000349"/>
			<METS:div TYPE="Chapter" LABEL="9.1  计算机网络安全、数字签名与CA认证技术简介" ORDERLABEL="00000349"><METS:fptr FILEID="00000349"/>
				<METS:div TYPE="Chapter" LABEL="9.1.1  计算机网络安全概述" ORDERLABEL="00000349"><METS:fptr FILEID="00000349"/>
				</METS:div>
				<METS:div TYPE="Chapter" LABEL="9.1.2  数字签名原理与技术" ORDERLABEL="00000353"><METS:fptr FILEID="00000353"/>
				</METS:div>
				<METS:div TYPE="Chapter" LABEL="9.1.3  CA认证与数字凭证" ORDERLABEL="00000354"><METS:fptr FILEID="00000354"/>
				</METS:div>
			</METS:div>
			<METS:div TYPE="Chapter" LABEL="9.2  系统攻击及入侵检测与黑客技术" ORDERLABEL="00000355"><METS:fptr FILEID="00000355"/>
				<METS:div TYPE="Chapter" LABEL="9.2.1  系统攻击概述" ORDERLABEL="00000355"><METS:fptr FILEID="00000355"/>
				</METS:div>
				<METS:div TYPE="Chapter" LABEL="9.2.2  系统攻击的方法" ORDERLABEL="00000357"><METS:fptr FILEID="00000357"/>
				</METS:div>
				<METS:div TYPE="Chapter" LABEL="9.2.3  入侵检测" ORDERLABEL="00000360"><METS:fptr FILEID="00000360"/>
				</METS:div>
				<METS:div TYPE="Chapter" LABEL="9.2.4  入侵检测产品简介" ORDERLABEL="00000361"><METS:fptr FILEID="00000361"/>
				</METS:div>
				<METS:div TYPE="Chapter" LABEL="9.2.5  黑客" ORDERLABEL="00000362"><METS:fptr FILEID="00000362"/>
				</METS:div>
			</METS:div>
			<METS:div TYPE="Chapter" LABEL="9.3  局域网络安全" ORDERLABEL="00000364"><METS:fptr FILEID="00000364"/>
				<METS:div TYPE="Chapter" LABEL="9.3.1  局域网络安全性分析" ORDERLABEL="00000364"><METS:fptr FILEID="00000364"/>
				</METS:div>
				<METS:div TYPE="Chapter" LABEL="9.3.2  局域网安全技术" ORDERLABEL="00000365"><METS:fptr FILEID="00000365"/>
				</METS:div>
			</METS:div>
			<METS:div TYPE="Chapter" LABEL="9.4  网络操作系统安全技术与应用" ORDERLABEL="00000366"><METS:fptr FILEID="00000366"/>
				<METS:div TYPE="Chapter" LABEL="9.4.1  Windows 2000操作系统安全技术" ORDERLABEL="00000366"><METS:fptr FILEID="00000366"/>
				</METS:div>
				<METS:div TYPE="Chapter" LABEL="9.4.2  UNIX/Linux操作系统安全技术" ORDERLABEL="00000368"><METS:fptr FILEID="00000368"/>
				</METS:div>
			</METS:div>
			<METS:div TYPE="Chapter" LABEL="9.5  Internet安全技术" ORDERLABEL="00000370"><METS:fptr FILEID="00000370"/>
				<METS:div TYPE="Chapter" LABEL="9.5.1  Internet安全概述" ORDERLABEL="00000370"><METS:fptr FILEID="00000370"/>
				</METS:div>
				<METS:div TYPE="Chapter" LABEL="9.5.2  FTP安全" ORDERLABEL="00000371"><METS:fptr FILEID="00000371"/>
				</METS:div>
				<METS:div TYPE="Chapter" LABEL="9.5.3  E-mail安全" ORDERLABEL="00000373"><METS:fptr FILEID="00000373"/>
				</METS:div>
				<METS:div TYPE="Chapter" LABEL="9.5.4  Web安全" ORDERLABEL="00000376"><METS:fptr FILEID="00000376"/>
				</METS:div>
			</METS:div>
			<METS:div TYPE="Chapter" LABEL="9.6  网络防火墙技术简介" ORDERLABEL="00000377"><METS:fptr FILEID="00000377"/>
				<METS:div TYPE="Chapter" LABEL="9.6.1  网络防火墙技术概述" ORDERLABEL="00000377"><METS:fptr FILEID="00000377"/>
				</METS:div>
				<METS:div TYPE="Chapter" LABEL="9.6.2  防火墙的类型" ORDERLABEL="00000378"><METS:fptr FILEID="00000378"/>
				</METS:div>
				<METS:div TYPE="Chapter" LABEL="9.6.3  防火墙的设计与实现" ORDERLABEL="00000379"><METS:fptr FILEID="00000379"/>
				</METS:div>
				<METS:div TYPE="Chapter" LABEL="9.6.4  典型的防火墙产品与防火墙的发展趋势" ORDERLABEL="00000380"><METS:fptr FILEID="00000380"/>
				</METS:div>
			</METS:div>
			<METS:div TYPE="Chapter" LABEL="9.7  计算机病毒防范技术" ORDERLABEL="00000382"><METS:fptr FILEID="00000382"/>
				<METS:div TYPE="Chapter" LABEL="9.7.1  计算机病毒概述" ORDERLABEL="00000382"><METS:fptr FILEID="00000382"/>
				</METS:div>
				<METS:div TYPE="Chapter" LABEL="9.7.2  计算机病毒的检测与防范" ORDERLABEL="00000384"><METS:fptr FILEID="00000384"/>
				</METS:div>
			</METS:div>
			<METS:div TYPE="Chapter" LABEL="9.8  计算机网络的安全管理" ORDERLABEL="00000388"><METS:fptr FILEID="00000388"/>
			</METS:div>
			<METS:div TYPE="Chapter" LABEL="9.9  应用实例" ORDERLABEL="00000390"><METS:fptr FILEID="00000390"/>
				<METS:div TYPE="Chapter" LABEL="9.9.1  “天网”个人防火墙的安装与配置" ORDERLABEL="00000390"><METS:fptr FILEID="00000390"/>
				</METS:div>
				<METS:div TYPE="Chapter" LABEL="9.9.2  木马克星软件的使用" ORDERLABEL="00000397"><METS:fptr FILEID="00000397"/>
				</METS:div>
				<METS:div TYPE="Chapter" LABEL="9.9.3  Windows 98共享文件的设置" ORDERLABEL="00000399"><METS:fptr FILEID="00000399"/>
				</METS:div>
			</METS:div>
			<METS:div TYPE="Chapter" LABEL="习题" ORDERLABEL="00000401"><METS:fptr FILEID="00000401"/>
			</METS:div>
		</METS:div>
	</METS:structMap>
</METS:mets>
