<?xml version="1.0" encoding="utf-8"?>
<METS:mets xmlns:METS="http://www.loc.gov/METS/" xmlns:xsi="http://www.w3.org/2001/XMLSchema-instance" xmlns:gdm="http://sunsite.berkeley.edu/GDM/" xmlns:xlink="http://www.w3.org/TR/xlink" xsi:schemalocation="http://www.loc.gov/METS/http://www.loc.gov/standards/mets/mets.xsd" LABEL="Zhejiang University.jdl.China-America digital library project" TYPE="Section">
	<METS:structMap TYPE="Catalog">
		<METS:div TYPE="Chapter" LABEL="第1章  计算机网络和通信基础" ORDERLABEL="00000010"><METS:fptr FILEID="00000010"/>
			<METS:div TYPE="Chapter" LABEL="1.1  计算机网络的基本概念" ORDERLABEL="00000010"><METS:fptr FILEID="00000010"/>
				<METS:div TYPE="Chapter" LABEL="1.1.1  微机和计算机的概念" ORDERLABEL="00000010"><METS:fptr FILEID="00000010"/>
				</METS:div>
				<METS:div TYPE="Chapter" LABEL="1.1.2  专用介质的概念" ORDERLABEL="00000011"><METS:fptr FILEID="00000011"/>
				</METS:div>
				<METS:div TYPE="Chapter" LABEL="1.1.3  网络操作系统和网络软件的概念" ORDERLABEL="00000011"><METS:fptr FILEID="00000011"/>
				</METS:div>
			</METS:div>
			<METS:div TYPE="Chapter" LABEL="1.2  网络的发展简史" ORDERLABEL="00000012"><METS:fptr FILEID="00000012"/>
				<METS:div TYPE="Chapter" LABEL="1.2.1  通信系统定义" ORDERLABEL="00000012"><METS:fptr FILEID="00000012"/>
				</METS:div>
				<METS:div TYPE="Chapter" LABEL="1.2.2  远程通信模型" ORDERLABEL="00000012"><METS:fptr FILEID="00000012"/>
				</METS:div>
				<METS:div TYPE="Chapter" LABEL="1.2.3  第一代计算机通信网络" ORDERLABEL="00000013"><METS:fptr FILEID="00000013"/>
				</METS:div>
				<METS:div TYPE="Chapter" LABEL="1.2.4  第二代计算机通信网络" ORDERLABEL="00000013"><METS:fptr FILEID="00000013"/>
				</METS:div>
				<METS:div TYPE="Chapter" LABEL="1.2.5  第三代计算机通信网络" ORDERLABEL="00000014"><METS:fptr FILEID="00000014"/>
				</METS:div>
			</METS:div>
			<METS:div TYPE="Chapter" LABEL="1.3  通信基础知识" ORDERLABEL="00000015"><METS:fptr FILEID="00000015"/>
				<METS:div TYPE="Chapter" LABEL="1.3.1  传输速率" ORDERLABEL="00000015"><METS:fptr FILEID="00000015"/>
				</METS:div>
				<METS:div TYPE="Chapter" LABEL="1.3.2  传输模式" ORDERLABEL="00000015"><METS:fptr FILEID="00000015"/>
				</METS:div>
				<METS:div TYPE="Chapter" LABEL="1.3.3  传输方向" ORDERLABEL="00000015"><METS:fptr FILEID="00000015"/>
				</METS:div>
				<METS:div TYPE="Chapter" LABEL="1.3.4  交换技术" ORDERLABEL="00000016"><METS:fptr FILEID="00000016"/>
				</METS:div>
				<METS:div TYPE="Chapter" LABEL="1.3.5  访问控制方式" ORDERLABEL="00000016"><METS:fptr FILEID="00000016"/>
				</METS:div>
			</METS:div>
			<METS:div TYPE="Chapter" LABEL="1.4  实用网络的简单分类" ORDERLABEL="00000016"><METS:fptr FILEID="00000016"/>
				<METS:div TYPE="Chapter" LABEL="1.4.1  按网络拓扑结构分类" ORDERLABEL="00000016"><METS:fptr FILEID="00000016"/>
				</METS:div>
				<METS:div TYPE="Chapter" LABEL="1.4.2  按网络覆盖区域分类" ORDERLABEL="00000017"><METS:fptr FILEID="00000017"/>
				</METS:div>
				<METS:div TYPE="Chapter" LABEL="1.4.3  按网络控制方式分类" ORDERLABEL="00000019"><METS:fptr FILEID="00000019"/>
				</METS:div>
			</METS:div>
			<METS:div TYPE="Chapter" LABEL="1.5  网络的主要功能" ORDERLABEL="00000020"><METS:fptr FILEID="00000020"/>
				<METS:div TYPE="Chapter" LABEL="1.5.1  资源共享" ORDERLABEL="00000020"><METS:fptr FILEID="00000020"/>
				</METS:div>
				<METS:div TYPE="Chapter" LABEL="1.5.2  数据和信息通信" ORDERLABEL="00000020"><METS:fptr FILEID="00000020"/>
				</METS:div>
			</METS:div>
			<METS:div TYPE="Chapter" LABEL="1.6  Windows 2000与网络相关的知识" ORDERLABEL="00000021"><METS:fptr FILEID="00000021"/>
				<METS:div TYPE="Chapter" LABEL="1.6.1  Windows 2000网络的特色" ORDERLABEL="00000021"><METS:fptr FILEID="00000021"/>
				</METS:div>
				<METS:div TYPE="Chapter" LABEL="1.6.2  Windows 2000的网络软件" ORDERLABEL="00000022"><METS:fptr FILEID="00000022"/>
				</METS:div>
			</METS:div>
			<METS:div TYPE="Chapter" LABEL="1.7  本章练习" ORDERLABEL="00000023"><METS:fptr FILEID="00000023"/>
			</METS:div>
		</METS:div>
		<METS:div TYPE="Chapter" LABEL="第2章  实用网络体系结构和软件" ORDERLABEL="00000024"><METS:fptr FILEID="00000024"/>
			<METS:div TYPE="Chapter" LABEL="2.1  网络协议概述" ORDERLABEL="00000024"><METS:fptr FILEID="00000024"/>
			</METS:div>
			<METS:div TYPE="Chapter" LABEL="2.2  网络体系结构" ORDERLABEL="00000024"><METS:fptr FILEID="00000024"/>
				<METS:div TYPE="Chapter" LABEL="2.2.1  实体" ORDERLABEL="00000024"><METS:fptr FILEID="00000024"/>
				</METS:div>
				<METS:div TYPE="Chapter" LABEL="2.2.2  协议" ORDERLABEL="00000025"><METS:fptr FILEID="00000025"/>
				</METS:div>
				<METS:div TYPE="Chapter" LABEL="2.2.3  网络体系结构" ORDERLABEL="00000025"><METS:fptr FILEID="00000025"/>
				</METS:div>
			</METS:div>
			<METS:div TYPE="Chapter" LABEL="2.3  OSI/RM模型" ORDERLABEL="00000027"><METS:fptr FILEID="00000027"/>
				<METS:div TYPE="Chapter" LABEL="2.3.1  为什么需要分层" ORDERLABEL="00000027"><METS:fptr FILEID="00000027"/>
				</METS:div>
				<METS:div TYPE="Chapter" LABEL="2.3.2  OSI层次结构中各层的功能" ORDERLABEL="00000028"><METS:fptr FILEID="00000028"/>
				</METS:div>
				<METS:div TYPE="Chapter" LABEL="2.3.3  热门对等网通信" ORDERLABEL="00000045"><METS:fptr FILEID="00000045"/>
				</METS:div>
			</METS:div>
			<METS:div TYPE="Chapter" LABEL="2.4  TCP/IP参考模型" ORDERLABEL="00000046"><METS:fptr FILEID="00000046"/>
				<METS:div TYPE="Chapter" LABEL="2.4.1  TCP/IP协议的组成" ORDERLABEL="00000046"><METS:fptr FILEID="00000046"/>
				</METS:div>
				<METS:div TYPE="Chapter" LABEL="2.4.2  网络层协议" ORDERLABEL="00000046"><METS:fptr FILEID="00000046"/>
				</METS:div>
				<METS:div TYPE="Chapter" LABEL="2.4.3  传输层协议" ORDERLABEL="00000047"><METS:fptr FILEID="00000047"/>
				</METS:div>
				<METS:div TYPE="Chapter" LABEL="2.4.4  应用层协议" ORDERLABEL="00000048"><METS:fptr FILEID="00000048"/>
				</METS:div>
			</METS:div>
			<METS:div TYPE="Chapter" LABEL="2.5  本章练习" ORDERLABEL="00000049"><METS:fptr FILEID="00000049"/>
			</METS:div>
		</METS:div>
		<METS:div TYPE="Chapter" LABEL="第3章  网络传输介质和网络硬件设备" ORDERLABEL="00000050"><METS:fptr FILEID="00000050"/>
			<METS:div TYPE="Chapter" LABEL="3.1  相关专业名词说明" ORDERLABEL="00000050"><METS:fptr FILEID="00000050"/>
			</METS:div>
			<METS:div TYPE="Chapter" LABEL="3.2  网络传输介质" ORDERLABEL="00000052"><METS:fptr FILEID="00000052"/>
				<METS:div TYPE="Chapter" LABEL="3.2.1  以太双绞线" ORDERLABEL="00000052"><METS:fptr FILEID="00000052"/>
				</METS:div>
				<METS:div TYPE="Chapter" LABEL="3.2.2  光纤" ORDERLABEL="00000055"><METS:fptr FILEID="00000055"/>
				</METS:div>
				<METS:div TYPE="Chapter" LABEL="3.2.3  中继器" ORDERLABEL="00000057"><METS:fptr FILEID="00000057"/>
				</METS:div>
				<METS:div TYPE="Chapter" LABEL="3.2.4  集线器" ORDERLABEL="00000059"><METS:fptr FILEID="00000059"/>
				</METS:div>
				<METS:div TYPE="Chapter" LABEL="3.2.5  网桥" ORDERLABEL="00000060"><METS:fptr FILEID="00000060"/>
				</METS:div>
				<METS:div TYPE="Chapter" LABEL="3.2.6  路由器" ORDERLABEL="00000062"><METS:fptr FILEID="00000062"/>
				</METS:div>
				<METS:div TYPE="Chapter" LABEL="3.2.7  网关" ORDERLABEL="00000065"><METS:fptr FILEID="00000065"/>
				</METS:div>
				<METS:div TYPE="Chapter" LABEL="3.2.8  交换机" ORDERLABEL="00000066"><METS:fptr FILEID="00000066"/>
				</METS:div>
				<METS:div TYPE="Chapter" LABEL="3.2.9  调制解调器" ORDERLABEL="00000066"><METS:fptr FILEID="00000066"/>
				</METS:div>
				<METS:div TYPE="Chapter" LABEL="3.2.10  热门网络设备" ORDERLABEL="00000067"><METS:fptr FILEID="00000067"/>
				</METS:div>
			</METS:div>
			<METS:div TYPE="Chapter" LABEL="3.3  网络设备安装应注意的问题" ORDERLABEL="00000068"><METS:fptr FILEID="00000068"/>
				<METS:div TYPE="Chapter" LABEL="3.3.1  布线" ORDERLABEL="00000068"><METS:fptr FILEID="00000068"/>
				</METS:div>
				<METS:div TYPE="Chapter" LABEL="3.3.2  以太双绞线接头的制作" ORDERLABEL="00000069"><METS:fptr FILEID="00000069"/>
				</METS:div>
			</METS:div>
			<METS:div TYPE="Chapter" LABEL="3.4  本章练习" ORDERLABEL="00000069"><METS:fptr FILEID="00000069"/>
			</METS:div>
		</METS:div>
		<METS:div TYPE="Chapter" LABEL="第4章  局域网的组建及使用与维护" ORDERLABEL="00000070"><METS:fptr FILEID="00000070"/>
			<METS:div TYPE="Chapter" LABEL="4.1  局域网概念" ORDERLABEL="00000070"><METS:fptr FILEID="00000070"/>
			</METS:div>
			<METS:div TYPE="Chapter" LABEL="4.2  对等Windows 2000 Professional局域网" ORDERLABEL="00000071"><METS:fptr FILEID="00000071"/>
				<METS:div TYPE="Chapter" LABEL="4.2.1  Windows 2000局域网硬件的安装" ORDERLABEL="00000071"><METS:fptr FILEID="00000071"/>
				</METS:div>
				<METS:div TYPE="Chapter" LABEL="4.2.2  Windows 2000局域网软件配置" ORDERLABEL="00000072"><METS:fptr FILEID="00000072"/>
				</METS:div>
				<METS:div TYPE="Chapter" LABEL="4.2.3  Windows 2000与Windows 98对等网比较" ORDERLABEL="00000084"><METS:fptr FILEID="00000084"/>
				</METS:div>
				<METS:div TYPE="Chapter" LABEL="4.2.4  对等网的操作" ORDERLABEL="00000091"><METS:fptr FILEID="00000091"/>
				</METS:div>
			</METS:div>
			<METS:div TYPE="Chapter" LABEL="4.3  Windows XP网络与Windows 2000网络比较" ORDERLABEL="00000099"><METS:fptr FILEID="00000099"/>
				<METS:div TYPE="Chapter" LABEL="4.3.1  Windows XP的远程协助" ORDERLABEL="00000099"><METS:fptr FILEID="00000099"/>
				</METS:div>
				<METS:div TYPE="Chapter" LABEL="4.3.2  Windows XP的远程桌面" ORDERLABEL="00000102"><METS:fptr FILEID="00000102"/>
				</METS:div>
				<METS:div TYPE="Chapter" LABEL="4.3.3  Windows 2000的远程协助" ORDERLABEL="00000105"><METS:fptr FILEID="00000105"/>
				</METS:div>
			</METS:div>
			<METS:div TYPE="Chapter" LABEL="4.4  Linux组网" ORDERLABEL="00000105"><METS:fptr FILEID="00000105"/>
				<METS:div TYPE="Chapter" LABEL="4.4.1  Linux红旗版安装与配置" ORDERLABEL="00000105"><METS:fptr FILEID="00000105"/>
				</METS:div>
				<METS:div TYPE="Chapter" LABEL="4.4.2  Linux基本操作" ORDERLABEL="00000114"><METS:fptr FILEID="00000114"/>
				</METS:div>
				<METS:div TYPE="Chapter" LABEL="4.4.3  Linux网络配置" ORDERLABEL="00000131"><METS:fptr FILEID="00000131"/>
				</METS:div>
			</METS:div>
			<METS:div TYPE="Chapter" LABEL="4.5  双机对连" ORDERLABEL="00000140"><METS:fptr FILEID="00000140"/>
				<METS:div TYPE="Chapter" LABEL="4.5.1  通过串行线连接" ORDERLABEL="00000140"><METS:fptr FILEID="00000140"/>
				</METS:div>
				<METS:div TYPE="Chapter" LABEL="4.5.2  通过并行线连接" ORDERLABEL="00000143"><METS:fptr FILEID="00000143"/>
				</METS:div>
			</METS:div>
			<METS:div TYPE="Chapter" LABEL="4.6  中大型局域网和网络地址配置" ORDERLABEL="00000143"><METS:fptr FILEID="00000143"/>
				<METS:div TYPE="Chapter" LABEL="4.6.1  局域网互联中的TCP/IP协议" ORDERLABEL="00000144"><METS:fptr FILEID="00000144"/>
				</METS:div>
				<METS:div TYPE="Chapter" LABEL="4.6.2  配置IP地址" ORDERLABEL="00000145"><METS:fptr FILEID="00000145"/>
				</METS:div>
				<METS:div TYPE="Chapter" LABEL="4.6.3  中大型局域网中的热门话题" ORDERLABEL="00000147"><METS:fptr FILEID="00000147"/>
				</METS:div>
			</METS:div>
			<METS:div TYPE="Chapter" LABEL="4.7  本章练习" ORDERLABEL="00000148"><METS:fptr FILEID="00000148"/>
			</METS:div>
		</METS:div>
		<METS:div TYPE="Chapter" LABEL="第5章  Windows 2000 Server网" ORDERLABEL="00000150"><METS:fptr FILEID="00000150"/>
			<METS:div TYPE="Chapter" LABEL="5.1  Windows 2000 Server概述" ORDERLABEL="00000150"><METS:fptr FILEID="00000150"/>
				<METS:div TYPE="Chapter" LABEL="5.1.1  主要特点" ORDERLABEL="00000150"><METS:fptr FILEID="00000150"/>
				</METS:div>
				<METS:div TYPE="Chapter" LABEL="5.1.2  Windows 2000 Server家族的其他成员" ORDERLABEL="00000150"><METS:fptr FILEID="00000150"/>
				</METS:div>
				<METS:div TYPE="Chapter" LABEL="5.1.3  Windows 2000 Server的新功能概览" ORDERLABEL="00000151"><METS:fptr FILEID="00000151"/>
				</METS:div>
			</METS:div>
			<METS:div TYPE="Chapter" LABEL="5.2  Windows 2000 Server网络中的基本概念" ORDERLABEL="00000155"><METS:fptr FILEID="00000155"/>
				<METS:div TYPE="Chapter" LABEL="5.2.1  网络目录" ORDERLABEL="00000155"><METS:fptr FILEID="00000155"/>
				</METS:div>
				<METS:div TYPE="Chapter" LABEL="5.2.2  X.500" ORDERLABEL="00000156"><METS:fptr FILEID="00000156"/>
				</METS:div>
				<METS:div TYPE="Chapter" LABEL="5.2.3  简化目录访问协议" ORDERLABEL="00000156"><METS:fptr FILEID="00000156"/>
				</METS:div>
				<METS:div TYPE="Chapter" LABEL="5.2.4  活动目录" ORDERLABEL="00000157"><METS:fptr FILEID="00000157"/>
				</METS:div>
				<METS:div TYPE="Chapter" LABEL="5.2.5  Kerberos V5验证" ORDERLABEL="00000160"><METS:fptr FILEID="00000160"/>
				</METS:div>
				<METS:div TYPE="Chapter" LABEL="5.2.6  动态主机配置协议" ORDERLABEL="00000161"><METS:fptr FILEID="00000161"/>
				</METS:div>
				<METS:div TYPE="Chapter" LABEL="5.2.7  Windows网际名称服务" ORDERLABEL="00000161"><METS:fptr FILEID="00000161"/>
				</METS:div>
				<METS:div TYPE="Chapter" LABEL="5.2.8  动态域名服务器" ORDERLABEL="00000162"><METS:fptr FILEID="00000162"/>
				</METS:div>
			</METS:div>
			<METS:div TYPE="Chapter" LABEL="5.3  安装Windows 2000 Server" ORDERLABEL="00000162"><METS:fptr FILEID="00000162"/>
				<METS:div TYPE="Chapter" LABEL="5.3.1  安装前注意的问题" ORDERLABEL="00000162"><METS:fptr FILEID="00000162"/>
				</METS:div>
				<METS:div TYPE="Chapter" LABEL="5.3.2  准备安装" ORDERLABEL="00000167"><METS:fptr FILEID="00000167"/>
				</METS:div>
				<METS:div TYPE="Chapter" LABEL="5.3.3  安装及配置服务器" ORDERLABEL="00000168"><METS:fptr FILEID="00000168"/>
				</METS:div>
				<METS:div TYPE="Chapter" LABEL="5.3.4  Windows 2000 Server安装的疑难排除" ORDERLABEL="00000171"><METS:fptr FILEID="00000171"/>
				</METS:div>
				<METS:div TYPE="Chapter" LABEL="5.3.5  开机启动时的疑难排除" ORDERLABEL="00000172"><METS:fptr FILEID="00000172"/>
				</METS:div>
			</METS:div>
			<METS:div TYPE="Chapter" LABEL="5.4  Windows 2000 Server网的各种基本管理" ORDERLABEL="00000173"><METS:fptr FILEID="00000173"/>
				<METS:div TYPE="Chapter" LABEL="5.4.1  系统工具" ORDERLABEL="00000173"><METS:fptr FILEID="00000173"/>
				</METS:div>
				<METS:div TYPE="Chapter" LABEL="5.4.2  DNS服务器的概念和原理" ORDERLABEL="00000174"><METS:fptr FILEID="00000174"/>
				</METS:div>
				<METS:div TYPE="Chapter" LABEL="5.4.3  活动目录的概念" ORDERLABEL="00000177"><METS:fptr FILEID="00000177"/>
				</METS:div>
				<METS:div TYPE="Chapter" LABEL="5.4.4  管理计算机和用户账户" ORDERLABEL="00000181"><METS:fptr FILEID="00000181"/>
				</METS:div>
				<METS:div TYPE="Chapter" LABEL="5.4.5  Windows 2000 Server文件系统" ORDERLABEL="00000184"><METS:fptr FILEID="00000184"/>
				</METS:div>
				<METS:div TYPE="Chapter" LABEL="5.4.6  磁盘管理" ORDERLABEL="00000185"><METS:fptr FILEID="00000185"/>
				</METS:div>
			</METS:div>
			<METS:div TYPE="Chapter" LABEL="5.5  Windows 2003 Server简介" ORDERLABEL="00000187"><METS:fptr FILEID="00000187"/>
			</METS:div>
			<METS:div TYPE="Chapter" LABEL="5.6  本章练习" ORDERLABEL="00000190"><METS:fptr FILEID="00000190"/>
			</METS:div>
		</METS:div>
		<METS:div TYPE="Chapter" LABEL="第6章  网络互联" ORDERLABEL="00000191"><METS:fptr FILEID="00000191"/>
			<METS:div TYPE="Chapter" LABEL="6.1  网络互联的概念" ORDERLABEL="00000191"><METS:fptr FILEID="00000191"/>
				<METS:div TYPE="Chapter" LABEL="6.1.1  网络互联的要求" ORDERLABEL="00000191"><METS:fptr FILEID="00000191"/>
				</METS:div>
				<METS:div TYPE="Chapter" LABEL="6.1.2  结构方案" ORDERLABEL="00000192"><METS:fptr FILEID="00000192"/>
				</METS:div>
				<METS:div TYPE="Chapter" LABEL="6.1.3  局域网互联中对网桥的需要" ORDERLABEL="00000194"><METS:fptr FILEID="00000194"/>
				</METS:div>
			</METS:div>
			<METS:div TYPE="Chapter" LABEL="6.2  桥的工作原理" ORDERLABEL="00000194"><METS:fptr FILEID="00000194"/>
				<METS:div TYPE="Chapter" LABEL="6.2.1  概述" ORDERLABEL="00000194"><METS:fptr FILEID="00000194"/>
				</METS:div>
				<METS:div TYPE="Chapter" LABEL="6.2.2  路径选择算法" ORDERLABEL="00000196"><METS:fptr FILEID="00000196"/>
				</METS:div>
				<METS:div TYPE="Chapter" LABEL="6.2.3  性能评价" ORDERLABEL="00000197"><METS:fptr FILEID="00000197"/>
				</METS:div>
			</METS:div>
			<METS:div TYPE="Chapter" LABEL="6.3  X.25协议" ORDERLABEL="00000198"><METS:fptr FILEID="00000198"/>
				<METS:div TYPE="Chapter" LABEL="6.3.1  X.21协议" ORDERLABEL="00000198"><METS:fptr FILEID="00000198"/>
				</METS:div>
				<METS:div TYPE="Chapter" LABEL="6.3.2  X.25协议和X.25网络" ORDERLABEL="00000198"><METS:fptr FILEID="00000198"/>
				</METS:div>
				<METS:div TYPE="Chapter" LABEL="6.3.3  X.75协议" ORDERLABEL="00000200"><METS:fptr FILEID="00000200"/>
				</METS:div>
			</METS:div>
			<METS:div TYPE="Chapter" LABEL="6.4  网间协议IP" ORDERLABEL="00000200"><METS:fptr FILEID="00000200"/>
				<METS:div TYPE="Chapter" LABEL="6.4.1  IP操作" ORDERLABEL="00000200"><METS:fptr FILEID="00000200"/>
				</METS:div>
				<METS:div TYPE="Chapter" LABEL="6.4.2  网间协议IP" ORDERLABEL="00000202"><METS:fptr FILEID="00000202"/>
				</METS:div>
			</METS:div>
			<METS:div TYPE="Chapter" LABEL="6.5  协议转换器" ORDERLABEL="00000204"><METS:fptr FILEID="00000204"/>
			</METS:div>
			<METS:div TYPE="Chapter" LABEL="6.6  Windows 2000下的网络互联" ORDERLABEL="00000205"><METS:fptr FILEID="00000205"/>
				<METS:div TYPE="Chapter" LABEL="6.6.1  网络的网关服务软件" ORDERLABEL="00000205"><METS:fptr FILEID="00000205"/>
				</METS:div>
				<METS:div TYPE="Chapter" LABEL="6.6.2  配置网络的网关服务软件" ORDERLABEL="00000206"><METS:fptr FILEID="00000206"/>
				</METS:div>
				<METS:div TYPE="Chapter" LABEL="6.6.3  启用网关" ORDERLABEL="00000207"><METS:fptr FILEID="00000207"/>
				</METS:div>
				<METS:div TYPE="Chapter" LABEL="6.6.4  直接连接到NetWare资源" ORDERLABEL="00000208"><METS:fptr FILEID="00000208"/>
				</METS:div>
				<METS:div TYPE="Chapter" LABEL="6.6.5  使用网络的客户机服务软件" ORDERLABEL="00000208"><METS:fptr FILEID="00000208"/>
				</METS:div>
			</METS:div>
			<METS:div TYPE="Chapter" LABEL="6.7  本章练习" ORDERLABEL="00000210"><METS:fptr FILEID="00000210"/>
			</METS:div>
		</METS:div>
		<METS:div TYPE="Chapter" LABEL="第7章  Internet网络和局域网的接入" ORDERLABEL="00000211"><METS:fptr FILEID="00000211"/>
			<METS:div TYPE="Chapter" LABEL="7.1  Internet的概念" ORDERLABEL="00000211"><METS:fptr FILEID="00000211"/>
				<METS:div TYPE="Chapter" LABEL="7.1.1  计算机网络的相关概念" ORDERLABEL="00000211"><METS:fptr FILEID="00000211"/>
				</METS:div>
				<METS:div TYPE="Chapter" LABEL="7.1.2  异步转移模式ATM" ORDERLABEL="00000227"><METS:fptr FILEID="00000227"/>
				</METS:div>
			</METS:div>
			<METS:div TYPE="Chapter" LABEL="7.2  Internet工作原理" ORDERLABEL="00000234"><METS:fptr FILEID="00000234"/>
				<METS:div TYPE="Chapter" LABEL="7.2.1  TCP/IP的神奇功能和工作原理" ORDERLABEL="00000234"><METS:fptr FILEID="00000234"/>
				</METS:div>
				<METS:div TYPE="Chapter" LABEL="7.2.2  客户/服务器系统和客户/服务程序" ORDERLABEL="00000239"><METS:fptr FILEID="00000239"/>
				</METS:div>
				<METS:div TYPE="Chapter" LABEL="7.2.3  邮箱的规定和传输" ORDERLABEL="00000242"><METS:fptr FILEID="00000242"/>
				</METS:div>
				<METS:div TYPE="Chapter" LABEL="7.2.4  IE与超文本链接" ORDERLABEL="00000244"><METS:fptr FILEID="00000244"/>
				</METS:div>
				<METS:div TYPE="Chapter" LABEL="7.2.5  TCP/IP体系和ISO" ORDERLABEL="00000245"><METS:fptr FILEID="00000245"/>
				</METS:div>
			</METS:div>
			<METS:div TYPE="Chapter" LABEL="7.3  局域网接入Internet" ORDERLABEL="00000248"><METS:fptr FILEID="00000248"/>
				<METS:div TYPE="Chapter" LABEL="7.3.1  网吧的概念" ORDERLABEL="00000248"><METS:fptr FILEID="00000248"/>
				</METS:div>
				<METS:div TYPE="Chapter" LABEL="7.3.2  WinGate软件" ORDERLABEL="00000248"><METS:fptr FILEID="00000248"/>
				</METS:div>
				<METS:div TYPE="Chapter" LABEL="7.3.3  用WinGate建立网吧的过程" ORDERLABEL="00000249"><METS:fptr FILEID="00000249"/>
				</METS:div>
			</METS:div>
			<METS:div TYPE="Chapter" LABEL="7.4  Internet安全技术与防火墙" ORDERLABEL="00000254"><METS:fptr FILEID="00000254"/>
				<METS:div TYPE="Chapter" LABEL="7.4.1  概述" ORDERLABEL="00000254"><METS:fptr FILEID="00000254"/>
				</METS:div>
				<METS:div TYPE="Chapter" LABEL="7.4.2  Web在安全上的漏洞" ORDERLABEL="00000255"><METS:fptr FILEID="00000255"/>
				</METS:div>
				<METS:div TYPE="Chapter" LABEL="7.4.3  如何在Web上提供系统安全性和稳定性" ORDERLABEL="00000256"><METS:fptr FILEID="00000256"/>
				</METS:div>
				<METS:div TYPE="Chapter" LABEL="7.4.4  防火墙" ORDERLABEL="00000258"><METS:fptr FILEID="00000258"/>
				</METS:div>
				<METS:div TYPE="Chapter" LABEL="7.4.5  基于Cisco路由器防火墙的设置" ORDERLABEL="00000259"><METS:fptr FILEID="00000259"/>
				</METS:div>
				<METS:div TYPE="Chapter" LABEL="7.4.6  Cisco路由器防火墙的设置步骤" ORDERLABEL="00000259"><METS:fptr FILEID="00000259"/>
				</METS:div>
			</METS:div>
			<METS:div TYPE="Chapter" LABEL="7.5  本章练习" ORDERLABEL="00000263"><METS:fptr FILEID="00000263"/>
			</METS:div>
		</METS:div>
		<METS:div TYPE="Chapter" LABEL="第8章  CBX交换机和路由器及网络安全" ORDERLABEL="00000265"><METS:fptr FILEID="00000265"/>
			<METS:div TYPE="Chapter" LABEL="8.1  计算机交换分机CBX" ORDERLABEL="00000265"><METS:fptr FILEID="00000265"/>
				<METS:div TYPE="Chapter" LABEL="8.1.1  CBX的发展" ORDERLABEL="00000265"><METS:fptr FILEID="00000265"/>
				</METS:div>
				<METS:div TYPE="Chapter" LABEL="8.1.2  CBX的结构" ORDERLABEL="00000266"><METS:fptr FILEID="00000266"/>
				</METS:div>
				<METS:div TYPE="Chapter" LABEL="8.1.3  CBX与LAN的对比" ORDERLABEL="00000268"><METS:fptr FILEID="00000268"/>
				</METS:div>
				<METS:div TYPE="Chapter" LABEL="8.1.4  交换机的发展变化" ORDERLABEL="00000269"><METS:fptr FILEID="00000269"/>
				</METS:div>
			</METS:div>
			<METS:div TYPE="Chapter" LABEL="8.2  路由器" ORDERLABEL="00000272"><METS:fptr FILEID="00000272"/>
				<METS:div TYPE="Chapter" LABEL="8.2.1  路由器的标准" ORDERLABEL="00000272"><METS:fptr FILEID="00000272"/>
				</METS:div>
				<METS:div TYPE="Chapter" LABEL="8.2.2  路由器和网桥的区别" ORDERLABEL="00000273"><METS:fptr FILEID="00000273"/>
				</METS:div>
				<METS:div TYPE="Chapter" LABEL="8.2.3  路由器的功能" ORDERLABEL="00000273"><METS:fptr FILEID="00000273"/>
				</METS:div>
				<METS:div TYPE="Chapter" LABEL="8.2.4  桥由器" ORDERLABEL="00000274"><METS:fptr FILEID="00000274"/>
				</METS:div>
				<METS:div TYPE="Chapter" LABEL="8.2.5  路由协议" ORDERLABEL="00000275"><METS:fptr FILEID="00000275"/>
				</METS:div>
			</METS:div>
			<METS:div TYPE="Chapter" LABEL="8.3  路由器的配置与检测" ORDERLABEL="00000275"><METS:fptr FILEID="00000275"/>
				<METS:div TYPE="Chapter" LABEL="8.3.1  路由器的分类" ORDERLABEL="00000275"><METS:fptr FILEID="00000275"/>
				</METS:div>
				<METS:div TYPE="Chapter" LABEL="8.3.2  路由器的主要功能" ORDERLABEL="00000275"><METS:fptr FILEID="00000275"/>
				</METS:div>
				<METS:div TYPE="Chapter" LABEL="8.3.3  路径表" ORDERLABEL="00000276"><METS:fptr FILEID="00000276"/>
				</METS:div>
				<METS:div TYPE="Chapter" LABEL="8.3.4  路由器的体系结构" ORDERLABEL="00000276"><METS:fptr FILEID="00000276"/>
				</METS:div>
				<METS:div TYPE="Chapter" LABEL="8.3.5  路由器的构成" ORDERLABEL="00000277"><METS:fptr FILEID="00000277"/>
				</METS:div>
				<METS:div TYPE="Chapter" LABEL="8.3.6  路由器的基本协议" ORDERLABEL="00000277"><METS:fptr FILEID="00000277"/>
				</METS:div>
				<METS:div TYPE="Chapter" LABEL="8.3.7  Cisco路由器和Cisco交换机的各种产品及性能" ORDERLABEL="00000278"><METS:fptr FILEID="00000278"/>
				</METS:div>
				<METS:div TYPE="Chapter" LABEL="8.3.8  Cisco 2500系列端口连接" ORDERLABEL="00000281"><METS:fptr FILEID="00000281"/>
				</METS:div>
				<METS:div TYPE="Chapter" LABEL="8.3.9  Cisco路由器的配置使用模式" ORDERLABEL="00000282"><METS:fptr FILEID="00000282"/>
				</METS:div>
				<METS:div TYPE="Chapter" LABEL="8.3.10  配置" ORDERLABEL="00000282"><METS:fptr FILEID="00000282"/>
				</METS:div>
				<METS:div TYPE="Chapter" LABEL="8.3.11  综合调试" ORDERLABEL="00000285"><METS:fptr FILEID="00000285"/>
				</METS:div>
			</METS:div>
			<METS:div TYPE="Chapter" LABEL="8.4  网络安全" ORDERLABEL="00000290"><METS:fptr FILEID="00000290"/>
				<METS:div TYPE="Chapter" LABEL="8.4.1  关于网络安全" ORDERLABEL="00000290"><METS:fptr FILEID="00000290"/>
				</METS:div>
				<METS:div TYPE="Chapter" LABEL="8.4.2  防火墙技术" ORDERLABEL="00000294"><METS:fptr FILEID="00000294"/>
				</METS:div>
			</METS:div>
			<METS:div TYPE="Chapter" LABEL="8.5  本章练习" ORDERLABEL="00000298"><METS:fptr FILEID="00000298"/>
			</METS:div>
		</METS:div>
	</METS:structMap>
</METS:mets>
