<?xml version="1.0" encoding="utf-8"?>
<METS:mets xmlns:METS="http://www.loc.gov/METS/" xmlns:xsi="http://www.w3.org/2001/XMLSchema-instance" xmlns:gdm="http://sunsite.berkeley.edu/GDM/" xmlns:xlink="http://www.w3.org/TR/xlink" xsi:schemalocation="http://www.loc.gov/METS/http://www.loc.gov/standards/mets/mets.xsd" LABEL="Zhejiang University.jdl.China-America digital library project" TYPE="Section">
	<METS:structMap TYPE="Catalog">
		<METS:div TYPE="Chapter" LABEL="第1章  计算机网络导论" ORDERLABEL="00000014"><METS:fptr FILEID="00000014"/>
			<METS:div TYPE="Chapter" LABEL="1.1  信息技术发展简史" ORDERLABEL="00000014"><METS:fptr FILEID="00000014"/>
				<METS:div TYPE="Chapter" LABEL="1.1.1  语言的产生" ORDERLABEL="00000015"><METS:fptr FILEID="00000015"/>
				</METS:div>
				<METS:div TYPE="Chapter" LABEL="1.1.2  文字的产生" ORDERLABEL="00000015"><METS:fptr FILEID="00000015"/>
				</METS:div>
				<METS:div TYPE="Chapter" LABEL="1.1.3  印刷术的产生" ORDERLABEL="00000015"><METS:fptr FILEID="00000015"/>
				</METS:div>
				<METS:div TYPE="Chapter" LABEL="1.1.4  电话电报技术的产生" ORDERLABEL="00000015"><METS:fptr FILEID="00000015"/>
				</METS:div>
				<METS:div TYPE="Chapter" LABEL="1.1.5  集成电路和计算机技术的发明" ORDERLABEL="00000015"><METS:fptr FILEID="00000015"/>
				</METS:div>
				<METS:div TYPE="Chapter" LABEL="1.1.6  现代通信技术的进步" ORDERLABEL="00000016"><METS:fptr FILEID="00000016"/>
				</METS:div>
				<METS:div TYPE="Chapter" LABEL="1.1.7  计算机网络和因特网(Internet)的产生" ORDERLABEL="00000017"><METS:fptr FILEID="00000017"/>
				</METS:div>
			</METS:div>
			<METS:div TYPE="Chapter" LABEL="1.2  计算机网络的用途" ORDERLABEL="00000019"><METS:fptr FILEID="00000019"/>
				<METS:div TYPE="Chapter" LABEL="1.2.1  数字通信" ORDERLABEL="00000019"><METS:fptr FILEID="00000019"/>
				</METS:div>
				<METS:div TYPE="Chapter" LABEL="1.2.2  分布式计算" ORDERLABEL="00000020"><METS:fptr FILEID="00000020"/>
				</METS:div>
				<METS:div TYPE="Chapter" LABEL="1.2.3  网络门户服务,IDC和ASP" ORDERLABEL="00000020"><METS:fptr FILEID="00000020"/>
				</METS:div>
				<METS:div TYPE="Chapter" LABEL="1.2.4  信息查询" ORDERLABEL="00000021"><METS:fptr FILEID="00000021"/>
				</METS:div>
				<METS:div TYPE="Chapter" LABEL="1.2.5  网上教育" ORDERLABEL="00000021"><METS:fptr FILEID="00000021"/>
				</METS:div>
				<METS:div TYPE="Chapter" LABEL="1.2.6  虚拟现实" ORDERLABEL="00000021"><METS:fptr FILEID="00000021"/>
				</METS:div>
				<METS:div TYPE="Chapter" LABEL="1.2.7  电子商务" ORDERLABEL="00000022"><METS:fptr FILEID="00000022"/>
				</METS:div>
				<METS:div TYPE="Chapter" LABEL="1.2.8  家庭自动化" ORDERLABEL="00000022"><METS:fptr FILEID="00000022"/>
				</METS:div>
			</METS:div>
			<METS:div TYPE="Chapter" LABEL="1.3  计算机网络系统的组成" ORDERLABEL="00000023"><METS:fptr FILEID="00000023"/>
				<METS:div TYPE="Chapter" LABEL="1.3.1  计算机网络的拓扑结构" ORDERLABEL="00000023"><METS:fptr FILEID="00000023"/>
				</METS:div>
				<METS:div TYPE="Chapter" LABEL="1.3.2  计算机网络的组成结构" ORDERLABEL="00000025"><METS:fptr FILEID="00000025"/>
				</METS:div>
			</METS:div>
			<METS:div TYPE="Chapter" LABEL="1.4  网络的标准体系" ORDERLABEL="00000026"><METS:fptr FILEID="00000026"/>
			</METS:div>
			<METS:div TYPE="Chapter" LABEL="1.5  计算机网络的新进展及发展趋势" ORDERLABEL="00000026"><METS:fptr FILEID="00000026"/>
				<METS:div TYPE="Chapter" LABEL="1.5.1  通讯技术的进步" ORDERLABEL="00000026"><METS:fptr FILEID="00000026"/>
				</METS:div>
				<METS:div TYPE="Chapter" LABEL="1.5.2  多媒体技术的进步" ORDERLABEL="00000028"><METS:fptr FILEID="00000028"/>
				</METS:div>
				<METS:div TYPE="Chapter" LABEL="1.5.3  网上应用的进步" ORDERLABEL="00000028"><METS:fptr FILEID="00000028"/>
				</METS:div>
			</METS:div>
			<METS:div TYPE="Chapter" LABEL="练习题" ORDERLABEL="00000030"><METS:fptr FILEID="00000030"/>
			</METS:div>
		</METS:div>
		<METS:div TYPE="Chapter" LABEL="第2章  计算机网络的层次化结构" ORDERLABEL="00000031"><METS:fptr FILEID="00000031"/>
			<METS:div TYPE="Chapter" LABEL="2.1  引言" ORDERLABEL="00000032"><METS:fptr FILEID="00000032"/>
				<METS:div TYPE="Chapter" LABEL="2.1.1  网络基本概念简介" ORDERLABEL="00000032"><METS:fptr FILEID="00000032"/>
				</METS:div>
				<METS:div TYPE="Chapter" LABEL="2.1.2  计算机网络的模型" ORDERLABEL="00000035"><METS:fptr FILEID="00000035"/>
				</METS:div>
			</METS:div>
			<METS:div TYPE="Chapter" LABEL="2.2  物理层" ORDERLABEL="00000038"><METS:fptr FILEID="00000038"/>
				<METS:div TYPE="Chapter" LABEL="2.2.1  计算机网络中物理层的任务" ORDERLABEL="00000038"><METS:fptr FILEID="00000038"/>
				</METS:div>
				<METS:div TYPE="Chapter" LABEL="2.2.2  物理传输媒体" ORDERLABEL="00000038"><METS:fptr FILEID="00000038"/>
				</METS:div>
				<METS:div TYPE="Chapter" LABEL="2.2.3  带宽和时延的概念" ORDERLABEL="00000042"><METS:fptr FILEID="00000042"/>
				</METS:div>
				<METS:div TYPE="Chapter" LABEL="2.2.4  物理传输信息编码和调制技术" ORDERLABEL="00000042"><METS:fptr FILEID="00000042"/>
				</METS:div>
				<METS:div TYPE="Chapter" LABEL="2.2.5  物理接口标准和信道复用技术" ORDERLABEL="00000043"><METS:fptr FILEID="00000043"/>
				</METS:div>
				<METS:div TYPE="Chapter" LABEL="2.2.6  基本传输技术介绍" ORDERLABEL="00000045"><METS:fptr FILEID="00000045"/>
				</METS:div>
			</METS:div>
			<METS:div TYPE="Chapter" LABEL="2.3  链路层" ORDERLABEL="00000047"><METS:fptr FILEID="00000047"/>
				<METS:div TYPE="Chapter" LABEL="2.3.1  计算机网络中链路层的功能" ORDERLABEL="00000047"><METS:fptr FILEID="00000047"/>
				</METS:div>
				<METS:div TYPE="Chapter" LABEL="2.3.2  链路层的通信协议" ORDERLABEL="00000047"><METS:fptr FILEID="00000047"/>
				</METS:div>
				<METS:div TYPE="Chapter" LABEL="2.3.3  面向连接与无连接" ORDERLABEL="00000047"><METS:fptr FILEID="00000047"/>
				</METS:div>
				<METS:div TYPE="Chapter" LABEL="2.3.4  物理地址" ORDERLABEL="00000048"><METS:fptr FILEID="00000048"/>
				</METS:div>
				<METS:div TYPE="Chapter" LABEL="2.3.5  成帧,纠错和流控制" ORDERLABEL="00000048"><METS:fptr FILEID="00000048"/>
				</METS:div>
				<METS:div TYPE="Chapter" LABEL="2.3.6  通信信道容量的静态和动态的分配" ORDERLABEL="00000051"><METS:fptr FILEID="00000051"/>
				</METS:div>
				<METS:div TYPE="Chapter" LABEL="2.3.7  链路层的例子" ORDERLABEL="00000051"><METS:fptr FILEID="00000051"/>
				</METS:div>
			</METS:div>
			<METS:div TYPE="Chapter" LABEL="2.4  网络层" ORDERLABEL="00000052"><METS:fptr FILEID="00000052"/>
				<METS:div TYPE="Chapter" LABEL="2.4.1  网络层的基本功能" ORDERLABEL="00000052"><METS:fptr FILEID="00000052"/>
				</METS:div>
				<METS:div TYPE="Chapter" LABEL="2.4.2  网络地址" ORDERLABEL="00000052"><METS:fptr FILEID="00000052"/>
				</METS:div>
				<METS:div TYPE="Chapter" LABEL="2.4.3  路由问题" ORDERLABEL="00000054"><METS:fptr FILEID="00000054"/>
				</METS:div>
				<METS:div TYPE="Chapter" LABEL="2.4.4  地址解析协议ARP和反向地址解析协议RARP" ORDERLABEL="00000055"><METS:fptr FILEID="00000055"/>
				</METS:div>
				<METS:div TYPE="Chapter" LABEL="2.4.5  流控制" ORDERLABEL="00000056"><METS:fptr FILEID="00000056"/>
				</METS:div>
				<METS:div TYPE="Chapter" LABEL="2.4.6  拥塞控制" ORDERLABEL="00000056"><METS:fptr FILEID="00000056"/>
				</METS:div>
				<METS:div TYPE="Chapter" LABEL="2.4.7  防火墙" ORDERLABEL="00000056"><METS:fptr FILEID="00000056"/>
				</METS:div>
				<METS:div TYPE="Chapter" LABEL="2.4.8  网络互连技术" ORDERLABEL="00000056"><METS:fptr FILEID="00000056"/>
				</METS:div>
				<METS:div TYPE="Chapter" LABEL="2.4.9  网络层的例子" ORDERLABEL="00000060"><METS:fptr FILEID="00000060"/>
				</METS:div>
			</METS:div>
			<METS:div TYPE="Chapter" LABEL="2.5  运输层" ORDERLABEL="00000061"><METS:fptr FILEID="00000061"/>
				<METS:div TYPE="Chapter" LABEL="2.5.1  运输层的作用" ORDERLABEL="00000061"><METS:fptr FILEID="00000061"/>
				</METS:div>
				<METS:div TYPE="Chapter" LABEL="2.5.2  传输控制协议" ORDERLABEL="00000062"><METS:fptr FILEID="00000062"/>
				</METS:div>
				<METS:div TYPE="Chapter" LABEL="2.5.3  运输层服务" ORDERLABEL="00000062"><METS:fptr FILEID="00000062"/>
				</METS:div>
				<METS:div TYPE="Chapter" LABEL="2.5.4  传输连接的建立、拆除和管理" ORDERLABEL="00000062"><METS:fptr FILEID="00000062"/>
				</METS:div>
				<METS:div TYPE="Chapter" LABEL="2.5.5  流控制机制" ORDERLABEL="00000063"><METS:fptr FILEID="00000063"/>
				</METS:div>
				<METS:div TYPE="Chapter" LABEL="2.5.6  拥塞控制" ORDERLABEL="00000064"><METS:fptr FILEID="00000064"/>
				</METS:div>
				<METS:div TYPE="Chapter" LABEL="2.5.7  TCP字段格式" ORDERLABEL="00000065"><METS:fptr FILEID="00000065"/>
				</METS:div>
			</METS:div>
			<METS:div TYPE="Chapter" LABEL="2.6  应用层" ORDERLABEL="00000065"><METS:fptr FILEID="00000065"/>
				<METS:div TYPE="Chapter" LABEL="2.6.1  应用层环境" ORDERLABEL="00000065"><METS:fptr FILEID="00000065"/>
				</METS:div>
				<METS:div TYPE="Chapter" LABEL="2.6.2  客户/服务器交互环境" ORDERLABEL="00000066"><METS:fptr FILEID="00000066"/>
				</METS:div>
				<METS:div TYPE="Chapter" LABEL="2.6.3  域名系统" ORDERLABEL="00000067"><METS:fptr FILEID="00000067"/>
				</METS:div>
				<METS:div TYPE="Chapter" LABEL="2.6.4  电子邮件" ORDERLABEL="00000068"><METS:fptr FILEID="00000068"/>
				</METS:div>
				<METS:div TYPE="Chapter" LABEL="2.6.5  文件传输" ORDERLABEL="00000069"><METS:fptr FILEID="00000069"/>
				</METS:div>
				<METS:div TYPE="Chapter" LABEL="2.6.6  WWW" ORDERLABEL="00000069"><METS:fptr FILEID="00000069"/>
				</METS:div>
				<METS:div TYPE="Chapter" LABEL="2.6.7  网络管理" ORDERLABEL="00000069"><METS:fptr FILEID="00000069"/>
				</METS:div>
				<METS:div TYPE="Chapter" LABEL="2.6.8  视频会议" ORDERLABEL="00000070"><METS:fptr FILEID="00000070"/>
				</METS:div>
				<METS:div TYPE="Chapter" LABEL="2.6.9  网络安全" ORDERLABEL="00000071"><METS:fptr FILEID="00000071"/>
				</METS:div>
			</METS:div>
			<METS:div TYPE="Chapter" LABEL="练习题" ORDERLABEL="00000072"><METS:fptr FILEID="00000072"/>
			</METS:div>
		</METS:div>
		<METS:div TYPE="Chapter" LABEL="第3章  计算机网络的通信子两" ORDERLABEL="00000073"><METS:fptr FILEID="00000073"/>
			<METS:div TYPE="Chapter" LABEL="3.1  通信子网概述" ORDERLABEL="00000074"><METS:fptr FILEID="00000074"/>
			</METS:div>
			<METS:div TYPE="Chapter" LABEL="3.2  数据通信基本知识" ORDERLABEL="00000075"><METS:fptr FILEID="00000075"/>
				<METS:div TYPE="Chapter" LABEL="3.2.1  信道带宽与传输延迟" ORDERLABEL="00000075"><METS:fptr FILEID="00000075"/>
				</METS:div>
				<METS:div TYPE="Chapter" LABEL="3.2.2  信道容量与信道复用" ORDERLABEL="00000077"><METS:fptr FILEID="00000077"/>
				</METS:div>
				<METS:div TYPE="Chapter" LABEL="3.2.3  异步通信与基带传输" ORDERLABEL="00000082"><METS:fptr FILEID="00000082"/>
				</METS:div>
				<METS:div TYPE="Chapter" LABEL="3.2.4  远距离通信与载波传输" ORDERLABEL="00000084"><METS:fptr FILEID="00000084"/>
				</METS:div>
				<METS:div TYPE="Chapter" LABEL="3.2.5  调制解调器(Modem)" ORDERLABEL="00000085"><METS:fptr FILEID="00000085"/>
				</METS:div>
				<METS:div TYPE="Chapter" LABEL="3.2.6  中继器(Repeater)" ORDERLABEL="00000086"><METS:fptr FILEID="00000086"/>
				</METS:div>
				<METS:div TYPE="Chapter" LABEL="3.2.7  交换机" ORDERLABEL="00000088"><METS:fptr FILEID="00000088"/>
				</METS:div>
				<METS:div TYPE="Chapter" LABEL="3.2.8  有关传输介质的几种常用标准" ORDERLABEL="00000091"><METS:fptr FILEID="00000091"/>
				</METS:div>
			</METS:div>
			<METS:div TYPE="Chapter" LABEL="3.3  局域网技术" ORDERLABEL="00000092"><METS:fptr FILEID="00000092"/>
				<METS:div TYPE="Chapter" LABEL="3.3.1  局域网的基本概念" ORDERLABEL="00000092"><METS:fptr FILEID="00000092"/>
				</METS:div>
				<METS:div TYPE="Chapter" LABEL="3.3.2  局域网的参考模型" ORDERLABEL="00000095"><METS:fptr FILEID="00000095"/>
				</METS:div>
				<METS:div TYPE="Chapter" LABEL="3.3.3  局域网的共享信道" ORDERLABEL="00000097"><METS:fptr FILEID="00000097"/>
				</METS:div>
				<METS:div TYPE="Chapter" LABEL="3.3.4  局域网的重要性与访问的局部性" ORDERLABEL="00000097"><METS:fptr FILEID="00000097"/>
				</METS:div>
				<METS:div TYPE="Chapter" LABEL="3.3.5  总线网络实例——以太网" ORDERLABEL="00000098"><METS:fptr FILEID="00000098"/>
				</METS:div>
				<METS:div TYPE="Chapter" LABEL="3.3.6  载波侦听多路访问(CSMA)" ORDERLABEL="00000099"><METS:fptr FILEID="00000099"/>
				</METS:div>
				<METS:div TYPE="Chapter" LABEL="3.3.7  载波侦听多路访问/冲突检测(CSMA/CD)" ORDERLABEL="00000099"><METS:fptr FILEID="00000099"/>
				</METS:div>
				<METS:div TYPE="Chapter" LABEL="3.3.8  环形网络实例——IBM令牌环" ORDERLABEL="00000100"><METS:fptr FILEID="00000100"/>
				</METS:div>
				<METS:div TYPE="Chapter" LABEL="3.3.9  环形网络实例——FDDI" ORDERLABEL="00000101"><METS:fptr FILEID="00000101"/>
				</METS:div>
				<METS:div TYPE="Chapter" LABEL="3.3.10  虚拟局域网" ORDERLABEL="00000103"><METS:fptr FILEID="00000103"/>
				</METS:div>
			</METS:div>
			<METS:div TYPE="Chapter" LABEL="3.4  城域计算机网络" ORDERLABEL="00000105"><METS:fptr FILEID="00000105"/>
				<METS:div TYPE="Chapter" LABEL="3.4.1  IEEE802.6标准:分布队列双总线" ORDERLABEL="00000106"><METS:fptr FILEID="00000106"/>
				</METS:div>
				<METS:div TYPE="Chapter" LABEL="3.4.2  CATV网络" ORDERLABEL="00000107"><METS:fptr FILEID="00000107"/>
				</METS:div>
				<METS:div TYPE="Chapter" LABEL="3.4.3  综合业务数字网(ISDN)" ORDERLABEL="00000108"><METS:fptr FILEID="00000108"/>
				</METS:div>
			</METS:div>
			<METS:div TYPE="Chapter" LABEL="3.5  广域计算机网络" ORDERLABEL="00000112"><METS:fptr FILEID="00000112"/>
				<METS:div TYPE="Chapter" LABEL="3.5.1  广域网的参考模型" ORDERLABEL="00000112"><METS:fptr FILEID="00000112"/>
				</METS:div>
				<METS:div TYPE="Chapter" LABEL="3.5.2  广域网中的路由" ORDERLABEL="00000113"><METS:fptr FILEID="00000113"/>
				</METS:div>
				<METS:div TYPE="Chapter" LABEL="3.5.3  路由表的计算" ORDERLABEL="00000115"><METS:fptr FILEID="00000115"/>
				</METS:div>
				<METS:div TYPE="Chapter" LABEL="3.5.4  X.25" ORDERLABEL="00000115"><METS:fptr FILEID="00000115"/>
				</METS:div>
				<METS:div TYPE="Chapter" LABEL="3.5.5  帧中继" ORDERLABEL="00000118"><METS:fptr FILEID="00000118"/>
				</METS:div>
				<METS:div TYPE="Chapter" LABEL="3.5.6  SLIP和PPP" ORDERLABEL="00000121"><METS:fptr FILEID="00000121"/>
				</METS:div>
				<METS:div TYPE="Chapter" LABEL="3.5.7  数字数据网(DDN)" ORDERLABEL="00000123"><METS:fptr FILEID="00000123"/>
				</METS:div>
				<METS:div TYPE="Chapter" LABEL="3.5.8  ATM技术" ORDERLABEL="00000125"><METS:fptr FILEID="00000125"/>
				</METS:div>
			</METS:div>
			<METS:div TYPE="Chapter" LABEL="3.6  网际互联技术(IP)" ORDERLABEL="00000131"><METS:fptr FILEID="00000131"/>
				<METS:div TYPE="Chapter" LABEL="3.6.1  集线器" ORDERLABEL="00000132"><METS:fptr FILEID="00000132"/>
				</METS:div>
				<METS:div TYPE="Chapter" LABEL="3.6.2  网桥" ORDERLABEL="00000135"><METS:fptr FILEID="00000135"/>
				</METS:div>
				<METS:div TYPE="Chapter" LABEL="3.6.3  路由器" ORDERLABEL="00000138"><METS:fptr FILEID="00000138"/>
				</METS:div>
				<METS:div TYPE="Chapter" LABEL="3.6.4  网关" ORDERLABEL="00000144"><METS:fptr FILEID="00000144"/>
				</METS:div>
				<METS:div TYPE="Chapter" LABEL="3.6.5  交换网络的控制方法和Fast IP技术" ORDERLABEL="00000151"><METS:fptr FILEID="00000151"/>
				</METS:div>
				<METS:div TYPE="Chapter" LABEL="3.6.6  网络新命脉——IPv6" ORDERLABEL="00000154"><METS:fptr FILEID="00000154"/>
				</METS:div>
			</METS:div>
			<METS:div TYPE="Chapter" LABEL="3.7  端—端的通信" ORDERLABEL="00000156"><METS:fptr FILEID="00000156"/>
				<METS:div TYPE="Chapter" LABEL="3.7.1  面向连接的服务和无连接的服务" ORDERLABEL="00000156"><METS:fptr FILEID="00000156"/>
				</METS:div>
				<METS:div TYPE="Chapter" LABEL="3.7.2  TCP可靠传输服务" ORDERLABEL="00000157"><METS:fptr FILEID="00000157"/>
				</METS:div>
			</METS:div>
			<METS:div TYPE="Chapter" LABEL="练习题" ORDERLABEL="00000161"><METS:fptr FILEID="00000161"/>
			</METS:div>
		</METS:div>
		<METS:div TYPE="Chapter" LABEL="第4章  计算机网络中的高层应甩" ORDERLABEL="00000164"><METS:fptr FILEID="00000164"/>
			<METS:div TYPE="Chapter" LABEL="4.1  域名系统" ORDERLABEL="00000164"><METS:fptr FILEID="00000164"/>
				<METS:div TYPE="Chapter" LABEL="4.1.1  域的分层及表示" ORDERLABEL="00000164"><METS:fptr FILEID="00000164"/>
				</METS:div>
				<METS:div TYPE="Chapter" LABEL="4.1.2  域的命名及管理" ORDERLABEL="00000165"><METS:fptr FILEID="00000165"/>
				</METS:div>
				<METS:div TYPE="Chapter" LABEL="4.1.3  域名解析系统" ORDERLABEL="00000168"><METS:fptr FILEID="00000168"/>
				</METS:div>
				<METS:div TYPE="Chapter" LABEL="4.1.4  域名解析的算法" ORDERLABEL="00000170"><METS:fptr FILEID="00000170"/>
				</METS:div>
				<METS:div TYPE="Chapter" LABEL="4.1.5  反向解析" ORDERLABEL="00000172"><METS:fptr FILEID="00000172"/>
				</METS:div>
				<METS:div TYPE="Chapter" LABEL="4.1.6  域名服务的使用" ORDERLABEL="00000173"><METS:fptr FILEID="00000173"/>
				</METS:div>
				<METS:div TYPE="Chapter" LABEL="4.1.7  域名服务的建立" ORDERLABEL="00000173"><METS:fptr FILEID="00000173"/>
				</METS:div>
			</METS:div>
			<METS:div TYPE="Chapter" LABEL="4.2  网络应用服务平台及应用规划" ORDERLABEL="00000180"><METS:fptr FILEID="00000180"/>
				<METS:div TYPE="Chapter" LABEL="4.2.1  客户/服务器模型" ORDERLABEL="00000180"><METS:fptr FILEID="00000180"/>
				</METS:div>
				<METS:div TYPE="Chapter" LABEL="4.2.2  网络应用服务平台" ORDERLABEL="00000182"><METS:fptr FILEID="00000182"/>
				</METS:div>
				<METS:div TYPE="Chapter" LABEL="4.2.3  应用规划" ORDERLABEL="00000186"><METS:fptr FILEID="00000186"/>
				</METS:div>
			</METS:div>
			<METS:div TYPE="Chapter" LABEL="4.3  电子邮件服务" ORDERLABEL="00000186"><METS:fptr FILEID="00000186"/>
				<METS:div TYPE="Chapter" LABEL="4.3.1  电子邮件系统结构" ORDERLABEL="00000187"><METS:fptr FILEID="00000187"/>
				</METS:div>
				<METS:div TYPE="Chapter" LABEL="4.3.2  电子邮件相关协议" ORDERLABEL="00000187"><METS:fptr FILEID="00000187"/>
				</METS:div>
				<METS:div TYPE="Chapter" LABEL="4.3.3  E-mail的使用" ORDERLABEL="00000190"><METS:fptr FILEID="00000190"/>
				</METS:div>
			</METS:div>
			<METS:div TYPE="Chapter" LABEL="4.4  万维网应用" ORDERLABEL="00000201"><METS:fptr FILEID="00000201"/>
				<METS:div TYPE="Chapter" LABEL="4.4.1  相关基本概念" ORDERLABEL="00000201"><METS:fptr FILEID="00000201"/>
				</METS:div>
				<METS:div TYPE="Chapter" LABEL="4.4.2  WWW的工作原理" ORDERLABEL="00000206"><METS:fptr FILEID="00000206"/>
				</METS:div>
				<METS:div TYPE="Chapter" LABEL="4.4.3  WWW的使用" ORDERLABEL="00000207"><METS:fptr FILEID="00000207"/>
				</METS:div>
			</METS:div>
			<METS:div TYPE="Chapter" LABEL="4.5  文件传输与远程登录服务" ORDERLABEL="00000212"><METS:fptr FILEID="00000212"/>
				<METS:div TYPE="Chapter" LABEL="4.5.1  远程登录服务" ORDERLABEL="00000212"><METS:fptr FILEID="00000212"/>
				</METS:div>
				<METS:div TYPE="Chapter" LABEL="4.5.2  文件传输服务" ORDERLABEL="00000216"><METS:fptr FILEID="00000216"/>
				</METS:div>
			</METS:div>
			<METS:div TYPE="Chapter" LABEL="4.6  其它网络高层应用" ORDERLABEL="00000226"><METS:fptr FILEID="00000226"/>
				<METS:div TYPE="Chapter" LABEL="4.6.1  电子公告板" ORDERLABEL="00000226"><METS:fptr FILEID="00000226"/>
				</METS:div>
				<METS:div TYPE="Chapter" LABEL="4.6.2  网上聊天" ORDERLABEL="00000234"><METS:fptr FILEID="00000234"/>
				</METS:div>
				<METS:div TYPE="Chapter" LABEL="4.6.3  网络电话" ORDERLABEL="00000237"><METS:fptr FILEID="00000237"/>
				</METS:div>
				<METS:div TYPE="Chapter" LABEL="4.6.4  视频点播" ORDERLABEL="00000244"><METS:fptr FILEID="00000244"/>
				</METS:div>
				<METS:div TYPE="Chapter" LABEL="4.6.5  虚拟现实" ORDERLABEL="00000246"><METS:fptr FILEID="00000246"/>
				</METS:div>
			</METS:div>
			<METS:div TYPE="Chapter" LABEL="4.7  网络游戏" ORDERLABEL="00000250"><METS:fptr FILEID="00000250"/>
				<METS:div TYPE="Chapter" LABEL="4.7.1  网络游戏简介" ORDERLABEL="00000250"><METS:fptr FILEID="00000250"/>
				</METS:div>
				<METS:div TYPE="Chapter" LABEL="4.7.2  网络游戏的玩法" ORDERLABEL="00000252"><METS:fptr FILEID="00000252"/>
				</METS:div>
				<METS:div TYPE="Chapter" LABEL="4.7.3  MUD游戏" ORDERLABEL="00000256"><METS:fptr FILEID="00000256"/>
				</METS:div>
				<METS:div TYPE="Chapter" LABEL="4.7.4  热门游戏网址" ORDERLABEL="00000259"><METS:fptr FILEID="00000259"/>
				</METS:div>
			</METS:div>
			<METS:div TYPE="Chapter" LABEL="练习题" ORDERLABEL="00000262"><METS:fptr FILEID="00000262"/>
			</METS:div>
		</METS:div>
		<METS:div TYPE="Chapter" LABEL="第5章  计算机网络应用开发与相关技术" ORDERLABEL="00000263"><METS:fptr FILEID="00000263"/>
			<METS:div TYPE="Chapter" LABEL="5.1  计算机网络管理技术" ORDERLABEL="00000263"><METS:fptr FILEID="00000263"/>
				<METS:div TYPE="Chapter" LABEL="5.1.1  引言" ORDERLABEL="00000264"><METS:fptr FILEID="00000264"/>
				</METS:div>
				<METS:div TYPE="Chapter" LABEL="5.1.2  网络管理的功能" ORDERLABEL="00000265"><METS:fptr FILEID="00000265"/>
				</METS:div>
				<METS:div TYPE="Chapter" LABEL="5.1.3  网络管理的体系结构" ORDERLABEL="00000268"><METS:fptr FILEID="00000268"/>
				</METS:div>
				<METS:div TYPE="Chapter" LABEL="5.1.4  网络管理系统介绍" ORDERLABEL="00000269"><METS:fptr FILEID="00000269"/>
				</METS:div>
			</METS:div>
			<METS:div TYPE="Chapter" LABEL="5.2  计算机网络安全技术" ORDERLABEL="00000271"><METS:fptr FILEID="00000271"/>
				<METS:div TYPE="Chapter" LABEL="5.2.1  网络安全简介" ORDERLABEL="00000272"><METS:fptr FILEID="00000272"/>
				</METS:div>
				<METS:div TYPE="Chapter" LABEL="5.2.2  网络安全策略" ORDERLABEL="00000274"><METS:fptr FILEID="00000274"/>
				</METS:div>
				<METS:div TYPE="Chapter" LABEL="5.2.3  访问控制与口令技术" ORDERLABEL="00000275"><METS:fptr FILEID="00000275"/>
				</METS:div>
				<METS:div TYPE="Chapter" LABEL="5.2.4  防火墙技术" ORDERLABEL="00000276"><METS:fptr FILEID="00000276"/>
				</METS:div>
			</METS:div>
			<METS:div TYPE="Chapter" LABEL="5.3  网络数据库接口技术" ORDERLABEL="00000277"><METS:fptr FILEID="00000277"/>
				<METS:div TYPE="Chapter" LABEL="5.3.1  常用网络数据库" ORDERLABEL="00000278"><METS:fptr FILEID="00000278"/>
				</METS:div>
				<METS:div TYPE="Chapter" LABEL="5.3.2  常用接口技术" ORDERLABEL="00000279"><METS:fptr FILEID="00000279"/>
				</METS:div>
				<METS:div TYPE="Chapter" LABEL="5.3.3  CGI编程初步" ORDERLABEL="00000283"><METS:fptr FILEID="00000283"/>
				</METS:div>
			</METS:div>
			<METS:div TYPE="Chapter" LABEL="5.4  代理服务器技术" ORDERLABEL="00000286"><METS:fptr FILEID="00000286"/>
				<METS:div TYPE="Chapter" LABEL="5.4.1  代理服务器简介" ORDERLABEL="00000286"><METS:fptr FILEID="00000286"/>
				</METS:div>
				<METS:div TYPE="Chapter" LABEL="5.4.2  代理服务器的配置" ORDERLABEL="00000288"><METS:fptr FILEID="00000288"/>
				</METS:div>
				<METS:div TYPE="Chapter" LABEL="5.4.3  代理服务器MS Proxy Server" ORDERLABEL="00000290"><METS:fptr FILEID="00000290"/>
				</METS:div>
			</METS:div>
			<METS:div TYPE="Chapter" LABEL="5.5  电子商务" ORDERLABEL="00000294"><METS:fptr FILEID="00000294"/>
				<METS:div TYPE="Chapter" LABEL="5.5.1  迅猛发展的电子商务" ORDERLABEL="00000294"><METS:fptr FILEID="00000294"/>
				</METS:div>
				<METS:div TYPE="Chapter" LABEL="5.5.2  加入电子商务" ORDERLABEL="00000297"><METS:fptr FILEID="00000297"/>
				</METS:div>
				<METS:div TYPE="Chapter" LABEL="5.5.3  电子商务的网上技术难题" ORDERLABEL="00000298"><METS:fptr FILEID="00000298"/>
				</METS:div>
				<METS:div TYPE="Chapter" LABEL="5.5.4  数字识别——电子商务的保障" ORDERLABEL="00000299"><METS:fptr FILEID="00000299"/>
				</METS:div>
				<METS:div TYPE="Chapter" LABEL="5.5.5  安全设施——信托的基础" ORDERLABEL="00000302"><METS:fptr FILEID="00000302"/>
				</METS:div>
				<METS:div TYPE="Chapter" LABEL="5.5.6  公共密钥设施" ORDERLABEL="00000302"><METS:fptr FILEID="00000302"/>
				</METS:div>
				<METS:div TYPE="Chapter" LABEL="5.5.7  设施的现状与今后的发展方向" ORDERLABEL="00000304"><METS:fptr FILEID="00000304"/>
				</METS:div>
				<METS:div TYPE="Chapter" LABEL="5.5.8  因特网的经济效益" ORDERLABEL="00000304"><METS:fptr FILEID="00000304"/>
				</METS:div>
			</METS:div>
			<METS:div TYPE="Chapter" LABEL="5.6  网上办公" ORDERLABEL="00000305"><METS:fptr FILEID="00000305"/>
				<METS:div TYPE="Chapter" LABEL="5.6.1  Lotus Domino/Notes R5" ORDERLABEL="00000305"><METS:fptr FILEID="00000305"/>
				</METS:div>
				<METS:div TYPE="Chapter" LABEL="5.6.2  信息化社会对通讯基础设施的要求" ORDERLABEL="00000306"><METS:fptr FILEID="00000306"/>
				</METS:div>
				<METS:div TYPE="Chapter" LABEL="5.6.3  Lotus R5——新一代通讯基础设施" ORDERLABEL="00000307"><METS:fptr FILEID="00000307"/>
				</METS:div>
				<METS:div TYPE="Chapter" LABEL="5.6.4  方案案例" ORDERLABEL="00000315"><METS:fptr FILEID="00000315"/>
				</METS:div>
			</METS:div>
			<METS:div TYPE="Chapter" LABEL="5.7  远程教育" ORDERLABEL="00000319"><METS:fptr FILEID="00000319"/>
				<METS:div TYPE="Chapter" LABEL="5.7.1  远程教育需要完善的解决方案" ORDERLABEL="00000319"><METS:fptr FILEID="00000319"/>
				</METS:div>
				<METS:div TYPE="Chapter" LABEL="5.7.2  异步交互式教学软件的要求" ORDERLABEL="00000320"><METS:fptr FILEID="00000320"/>
				</METS:div>
				<METS:div TYPE="Chapter" LABEL="5.7.3  远程教育实现的功能" ORDERLABEL="00000321"><METS:fptr FILEID="00000321"/>
				</METS:div>
			</METS:div>
			<METS:div TYPE="Chapter" LABEL="5.8  上网常识" ORDERLABEL="00000328"><METS:fptr FILEID="00000328"/>
				<METS:div TYPE="Chapter" LABEL="5.8.1  如何输入网手续" ORDERLABEL="00000328"><METS:fptr FILEID="00000328"/>
				</METS:div>
				<METS:div TYPE="Chapter" LABEL="5.8.2  网上礼节" ORDERLABEL="00000332"><METS:fptr FILEID="00000332"/>
				</METS:div>
				<METS:div TYPE="Chapter" LABEL="5.8.3  网上法律法规" ORDERLABEL="00000334"><METS:fptr FILEID="00000334"/>
				</METS:div>
			</METS:div>
			<METS:div TYPE="Chapter" LABEL="练习题" ORDERLABEL="00000339"><METS:fptr FILEID="00000339"/>
			</METS:div>
		</METS:div>
	</METS:structMap>
</METS:mets>
