<?xml version="1.0" encoding="utf-8"?>
<METS:mets xmlns:METS="http://www.loc.gov/METS/" xmlns:xsi="http://www.w3.org/2001/XMLSchema-instance" xmlns:gdm="http://sunsite.berkeley.edu/GDM/" xmlns:xlink="http://www.w3.org/TR/xlink" xsi:schemalocation="http://www.loc.gov/METS/http://www.loc.gov/standards/mets/mets.xsd" LABEL="Zhejiang University.jdl.China-America digital library project" TYPE="Section">
	<METS:structMap TYPE="Catalog">
		<METS:div TYPE="Chapter" LABEL="第1章  计算机网络概述" ORDERLABEL="1"><METS:fptr FILEID="00000007"/>
			<METS:div TYPE="Chapter" LABEL="1．1  计算机网络" ORDERLABEL="1"><METS:fptr FILEID="00000007"/>
			</METS:div>
			<METS:div TYPE="Chapter" LABEL="1．2  计算机网络分类" ORDERLABEL="2"><METS:fptr FILEID="00000008"/>
			</METS:div>
			<METS:div TYPE="Chapter" LABEL="1．3  计算机网络的发展及现状" ORDERLABEL="4"><METS:fptr FILEID="00000010"/>
			</METS:div>
		</METS:div>
		<METS:div TYPE="Chapter" LABEL="第2章  计算机网络技术基础" ORDERLABEL="7"><METS:fptr FILEID="00000013"/>
			<METS:div TYPE="Chapter" LABEL="2．1  概述" ORDERLABEL="7"><METS:fptr FILEID="00000013"/>
			</METS:div>
			<METS:div TYPE="Chapter" LABEL="2．2  传输介质" ORDERLABEL="7"><METS:fptr FILEID="00000013"/>
			</METS:div>
			<METS:div TYPE="Chapter" LABEL="2．3  计算机网络拓扑结构" ORDERLABEL="10"><METS:fptr FILEID="00000016"/>
			</METS:div>
			<METS:div TYPE="Chapter" LABEL="2．4  信号和信号传输技术" ORDERLABEL="13"><METS:fptr FILEID="00000019"/>
			</METS:div>
			<METS:div TYPE="Chapter" LABEL="2．5  介质访问控制方法" ORDERLABEL="23"><METS:fptr FILEID="00000029"/>
			</METS:div>
			<METS:div TYPE="Chapter" LABEL="2．6  网络服务类型" ORDERLABEL="23"><METS:fptr FILEID="00000029"/>
			</METS:div>
		</METS:div>
		<METS:div TYPE="Chapter" LABEL="第3章  计算机网络体系结构" ORDERLABEL="24"><METS:fptr FILEID="00000030"/>
			<METS:div TYPE="Chapter" LABEL="3．1  网络系结构及网络协议" ORDERLABEL="24"><METS:fptr FILEID="00000030"/>
			</METS:div>
			<METS:div TYPE="Chapter" LABEL="3．2  物理层" ORDERLABEL="28"><METS:fptr FILEID="00000034"/>
			</METS:div>
			<METS:div TYPE="Chapter" LABEL="3．3  数据链路层" ORDERLABEL="36"><METS:fptr FILEID="00000042"/>
			</METS:div>
			<METS:div TYPE="Chapter" LABEL="3．4  网络层" ORDERLABEL="46"><METS:fptr FILEID="00000052"/>
			</METS:div>
			<METS:div TYPE="Chapter" LABEL="3．5  传输层" ORDERLABEL="53"><METS:fptr FILEID="00000059"/>
			</METS:div>
			<METS:div TYPE="Chapter" LABEL="3．6  高层协议" ORDERLABEL="59"><METS:fptr FILEID="00000065"/>
			</METS:div>
			<METS:div TYPE="Chapter" LABEL="3．7  OSI与其他著名体系结构对比" ORDERLABEL="64"><METS:fptr FILEID="00000070"/>
			</METS:div>
		</METS:div>
		<METS:div TYPE="Chapter" LABEL="第4章  计算机局域网" ORDERLABEL="68"><METS:fptr FILEID="00000074"/>
			<METS:div TYPE="Chapter" LABEL="4．1  局域网简介" ORDERLABEL="68"><METS:fptr FILEID="00000074"/>
			</METS:div>
			<METS:div TYPE="Chapter" LABEL="4．2  IEEE 802系列标准及局域网的协议结构" ORDERLABEL="69"><METS:fptr FILEID="00000075"/>
			</METS:div>
			<METS:div TYPE="Chapter" LABEL="4．3  逻辑链路控制(LLC)子层" ORDERLABEL="70"><METS:fptr FILEID="00000076"/>
			</METS:div>
			<METS:div TYPE="Chapter" LABEL="4．4  总线网的介质访问控制策略" ORDERLABEL="73"><METS:fptr FILEID="00000079"/>
			</METS:div>
			<METS:div TYPE="Chapter" LABEL="4．5  环型网的介质访问控制策略" ORDERLABEL="79"><METS:fptr FILEID="00000085"/>
			</METS:div>
			<METS:div TYPE="Chapter" LABEL="4．6  令牌总线介质访问控制策略" ORDERLABEL="85"><METS:fptr FILEID="00000091"/>
			</METS:div>
			<METS:div TYPE="Chapter" LABEL="4．7  光纤分布数据接口(FDDI)" ORDERLABEL="91"><METS:fptr FILEID="00000097"/>
			</METS:div>
			<METS:div TYPE="Chapter" LABEL="4．8  无线局域网" ORDERLABEL="93"><METS:fptr FILEID="00000099"/>
			</METS:div>
			<METS:div TYPE="Chapter" LABEL="4．9  高速局域网技术" ORDERLABEL="98"><METS:fptr FILEID="00000104"/>
			</METS:div>
			<METS:div TYPE="Chapter" LABEL="4．10  局域网常见故障分析和对策" ORDERLABEL="99"><METS:fptr FILEID="00000105"/>
			</METS:div>
		</METS:div>
		<METS:div TYPE="Chapter" LABEL="第5章  Novell Netware" ORDERLABEL="103"><METS:fptr FILEID="00000109"/>
			<METS:div TYPE="Chapter" LABEL="5．1  Netware的发展过程" ORDERLABEL="103"><METS:fptr FILEID="00000109"/>
			</METS:div>
			<METS:div TYPE="Chapter" LABEL="5．2  Netware组成" ORDERLABEL="104"><METS:fptr FILEID="00000110"/>
			</METS:div>
			<METS:div TYPE="Chapter" LABEL="5．3  Netware体系结构" ORDERLABEL="105"><METS:fptr FILEID="00000111"/>
			</METS:div>
			<METS:div TYPE="Chapter" LABEL="5．4  Netware技术特性" ORDERLABEL="107"><METS:fptr FILEID="00000113"/>
			</METS:div>
			<METS:div TYPE="Chapter" LABEL="5．5  Netware4．0、4．01和4．1" ORDERLABEL="111"><METS:fptr FILEID="00000117"/>
			</METS:div>
			<METS:div TYPE="Chapter" LABEL="5．6  Novell网络应用环境" ORDERLABEL="112"><METS:fptr FILEID="00000118"/>
			</METS:div>
		</METS:div>
		<METS:div TYPE="Chapter" LABEL="第6章  Windows NT" ORDERLABEL="124"><METS:fptr FILEID="00000130"/>
			<METS:div TYPE="Chapter" LABEL="6．1  Windows NT概要" ORDERLABEL="124"><METS:fptr FILEID="00000130"/>
			</METS:div>
			<METS:div TYPE="Chapter" LABEL="6．2  网络与Windows NT" ORDERLABEL="124"><METS:fptr FILEID="00000130"/>
			</METS:div>
			<METS:div TYPE="Chapter" LABEL="6．3  Windows NT的网络规划" ORDERLABEL="129"><METS:fptr FILEID="00000135"/>
			</METS:div>
			<METS:div TYPE="Chapter" LABEL="6．4  Windows NT网络的安装" ORDERLABEL="131"><METS:fptr FILEID="00000137"/>
			</METS:div>
			<METS:div TYPE="Chapter" LABEL="6．5  Windows NT客户软件之一——Windows 95的使用和网络配置" ORDERLABEL="135"><METS:fptr FILEID="00000141"/>
			</METS:div>
			<METS:div TYPE="Chapter" LABEL="6．6  网络管理" ORDERLABEL="139"><METS:fptr FILEID="00000145"/>
			</METS:div>
			<METS:div TYPE="Chapter" LABEL="6．7  在Windows NT 4 Server上建立Web服务器" ORDERLABEL="151"><METS:fptr FILEID="00000157"/>
			</METS:div>
		</METS:div>
		<METS:div TYPE="Chapter" LABEL="第7章  网络互连技术" ORDERLABEL="152"><METS:fptr FILEID="00000158"/>
			<METS:div TYPE="Chapter" LABEL="7．1  网络互连及互连设备介绍" ORDERLABEL="152"><METS:fptr FILEID="00000158"/>
			</METS:div>
			<METS:div TYPE="Chapter" LABEL="7．2  网桥" ORDERLABEL="155"><METS:fptr FILEID="00000161"/>
			</METS:div>
			<METS:div TYPE="Chapter" LABEL="7．3  交换机" ORDERLABEL="161"><METS:fptr FILEID="00000167"/>
			</METS:div>
			<METS:div TYPE="Chapter" LABEL="7．4  路由器" ORDERLABEL="167"><METS:fptr FILEID="00000173"/>
			</METS:div>
			<METS:div TYPE="Chapter" LABEL="7．5  ATM" ORDERLABEL="173"><METS:fptr FILEID="00000179"/>
			</METS:div>
		</METS:div>
		<METS:div TYPE="Chapter" LABEL="第8章  Internet" ORDERLABEL="183"><METS:fptr FILEID="00000189"/>
			<METS:div TYPE="Chapter" LABEL="8．1  Internet概述" ORDERLABEL="183"><METS:fptr FILEID="00000189"/>
			</METS:div>
			<METS:div TYPE="Chapter" LABEL="8．2  Internet有关概念" ORDERLABEL="187"><METS:fptr FILEID="00000193"/>
			</METS:div>
			<METS:div TYPE="Chapter" LABEL="8．3  Internet提供的服务及其使用" ORDERLABEL="190"><METS:fptr FILEID="00000196"/>
			</METS:div>
			<METS:div TYPE="Chapter" LABEL="8．4  中国与Internet" ORDERLABEL="202"><METS:fptr FILEID="00000208"/>
			</METS:div>
			<METS:div TYPE="Chapter" LABEL="8．5  CHINANET——中国Internet主干网简介" ORDERLABEL="204"><METS:fptr FILEID="00000210"/>
			</METS:div>
		</METS:div>
		<METS:div TYPE="Chapter" LABEL="第9章  电子商务初步" ORDERLABEL="210"><METS:fptr FILEID="00000216"/>
			<METS:div TYPE="Chapter" LABEL="9．1  什么是电子商务" ORDERLABEL="210"><METS:fptr FILEID="00000216"/>
			</METS:div>
			<METS:div TYPE="Chapter" LABEL="9．2  电子商务的内涵" ORDERLABEL="211"><METS:fptr FILEID="00000217"/>
			</METS:div>
			<METS:div TYPE="Chapter" LABEL="9．3  电子商务的四个发展阶段" ORDERLABEL="212"><METS:fptr FILEID="00000218"/>
			</METS:div>
			<METS:div TYPE="Chapter" LABEL="9．4  电子商务的服务范围" ORDERLABEL="213"><METS:fptr FILEID="00000219"/>
			</METS:div>
			<METS:div TYPE="Chapter" LABEL="9．5  电子商务的交易过程" ORDERLABEL="214"><METS:fptr FILEID="00000220"/>
			</METS:div>
			<METS:div TYPE="Chapter" LABEL="9．6  电子商务的业务范围" ORDERLABEL="214"><METS:fptr FILEID="00000220"/>
			</METS:div>
			<METS:div TYPE="Chapter" LABEL="9．7  世界电子商务的发展状况" ORDERLABEL="216"><METS:fptr FILEID="00000222"/>
			</METS:div>
			<METS:div TYPE="Chapter" LABEL="9．8  电子商务发展中的问题" ORDERLABEL="218"><METS:fptr FILEID="00000224"/>
			</METS:div>
		</METS:div>
		<METS:div TYPE="Chapter" LABEL="第10章  网络管理" ORDERLABEL="221"><METS:fptr FILEID="00000227"/>
			<METS:div TYPE="Chapter" LABEL="10．1  网络管理的功能与网络管理标准简介" ORDERLABEL="221"><METS:fptr FILEID="00000227"/>
			</METS:div>
			<METS:div TYPE="Chapter" LABEL="10．2  网络管理协议简述" ORDERLABEL="225"><METS:fptr FILEID="00000231"/>
			</METS:div>
			<METS:div TYPE="Chapter" LABEL="10．3  网络管理诸因素的简析" ORDERLABEL="229"><METS:fptr FILEID="00000235"/>
			</METS:div>
			<METS:div TYPE="Chapter" LABEL="10．4  网络管理解决方案" ORDERLABEL="230"><METS:fptr FILEID="00000236"/>
			</METS:div>
			<METS:div TYPE="Chapter" LABEL="10．5  计算机网络安全概述" ORDERLABEL="233"><METS:fptr FILEID="00000239"/>
			</METS:div>
			<METS:div TYPE="Chapter" LABEL="10．6  安全风险" ORDERLABEL="239"><METS:fptr FILEID="00000245"/>
			</METS:div>
			<METS:div TYPE="Chapter" LABEL="10．7  保密技术" ORDERLABEL="242"><METS:fptr FILEID="00000248"/>
			</METS:div>
			<METS:div TYPE="Chapter" LABEL="10．8  加密方式" ORDERLABEL="245"><METS:fptr FILEID="00000251"/>
			</METS:div>
		</METS:div>
		<METS:div TYPE="Chapter" LABEL="第11章  网络应用与规划" ORDERLABEL="248"><METS:fptr FILEID="00000254"/>
			<METS:div TYPE="Chapter" LABEL="11．1  客户机/服务器计算模式与网络数据库应用" ORDERLABEL="248"><METS:fptr FILEID="00000254"/>
			</METS:div>
			<METS:div TYPE="Chapter" LABEL="11．2  办公自动化" ORDERLABEL="253"><METS:fptr FILEID="00000259"/>
			</METS:div>
			<METS:div TYPE="Chapter" LABEL="11．3  工业网络" ORDERLABEL="254"><METS:fptr FILEID="00000260"/>
			</METS:div>
			<METS:div TYPE="Chapter" LABEL="11．4  企业网" ORDERLABEL="259"><METS:fptr FILEID="00000265"/>
			</METS:div>
			<METS:div TYPE="Chapter" LABEL="11．5  电子数据交换(EDI)" ORDERLABEL="262"><METS:fptr FILEID="00000268"/>
			</METS:div>
			<METS:div TYPE="Chapter" LABEL="11．6  有线电视网CATV" ORDERLABEL="264"><METS:fptr FILEID="00000270"/>
			</METS:div>
			<METS:div TYPE="Chapter" LABEL="11．7  IP电话" ORDERLABEL="266"><METS:fptr FILEID="00000272"/>
			</METS:div>
			<METS:div TYPE="Chapter" LABEL="11．8  智能大厦与结构化综合布线系统" ORDERLABEL="275"><METS:fptr FILEID="00000281"/>
			</METS:div>
			<METS:div TYPE="Chapter" LABEL="11．9  计算机网络的规划" ORDERLABEL="278"><METS:fptr FILEID="00000284"/>
			</METS:div>
		</METS:div>
		<METS:div TYPE="Chapter" LABEL="第12章  典型网络系统集成解决方案" ORDERLABEL="285"><METS:fptr FILEID="00000291"/>
			<METS:div TYPE="Chapter" LABEL="12．1  某重点大学校园网设计" ORDERLABEL="285"><METS:fptr FILEID="00000291"/>
			</METS:div>
			<METS:div TYPE="Chapter" LABEL="12．2  某公司Intranet网络解决方案" ORDERLABEL="290"><METS:fptr FILEID="00000296"/>
			</METS:div>
			<METS:div TYPE="Chapter" LABEL="12．3  某省保险系统Intranet网络解决方案" ORDERLABEL="296"><METS:fptr FILEID="00000302"/>
			</METS:div>
		</METS:div>
	</METS:structMap>
</METS:mets>
