<?xml version="1.0" encoding="utf-8"?>
<METS:mets xmlns:METS="http://www.loc.gov/METS/" xmlns:xsi="http://www.w3.org/2001/XMLSchema-instance" xmlns:gdm="http://sunsite.berkeley.edu/GDM/" xmlns:xlink="http://www.w3.org/TR/xlink" xsi:schemalocation="http://www.loc.gov/METS/http://www.loc.gov/standards/mets/mets.xsd" LABEL="Zhejiang University.jdl.China-America digital library project" TYPE="Section">
	<METS:structMap TYPE="Catalog">
		<METS:div TYPE="Chapter" LABEL="第1章  计算机网络概论" ORDERLABEL="1"><METS:fptr FILEID="00000008"/>
			<METS:div TYPE="Chapter" LABEL="1．1  引言" ORDERLABEL="1"><METS:fptr FILEID="00000008"/>
			</METS:div>
			<METS:div TYPE="Chapter" LABEL="1．2  数据通信技术" ORDERLABEL="2"><METS:fptr FILEID="00000009"/>
				<METS:div TYPE="Chapter" LABEL="1．2．1  数据通信的基本概念" ORDERLABEL="2"><METS:fptr FILEID="00000009"/>
				</METS:div>
				<METS:div TYPE="Chapter" LABEL="1．2．2  数据编码技术" ORDERLABEL="4"><METS:fptr FILEID="00000011"/>
				</METS:div>
				<METS:div TYPE="Chapter" LABEL="1．2．3  多路复用技术" ORDERLABEL="8"><METS:fptr FILEID="00000015"/>
				</METS:div>
				<METS:div TYPE="Chapter" LABEL="1．2．4  通信操作方式" ORDERLABEL="10"><METS:fptr FILEID="00000017"/>
				</METS:div>
				<METS:div TYPE="Chapter" LABEL="1．2．5  通信同步方式" ORDERLABEL="10"><METS:fptr FILEID="00000017"/>
				</METS:div>
				<METS:div TYPE="Chapter" LABEL="1．2．6  差错控制与处理" ORDERLABEL="12"><METS:fptr FILEID="00000019"/>
				</METS:div>
			</METS:div>
			<METS:div TYPE="Chapter" LABEL="1．3  数据交换技术" ORDERLABEL="13"><METS:fptr FILEID="00000020"/>
			</METS:div>
			<METS:div TYPE="Chapter" LABEL="1．4  传输介质" ORDERLABEL="16"><METS:fptr FILEID="00000023"/>
				<METS:div TYPE="Chapter" LABEL="1．4．1  有线介质" ORDERLABEL="17"><METS:fptr FILEID="00000024"/>
				</METS:div>
				<METS:div TYPE="Chapter" LABEL="1．4．2  无线介质" ORDERLABEL="18"><METS:fptr FILEID="00000025"/>
				</METS:div>
			</METS:div>
			<METS:div TYPE="Chapter" LABEL="1．5  拓扑结构" ORDERLABEL="19"><METS:fptr FILEID="00000026"/>
			</METS:div>
			<METS:div TYPE="Chapter" LABEL="1．6  网络体系结构与标准化" ORDERLABEL="21"><METS:fptr FILEID="00000028"/>
			</METS:div>
			<METS:div TYPE="Chapter" LABEL="习题" ORDERLABEL="25"><METS:fptr FILEID="00000032"/>
			</METS:div>
		</METS:div>
		<METS:div TYPE="Chapter" LABEL="第2章  网络体系结构" ORDERLABEL="27"><METS:fptr FILEID="00000034"/>
			<METS:div TYPE="Chapter" LABEL="2．1  引言" ORDERLABEL="27"><METS:fptr FILEID="00000034"/>
			</METS:div>
			<METS:div TYPE="Chapter" LABEL="2．2  物理层" ORDERLABEL="27"><METS:fptr FILEID="00000034"/>
				<METS:div TYPE="Chapter" LABEL="2．2．1  物理层接口标准" ORDERLABEL="28"><METS:fptr FILEID="00000035"/>
				</METS:div>
				<METS:div TYPE="Chapter" LABEL="2．2．2  物理层接口标准举例" ORDERLABEL="29"><METS:fptr FILEID="00000036"/>
				</METS:div>
				<METS:div TYPE="Chapter" LABEL="2．2．3  调制解调器" ORDERLABEL="31"><METS:fptr FILEID="00000038"/>
				</METS:div>
			</METS:div>
			<METS:div TYPE="Chapter" LABEL="2．3  数据链路层" ORDERLABEL="34"><METS:fptr FILEID="00000041"/>
				<METS:div TYPE="Chapter" LABEL="2．3．1  HDLC通信规程" ORDERLABEL="35"><METS:fptr FILEID="00000042"/>
				</METS:div>
				<METS:div TYPE="Chapter" LABEL="2．3．2  IEEE 802 LLC协议" ORDERLABEL="39"><METS:fptr FILEID="00000046"/>
				</METS:div>
				<METS:div TYPE="Chapter" LABEL="2．3．3  流量控制算法" ORDERLABEL="42"><METS:fptr FILEID="00000049"/>
				</METS:div>
				<METS:div TYPE="Chapter" LABEL="2．3．4  差错控制算法" ORDERLABEL="44"><METS:fptr FILEID="00000051"/>
				</METS:div>
			</METS:div>
			<METS:div TYPE="Chapter" LABEL="2．4  网络层" ORDERLABEL="48"><METS:fptr FILEID="00000055"/>
				<METS:div TYPE="Chapter" LABEL="2．4．1  数据传输服务" ORDERLABEL="48"><METS:fptr FILEID="00000055"/>
				</METS:div>
				<METS:div TYPE="Chapter" LABEL="2．4．2  路由选择算法" ORDERLABEL="49"><METS:fptr FILEID="00000056"/>
				</METS:div>
				<METS:div TYPE="Chapter" LABEL="2．4．3  拥塞控制算法" ORDERLABEL="57"><METS:fptr FILEID="00000064"/>
				</METS:div>
			</METS:div>
			<METS:div TYPE="Chapter" LABEL="2．5  传输层" ORDERLABEL="60"><METS:fptr FILEID="00000067"/>
				<METS:div TYPE="Chapter" LABEL="2．5．1  数据传输服务" ORDERLABEL="60"><METS:fptr FILEID="00000067"/>
				</METS:div>
				<METS:div TYPE="Chapter" LABEL="2．5．2  建立连接" ORDERLABEL="61"><METS:fptr FILEID="00000068"/>
				</METS:div>
				<METS:div TYPE="Chapter" LABEL="2．5．3  释放连接" ORDERLABEL="62"><METS:fptr FILEID="00000069"/>
				</METS:div>
				<METS:div TYPE="Chapter" LABEL="2．5．4  流量控制" ORDERLABEL="63"><METS:fptr FILEID="00000070"/>
				</METS:div>
				<METS:div TYPE="Chapter" LABEL="2．5．5  多路复用" ORDERLABEL="63"><METS:fptr FILEID="00000070"/>
				</METS:div>
			</METS:div>
			<METS:div TYPE="Chapter" LABEL="2．6  应用层" ORDERLABEL="63"><METS:fptr FILEID="00000070"/>
			</METS:div>
			<METS:div TYPE="Chapter" LABEL="习题" ORDERLABEL="64"><METS:fptr FILEID="00000071"/>
			</METS:div>
		</METS:div>
		<METS:div TYPE="Chapter" LABEL="第3章  局域网" ORDERLABEL="66"><METS:fptr FILEID="00000073"/>
			<METS:div TYPE="Chapter" LABEL="3．1  引言" ORDERLABEL="66"><METS:fptr FILEID="00000073"/>
			</METS:div>
			<METS:div TYPE="Chapter" LABEL="3．2  以太网络" ORDERLABEL="68"><METS:fptr FILEID="00000075"/>
				<METS:div TYPE="Chapter" LABEL="3．2．1  CSMA/CD介质访问控制方法" ORDERLABEL="68"><METS:fptr FILEID="00000075"/>
				</METS:div>
				<METS:div TYPE="Chapter" LABEL="3．2．2  10 Mb/s Ethernet" ORDERLABEL="73"><METS:fptr FILEID="00000080"/>
				</METS:div>
				<METS:div TYPE="Chapter" LABEL="3．2．3  100 Mb/s Ethernet" ORDERLABEL="78"><METS:fptr FILEID="00000085"/>
				</METS:div>
				<METS:div TYPE="Chapter" LABEL="3．2．4  Gigabit Ethernet" ORDERLABEL="81"><METS:fptr FILEID="00000088"/>
				</METS:div>
			</METS:div>
			<METS:div TYPE="Chapter" LABEL="3．3  令牌环网络" ORDERLABEL="83"><METS:fptr FILEID="00000090"/>
				<METS:div TYPE="Chapter" LABEL="3．3．1  Token Ring介质访问控制方法" ORDERLABEL="83"><METS:fptr FILEID="00000090"/>
				</METS:div>
				<METS:div TYPE="Chapter" LABEL="3．3．2  Token Ring物理层规范" ORDERLABEL="86"><METS:fptr FILEID="00000093"/>
				</METS:div>
				<METS:div TYPE="Chapter" LABEL="3．3．3  网络组成技术" ORDERLABEL="87"><METS:fptr FILEID="00000094"/>
				</METS:div>
			</METS:div>
			<METS:div TYPE="Chapter" LABEL="3．4  FDDI网络" ORDERLABEL="88"><METS:fptr FILEID="00000095"/>
				<METS:div TYPE="Chapter" LABEL="3．4．1  FDDI介质访问控制方法" ORDERLABEL="89"><METS:fptr FILEID="00000096"/>
				</METS:div>
				<METS:div TYPE="Chapter" LABEL="3．4．2  FDDI物理层规范" ORDERLABEL="91"><METS:fptr FILEID="00000098"/>
				</METS:div>
				<METS:div TYPE="Chapter" LABEL="3．4．3  FDDI站管理功能" ORDERLABEL="93"><METS:fptr FILEID="00000100"/>
				</METS:div>
				<METS:div TYPE="Chapter" LABEL="3．4．4  网络组成技术" ORDERLABEL="93"><METS:fptr FILEID="00000100"/>
				</METS:div>
			</METS:div>
			<METS:div TYPE="Chapter" LABEL="3．5  100VG-AnyLAN网络" ORDERLABEL="94"><METS:fptr FILEID="00000101"/>
				<METS:div TYPE="Chapter" LABEL="3．5．1  100VG-AnyLAN介质访问控制方法" ORDERLABEL="94"><METS:fptr FILEID="00000101"/>
				</METS:div>
				<METS:div TYPE="Chapter" LABEL="3．5．2  100VG-AnyLAN物理层规范" ORDERLABEL="96"><METS:fptr FILEID="00000103"/>
				</METS:div>
				<METS:div TYPE="Chapter" LABEL="3．5．3  网络组成技术" ORDERLABEL="97"><METS:fptr FILEID="00000104"/>
				</METS:div>
			</METS:div>
			<METS:div TYPE="Chapter" LABEL="3．6  交换式网络" ORDERLABEL="97"><METS:fptr FILEID="00000104"/>
				<METS:div TYPE="Chapter" LABEL="3．6．1  交换机的技术特性" ORDERLABEL="98"><METS:fptr FILEID="00000105"/>
				</METS:div>
				<METS:div TYPE="Chapter" LABEL="3．6．2  虚拟网络" ORDERLABEL="99"><METS:fptr FILEID="00000106"/>
				</METS:div>
				<METS:div TYPE="Chapter" LABEL="3．6．3  交换网络组成技术" ORDERLABEL="100"><METS:fptr FILEID="00000107"/>
				</METS:div>
			</METS:div>
			<METS:div TYPE="Chapter" LABEL="3．7  局域网互连" ORDERLABEL="102"><METS:fptr FILEID="00000109"/>
				<METS:div TYPE="Chapter" LABEL="3．7．1  中继器" ORDERLABEL="102"><METS:fptr FILEID="00000109"/>
				</METS:div>
				<METS:div TYPE="Chapter" LABEL="3．7．2  网桥" ORDERLABEL="102"><METS:fptr FILEID="00000109"/>
				</METS:div>
			</METS:div>
			<METS:div TYPE="Chapter" LABEL="习题" ORDERLABEL="105"><METS:fptr FILEID="00000112"/>
			</METS:div>
		</METS:div>
		<METS:div TYPE="Chapter" LABEL="第4章  广域网" ORDERLABEL="107"><METS:fptr FILEID="00000114"/>
			<METS:div TYPE="Chapter" LABEL="4．1  引言" ORDERLABEL="107"><METS:fptr FILEID="00000114"/>
			</METS:div>
			<METS:div TYPE="Chapter" LABEL="4．2  分组交换网络" ORDERLABEL="107"><METS:fptr FILEID="00000114"/>
				<METS:div TYPE="Chapter" LABEL="4．2．1  X．25建议" ORDERLABEL="108"><METS:fptr FILEID="00000115"/>
				</METS:div>
				<METS:div TYPE="Chapter" LABEL="4．2．2  分组交换网的组成及用户接入" ORDERLABEL="114"><METS:fptr FILEID="00000121"/>
				</METS:div>
				<METS:div TYPE="Chapter" LABEL="4．2．3  中国公用分组交换网(CHINAPAC)" ORDERLABEL="115"><METS:fptr FILEID="00000122"/>
				</METS:div>
				<METS:div TYPE="Chapter" LABEL="4．2．4  中国公用数字数据网(CHINADDN)" ORDERLABEL="118"><METS:fptr FILEID="00000125"/>
				</METS:div>
			</METS:div>
			<METS:div TYPE="Chapter" LABEL="4．3  帧中继网络" ORDERLABEL="119"><METS:fptr FILEID="00000126"/>
				<METS:div TYPE="Chapter" LABEL="4．3．1  帧中继的基本原理" ORDERLABEL="120"><METS:fptr FILEID="00000127"/>
				</METS:div>
				<METS:div TYPE="Chapter" LABEL="4．3．2  帧中继网的组成及用户接入" ORDERLABEL="123"><METS:fptr FILEID="00000130"/>
				</METS:div>
				<METS:div TYPE="Chapter" LABEL="4．3．3  帧中继业务应用" ORDERLABEL="124"><METS:fptr FILEID="00000131"/>
				</METS:div>
			</METS:div>
			<METS:div TYPE="Chapter" LABEL="4．4  ISDN网络" ORDERLABEL="124"><METS:fptr FILEID="00000131"/>
				<METS:div TYPE="Chapter" LABEL="4．4．1  ISDN的组成" ORDERLABEL="125"><METS:fptr FILEID="00000132"/>
				</METS:div>
				<METS:div TYPE="Chapter" LABEL="4．4．2  ISDN的业务功能" ORDERLABEL="128"><METS:fptr FILEID="00000135"/>
				</METS:div>
			</METS:div>
			<METS:div TYPE="Chapter" LABEL="4．5  ATM网络" ORDERLABEL="129"><METS:fptr FILEID="00000136"/>
				<METS:div TYPE="Chapter" LABEL="4．5．1  B-ISDN参考模型" ORDERLABEL="130"><METS:fptr FILEID="00000137"/>
				</METS:div>
				<METS:div TYPE="Chapter" LABEL="4．5．2  ATM网络组成技术" ORDERLABEL="135"><METS:fptr FILEID="00000142"/>
				</METS:div>
			</METS:div>
			<METS:div TYPE="Chapter" LABEL="4．6  网络互连" ORDERLABEL="142"><METS:fptr FILEID="00000149"/>
				<METS:div TYPE="Chapter" LABEL="4．6．1  网络互连模式" ORDERLABEL="142"><METS:fptr FILEID="00000149"/>
				</METS:div>
				<METS:div TYPE="Chapter" LABEL="4．6．2  路由器分类和应用" ORDERLABEL="143"><METS:fptr FILEID="00000150"/>
				</METS:div>
			</METS:div>
			<METS:div TYPE="Chapter" LABEL="习题" ORDERLABEL="145"><METS:fptr FILEID="00000152"/>
			</METS:div>
		</METS:div>
		<METS:div TYPE="Chapter" LABEL="第5章  网络通信协议" ORDERLABEL="147"><METS:fptr FILEID="00000154"/>
			<METS:div TYPE="Chapter" LABEL="5．1  引言" ORDERLABEL="147"><METS:fptr FILEID="00000154"/>
			</METS:div>
			<METS:div TYPE="Chapter" LABEL="5．2  网络接口" ORDERLABEL="148"><METS:fptr FILEID="00000155"/>
			</METS:div>
			<METS:div TYPE="Chapter" LABEL="5．3  网际层" ORDERLABEL="148"><METS:fptr FILEID="00000155"/>
				<METS:div TYPE="Chapter" LABEL="5．3．1  IP地址" ORDERLABEL="148"><METS:fptr FILEID="00000155"/>
				</METS:div>
				<METS:div TYPE="Chapter" LABEL="5．3．2  ARP协议和RARP协议" ORDERLABEL="150"><METS:fptr FILEID="00000157"/>
				</METS:div>
				<METS:div TYPE="Chapter" LABEL="5．3．3  IP协议" ORDERLABEL="152"><METS:fptr FILEID="00000159"/>
				</METS:div>
				<METS:div TYPE="Chapter" LABEL="5．3．4  IP v6协议" ORDERLABEL="155"><METS:fptr FILEID="00000162"/>
				</METS:div>
				<METS:div TYPE="Chapter" LABEL="5．3．5  ICMP协议" ORDERLABEL="159"><METS:fptr FILEID="00000166"/>
				</METS:div>
			</METS:div>
			<METS:div TYPE="Chapter" LABEL="5．4  传送层" ORDERLABEL="162"><METS:fptr FILEID="00000169"/>
				<METS:div TYPE="Chapter" LABEL="5．4．1  TCP协议" ORDERLABEL="162"><METS:fptr FILEID="00000169"/>
				</METS:div>
				<METS:div TYPE="Chapter" LABEL="5．4．2  UDP协议" ORDERLABEL="167"><METS:fptr FILEID="00000174"/>
				</METS:div>
				<METS:div TYPE="Chapter" LABEL="5．4．3  传输层端口" ORDERLABEL="167"><METS:fptr FILEID="00000174"/>
				</METS:div>
			</METS:div>
			<METS:div TYPE="Chapter" LABEL="5．5  应用层" ORDERLABEL="168"><METS:fptr FILEID="00000175"/>
			</METS:div>
			<METS:div TYPE="Chapter" LABEL="习题" ORDERLABEL="168"><METS:fptr FILEID="00000175"/>
			</METS:div>
		</METS:div>
		<METS:div TYPE="Chapter" LABEL="第6章  网络操作系统" ORDERLABEL="170"><METS:fptr FILEID="00000177"/>
			<METS:div TYPE="Chapter" LABEL="6．1  引言" ORDERLABEL="170"><METS:fptr FILEID="00000177"/>
			</METS:div>
			<METS:div TYPE="Chapter" LABEL="6．2  网络工作模型" ORDERLABEL="171"><METS:fptr FILEID="00000178"/>
			</METS:div>
			<METS:div TYPE="Chapter" LABEL="6．3  网络通信环境" ORDERLABEL="171"><METS:fptr FILEID="00000178"/>
				<METS:div TYPE="Chapter" LABEL="6．3．1  NetWare网络通信环境" ORDERLABEL="171"><METS:fptr FILEID="00000178"/>
				</METS:div>
				<METS:div TYPE="Chapter" LABEL="6．3．2  Windows NT网络通信环境" ORDERLABEL="173"><METS:fptr FILEID="00000180"/>
				</METS:div>
			</METS:div>
			<METS:div TYPE="Chapter" LABEL="6．4  网络安全性" ORDERLABEL="175"><METS:fptr FILEID="00000182"/>
				<METS:div TYPE="Chapter" LABEL="6．4．1  NetWare网络安全性措施" ORDERLABEL="175"><METS:fptr FILEID="00000182"/>
				</METS:div>
				<METS:div TYPE="Chapter" LABEL="6．4．2  Windows NT网络安全性措施" ORDERLABEL="176"><METS:fptr FILEID="00000183"/>
				</METS:div>
			</METS:div>
			<METS:div TYPE="Chapter" LABEL="6．5  网络可靠性" ORDERLABEL="179"><METS:fptr FILEID="00000186"/>
				<METS:div TYPE="Chapter" LABEL="6．5．1  NetWare网络可靠性措施" ORDERLABEL="179"><METS:fptr FILEID="00000186"/>
				</METS:div>
				<METS:div TYPE="Chapter" LABEL="6．5．2  Windows NT网络可靠性措施" ORDERLABEL="182"><METS:fptr FILEID="00000189"/>
				</METS:div>
			</METS:div>
			<METS:div TYPE="Chapter" LABEL="6．6  网络服务" ORDERLABEL="184"><METS:fptr FILEID="00000191"/>
			</METS:div>
			<METS:div TYPE="Chapter" LABEL="6．7  网络管理" ORDERLABEL="185"><METS:fptr FILEID="00000192"/>
			</METS:div>
			<METS:div TYPE="Chapter" LABEL="6．8  构造网络系统" ORDERLABEL="187"><METS:fptr FILEID="00000194"/>
			</METS:div>
			<METS:div TYPE="Chapter" LABEL="习题" ORDERLABEL="188"><METS:fptr FILEID="00000195"/>
			</METS:div>
		</METS:div>
		<METS:div TYPE="Chapter" LABEL="第7章  Internet及其应用" ORDERLABEL="189"><METS:fptr FILEID="00000196"/>
			<METS:div TYPE="Chapter" LABEL="7．1  引言" ORDERLABEL="189"><METS:fptr FILEID="00000196"/>
			</METS:div>
			<METS:div TYPE="Chapter" LABEL="7．2  Internet中主要网络" ORDERLABEL="190"><METS:fptr FILEID="00000197"/>
			</METS:div>
			<METS:div TYPE="Chapter" LABEL="7．3  Internet接入方式" ORDERLABEL="191"><METS:fptr FILEID="00000198"/>
			</METS:div>
			<METS:div TYPE="Chapter" LABEL="7．4  Internet地址" ORDERLABEL="192"><METS:fptr FILEID="00000199"/>
			</METS:div>
			<METS:div TYPE="Chapter" LABEL="7．5  Internet域名系统" ORDERLABEL="194"><METS:fptr FILEID="00000201"/>
			</METS:div>
			<METS:div TYPE="Chapter" LABEL="7．6  Internet服务系统" ORDERLABEL="196"><METS:fptr FILEID="00000203"/>
				<METS:div TYPE="Chapter" LABEL="7．6．1  Telnet服务" ORDERLABEL="197"><METS:fptr FILEID="00000204"/>
				</METS:div>
				<METS:div TYPE="Chapter" LABEL="7．6．2  E-mail服务" ORDERLABEL="198"><METS:fptr FILEID="00000205"/>
				</METS:div>
				<METS:div TYPE="Chapter" LABEL="7．6．3  FTP服务" ORDERLABEL="200"><METS:fptr FILEID="00000207"/>
				</METS:div>
				<METS:div TYPE="Chapter" LABEL="7．6．4  Gogher服务" ORDERLABEL="202"><METS:fptr FILEID="00000209"/>
				</METS:div>
				<METS:div TYPE="Chapter" LABEL="7．6．5  WWW服务" ORDERLABEL="205"><METS:fptr FILEID="00000212"/>
				</METS:div>
			</METS:div>
			<METS:div TYPE="Chapter" LABEL="7．7  Internet防火墙" ORDERLABEL="208"><METS:fptr FILEID="00000215"/>
			</METS:div>
			<METS:div TYPE="Chapter" LABEL="7．8  Internet电子商务" ORDERLABEL="213"><METS:fptr FILEID="00000220"/>
				<METS:div TYPE="Chapter" LABEL="7．8．1  电子商务模型" ORDERLABEL="214"><METS:fptr FILEID="00000221"/>
				</METS:div>
				<METS:div TYPE="Chapter" LABEL="7．8．2  电子商务安全问题" ORDERLABEL="215"><METS:fptr FILEID="00000222"/>
				</METS:div>
				<METS:div TYPE="Chapter" LABEL="7．8．3  Internet商务标准" ORDERLABEL="217"><METS:fptr FILEID="00000224"/>
				</METS:div>
			</METS:div>
			<METS:div TYPE="Chapter" LABEL="习题" ORDERLABEL="220"><METS:fptr FILEID="00000227"/>
			</METS:div>
		</METS:div>
	</METS:structMap>
</METS:mets>
