<?xml version="1.0" encoding="utf-8"?>
<METS:mets xmlns:METS="http://www.loc.gov/METS/" xmlns:xsi="http://www.w3.org/2001/XMLSchema-instance" xmlns:gdm="http://sunsite.berkeley.edu/GDM/" xmlns:xlink="http://www.w3.org/TR/xlink" xsi:schemalocation="http://www.loc.gov/METS/http://www.loc.gov/standards/mets/mets.xsd" LABEL="Zhejiang University.jdl.China-America digital library project" TYPE="Section">
	<METS:structMap TYPE="Catalog">
		<METS:div TYPE="Chapter" LABEL="第一章 网络安全的体系结构" ORDERLABEL="1"><METS:fptr FILEID="00000013"/>
			<METS:div TYPE="Chapter" LABEL="1．1 计算机安全" ORDERLABEL="1"><METS:fptr FILEID="00000013"/>
				<METS:div TYPE="Chapter" LABEL="1．1．1 计算机系统的安全问题" ORDERLABEL="1"><METS:fptr FILEID="00000013"/>
				</METS:div>
				<METS:div TYPE="Chapter" LABEL="1．1．2 计算机系统的安全目标" ORDERLABEL="2"><METS:fptr FILEID="00000014"/>
				</METS:div>
				<METS:div TYPE="Chapter" LABEL="1．1．3 计算机系统安全的主要内容" ORDERLABEL="3"><METS:fptr FILEID="00000015"/>
				</METS:div>
				<METS:div TYPE="Chapter" LABEL="1．1．4 计算机系统的安全评估" ORDERLABEL="6"><METS:fptr FILEID="00000018"/>
				</METS:div>
			</METS:div>
			<METS:div TYPE="Chapter" LABEL="1．2 网络安全体系结构" ORDERLABEL="8"><METS:fptr FILEID="00000020"/>
				<METS:div TYPE="Chapter" LABEL="1．2．1 网络的安全问题" ORDERLABEL="8"><METS:fptr FILEID="00000020"/>
				</METS:div>
				<METS:div TYPE="Chapter" LABEL="1．2．2 网络安全服务" ORDERLABEL="10"><METS:fptr FILEID="00000022"/>
				</METS:div>
				<METS:div TYPE="Chapter" LABEL="1．2．3 网络安全机制" ORDERLABEL="10"><METS:fptr FILEID="00000022"/>
				</METS:div>
			</METS:div>
			<METS:div TYPE="Chapter" LABEL="1．3 计算机网络的安全管理" ORDERLABEL="11"><METS:fptr FILEID="00000023"/>
				<METS:div TYPE="Chapter" LABEL="1．3．1 网络安全管理的基本内容" ORDERLABEL="11"><METS:fptr FILEID="00000023"/>
				</METS:div>
				<METS:div TYPE="Chapter" LABEL="1．3．2 网络安全政策" ORDERLABEL="12"><METS:fptr FILEID="00000024"/>
				</METS:div>
				<METS:div TYPE="Chapter" LABEL="1．3．3 网络安全管理的实现" ORDERLABEL="15"><METS:fptr FILEID="00000027"/>
				</METS:div>
				<METS:div TYPE="Chapter" LABEL="1．3．4 网络安全事件处理" ORDERLABEL="16"><METS:fptr FILEID="00000028"/>
				</METS:div>
				<METS:div TYPE="Chapter" LABEL="1．3．5 网络安全管理机构" ORDERLABEL="18"><METS:fptr FILEID="00000030"/>
				</METS:div>
			</METS:div>
			<METS:div TYPE="Chapter" LABEL="1．4 计算机安全的一些法律问题" ORDERLABEL="22"><METS:fptr FILEID="00000034"/>
				<METS:div TYPE="Chapter" LABEL="1．4．1 一些有关计算机的法律" ORDERLABEL="22"><METS:fptr FILEID="00000034"/>
				</METS:div>
				<METS:div TYPE="Chapter" LABEL="1．4．2 计算机记录的法律价值" ORDERLABEL="22"><METS:fptr FILEID="00000034"/>
				</METS:div>
				<METS:div TYPE="Chapter" LABEL="1．4．3 举证责任的转移" ORDERLABEL="23"><METS:fptr FILEID="00000035"/>
				</METS:div>
				<METS:div TYPE="Chapter" LABEL="1．4．4 用户的行为规范" ORDERLABEL="23"><METS:fptr FILEID="00000035"/>
				</METS:div>
			</METS:div>
		</METS:div>
		<METS:div TYPE="Chapter" LABEL="第二章 数据加密技术" ORDERLABEL="25"><METS:fptr FILEID="00000037"/>
			<METS:div TYPE="Chapter" LABEL="2．1 概述" ORDERLABEL="25"><METS:fptr FILEID="00000037"/>
				<METS:div TYPE="Chapter" LABEL="2．1．1 加密的概念" ORDERLABEL="25"><METS:fptr FILEID="00000037"/>
				</METS:div>
				<METS:div TYPE="Chapter" LABEL="2．1．2 加密的基本方法" ORDERLABEL="26"><METS:fptr FILEID="00000038"/>
				</METS:div>
				<METS:div TYPE="Chapter" LABEL="2．1．3 密码体制" ORDERLABEL="27"><METS:fptr FILEID="00000039"/>
				</METS:div>
				<METS:div TYPE="Chapter" LABEL="2．1．4 加密系统的安全问题" ORDERLABEL="28"><METS:fptr FILEID="00000040"/>
				</METS:div>
				<METS:div TYPE="Chapter" LABEL="2．1．5 加密的使用" ORDERLABEL="30"><METS:fptr FILEID="00000042"/>
				</METS:div>
			</METS:div>
			<METS:div TYPE="Chapter" LABEL="2．2  对称密码体制" ORDERLABEL="32"><METS:fptr FILEID="00000044"/>
				<METS:div TYPE="Chapter" LABEL="2．2．1 一次一密密码体制" ORDERLABEL="32"><METS:fptr FILEID="00000044"/>
				</METS:div>
				<METS:div TYPE="Chapter" LABEL="2．2．2 分组加密" ORDERLABEL="32"><METS:fptr FILEID="00000044"/>
				</METS:div>
				<METS:div TYPE="Chapter" LABEL="2．2．3 DES" ORDERLABEL="33"><METS:fptr FILEID="00000045"/>
				</METS:div>
				<METS:div TYPE="Chapter" LABEL="2．2．4 IDEA" ORDERLABEL="40"><METS:fptr FILEID="00000052"/>
				</METS:div>
				<METS:div TYPE="Chapter" LABEL="2．2．5 大数据加密" ORDERLABEL="43"><METS:fptr FILEID="00000055"/>
				</METS:div>
				<METS:div TYPE="Chapter" LABEL="2．2．6 加重加密DES" ORDERLABEL="46"><METS:fptr FILEID="00000058"/>
				</METS:div>
			</METS:div>
			<METS:div TYPE="Chapter" LABEL="2．3 非对称密码体制" ORDERLABEL="47"><METS:fptr FILEID="00000059"/>
				<METS:div TYPE="Chapter" LABEL="2．3．1概论" ORDERLABEL="47"><METS:fptr FILEID="00000059"/>
				</METS:div>
				<METS:div TYPE="Chapter" LABEL="2．3．2 离散对数密码体制" ORDERLABEL="49"><METS:fptr FILEID="00000061"/>
				</METS:div>
				<METS:div TYPE="Chapter" LABEL="2．3．3 RSA密码体制" ORDERLABEL="51"><METS:fptr FILEID="00000063"/>
				</METS:div>
			</METS:div>
		</METS:div>
		<METS:div TYPE="Chapter" LABEL="第三章 密钥管理技术" ORDERLABEL="53"><METS:fptr FILEID="00000065"/>
			<METS:div TYPE="Chapter" LABEL="3．1 密钥的管理内容" ORDERLABEL="53"><METS:fptr FILEID="00000065"/>
				<METS:div TYPE="Chapter" LABEL="3．1．1 密钥的组织结构" ORDERLABEL="53"><METS:fptr FILEID="00000065"/>
				</METS:div>
				<METS:div TYPE="Chapter" LABEL="3．1．2 密钥的生成" ORDERLABEL="54"><METS:fptr FILEID="00000066"/>
				</METS:div>
				<METS:div TYPE="Chapter" LABEL="3．1．3 密钥的分配和传递" ORDERLABEL="55"><METS:fptr FILEID="00000067"/>
				</METS:div>
				<METS:div TYPE="Chapter" LABEL="3．1．4 密钥的验证" ORDERLABEL="55"><METS:fptr FILEID="00000067"/>
				</METS:div>
				<METS:div TYPE="Chapter" LABEL="3．1．5 密钥的保存" ORDERLABEL="55"><METS:fptr FILEID="00000067"/>
				</METS:div>
				<METS:div TYPE="Chapter" LABEL="3．1．6 密钥的使用、备份和销毁" ORDERLABEL="56"><METS:fptr FILEID="00000068"/>
				</METS:div>
			</METS:div>
			<METS:div TYPE="Chapter" LABEL="3．2 密钥的分配技术" ORDERLABEL="57"><METS:fptr FILEID="00000069"/>
				<METS:div TYPE="Chapter" LABEL="3．2．1 密钥分配中心方式KDC" ORDERLABEL="57"><METS:fptr FILEID="00000069"/>
				</METS:div>
				<METS:div TYPE="Chapter" LABEL="3．2．2 离散对数方法" ORDERLABEL="57"><METS:fptr FILEID="00000069"/>
				</METS:div>
				<METS:div TYPE="Chapter" LABEL="3．2．3 智能卡方法" ORDERLABEL="58"><METS:fptr FILEID="00000070"/>
				</METS:div>
				<METS:div TYPE="Chapter" LABEL="3．2．4 加密的密钥交换技术EKE" ORDERLABEL="58"><METS:fptr FILEID="00000070"/>
				</METS:div>
				<METS:div TYPE="Chapter" LABEL="3．2．5 增强的密钥协商方法" ORDERLABEL="59"><METS:fptr FILEID="00000071"/>
				</METS:div>
				<METS:div TYPE="Chapter" LABEL="3．2．6 组播密钥的分配" ORDERLABEL="59"><METS:fptr FILEID="00000071"/>
				</METS:div>
			</METS:div>
			<METS:div TYPE="Chapter" LABEL="3．3 公开密钥的全局管理体制" ORDERLABEL="60"><METS:fptr FILEID="00000072"/>
				<METS:div TYPE="Chapter" LABEL="3．3．1 基于X.509证书的PKI" ORDERLABEL="60"><METS:fptr FILEID="00000072"/>
				</METS:div>
				<METS:div TYPE="Chapter" LABEL="3．3．2 X.509v3证书" ORDERLABEL="64"><METS:fptr FILEID="00000076"/>
				</METS:div>
				<METS:div TYPE="Chapter" LABEL="3．3．3 X.509的证书撤销列表CRLv2" ORDERLABEL="68"><METS:fptr FILEID="00000080"/>
				</METS:div>
				<METS:div TYPE="Chapter" LABEL="3．3．4 X.509的存取操作" ORDERLABEL="70"><METS:fptr FILEID="00000082"/>
				</METS:div>
				<METS:div TYPE="Chapter" LABEL="3．3．5 X.509的管理操作" ORDERLABEL="71"><METS:fptr FILEID="00000083"/>
				</METS:div>
			</METS:div>
			<METS:div TYPE="Chapter" LABEL="3．4 SPKI-基于“授权”的证书体系" ORDERLABEL="74"><METS:fptr FILEID="00000086"/>
				<METS:div TYPE="Chapter" LABEL="3．4．1 基本概念" ORDERLABEL="74"><METS:fptr FILEID="00000086"/>
				</METS:div>
				<METS:div TYPE="Chapter" LABEL="3．4．2 SPKI“授权”证书的概念与格式" ORDERLABEL="77"><METS:fptr FILEID="00000089"/>
				</METS:div>
				<METS:div TYPE="Chapter" LABEL="3．4．3 SPKI证书链推导与授权传递" ORDERLABEL="79"><METS:fptr FILEID="00000091"/>
				</METS:div>
				<METS:div TYPE="Chapter" LABEL="3．4．4 SPKI组证书" ORDERLABEL="87"><METS:fptr FILEID="00000099"/>
				</METS:div>
				<METS:div TYPE="Chapter" LABEL="3．4．5 PKI与SPKI的比较" ORDERLABEL="87"><METS:fptr FILEID="00000099"/>
				</METS:div>
			</METS:div>
			<METS:div TYPE="Chapter" LABEL="3．5 组播通信的密钥管理" ORDERLABEL="89"><METS:fptr FILEID="00000101"/>
				<METS:div TYPE="Chapter" LABEL="3．5．1 基本方法" ORDERLABEL="89"><METS:fptr FILEID="00000101"/>
				</METS:div>
				<METS:div TYPE="Chapter" LABEL="3．5．2 面向CBT的源组播密钥分配" ORDERLABEL="90"><METS:fptr FILEID="00000102"/>
				</METS:div>
				<METS:div TYPE="Chapter" LABEL="3．5．3 组播密钥管理协议MKMP" ORDERLABEL="90"><METS:fptr FILEID="00000102"/>
				</METS:div>
			</METS:div>
			<METS:div TYPE="Chapter" LABEL="3．6 密钥托管系统" ORDERLABEL="91"><METS:fptr FILEID="00000103"/>
				<METS:div TYPE="Chapter" LABEL="3．6．1 概述" ORDERLABEL="91"><METS:fptr FILEID="00000103"/>
				</METS:div>
				<METS:div TYPE="Chapter" LABEL="3．6．2 SKIPJACK算法" ORDERLABEL="91"><METS:fptr FILEID="00000103"/>
				</METS:div>
				<METS:div TYPE="Chapter" LABEL="3．6．3 LEAF的创建方法" ORDERLABEL="92"><METS:fptr FILEID="00000104"/>
				</METS:div>
				<METS:div TYPE="Chapter" LABEL="3．6．4 KU的生成" ORDERLABEL="92"><METS:fptr FILEID="00000104"/>
				</METS:div>
				<METS:div TYPE="Chapter" LABEL="3．6．5 应用" ORDERLABEL="93"><METS:fptr FILEID="00000105"/>
				</METS:div>
			</METS:div>
		</METS:div>
		<METS:div TYPE="Chapter" LABEL="第四章 数据的完整性保护" ORDERLABEL="94"><METS:fptr FILEID="00000106"/>
			<METS:div TYPE="Chapter" LABEL="4．1 信息摘录技术" ORDERLABEL="94"><METS:fptr FILEID="00000106"/>
				<METS:div TYPE="Chapter" LABEL="4．1．1 概述" ORDERLABEL="94"><METS:fptr FILEID="00000106"/>
				</METS:div>
				<METS:div TYPE="Chapter" LABEL="4．1．2 MD2" ORDERLABEL="95"><METS:fptr FILEID="00000107"/>
				</METS:div>
				<METS:div TYPE="Chapter" LABEL="4．1．3 MD4" ORDERLABEL="96"><METS:fptr FILEID="00000108"/>
				</METS:div>
				<METS:div TYPE="Chapter" LABEL="4．1．4 MD5" ORDERLABEL="98"><METS:fptr FILEID="00000110"/>
				</METS:div>
				<METS:div TYPE="Chapter" LABEL="4．1．5 安全散列标准SHS" ORDERLABEL="100"><METS:fptr FILEID="00000112"/>
				</METS:div>
				<METS:div TYPE="Chapter" LABEL="4．1．6 HMAC" ORDERLABEL="100"><METS:fptr FILEID="00000112"/>
				</METS:div>
			</METS:div>
			<METS:div TYPE="Chapter" LABEL="4．2 数字签名技术" ORDERLABEL="101"><METS:fptr FILEID="00000113"/>
				<METS:div TYPE="Chapter" LABEL="4．2．1 一般概念" ORDERLABEL="101"><METS:fptr FILEID="00000113"/>
				</METS:div>
				<METS:div TYPE="Chapter" LABEL="4．2．2 基于非对称密码体制的数字签名" ORDERLABEL="102"><METS:fptr FILEID="00000114"/>
				</METS:div>
				<METS:div TYPE="Chapter" LABEL="4．2．3 基于对称密码体制的数字签名" ORDERLABEL="103"><METS:fptr FILEID="00000115"/>
				</METS:div>
				<METS:div TYPE="Chapter" LABEL="4．2．4 数字签名标准DSS" ORDERLABEL="103"><METS:fptr FILEID="00000115"/>
				</METS:div>
				<METS:div TYPE="Chapter" LABEL="4．2．5 零知识证明系统" ORDERLABEL="105"><METS:fptr FILEID="00000117"/>
				</METS:div>
				<METS:div TYPE="Chapter" LABEL="4．2．6 特殊签名技术" ORDERLABEL="106"><METS:fptr FILEID="00000118"/>
				</METS:div>
			</METS:div>
		</METS:div>
		<METS:div TYPE="Chapter" LABEL="第五章 数据鉴别技术及其应用" ORDERLABEL="110"><METS:fptr FILEID="00000122"/>
			<METS:div TYPE="Chapter" LABEL="5．1 概论" ORDERLABEL="110"><METS:fptr FILEID="00000122"/>
				<METS:div TYPE="Chapter" LABEL="5．1．1 鉴别服务" ORDERLABEL="110"><METS:fptr FILEID="00000122"/>
				</METS:div>
				<METS:div TYPE="Chapter" LABEL="5．1．2 报文鉴别" ORDERLABEL="112"><METS:fptr FILEID="00000124"/>
				</METS:div>
				<METS:div TYPE="Chapter" LABEL="5．1．3 身份鉴别" ORDERLABEL="113"><METS:fptr FILEID="00000125"/>
				</METS:div>
			</METS:div>
			<METS:div TYPE="Chapter" LABEL="5．2 基本鉴别方法" ORDERLABEL="115"><METS:fptr FILEID="00000127"/>
				<METS:div TYPE="Chapter" LABEL="5．2．1 单向鉴别" ORDERLABEL="115"><METS:fptr FILEID="00000127"/>
				</METS:div>
				<METS:div TYPE="Chapter" LABEL="5．2．2 双向鉴别" ORDERLABEL="119"><METS:fptr FILEID="00000131"/>
				</METS:div>
				<METS:div TYPE="Chapter" LABEL="5．2．3 可信中继" ORDERLABEL="120"><METS:fptr FILEID="00000132"/>
				</METS:div>
				<METS:div TYPE="Chapter" LABEL="5．2．4 群鉴别" ORDERLABEL="123"><METS:fptr FILEID="00000135"/>
				</METS:div>
			</METS:div>
			<METS:div TYPE="Chapter" LABEL="5．3 KERBEROS系统" ORDERLABEL="124"><METS:fptr FILEID="00000136"/>
				<METS:div TYPE="Chapter" LABEL="5．3．1 V4系统" ORDERLABEL="124"><METS:fptr FILEID="00000136"/>
				</METS:div>
				<METS:div TYPE="Chapter" LABEL="5．3．2 V5系统" ORDERLABEL="127"><METS:fptr FILEID="00000139"/>
				</METS:div>
			</METS:div>
			<METS:div TYPE="Chapter" LABEL="5．4 GSSAPIv2" ORDERLABEL="130"><METS:fptr FILEID="00000142"/>
				<METS:div TYPE="Chapter" LABEL="5．4．1 概述" ORDERLABEL="130"><METS:fptr FILEID="00000142"/>
				</METS:div>
				<METS:div TYPE="Chapter" LABEL="5．4．2 操作过程" ORDERLABEL="131"><METS:fptr FILEID="00000143"/>
				</METS:div>
				<METS:div TYPE="Chapter" LABEL="5．4．3 基于KERBEROSv5的GSSAPI" ORDERLABEL="132"><METS:fptr FILEID="00000144"/>
				</METS:div>
				<METS:div TYPE="Chapter" LABEL="5．4．4 基于公钥的GSSAPI" ORDERLABEL="133"><METS:fptr FILEID="00000145"/>
				</METS:div>
				<METS:div TYPE="Chapter" LABEL="5．4．5 SPNEGO" ORDERLABEL="133"><METS:fptr FILEID="00000145"/>
				</METS:div>
			</METS:div>
			<METS:div TYPE="Chapter" LABEL="5．5 公平数据服务" ORDERLABEL="134"><METS:fptr FILEID="00000146"/>
				<METS:div TYPE="Chapter" LABEL="5．5．1 时标服务" ORDERLABEL="134"><METS:fptr FILEID="00000146"/>
				</METS:div>
				<METS:div TYPE="Chapter" LABEL="5．5．2 信息承诺" ORDERLABEL="135"><METS:fptr FILEID="00000147"/>
				</METS:div>
				<METS:div TYPE="Chapter" LABEL="5．5．3 ANDOS" ORDERLABEL="136"><METS:fptr FILEID="00000148"/>
				</METS:div>
			</METS:div>
			<METS:div TYPE="Chapter" LABEL="5．6 电子货币" ORDERLABEL="137"><METS:fptr FILEID="00000149"/>
				<METS:div TYPE="Chapter" LABEL="5．6．1 概述" ORDERLABEL="137"><METS:fptr FILEID="00000149"/>
				</METS:div>
				<METS:div TYPE="Chapter" LABEL="5．6．2 货币协议" ORDERLABEL="139"><METS:fptr FILEID="00000151"/>
				</METS:div>
			</METS:div>
			<METS:div TYPE="Chapter" LABEL="5．7 网络选举" ORDERLABEL="144"><METS:fptr FILEID="00000156"/>
				<METS:div TYPE="Chapter" LABEL="5．7．1 概述" ORDERLABEL="144"><METS:fptr FILEID="00000156"/>
				</METS:div>
				<METS:div TYPE="Chapter" LABEL="5．7．2 基于盲签名的投票" ORDERLABEL="145"><METS:fptr FILEID="00000157"/>
				</METS:div>
				<METS:div TYPE="Chapter" LABEL="5．7．3 基于两个CTF的投票" ORDERLABEL="145"><METS:fptr FILEID="00000157"/>
				</METS:div>
				<METS:div TYPE="Chapter" LABEL="5．7．4 基于单一CTF的改进型投票" ORDERLABEL="146"><METS:fptr FILEID="00000158"/>
				</METS:div>
				<METS:div TYPE="Chapter" LABEL="5．7．5 无CTF的投票" ORDERLABEL="146"><METS:fptr FILEID="00000158"/>
				</METS:div>
			</METS:div>
		</METS:div>
		<METS:div TYPE="Chapter" LABEL="第六章 数据安全服务的应用" ORDERLABEL="148"><METS:fptr FILEID="00000160"/>
			<METS:div TYPE="Chapter" LABEL="6．1 PEM" ORDERLABEL="148"><METS:fptr FILEID="00000160"/>
				<METS:div TYPE="Chapter" LABEL="6．1．1 概述" ORDERLABEL="148"><METS:fptr FILEID="00000160"/>
				</METS:div>
				<METS:div TYPE="Chapter" LABEL="6．1．2 密钥建立与证书管理" ORDERLABEL="148"><METS:fptr FILEID="00000160"/>
				</METS:div>
				<METS:div TYPE="Chapter" LABEL="6．1．3 编码问题" ORDERLABEL="150"><METS:fptr FILEID="00000162"/>
				</METS:div>
				<METS:div TYPE="Chapter" LABEL="6．1．4 邮件内容的保护" ORDERLABEL="150"><METS:fptr FILEID="00000162"/>
				</METS:div>
				<METS:div TYPE="Chapter" LABEL="6．1．5 邮件的特殊传送方式" ORDERLABEL="151"><METS:fptr FILEID="00000163"/>
				</METS:div>
				<METS:div TYPE="Chapter" LABEL="6．1．6 PEM的信息结构" ORDERLABEL="152"><METS:fptr FILEID="00000164"/>
				</METS:div>
			</METS:div>
			<METS:div TYPE="Chapter" LABEL="6．2 PGP" ORDERLABEL="155"><METS:fptr FILEID="00000167"/>
				<METS:div TYPE="Chapter" LABEL="6．2．1 概述" ORDERLABEL="155"><METS:fptr FILEID="00000167"/>
				</METS:div>
				<METS:div TYPE="Chapter" LABEL="6．2．2 工作方式" ORDERLABEL="156"><METS:fptr FILEID="00000168"/>
				</METS:div>
				<METS:div TYPE="Chapter" LABEL="6．2．3 PGP的使用" ORDERLABEL="156"><METS:fptr FILEID="00000168"/>
				</METS:div>
				<METS:div TYPE="Chapter" LABEL="6．2．4 程序组织结构" ORDERLABEL="159"><METS:fptr FILEID="00000171"/>
				</METS:div>
				<METS:div TYPE="Chapter" LABEL="6．2．5 主要算法分析" ORDERLABEL="161"><METS:fptr FILEID="00000173"/>
				</METS:div>
				<METS:div TYPE="Chapter" LABEL="6．2．6 数学运算方法" ORDERLABEL="163"><METS:fptr FILEID="00000175"/>
				</METS:div>
				<METS:div TYPE="Chapter" LABEL="6．2．7 信息组织方式" ORDERLABEL="166"><METS:fptr FILEID="00000178"/>
				</METS:div>
				<METS:div TYPE="Chapter" LABEL="6．2．8 PGP的签名、密钥管理和信任传递" ORDERLABEL="172"><METS:fptr FILEID="00000184"/>
				</METS:div>
				<METS:div TYPE="Chapter" LABEL="6．2．9 PGP的安全性讨论" ORDERLABEL="174"><METS:fptr FILEID="00000186"/>
				</METS:div>
			</METS:div>
		</METS:div>
		<METS:div TYPE="Chapter" LABEL="第七章 访问控制" ORDERLABEL="176"><METS:fptr FILEID="00000188"/>
			<METS:div TYPE="Chapter" LABEL="7．1 主机的访问控制" ORDERLABEL="176"><METS:fptr FILEID="00000188"/>
				<METS:div TYPE="Chapter" LABEL="7．1．1 基本原理" ORDERLABEL="176"><METS:fptr FILEID="00000188"/>
				</METS:div>
				<METS:div TYPE="Chapter" LABEL="7．1．2 访问控制政策" ORDERLABEL="177"><METS:fptr FILEID="00000189"/>
				</METS:div>
			</METS:div>
			<METS:div TYPE="Chapter" LABEL="7．2 防火墙技术" ORDERLABEL="178"><METS:fptr FILEID="00000190"/>
				<METS:div TYPE="Chapter" LABEL="7．2．1 防火墙的体系结构" ORDERLABEL="178"><METS:fptr FILEID="00000190"/>
				</METS:div>
				<METS:div TYPE="Chapter" LABEL="7．2．2 IP级防火墙" ORDERLABEL="183"><METS:fptr FILEID="00000195"/>
				</METS:div>
				<METS:div TYPE="Chapter" LABEL="7．2．3 应用级防火墙" ORDERLABEL="192"><METS:fptr FILEID="00000204"/>
				</METS:div>
			</METS:div>
			<METS:div TYPE="Chapter" LABEL="7．3 SOCKS V5" ORDERLABEL="196"><METS:fptr FILEID="00000208"/>
				<METS:div TYPE="Chapter" LABEL="7．3．1 协议的基本框架" ORDERLABEL="196"><METS:fptr FILEID="00000208"/>
				</METS:div>
				<METS:div TYPE="Chapter" LABEL="7．3．2 常见的鉴别协议" ORDERLABEL="199"><METS:fptr FILEID="00000211"/>
				</METS:div>
				<METS:div TYPE="Chapter" LABEL="7．3．3 多重防火墙穿越技术" ORDERLABEL="201"><METS:fptr FILEID="00000213"/>
				</METS:div>
			</METS:div>
		</METS:div>
		<METS:div TYPE="Chapter" LABEL="第八章 网络安全监测技术" ORDERLABEL="203"><METS:fptr FILEID="00000215"/>
			<METS:div TYPE="Chapter" LABEL="8．1 网络攻击" ORDERLABEL="203"><METS:fptr FILEID="00000215"/>
				<METS:div TYPE="Chapter" LABEL="8．1．1 基本问题" ORDERLABEL="203"><METS:fptr FILEID="00000215"/>
				</METS:div>
				<METS:div TYPE="Chapter" LABEL="8．1．2 Internet蠕虫" ORDERLABEL="204"><METS:fptr FILEID="00000216"/>
				</METS:div>
				<METS:div TYPE="Chapter" LABEL="8．1．3 网络的入侵问题" ORDERLABEL="210"><METS:fptr FILEID="00000222"/>
				</METS:div>
			</METS:div>
			<METS:div TYPE="Chapter" LABEL="8．2 网络入侵技术" ORDERLABEL="212"><METS:fptr FILEID="00000224"/>
				<METS:div TYPE="Chapter" LABEL="8．2．1 对目标系统的信息获取" ORDERLABEL="212"><METS:fptr FILEID="00000224"/>
				</METS:div>
				<METS:div TYPE="Chapter" LABEL="8．2．2 通过漏洞进入系统" ORDERLABEL="214"><METS:fptr FILEID="00000226"/>
				</METS:div>
				<METS:div TYPE="Chapter" LABEL="8．2．3 获取特权用户" ORDERLABEL="218"><METS:fptr FILEID="00000230"/>
				</METS:div>
			</METS:div>
			<METS:div TYPE="Chapter" LABEL="8．3 网络攻击技术" ORDERLABEL="218"><METS:fptr FILEID="00000230"/>
				<METS:div TYPE="Chapter" LABEL="8．3．1 服务失效" ORDERLABEL="218"><METS:fptr FILEID="00000230"/>
				</METS:div>
				<METS:div TYPE="Chapter" LABEL="8．3．2 欺骗攻击" ORDERLABEL="222"><METS:fptr FILEID="00000234"/>
				</METS:div>
				<METS:div TYPE="Chapter" LABEL="8．3．3 TCP协议的安全威胁" ORDERLABEL="225"><METS:fptr FILEID="00000237"/>
				</METS:div>
				<METS:div TYPE="Chapter" LABEL="8．3．4 竞争条件" ORDERLABEL="228"><METS:fptr FILEID="00000240"/>
				</METS:div>
				<METS:div TYPE="Chapter" LABEL="8．3．5 栈瓦解" ORDERLABEL="228"><METS:fptr FILEID="00000240"/>
				</METS:div>
				<METS:div TYPE="Chapter" LABEL="8．3．6 堆溢出" ORDERLABEL="230"><METS:fptr FILEID="00000242"/>
				</METS:div>
				<METS:div TYPE="Chapter" LABEL="8．3．7 一些著名的面向客户的攻击方式" ORDERLABEL="232"><METS:fptr FILEID="00000244"/>
				</METS:div>
				<METS:div TYPE="Chapter" LABEL="8．3．8 后门技术" ORDERLABEL="232"><METS:fptr FILEID="00000244"/>
				</METS:div>
				<METS:div TYPE="Chapter" LABEL="8．3．9 组合型网络攻击" ORDERLABEL="236"><METS:fptr FILEID="00000248"/>
				</METS:div>
			</METS:div>
			<METS:div TYPE="Chapter" LABEL="8．4 安全防范和安全监测" ORDERLABEL="236"><METS:fptr FILEID="00000248"/>
				<METS:div TYPE="Chapter" LABEL="8．4．1 安全防范的基本原则" ORDERLABEL="236"><METS:fptr FILEID="00000248"/>
				</METS:div>
				<METS:div TYPE="Chapter" LABEL="8．4．2 安全监测技术" ORDERLABEL="240"><METS:fptr FILEID="00000252"/>
				</METS:div>
				<METS:div TYPE="Chapter" LABEL="8．4．3 安全监测框架" ORDERLABEL="247"><METS:fptr FILEID="00000259"/>
				</METS:div>
			</METS:div>
		</METS:div>
		<METS:div TYPE="Chapter" LABEL="第九章 Internet的基础设施安全" ORDERLABEL="256"><METS:fptr FILEID="00000268"/>
			<METS:div TYPE="Chapter" LABEL="9．1 DNS的安全性" ORDERLABEL="256"><METS:fptr FILEID="00000268"/>
				<METS:div TYPE="Chapter" LABEL="9．1．1 DNS实现中的安全问题" ORDERLABEL="256"><METS:fptr FILEID="00000268"/>
				</METS:div>
				<METS:div TYPE="Chapter" LABEL="9．1．2 增强的DNS" ORDERLABEL="258"><METS:fptr FILEID="00000270"/>
				</METS:div>
				<METS:div TYPE="Chapter" LABEL="9．1．3 安全的DNS信息动态更新" ORDERLABEL="260"><METS:fptr FILEID="00000272"/>
				</METS:div>
			</METS:div>
			<METS:div TYPE="Chapter" LABEL="9．2 IP安全协议工作组IPsec" ORDERLABEL="262"><METS:fptr FILEID="00000274"/>
				<METS:div TYPE="Chapter" LABEL="9．2．1 概述" ORDERLABEL="262"><METS:fptr FILEID="00000274"/>
				</METS:div>
				<METS:div TYPE="Chapter" LABEL="9．2．2 安全联系" ORDERLABEL="264"><METS:fptr FILEID="00000276"/>
				</METS:div>
				<METS:div TYPE="Chapter" LABEL="9．2．3 负载安全封装ESP" ORDERLABEL="268"><METS:fptr FILEID="00000280"/>
				</METS:div>
				<METS:div TYPE="Chapter" LABEL="9．2．4 IP鉴别头AH" ORDERLABEL="269"><METS:fptr FILEID="00000281"/>
				</METS:div>
				<METS:div TYPE="Chapter" LABEL="9．2．5 解释域DOI" ORDERLABEL="271"><METS:fptr FILEID="00000283"/>
				</METS:div>
				<METS:div TYPE="Chapter" LABEL="9．2．6 密钥交换协议IKE" ORDERLABEL="271"><METS:fptr FILEID="00000283"/>
				</METS:div>
				<METS:div TYPE="Chapter" LABEL="9．2．7 IPsec在IP漫游中的应用" ORDERLABEL="276"><METS:fptr FILEID="00000288"/>
				</METS:div>
				<METS:div TYPE="Chapter" LABEL="9．2．8 其他IPsec内容" ORDERLABEL="278"><METS:fptr FILEID="00000290"/>
				</METS:div>
			</METS:div>
			<METS:div TYPE="Chapter" LABEL="9．3 网络传输服务的安全性" ORDERLABEL="278"><METS:fptr FILEID="00000290"/>
				<METS:div TYPE="Chapter" LABEL="9．3．1 TLS" ORDERLABEL="278"><METS:fptr FILEID="00000290"/>
				</METS:div>
				<METS:div TYPE="Chapter" LABEL="9．3．2 Secure Shell" ORDERLABEL="283"><METS:fptr FILEID="00000295"/>
				</METS:div>
				<METS:div TYPE="Chapter" LABEL="9．3．3 WTS" ORDERLABEL="288"><METS:fptr FILEID="00000300"/>
				</METS:div>
			</METS:div>
		</METS:div>
	</METS:structMap>
</METS:mets>
