<?xml version="1.0" encoding="utf-8"?>
<METS:mets xmlns:METS="http://www.loc.gov/METS/" xmlns:xsi="http://www.w3.org/2001/XMLSchema-instance" xmlns:gdm="http://sunsite.berkeley.edu/GDM/" xmlns:xlink="http://www.w3.org/TR/xlink" xsi:schemalocation="http://www.loc.gov/METS/http://www.loc.gov/standards/mets/mets.xsd" LABEL="Zhejiang University.jdl.China-America digital library project" TYPE="Section">
	<METS:structMap TYPE="Catalog">
		<METS:div TYPE="Chapter" LABEL="第一部分 计算机网络原理" ORDERLABEL="1"><METS:fptr FILEID="00000020"/>
			<METS:div TYPE="Chapter" LABEL="第1章 计算机网络概论" ORDERLABEL="1"><METS:fptr FILEID="00000020"/>
				<METS:div TYPE="Chapter" LABEL="本章学习目标" ORDERLABEL="1"><METS:fptr FILEID="00000020"/>
				</METS:div>
				<METS:div TYPE="Chapter" LABEL="1.1 计算机网络的产生与发展" ORDERLABEL="1"><METS:fptr FILEID="00000020"/>
					<METS:div TYPE="Chapter" LABEL="1.1.1 计算机网络的产生" ORDERLABEL="1"><METS:fptr FILEID="00000020"/>
					</METS:div>
					<METS:div TYPE="Chapter" LABEL="1.1.2 计算机网络的发展" ORDERLABEL="4"><METS:fptr FILEID="00000023"/>
					</METS:div>
					<METS:div TYPE="Chapter" LABEL="1.1.3 计算机网络系统的发展趋势" ORDERLABEL="6"><METS:fptr FILEID="00000025"/>
					</METS:div>
					<METS:div TYPE="Chapter" LABEL="1.1.4 计算机网络与分布式计算机系统" ORDERLABEL="8"><METS:fptr FILEID="00000027"/>
					</METS:div>
					<METS:div TYPE="Chapter" LABEL="1.1.5 计算机网络对社会信息化发展的影响" ORDERLABEL="11"><METS:fptr FILEID="00000030"/>
					</METS:div>
					<METS:div TYPE="Chapter" LABEL="1.1.6 我国计算机网络的发展" ORDERLABEL="13"><METS:fptr FILEID="00000032"/>
					</METS:div>
				</METS:div>
				<METS:div TYPE="Chapter" LABEL="1.2 计算机网络的组成" ORDERLABEL="17"><METS:fptr FILEID="00000036"/>
					<METS:div TYPE="Chapter" LABEL="1.2.1 网络节点" ORDERLABEL="17"><METS:fptr FILEID="00000036"/>
					</METS:div>
					<METS:div TYPE="Chapter" LABEL="1.2.2 计算机网络系统的构型" ORDERLABEL="18"><METS:fptr FILEID="00000037"/>
					</METS:div>
					<METS:div TYPE="Chapter" LABEL="1.2.3 计算机网络系统的组成" ORDERLABEL="18"><METS:fptr FILEID="00000037"/>
					</METS:div>
				</METS:div>
				<METS:div TYPE="Chapter" LABEL="1.3 计算机网络的分类" ORDERLABEL="20"><METS:fptr FILEID="00000039"/>
					<METS:div TYPE="Chapter" LABEL="1.3.1 根据网络的传输技术进行分类" ORDERLABEL="21"><METS:fptr FILEID="00000040"/>
					</METS:div>
					<METS:div TYPE="Chapter" LABEL="1.3.2 根据网络的覆盖范围进行分类" ORDERLABEL="21"><METS:fptr FILEID="00000040"/>
					</METS:div>
				</METS:div>
				<METS:div TYPE="Chapter" LABEL="1.4 计算机网络的拓扑结构" ORDERLABEL="22"><METS:fptr FILEID="00000041"/>
					<METS:div TYPE="Chapter" LABEL="1.4.1 计算机网络拓扑的概念" ORDERLABEL="22"><METS:fptr FILEID="00000041"/>
					</METS:div>
					<METS:div TYPE="Chapter" LABEL="1.4.2 网络拓扑分类方法" ORDERLABEL="22"><METS:fptr FILEID="00000041"/>
					</METS:div>
				</METS:div>
				<METS:div TYPE="Chapter" LABEL="1.5 思考题" ORDERLABEL="23"><METS:fptr FILEID="00000042"/>
				</METS:div>
			</METS:div>
			<METS:div TYPE="Chapter" LABEL="第2章 数据通信基础" ORDERLABEL="25"><METS:fptr FILEID="00000044"/>
				<METS:div TYPE="Chapter" LABEL="本章学习目标" ORDERLABEL="25"><METS:fptr FILEID="00000044"/>
				</METS:div>
				<METS:div TYPE="Chapter" LABEL="2.1 概述" ORDERLABEL="25"><METS:fptr FILEID="00000044"/>
					<METS:div TYPE="Chapter" LABEL="2.1.1 数据通信的基本概念" ORDERLABEL="25"><METS:fptr FILEID="00000044"/>
					</METS:div>
					<METS:div TYPE="Chapter" LABEL="2.1.2 数据通信系统的主要质量指标" ORDERLABEL="28"><METS:fptr FILEID="00000047"/>
					</METS:div>
				</METS:div>
				<METS:div TYPE="Chapter" LABEL="2.2 数据调制与编码" ORDERLABEL="30"><METS:fptr FILEID="00000049"/>
					<METS:div TYPE="Chapter" LABEL="2.2.1 数字数据的数字信号编码" ORDERLABEL="30"><METS:fptr FILEID="00000049"/>
					</METS:div>
					<METS:div TYPE="Chapter" LABEL="2.2.2 数字数据的模拟信号编码" ORDERLABEL="33"><METS:fptr FILEID="00000052"/>
					</METS:div>
					<METS:div TYPE="Chapter" LABEL="2.2.3 模拟数据的数字信号编码" ORDERLABEL="34"><METS:fptr FILEID="00000053"/>
					</METS:div>
				</METS:div>
				<METS:div TYPE="Chapter" LABEL="2.3 多路复用技术" ORDERLABEL="35"><METS:fptr FILEID="00000054"/>
					<METS:div TYPE="Chapter" LABEL="2.3.1 频分多路复用" ORDERLABEL="35"><METS:fptr FILEID="00000054"/>
					</METS:div>
					<METS:div TYPE="Chapter" LABEL="2.3.2 时分多路复用" ORDERLABEL="36"><METS:fptr FILEID="00000055"/>
					</METS:div>
				</METS:div>
				<METS:div TYPE="Chapter" LABEL="2.4 异步与同步通信" ORDERLABEL="37"><METS:fptr FILEID="00000056"/>
				</METS:div>
				<METS:div TYPE="Chapter" LABEL="2.5 数据传输介质" ORDERLABEL="38"><METS:fptr FILEID="00000057"/>
					<METS:div TYPE="Chapter" LABEL="2.5.1 双绞线" ORDERLABEL="38"><METS:fptr FILEID="00000057"/>
					</METS:div>
					<METS:div TYPE="Chapter" LABEL="2.5.2 同轴电缆" ORDERLABEL="39"><METS:fptr FILEID="00000058"/>
					</METS:div>
					<METS:div TYPE="Chapter" LABEL="2.5.3 光纤" ORDERLABEL="40"><METS:fptr FILEID="00000059"/>
					</METS:div>
					<METS:div TYPE="Chapter" LABEL="2.5.4 无线电短波通信" ORDERLABEL="43"><METS:fptr FILEID="00000062"/>
					</METS:div>
					<METS:div TYPE="Chapter" LABEL="2.5.5 地面微波接力通信" ORDERLABEL="43"><METS:fptr FILEID="00000062"/>
					</METS:div>
					<METS:div TYPE="Chapter" LABEL="2.5.6 红外线和激光" ORDERLABEL="44"><METS:fptr FILEID="00000063"/>
					</METS:div>
					<METS:div TYPE="Chapter" LABEL="2.5.7 卫星通信" ORDERLABEL="44"><METS:fptr FILEID="00000063"/>
					</METS:div>
					<METS:div TYPE="Chapter" LABEL="2.5.8 VSAT卫星通信" ORDERLABEL="44"><METS:fptr FILEID="00000063"/>
					</METS:div>
				</METS:div>
				<METS:div TYPE="Chapter" LABEL="2.6 差错控制与校验" ORDERLABEL="45"><METS:fptr FILEID="00000064"/>
					<METS:div TYPE="Chapter" LABEL="2.6.1 基本概念" ORDERLABEL="45"><METS:fptr FILEID="00000064"/>
					</METS:div>
					<METS:div TYPE="Chapter" LABEL="2.6.2 常用的差错控制编码" ORDERLABEL="47"><METS:fptr FILEID="00000066"/>
					</METS:div>
				</METS:div>
				<METS:div TYPE="Chapter" LABEL="2.7 信息交换技术" ORDERLABEL="49"><METS:fptr FILEID="00000068"/>
					<METS:div TYPE="Chapter" LABEL="2.7.1 线路交换" ORDERLABEL="49"><METS:fptr FILEID="00000068"/>
					</METS:div>
					<METS:div TYPE="Chapter" LABEL="2.7.2 报文交换" ORDERLABEL="50"><METS:fptr FILEID="00000069"/>
					</METS:div>
					<METS:div TYPE="Chapter" LABEL="2.7.3 分组交换" ORDERLABEL="51"><METS:fptr FILEID="00000070"/>
					</METS:div>
					<METS:div TYPE="Chapter" LABEL="2.7.4 三种数据交换技术的比较" ORDERLABEL="51"><METS:fptr FILEID="00000070"/>
					</METS:div>
					<METS:div TYPE="Chapter" LABEL="2.7.5 其他数据交换技术" ORDERLABEL="52"><METS:fptr FILEID="00000071"/>
					</METS:div>
				</METS:div>
				<METS:div TYPE="Chapter" LABEL="2.8 思考题" ORDERLABEL="53"><METS:fptr FILEID="00000072"/>
				</METS:div>
			</METS:div>
			<METS:div TYPE="Chapter" LABEL="第3章 计算机网络体系结构" ORDERLABEL="54"><METS:fptr FILEID="00000073"/>
				<METS:div TYPE="Chapter" LABEL="本章学习目标" ORDERLABEL="54"><METS:fptr FILEID="00000073"/>
				</METS:div>
				<METS:div TYPE="Chapter" LABEL="3.1 网络体系结构概述" ORDERLABEL="54"><METS:fptr FILEID="00000073"/>
				</METS:div>
				<METS:div TYPE="Chapter" LABEL="3.2 OSI/RM中的重要概念" ORDERLABEL="56"><METS:fptr FILEID="00000075"/>
					<METS:div TYPE="Chapter" LABEL="3.2.1 协议和服务的区别及相互关系" ORDERLABEL="56"><METS:fptr FILEID="00000075"/>
					</METS:div>
					<METS:div TYPE="Chapter" LABEL="3.2.2 服务访问点" ORDERLABEL="57"><METS:fptr FILEID="00000076"/>
					</METS:div>
					<METS:div TYPE="Chapter" LABEL="3.2.3 数据单元" ORDERLABEL="57"><METS:fptr FILEID="00000076"/>
					</METS:div>
					<METS:div TYPE="Chapter" LABEL="3.2.4 服务原语" ORDERLABEL="58"><METS:fptr FILEID="00000077"/>
					</METS:div>
					<METS:div TYPE="Chapter" LABEL="3.2.5 OSI/RM特点分析" ORDERLABEL="59"><METS:fptr FILEID="00000078"/>
					</METS:div>
				</METS:div>
				<METS:div TYPE="Chapter" LABEL="3.3 物理层" ORDERLABEL="59"><METS:fptr FILEID="00000078"/>
					<METS:div TYPE="Chapter" LABEL="3.3.1 DTE和DCE" ORDERLABEL="60"><METS:fptr FILEID="00000079"/>
					</METS:div>
					<METS:div TYPE="Chapter" LABEL="3.3.2 EIA-232-D/V.24 接口标准" ORDERLABEL="60"><METS:fptr FILEID="00000079"/>
					</METS:div>
					<METS:div TYPE="Chapter" LABEL="3.3.3 RS-449/V.35 的信号定义" ORDERLABEL="63"><METS:fptr FILEID="00000082"/>
					</METS:div>
				</METS:div>
				<METS:div TYPE="Chapter" LABEL="3.4 数据链路层" ORDERLABEL="63"><METS:fptr FILEID="00000082"/>
					<METS:div TYPE="Chapter" LABEL="3.4.1 数据链路层的基本概念" ORDERLABEL="63"><METS:fptr FILEID="00000082"/>
					</METS:div>
					<METS:div TYPE="Chapter" LABEL="3.4.2 具有最简单流量控制的数据链路层协议" ORDERLABEL="64"><METS:fptr FILEID="00000083"/>
					</METS:div>
					<METS:div TYPE="Chapter" LABEL="3.4.3 滑动窗口协议" ORDERLABEL="64"><METS:fptr FILEID="00000083"/>
					</METS:div>
					<METS:div TYPE="Chapter" LABEL="3.4.4 高级数据链路控制HDLC" ORDERLABEL="66"><METS:fptr FILEID="00000085"/>
					</METS:div>
				</METS:div>
				<METS:div TYPE="Chapter" LABEL="3.5 网络层" ORDERLABEL="68"><METS:fptr FILEID="00000087"/>
					<METS:div TYPE="Chapter" LABEL="3.5.1 面向连接服务" ORDERLABEL="68"><METS:fptr FILEID="00000087"/>
					</METS:div>
					<METS:div TYPE="Chapter" LABEL="3.5.2 无连接服务" ORDERLABEL="68"><METS:fptr FILEID="00000087"/>
					</METS:div>
					<METS:div TYPE="Chapter" LABEL="3.5.3 虚电路服务与数据服务" ORDERLABEL="69"><METS:fptr FILEID="00000088"/>
					</METS:div>
				</METS:div>
				<METS:div TYPE="Chapter" LABEL="3.6 公共数据网网络协议X.25" ORDERLABEL="70"><METS:fptr FILEID="00000089"/>
					<METS:div TYPE="Chapter" LABEL="3.6.1 X.25产生背景及其层次结构" ORDERLABEL="70"><METS:fptr FILEID="00000089"/>
					</METS:div>
					<METS:div TYPE="Chapter" LABEL="3.6.2 X.25设备和协议的工作原理" ORDERLABEL="70"><METS:fptr FILEID="00000089"/>
					</METS:div>
					<METS:div TYPE="Chapter" LABEL="3.6.3 X.25分组层" ORDERLABEL="71"><METS:fptr FILEID="00000090"/>
					</METS:div>
				</METS:div>
				<METS:div TYPE="Chapter" LABEL="3.7 传输层" ORDERLABEL="72"><METS:fptr FILEID="00000091"/>
					<METS:div TYPE="Chapter" LABEL="3.7.1 传输层在OSI/RM中的作用" ORDERLABEL="72"><METS:fptr FILEID="00000091"/>
					</METS:div>
					<METS:div TYPE="Chapter" LABEL="3.7.2 传输协议的分类" ORDERLABEL="72"><METS:fptr FILEID="00000091"/>
					</METS:div>
					<METS:div TYPE="Chapter" LABEL="3.7.3 传输服务" ORDERLABEL="73"><METS:fptr FILEID="00000092"/>
					</METS:div>
				</METS:div>
				<METS:div TYPE="Chapter" LABEL="3.8 传输控制协议TCP" ORDERLABEL="74"><METS:fptr FILEID="00000093"/>
					<METS:div TYPE="Chapter" LABEL="3.8.1 TCP/IP基本概念" ORDERLABEL="74"><METS:fptr FILEID="00000093"/>
					</METS:div>
					<METS:div TYPE="Chapter" LABEL="3.8.2 TCP报文段格式" ORDERLABEL="75"><METS:fptr FILEID="00000094"/>
					</METS:div>
					<METS:div TYPE="Chapter" LABEL="3.8.3 IP分组格式" ORDERLABEL="76"><METS:fptr FILEID="00000095"/>
					</METS:div>
				</METS:div>
				<METS:div TYPE="Chapter" LABEL="3.9 会话层" ORDERLABEL="78"><METS:fptr FILEID="00000097"/>
					<METS:div TYPE="Chapter" LABEL="3.9.1 会话层的基本概念" ORDERLABEL="78"><METS:fptr FILEID="00000097"/>
					</METS:div>
					<METS:div TYPE="Chapter" LABEL="3.9.2 会话层的服务" ORDERLABEL="80"><METS:fptr FILEID="00000099"/>
					</METS:div>
					<METS:div TYPE="Chapter" LABEL="3.9.3 会话层的协议机制" ORDERLABEL="80"><METS:fptr FILEID="00000099"/>
					</METS:div>
				</METS:div>
				<METS:div TYPE="Chapter" LABEL="3.10 表示层" ORDERLABEL="80"><METS:fptr FILEID="00000099"/>
					<METS:div TYPE="Chapter" LABEL="3.10.1 语法与语义" ORDERLABEL="81"><METS:fptr FILEID="00000100"/>
					</METS:div>
					<METS:div TYPE="Chapter" LABEL="3.10.2 语法转换" ORDERLABEL="81"><METS:fptr FILEID="00000100"/>
					</METS:div>
					<METS:div TYPE="Chapter" LABEL="3.10.3 表示上下文" ORDERLABEL="82"><METS:fptr FILEID="00000101"/>
					</METS:div>
					<METS:div TYPE="Chapter" LABEL="3.10.4 表示服务原语" ORDERLABEL="82"><METS:fptr FILEID="00000101"/>
					</METS:div>
				</METS:div>
				<METS:div TYPE="Chapter" LABEL="3.11 应用层" ORDERLABEL="82"><METS:fptr FILEID="00000101"/>
					<METS:div TYPE="Chapter" LABEL="3.11.1 应用层的基本概念" ORDERLABEL="82"><METS:fptr FILEID="00000101"/>
					</METS:div>
					<METS:div TYPE="Chapter" LABEL="3.11.2 报文处理系统MHS" ORDERLABEL="84"><METS:fptr FILEID="00000103"/>
					</METS:div>
					<METS:div TYPE="Chapter" LABEL="3.11.3 文件传送、存取和管理FTAM" ORDERLABEL="87"><METS:fptr FILEID="00000106"/>
					</METS:div>
				</METS:div>
				<METS:div TYPE="Chapter" LABEL="3.12 思考题" ORDERLABEL="88"><METS:fptr FILEID="00000107"/>
				</METS:div>
			</METS:div>
			<METS:div TYPE="Chapter" LABEL="第4章 计算机局域网" ORDERLABEL="89"><METS:fptr FILEID="00000108"/>
				<METS:div TYPE="Chapter" LABEL="本章学习目标" ORDERLABEL="89"><METS:fptr FILEID="00000108"/>
				</METS:div>
				<METS:div TYPE="Chapter" LABEL="4.1 局域网概述" ORDERLABEL="89"><METS:fptr FILEID="00000108"/>
					<METS:div TYPE="Chapter" LABEL="4.1.1 局域网的定义和组成" ORDERLABEL="89"><METS:fptr FILEID="00000108"/>
					</METS:div>
					<METS:div TYPE="Chapter" LABEL="4.1.2 局域网的分类" ORDERLABEL="90"><METS:fptr FILEID="00000109"/>
					</METS:div>
				</METS:div>
				<METS:div TYPE="Chapter" LABEL="4.2 局域网介访问控制方式" ORDERLABEL="90"><METS:fptr FILEID="00000109"/>
					<METS:div TYPE="Chapter" LABEL="4.2.1 载波侦听多路访问/冲突检测法" ORDERLABEL="90"><METS:fptr FILEID="00000109"/>
					</METS:div>
					<METS:div TYPE="Chapter" LABEL="4.2.2 令牌环访问控制方式" ORDERLABEL="92"><METS:fptr FILEID="00000111"/>
					</METS:div>
					<METS:div TYPE="Chapter" LABEL="4.2.3 令牌总线访问控制方式" ORDERLABEL="94"><METS:fptr FILEID="00000113"/>
					</METS:div>
				</METS:div>
				<METS:div TYPE="Chapter" LABEL="4.3 局域网体系结构" ORDERLABEL="94"><METS:fptr FILEID="00000113"/>
					<METS:div TYPE="Chapter" LABEL="4.3.1 局域网参考模型" ORDERLABEL="94"><METS:fptr FILEID="00000113"/>
					</METS:div>
					<METS:div TYPE="Chapter" LABEL="4.3.2 IEEE802标准" ORDERLABEL="96"><METS:fptr FILEID="00000115"/>
					</METS:div>
				</METS:div>
				<METS:div TYPE="Chapter" LABEL="4.4 局域网组网技术" ORDERLABEL="97"><METS:fptr FILEID="00000116"/>
					<METS:div TYPE="Chapter" LABEL="4.4.1 以太网" ORDERLABEL="97"><METS:fptr FILEID="00000116"/>
					</METS:div>
					<METS:div TYPE="Chapter" LABEL="4.4.2 快速以太网" ORDERLABEL="98"><METS:fptr FILEID="00000117"/>
					</METS:div>
					<METS:div TYPE="Chapter" LABEL="4.4.3 千兆位以太网" ORDERLABEL="101"><METS:fptr FILEID="00000120"/>
					</METS:div>
					<METS:div TYPE="Chapter" LABEL="4.4.4 令牌环网络" ORDERLABEL="104"><METS:fptr FILEID="00000123"/>
					</METS:div>
					<METS:div TYPE="Chapter" LABEL="4.4.5 FDDI光纤环网" ORDERLABEL="106"><METS:fptr FILEID="00000125"/>
					</METS:div>
					<METS:div TYPE="Chapter" LABEL="4.4.6 ATM局域网" ORDERLABEL="108"><METS:fptr FILEID="00000127"/>
					</METS:div>
				</METS:div>
				<METS:div TYPE="Chapter" LABEL="4.5 局域网操作系统" ORDERLABEL="112"><METS:fptr FILEID="00000131"/>
					<METS:div TYPE="Chapter" LABEL="4.5.1 网络操作系统概述" ORDERLABEL="112"><METS:fptr FILEID="00000131"/>
					</METS:div>
					<METS:div TYPE="Chapter" LABEL="4.5.2 局域网络操作系统的分类" ORDERLABEL="112"><METS:fptr FILEID="00000131"/>
					</METS:div>
					<METS:div TYPE="Chapter" LABEL="4.5.3 局域网操作系统的基本功能" ORDERLABEL="114"><METS:fptr FILEID="00000133"/>
					</METS:div>
					<METS:div TYPE="Chapter" LABEL="4.5.4 几种典型的局域网操作系统" ORDERLABEL="115"><METS:fptr FILEID="00000134"/>
					</METS:div>
				</METS:div>
				<METS:div TYPE="Chapter" LABEL="4.6 思考题" ORDERLABEL="116"><METS:fptr FILEID="00000135"/>
				</METS:div>
			</METS:div>
			<METS:div TYPE="Chapter" LABEL="第5章 网络互连与Iternet" ORDERLABEL="118"><METS:fptr FILEID="00000137"/>
				<METS:div TYPE="Chapter" LABEL="本章学习目标" ORDERLABEL="118"><METS:fptr FILEID="00000137"/>
				</METS:div>
				<METS:div TYPE="Chapter" LABEL="5.1 网络互连" ORDERLABEL="118"><METS:fptr FILEID="00000137"/>
					<METS:div TYPE="Chapter" LABEL="5.1.1 网络互连的概念" ORDERLABEL="118"><METS:fptr FILEID="00000137"/>
					</METS:div>
					<METS:div TYPE="Chapter" LABEL="5.1.2 网络互连设备" ORDERLABEL="119"><METS:fptr FILEID="00000138"/>
					</METS:div>
				</METS:div>
				<METS:div TYPE="Chapter" LABEL="5.2 Internet" ORDERLABEL="123"><METS:fptr FILEID="00000142"/>
					<METS:div TYPE="Chapter" LABEL="5.2.1 Internet的基本概念" ORDERLABEL="123"><METS:fptr FILEID="00000142"/>
					</METS:div>
					<METS:div TYPE="Chapter" LABEL="5.2.2 Internet的组成" ORDERLABEL="123"><METS:fptr FILEID="00000142"/>
					</METS:div>
					<METS:div TYPE="Chapter" LABEL="5.2.3 Internet的连接方式" ORDERLABEL="124"><METS:fptr FILEID="00000143"/>
					</METS:div>
					<METS:div TYPE="Chapter" LABEL="5.2.4 Internet的地址" ORDERLABEL="127"><METS:fptr FILEID="00000146"/>
					</METS:div>
					<METS:div TYPE="Chapter" LABEL="5.2.5 Internet网络基本服务" ORDERLABEL="130"><METS:fptr FILEID="00000149"/>
					</METS:div>
					<METS:div TYPE="Chapter" LABEL="5.2.6 WWW服务" ORDERLABEL="134"><METS:fptr FILEID="00000153"/>
					</METS:div>
					<METS:div TYPE="Chapter" LABEL="5.2.7 Internet其他应用工具" ORDERLABEL="136"><METS:fptr FILEID="00000155"/>
					</METS:div>
					<METS:div TYPE="Chapter" LABEL="5.2.8 Internet Explorer的基本功能" ORDERLABEL="138"><METS:fptr FILEID="00000157"/>
					</METS:div>
					<METS:div TYPE="Chapter" LABEL="5.2.9 Outlook Express的基本功能" ORDERLABEL="143"><METS:fptr FILEID="00000162"/>
					</METS:div>
				</METS:div>
				<METS:div TYPE="Chapter" LABEL="5.3 思考题" ORDERLABEL="147"><METS:fptr FILEID="00000166"/>
				</METS:div>
			</METS:div>
		</METS:div>
		<METS:div TYPE="Chapter" LABEL="第二部分 Windows 2000组网技术" ORDERLABEL="149"><METS:fptr FILEID="00000168"/>
			<METS:div TYPE="Chapter" LABEL="第6章 Windows 2000简介及安装" ORDERLABEL="149"><METS:fptr FILEID="00000168"/>
				<METS:div TYPE="Chapter" LABEL="本章学习目标" ORDERLABEL="149"><METS:fptr FILEID="00000168"/>
				</METS:div>
				<METS:div TYPE="Chapter" LABEL="6.1 Windows 2000的简介" ORDERLABEL="149"><METS:fptr FILEID="00000168"/>
				</METS:div>
				<METS:div TYPE="Chapter" LABEL="6.2 Windows 2000的特点" ORDERLABEL="150"><METS:fptr FILEID="00000169"/>
				</METS:div>
				<METS:div TYPE="Chapter" LABEL="6.3 Windows 2000的网络类型" ORDERLABEL="152"><METS:fptr FILEID="00000171"/>
				</METS:div>
				<METS:div TYPE="Chapter" LABEL="6.4 Windows 2000的安装" ORDERLABEL="153"><METS:fptr FILEID="00000172"/>
					<METS:div TYPE="Chapter" LABEL="6.4.1 安装 Windows 2000的硬件准备" ORDERLABEL="153"><METS:fptr FILEID="00000172"/>
					</METS:div>
					<METS:div TYPE="Chapter" LABEL="6.4.2 Windows 2000的安装" ORDERLABEL="155"><METS:fptr FILEID="00000174"/>
					</METS:div>
				</METS:div>
				<METS:div TYPE="Chapter" LABEL="6.5 思考题" ORDERLABEL="158"><METS:fptr FILEID="00000177"/>
				</METS:div>
			</METS:div>
			<METS:div TYPE="Chapter" LABEL="第7章 使用和管理 Windows 2000活动目录" ORDERLABEL="159"><METS:fptr FILEID="00000178"/>
				<METS:div TYPE="Chapter" LABEL="本章学习目标" ORDERLABEL="159"><METS:fptr FILEID="00000178"/>
				</METS:div>
				<METS:div TYPE="Chapter" LABEL="7.1 活动目录" ORDERLABEL="159"><METS:fptr FILEID="00000178"/>
					<METS:div TYPE="Chapter" LABEL="7.1.1 活动目录简介" ORDERLABEL="159"><METS:fptr FILEID="00000178"/>
					</METS:div>
					<METS:div TYPE="Chapter" LABEL="7.1.2 活动目录的优点" ORDERLABEL="160"><METS:fptr FILEID="00000179"/>
					</METS:div>
					<METS:div TYPE="Chapter" LABEL="7.1.3 安装活动目录" ORDERLABEL="162"><METS:fptr FILEID="00000181"/>
					</METS:div>
					<METS:div TYPE="Chapter" LABEL="7.1.4 活动目录用户和计算机控制台的使用" ORDERLABEL="166"><METS:fptr FILEID="00000185"/>
					</METS:div>
				</METS:div>
				<METS:div TYPE="Chapter" LABEL="7.2 组织单位的管理" ORDERLABEL="168"><METS:fptr FILEID="00000187"/>
					<METS:div TYPE="Chapter" LABEL="7.2.1 添加组织单位" ORDERLABEL="169"><METS:fptr FILEID="00000188"/>
					</METS:div>
					<METS:div TYPE="Chapter" LABEL="7.2.2 删除组织单位" ORDERLABEL="169"><METS:fptr FILEID="00000188"/>
					</METS:div>
					<METS:div TYPE="Chapter" LABEL="7.2.3 设置组织单位属性" ORDERLABEL="169"><METS:fptr FILEID="00000188"/>
					</METS:div>
				</METS:div>
				<METS:div TYPE="Chapter" LABEL="7.3 用户账户的管理" ORDERLABEL="171"><METS:fptr FILEID="00000190"/>
					<METS:div TYPE="Chapter" LABEL="7.3.1 用户账户的类型" ORDERLABEL="171"><METS:fptr FILEID="00000190"/>
					</METS:div>
					<METS:div TYPE="Chapter" LABEL="7.3.2 内置的用户账户" ORDERLABEL="172"><METS:fptr FILEID="00000191"/>
					</METS:div>
					<METS:div TYPE="Chapter" LABEL="7.3.3 建立域用户账户" ORDERLABEL="172"><METS:fptr FILEID="00000191"/>
					</METS:div>
					<METS:div TYPE="Chapter" LABEL="7.3.4 域用户账户的属性设置" ORDERLABEL="174"><METS:fptr FILEID="00000193"/>
					</METS:div>
					<METS:div TYPE="Chapter" LABEL="7.3.5 管理域用户账户" ORDERLABEL="176"><METS:fptr FILEID="00000195"/>
					</METS:div>
					<METS:div TYPE="Chapter" LABEL="7.3.6 建立本地用户账户" ORDERLABEL="177"><METS:fptr FILEID="00000196"/>
					</METS:div>
				</METS:div>
				<METS:div TYPE="Chapter" LABEL="7.4 组的建立" ORDERLABEL="177"><METS:fptr FILEID="00000196"/>
					<METS:div TYPE="Chapter" LABEL="7.4.1 组的类型" ORDERLABEL="178"><METS:fptr FILEID="00000197"/>
					</METS:div>
					<METS:div TYPE="Chapter" LABEL="7.4.2 组的作用域" ORDERLABEL="178"><METS:fptr FILEID="00000197"/>
					</METS:div>
					<METS:div TYPE="Chapter" LABEL="7.4.3 域组的管理" ORDERLABEL="179"><METS:fptr FILEID="00000198"/>
					</METS:div>
					<METS:div TYPE="Chapter" LABEL="7.4.4 本地组的建立" ORDERLABEL="181"><METS:fptr FILEID="00000200"/>
					</METS:div>
					<METS:div TYPE="Chapter" LABEL="7.4.5 内置的组" ORDERLABEL="181"><METS:fptr FILEID="00000200"/>
					</METS:div>
				</METS:div>
				<METS:div TYPE="Chapter" LABEL="7.5 思考题" ORDERLABEL="181"><METS:fptr FILEID="00000200"/>
				</METS:div>
			</METS:div>
			<METS:div TYPE="Chapter" LABEL="第8章 Windows 2000的网络互连" ORDERLABEL="182"><METS:fptr FILEID="00000201"/>
				<METS:div TYPE="Chapter" LABEL="本章学习目标" ORDERLABEL="182"><METS:fptr FILEID="00000201"/>
				</METS:div>
				<METS:div TYPE="Chapter" LABEL="8.1 网络通信协议" ORDERLABEL="182"><METS:fptr FILEID="00000201"/>
				</METS:div>
				<METS:div TYPE="Chapter" LABEL="8.2 TCP/IP协议的安装与设置" ORDERLABEL="183"><METS:fptr FILEID="00000202"/>
					<METS:div TYPE="Chapter" LABEL="8.2.1 IP地址" ORDERLABEL="183"><METS:fptr FILEID="00000202"/>
					</METS:div>
					<METS:div TYPE="Chapter" LABEL="8.2.2 子网掩码" ORDERLABEL="184"><METS:fptr FILEID="00000203"/>
					</METS:div>
					<METS:div TYPE="Chapter" LABEL="8.2.3 默认网关" ORDERLABEL="186"><METS:fptr FILEID="00000205"/>
					</METS:div>
					<METS:div TYPE="Chapter" LABEL="8.2.4 安装与测试TCP/IP" ORDERLABEL="186"><METS:fptr FILEID="00000205"/>
					</METS:div>
					<METS:div TYPE="Chapter" LABEL="8.2.5 Private IP的使用" ORDERLABEL="188"><METS:fptr FILEID="00000207"/>
					</METS:div>
				</METS:div>
				<METS:div TYPE="Chapter" LABEL="8.3 从 Windows 9x工作站登录网络" ORDERLABEL="189"><METS:fptr FILEID="00000208"/>
					<METS:div TYPE="Chapter" LABEL="8.3.1 安装网卡驱动程序" ORDERLABEL="189"><METS:fptr FILEID="00000208"/>
					</METS:div>
					<METS:div TYPE="Chapter" LABEL="8.3.2 设置网络通讯协议" ORDERLABEL="191"><METS:fptr FILEID="00000210"/>
					</METS:div>
					<METS:div TYPE="Chapter" LABEL="8.3.3 设置登录Windows 2000域" ORDERLABEL="192"><METS:fptr FILEID="00000211"/>
					</METS:div>
				</METS:div>
				<METS:div TYPE="Chapter" LABEL="8.4 从Windows 2000 Professional登录网络" ORDERLABEL="193"><METS:fptr FILEID="00000212"/>
				</METS:div>
				<METS:div TYPE="Chapter" LABEL="8.5 Intermet连接共享" ORDERLABEL="194"><METS:fptr FILEID="00000213"/>
					<METS:div TYPE="Chapter" LABEL="8.5.1 Intermet连接共享" ORDERLABEL="194"><METS:fptr FILEID="00000213"/>
					</METS:div>
					<METS:div TYPE="Chapter" LABEL="8.5.2 网络地址转换" ORDERLABEL="196"><METS:fptr FILEID="00000215"/>
					</METS:div>
				</METS:div>
				<METS:div TYPE="Chapter" LABEL="8.6 思考题" ORDERLABEL="198"><METS:fptr FILEID="00000217"/>
				</METS:div>
			</METS:div>
			<METS:div TYPE="Chapter" LABEL="第9章 目录与文件权限的管理" ORDERLABEL="199"><METS:fptr FILEID="00000218"/>
				<METS:div TYPE="Chapter" LABEL="本章学习目标" ORDERLABEL="199"><METS:fptr FILEID="00000218"/>
				</METS:div>
				<METS:div TYPE="Chapter" LABEL="9.1 共享文件夹" ORDERLABEL="199"><METS:fptr FILEID="00000218"/>
					<METS:div TYPE="Chapter" LABEL="9.1.1 共享文件夹权限的类型" ORDERLABEL="199"><METS:fptr FILEID="00000218"/>
					</METS:div>
					<METS:div TYPE="Chapter" LABEL="9.1.2 建立和管理共享文件夹" ORDERLABEL="199"><METS:fptr FILEID="00000218"/>
					</METS:div>
				</METS:div>
				<METS:div TYPE="Chapter" LABEL="9.2 文件和文件夹的NTFS权限" ORDERLABEL="201"><METS:fptr FILEID="00000220"/>
					<METS:div TYPE="Chapter" LABEL="9.2.1 标准NTFS权限的类型" ORDERLABEL="201"><METS:fptr FILEID="00000220"/>
					</METS:div>
					<METS:div TYPE="Chapter" LABEL="9.2.2 NTFS权限的设置" ORDERLABEL="202"><METS:fptr FILEID="00000221"/>
					</METS:div>
				</METS:div>
				<METS:div TYPE="Chapter" LABEL="9.3 用户的有效权限" ORDERLABEL="205"><METS:fptr FILEID="00000224"/>
				</METS:div>
				<METS:div TYPE="Chapter" LABEL="9.4 从工作站连接共享文件夹" ORDERLABEL="206"><METS:fptr FILEID="00000225"/>
				</METS:div>
				<METS:div TYPE="Chapter" LABEL="9.5 将共享文件夹发布到Active Directory" ORDERLABEL="207"><METS:fptr FILEID="00000226"/>
				</METS:div>
				<METS:div TYPE="Chapter" LABEL="9.6 思考题" ORDERLABEL="208"><METS:fptr FILEID="00000227"/>
				</METS:div>
			</METS:div>
			<METS:div TYPE="Chapter" LABEL="第10章 用户工作环境的管理" ORDERLABEL="209"><METS:fptr FILEID="00000228"/>
				<METS:div TYPE="Chapter" LABEL="本章学习目标" ORDERLABEL="209"><METS:fptr FILEID="00000228"/>
				</METS:div>
				<METS:div TYPE="Chapter" LABEL="10.1 用户配置文件" ORDERLABEL="209"><METS:fptr FILEID="00000228"/>
					<METS:div TYPE="Chapter" LABEL="10.1.1 本地用户配置文件" ORDERLABEL="210"><METS:fptr FILEID="00000229"/>
					</METS:div>
					<METS:div TYPE="Chapter" LABEL="10.1.2 漫游用户配置文件" ORDERLABEL="210"><METS:fptr FILEID="00000229"/>
					</METS:div>
					<METS:div TYPE="Chapter" LABEL="10.1.3 强制用户配置文件" ORDERLABEL="213"><METS:fptr FILEID="00000232"/>
					</METS:div>
				</METS:div>
				<METS:div TYPE="Chapter" LABEL="10.2 登录脚本" ORDERLABEL="213"><METS:fptr FILEID="00000232"/>
					<METS:div TYPE="Chapter" LABEL="10.2.1 域用户账户的登录脚本" ORDERLABEL="214"><METS:fptr FILEID="00000233"/>
					</METS:div>
					<METS:div TYPE="Chapter" LABEL="10.2.2 本地用户账户的登录脚本" ORDERLABEL="215"><METS:fptr FILEID="00000234"/>
					</METS:div>
				</METS:div>
				<METS:div TYPE="Chapter" LABEL="10.3 主文件夹" ORDERLABEL="215"><METS:fptr FILEID="00000234"/>
				</METS:div>
				<METS:div TYPE="Chapter" LABEL="10.4 环境变量的管理" ORDERLABEL="217"><METS:fptr FILEID="00000236"/>
				</METS:div>
				<METS:div TYPE="Chapter" LABEL="10.5 磁盘配额" ORDERLABEL="218"><METS:fptr FILEID="00000237"/>
					<METS:div TYPE="Chapter" LABEL="10.5.1 磁盘配额的设置" ORDERLABEL="218"><METS:fptr FILEID="00000237"/>
					</METS:div>
					<METS:div TYPE="Chapter" LABEL="10.5.2 查看每个用户的磁盘配额使用情况" ORDERLABEL="220"><METS:fptr FILEID="00000239"/>
					</METS:div>
				</METS:div>
				<METS:div TYPE="Chapter" LABEL="10.6 思考题" ORDERLABEL="221"><METS:fptr FILEID="00000240"/>
				</METS:div>
			</METS:div>
			<METS:div TYPE="Chapter" LABEL="第11章 组策略" ORDERLABEL="222"><METS:fptr FILEID="00000241"/>
				<METS:div TYPE="Chapter" LABEL="本章学习目标" ORDERLABEL="222"><METS:fptr FILEID="00000241"/>
				</METS:div>
				<METS:div TYPE="Chapter" LABEL="11.1 组策略概述" ORDERLABEL="222"><METS:fptr FILEID="00000241"/>
					<METS:div TYPE="Chapter" LABEL="11.1.1 组策略对象" ORDERLABEL="222"><METS:fptr FILEID="00000241"/>
					</METS:div>
					<METS:div TYPE="Chapter" LABEL="11.1.2 组策略的应用顺序与规则" ORDERLABEL="225"><METS:fptr FILEID="00000244"/>
					</METS:div>
				</METS:div>
				<METS:div TYPE="Chapter" LABEL="11.2 管理模板策略的位置" ORDERLABEL="225"><METS:fptr FILEID="00000244"/>
					<METS:div TYPE="Chapter" LABEL="11.2.1 设置客理模板策略" ORDERLABEL="226"><METS:fptr FILEID="00000245"/>
					</METS:div>
					<METS:div TYPE="Chapter" LABEL="11.2.2 设置组策略的替代功能" ORDERLABEL="228"><METS:fptr FILEID="00000247"/>
					</METS:div>
				</METS:div>
				<METS:div TYPE="Chapter" LABEL="11.3 Windows设置策略的管理" ORDERLABEL="229"><METS:fptr FILEID="00000248"/>
					<METS:div TYPE="Chapter" LABEL="11.3.1 账户策略的设置" ORDERLABEL="229"><METS:fptr FILEID="00000248"/>
					</METS:div>
					<METS:div TYPE="Chapter" LABEL="11.3.2 本地策略的设置" ORDERLABEL="231"><METS:fptr FILEID="00000250"/>
					</METS:div>
					<METS:div TYPE="Chapter" LABEL="11.3.3 登录/注销、启动/关闭脚本" ORDERLABEL="233"><METS:fptr FILEID="00000252"/>
					</METS:div>
				</METS:div>
				<METS:div TYPE="Chapter" LABEL="11.4 通过软件设置策略部署应用程序" ORDERLABEL="236"><METS:fptr FILEID="00000255"/>
					<METS:div TYPE="Chapter" LABEL="11.4.1 给用户发布或指派应用程序" ORDERLABEL="236"><METS:fptr FILEID="00000255"/>
					</METS:div>
					<METS:div TYPE="Chapter" LABEL="11.4.2 给计算机指派应用程序" ORDERLABEL="239"><METS:fptr FILEID="00000258"/>
					</METS:div>
					<METS:div TYPE="Chapter" LABEL="11.4.3 更改部分应用程序的设置" ORDERLABEL="239"><METS:fptr FILEID="00000258"/>
					</METS:div>
				</METS:div>
				<METS:div TYPE="Chapter" LABEL="11.5 思考题" ORDERLABEL="240"><METS:fptr FILEID="00000259"/>
				</METS:div>
			</METS:div>
			<METS:div TYPE="Chapter" LABEL="第12章 终端服务的安装与设置" ORDERLABEL="241"><METS:fptr FILEID="00000260"/>
				<METS:div TYPE="Chapter" LABEL="本章学习目标" ORDERLABEL="241"><METS:fptr FILEID="00000260"/>
				</METS:div>
				<METS:div TYPE="Chapter" LABEL="12.1 终端服务的概述" ORDERLABEL="241"><METS:fptr FILEID="00000260"/>
				</METS:div>
				<METS:div TYPE="Chapter" LABEL="12.2 安装终端服务器与客户端" ORDERLABEL="242"><METS:fptr FILEID="00000261"/>
					<METS:div TYPE="Chapter" LABEL="12.2.1 终端服务器的安装" ORDERLABEL="242"><METS:fptr FILEID="00000261"/>
					</METS:div>
					<METS:div TYPE="Chapter" LABEL="12.2.2 终端服务授权" ORDERLABEL="243"><METS:fptr FILEID="00000262"/>
					</METS:div>
					<METS:div TYPE="Chapter" LABEL="12.2.3 安装终端客户端连接软件" ORDERLABEL="246"><METS:fptr FILEID="00000265"/>
					</METS:div>
				</METS:div>
				<METS:div TYPE="Chapter" LABEL="12.3 远程管理与远程控制" ORDERLABEL="247"><METS:fptr FILEID="00000266"/>
					<METS:div TYPE="Chapter" LABEL="12.3.1 远程管理" ORDERLABEL="247"><METS:fptr FILEID="00000266"/>
					</METS:div>
					<METS:div TYPE="Chapter" LABEL="12.3.2 中断终端会话" ORDERLABEL="248"><METS:fptr FILEID="00000267"/>
					</METS:div>
					<METS:div TYPE="Chapter" LABEL="12.3.3 远程控制" ORDERLABEL="249"><METS:fptr FILEID="00000268"/>
					</METS:div>
				</METS:div>
				<METS:div TYPE="Chapter" LABEL="12.4 终端服务器的设置" ORDERLABEL="250"><METS:fptr FILEID="00000269"/>
				</METS:div>
				<METS:div TYPE="Chapter" LABEL="12.5 在终端服务器安装应用程序" ORDERLABEL="253"><METS:fptr FILEID="00000272"/>
					<METS:div TYPE="Chapter" LABEL="12.5.1 安装应用程序的方法" ORDERLABEL="253"><METS:fptr FILEID="00000272"/>
					</METS:div>
					<METS:div TYPE="Chapter" LABEL="12.5.2 使用应用程序兼容性命令文件" ORDERLABEL="254"><METS:fptr FILEID="00000273"/>
					</METS:div>
				</METS:div>
				<METS:div TYPE="Chapter" LABEL="12.6 思考题" ORDERLABEL="254"><METS:fptr FILEID="00000273"/>
				</METS:div>
			</METS:div>
			<METS:div TYPE="Chapter" LABEL="第13章 配置DHCP、WINS和DNS" ORDERLABEL="255"><METS:fptr FILEID="00000274"/>
				<METS:div TYPE="Chapter" LABEL="本章学习目标" ORDERLABEL="255"><METS:fptr FILEID="00000274"/>
				</METS:div>
				<METS:div TYPE="Chapter" LABEL="13.1 DHCP服务器的安装与设置" ORDERLABEL="255"><METS:fptr FILEID="00000274"/>
					<METS:div TYPE="Chapter" LABEL="13.1.1 DHCP的运行方式" ORDERLABEL="255"><METS:fptr FILEID="00000274"/>
					</METS:div>
					<METS:div TYPE="Chapter" LABEL="13.1.2 DHCP的工作原理" ORDERLABEL="256"><METS:fptr FILEID="00000275"/>
					</METS:div>
					<METS:div TYPE="Chapter" LABEL="13.1.3 DHCP服务器的安装与设置" ORDERLABEL="258"><METS:fptr FILEID="00000277"/>
					</METS:div>
					<METS:div TYPE="Chapter" LABEL="13.1.4 DHCP客户端的设置" ORDERLABEL="266"><METS:fptr FILEID="00000285"/>
					</METS:div>
				</METS:div>
				<METS:div TYPE="Chapter" LABEL="13.2 WINS服务器的安装与设置" ORDERLABEL="268"><METS:fptr FILEID="00000287"/>
					<METS:div TYPE="Chapter" LABEL="13.2.1 WINS运行原理" ORDERLABEL="268"><METS:fptr FILEID="00000287"/>
					</METS:div>
					<METS:div TYPE="Chapter" LABEL="13.2.2 WINS服务的安装" ORDERLABEL="270"><METS:fptr FILEID="00000289"/>
					</METS:div>
					<METS:div TYPE="Chapter" LABEL="13.2.3 WINS服务器的选项设置" ORDERLABEL="273"><METS:fptr FILEID="00000292"/>
					</METS:div>
					<METS:div TYPE="Chapter" LABEL="13.2.4 WINS服务器数据库的管理" ORDERLABEL="276"><METS:fptr FILEID="00000295"/>
					</METS:div>
					<METS:div TYPE="Chapter" LABEL="13.2.5 使用LHMOSTS文件" ORDERLABEL="277"><METS:fptr FILEID="00000296"/>
					</METS:div>
				</METS:div>
				<METS:div TYPE="Chapter" LABEL="13.3 DNS服务器的安装与设置" ORDERLABEL="277"><METS:fptr FILEID="00000296"/>
					<METS:div TYPE="Chapter" LABEL="13.3.1 DNS的概述" ORDERLABEL="277"><METS:fptr FILEID="00000296"/>
					</METS:div>
					<METS:div TYPE="Chapter" LABEL="13.3.2 DNS服务的安装" ORDERLABEL="280"><METS:fptr FILEID="00000299"/>
					</METS:div>
					<METS:div TYPE="Chapter" LABEL="13.3.3 在DNS服务器中创建搜索区域" ORDERLABEL="282"><METS:fptr FILEID="00000301"/>
					</METS:div>
					<METS:div TYPE="Chapter" LABEL="13.3.4 DNS的其他重要设置" ORDERLABEL="291"><METS:fptr FILEID="00000310"/>
					</METS:div>
				</METS:div>
				<METS:div TYPE="Chapter" LABEL="13.4 思考题" ORDERLABEL="295"><METS:fptr FILEID="00000314"/>
				</METS:div>
			</METS:div>
			<METS:div TYPE="Chapter" LABEL="第14章 IIS5.0在Internet/Intranet中的应用" ORDERLABEL="296"><METS:fptr FILEID="00000315"/>
				<METS:div TYPE="Chapter" LABEL="本章学习目标" ORDERLABEL="296"><METS:fptr FILEID="00000315"/>
				</METS:div>
				<METS:div TYPE="Chapter" LABEL="14.1 IIS概况" ORDERLABEL="296"><METS:fptr FILEID="00000315"/>
					<METS:div TYPE="Chapter" LABEL="14.1.1 IIS 5.0核心组件" ORDERLABEL="296"><METS:fptr FILEID="00000315"/>
					</METS:div>
					<METS:div TYPE="Chapter" LABEL="14.1.2 IIS 5.0的主要特性" ORDERLABEL="297"><METS:fptr FILEID="00000316"/>
					</METS:div>
				</METS:div>
				<METS:div TYPE="Chapter" LABEL="14.2 安装卸载IIS 5.0" ORDERLABEL="300"><METS:fptr FILEID="00000319"/>
					<METS:div TYPE="Chapter" LABEL="14.2.1 安装准备" ORDERLABEL="300"><METS:fptr FILEID="00000319"/>
					</METS:div>
					<METS:div TYPE="Chapter" LABEL="14.2.2 安装IIS 5.0组件" ORDERLABEL="301"><METS:fptr FILEID="00000320"/>
					</METS:div>
					<METS:div TYPE="Chapter" LABEL="14.2.3 卸载IIS 5.0组件" ORDERLABEL="301"><METS:fptr FILEID="00000320"/>
					</METS:div>
					<METS:div TYPE="Chapter" LABEL="14.2.4 Internet信息管理器的基本使用" ORDERLABEL="301"><METS:fptr FILEID="00000320"/>
					</METS:div>
				</METS:div>
				<METS:div TYPE="Chapter" LABEL="14.3 WWW服务管理" ORDERLABEL="304"><METS:fptr FILEID="00000323"/>
					<METS:div TYPE="Chapter" LABEL="14.3.1 新建Web站点" ORDERLABEL="304"><METS:fptr FILEID="00000323"/>
					</METS:div>
					<METS:div TYPE="Chapter" LABEL="14.3.2 管理Web站点" ORDERLABEL="304"><METS:fptr FILEID="00000323"/>
					</METS:div>
					<METS:div TYPE="Chapter" LABEL="14.3.3 WWW服务高级属性管理" ORDERLABEL="314"><METS:fptr FILEID="00000333"/>
					</METS:div>
					<METS:div TYPE="Chapter" LABEL="14.3.4 建立虚拟服务器和虚拟目录" ORDERLABEL="317"><METS:fptr FILEID="00000336"/>
					</METS:div>
				</METS:div>
				<METS:div TYPE="Chapter" LABEL="14.4 FIP服务" ORDERLABEL="317"><METS:fptr FILEID="00000336"/>
					<METS:div TYPE="Chapter" LABEL="14.4.1 FTP服务" ORDERLABEL="317"><METS:fptr FILEID="00000336"/>
					</METS:div>
					<METS:div TYPE="Chapter" LABEL="14.4.2 建立FTP站点" ORDERLABEL="318"><METS:fptr FILEID="00000337"/>
					</METS:div>
					<METS:div TYPE="Chapter" LABEL="14.4.3 管理FTP站点" ORDERLABEL="319"><METS:fptr FILEID="00000338"/>
					</METS:div>
					<METS:div TYPE="Chapter" LABEL="14.4.4 虚拟服务" ORDERLABEL="320"><METS:fptr FILEID="00000339"/>
					</METS:div>
				</METS:div>
				<METS:div TYPE="Chapter" LABEL="14.5 SMTP服务管理" ORDERLABEL="320"><METS:fptr FILEID="00000339"/>
					<METS:div TYPE="Chapter" LABEL="14.5.1 SMTP服务" ORDERLABEL="320"><METS:fptr FILEID="00000339"/>
					</METS:div>
					<METS:div TYPE="Chapter" LABEL="14.5.2 建立SMTP虚拟服务器" ORDERLABEL="321"><METS:fptr FILEID="00000340"/>
					</METS:div>
					<METS:div TYPE="Chapter" LABEL="14.5.3 管理SMTP服务" ORDERLABEL="321"><METS:fptr FILEID="00000340"/>
					</METS:div>
				</METS:div>
				<METS:div TYPE="Chapter" LABEL="14.6 配置IIS其他服务" ORDERLABEL="323"><METS:fptr FILEID="00000342"/>
					<METS:div TYPE="Chapter" LABEL="14.6.1 NNTP服务" ORDERLABEL="323"><METS:fptr FILEID="00000342"/>
					</METS:div>
					<METS:div TYPE="Chapter" LABEL="14.6.2 索引服务" ORDERLABEL="324"><METS:fptr FILEID="00000343"/>
					</METS:div>
					<METS:div TYPE="Chapter" LABEL="14.6.3 Telnet服务" ORDERLABEL="325"><METS:fptr FILEID="00000344"/>
					</METS:div>
				</METS:div>
				<METS:div TYPE="Chapter" LABEL="14.7 设置计算机属性" ORDERLABEL="325"><METS:fptr FILEID="00000344"/>
					<METS:div TYPE="Chapter" LABEL="14.7.1 Internet信息服务属性" ORDERLABEL="326"><METS:fptr FILEID="00000345"/>
					</METS:div>
					<METS:div TYPE="Chapter" LABEL="14.7.2 计算机属性的服务器扩展选项卡" ORDERLABEL="327"><METS:fptr FILEID="00000346"/>
					</METS:div>
				</METS:div>
				<METS:div TYPE="Chapter" LABEL="14.8 思考题" ORDERLABEL="327"><METS:fptr FILEID="00000346"/>
				</METS:div>
			</METS:div>
		</METS:div>
	</METS:structMap>
</METS:mets>
