<?xml version="1.0" encoding="utf-8"?>
<METS:mets xmlns:METS="http://www.loc.gov/METS/" xmlns:xsi="http://www.w3.org/2001/XMLSchema-instance" xmlns:gdm="http://sunsite.berkeley.edu/GDM/" xmlns:xlink="http://www.w3.org/TR/xlink" xsi:schemalocation="http://www.loc.gov/METS/http://www.loc.gov/standards/mets/mets.xsd" LABEL="Zhejiang University.jdl.China-America digital library project" TYPE="Section">
	<METS:structMap TYPE="Catalog">
		<METS:div TYPE="Chapter" LABEL="第一章 计算机网络安全技术概论" ORDERLABEL="1"><METS:fptr FILEID="00000018"/>
			<METS:div TYPE="Chapter" LABEL="本章学习目标" ORDERLABEL="1"><METS:fptr FILEID="00000018"/>
			</METS:div>
			<METS:div TYPE="Chapter" LABEL="1.1 计算机网络安全的概念" ORDERLABEL="1"><METS:fptr FILEID="00000018"/>
			</METS:div>
			<METS:div TYPE="Chapter" LABEL="1.2 计算机网络系统面临的威胁" ORDERLABEL="3"><METS:fptr FILEID="00000020"/>
				<METS:div TYPE="Chapter" LABEL="1.2.1 计算网络系统面临的威胁" ORDERLABEL="3"><METS:fptr FILEID="00000020"/>
				</METS:div>
				<METS:div TYPE="Chapter" LABEL="1.2.2 安全威胁的来源" ORDERLABEL="5"><METS:fptr FILEID="00000022"/>
				</METS:div>
				<METS:div TYPE="Chapter" LABEL="1.2.3 威胁的具体表现形式" ORDERLABEL="7"><METS:fptr FILEID="00000024"/>
				</METS:div>
			</METS:div>
			<METS:div TYPE="Chapter" LABEL="1.3 计算机网络系统的脆弱性" ORDERLABEL="7"><METS:fptr FILEID="00000024"/>
				<METS:div TYPE="Chapter" LABEL="1.3.1 操作系统安全的脆弱性" ORDERLABEL="7"><METS:fptr FILEID="00000024"/>
				</METS:div>
				<METS:div TYPE="Chapter" LABEL="1.3.2 网络安全的脆弱性" ORDERLABEL="8"><METS:fptr FILEID="00000025"/>
				</METS:div>
				<METS:div TYPE="Chapter" LABEL="1.3.3 数据库管理系统安全的脆弱性" ORDERLABEL="9"><METS:fptr FILEID="00000026"/>
				</METS:div>
				<METS:div TYPE="Chapter" LABEL="1.3.4 防火墙的局限性" ORDERLABEL="9"><METS:fptr FILEID="00000026"/>
				</METS:div>
				<METS:div TYPE="Chapter" LABEL="1.3.5 其他方面的原因" ORDERLABEL="9"><METS:fptr FILEID="00000026"/>
				</METS:div>
			</METS:div>
			<METS:div TYPE="Chapter" LABEL="1.4 计算机网络安全技术的研究内容和发展过程" ORDERLABEL="9"><METS:fptr FILEID="00000026"/>
				<METS:div TYPE="Chapter" LABEL="1.4.1 研究内容" ORDERLABEL="9"><METS:fptr FILEID="00000026"/>
				</METS:div>
				<METS:div TYPE="Chapter" LABEL="1.4.2 发展过程" ORDERLABEL="11"><METS:fptr FILEID="00000028"/>
				</METS:div>
			</METS:div>
			<METS:div TYPE="Chapter" LABEL="1.5 计算机网络安全的三层次" ORDERLABEL="12"><METS:fptr FILEID="00000029"/>
				<METS:div TYPE="Chapter" LABEL="1.5.1 安全立法" ORDERLABEL="12"><METS:fptr FILEID="00000029"/>
				</METS:div>
				<METS:div TYPE="Chapter" LABEL="1.5.2 安全管理" ORDERLABEL="12"><METS:fptr FILEID="00000029"/>
				</METS:div>
				<METS:div TYPE="Chapter" LABEL="1.5.3 安全技术措施" ORDERLABEL="19"><METS:fptr FILEID="00000036"/>
				</METS:div>
			</METS:div>
			<METS:div TYPE="Chapter" LABEL="1.6 网络安全的设计和基本原则" ORDERLABEL="19"><METS:fptr FILEID="00000036"/>
				<METS:div TYPE="Chapter" LABEL="1.6.1 安全需求" ORDERLABEL="20"><METS:fptr FILEID="00000037"/>
				</METS:div>
				<METS:div TYPE="Chapter" LABEL="1.6.2 网络安全设计应考虑的问题" ORDERLABEL="21"><METS:fptr FILEID="00000038"/>
				</METS:div>
				<METS:div TYPE="Chapter" LABEL="1.6.3 网络安全系统设计的基本原则" ORDERLABEL="22"><METS:fptr FILEID="00000039"/>
				</METS:div>
				<METS:div TYPE="Chapter" LABEL="1.6.4 网络安全设计的关键" ORDERLABEL="25"><METS:fptr FILEID="00000042"/>
				</METS:div>
			</METS:div>
			<METS:div TYPE="Chapter" LABEL="1.7　安全技术评价标准" ORDERLABEL="26"><METS:fptr FILEID="00000043"/>
			</METS:div>
			<METS:div TYPE="Chapter" LABEL="本章小结" ORDERLABEL="29"><METS:fptr FILEID="00000046"/>
			</METS:div>
			<METS:div TYPE="Chapter" LABEL="习题一" ORDERLABEL="29"><METS:fptr FILEID="00000046"/>
			</METS:div>
		</METS:div>
		<METS:div TYPE="Chapter" LABEL="第二章 实体安全与硬件防护技术" ORDERLABEL="31"><METS:fptr FILEID="00000048"/>
			<METS:div TYPE="Chapter" LABEL="本章学习目标" ORDERLABEL="31"><METS:fptr FILEID="00000048"/>
			</METS:div>
			<METS:div TYPE="Chapter" LABEL="2.1 实体安全技术概述" ORDERLABEL="31"><METS:fptr FILEID="00000048"/>
				<METS:div TYPE="Chapter" LABEL="2.1.1 影响实体安全的主要因素" ORDERLABEL="32"><METS:fptr FILEID="00000049"/>
				</METS:div>
				<METS:div TYPE="Chapter" LABEL="2.1.2 实体安全的内容" ORDERLABEL="32"><METS:fptr FILEID="00000049"/>
				</METS:div>
			</METS:div>
			<METS:div TYPE="Chapter" LABEL="2.2 计算机房场地环境的安全防护" ORDERLABEL="33"><METS:fptr FILEID="00000050"/>
				<METS:div TYPE="Chapter" LABEL="2.2.1 计算机房场地的安全要求" ORDERLABEL="33"><METS:fptr FILEID="00000050"/>
				</METS:div>
				<METS:div TYPE="Chapter" LABEL="2.2.2 设备防盗" ORDERLABEL="34"><METS:fptr FILEID="00000051"/>
				</METS:div>
				<METS:div TYPE="Chapter" LABEL="2.2.3 机房的三度要求" ORDERLABEL="34"><METS:fptr FILEID="00000051"/>
				</METS:div>
				<METS:div TYPE="Chapter" LABEL="2.2.4 防静电措施" ORDERLABEL="35"><METS:fptr FILEID="00000052"/>
				</METS:div>
				<METS:div TYPE="Chapter" LABEL="2.2.5 电源" ORDERLABEL="35"><METS:fptr FILEID="00000052"/>
				</METS:div>
				<METS:div TYPE="Chapter" LABEL="2.2.6 接地与防雷" ORDERLABEL="37"><METS:fptr FILEID="00000054"/>
				</METS:div>
				<METS:div TYPE="Chapter" LABEL="2.2.7 计算机场地的防火、防水措施" ORDERLABEL="41"><METS:fptr FILEID="00000058"/>
				</METS:div>
			</METS:div>
			<METS:div TYPE="Chapter" LABEL="2.3 安全管理" ORDERLABEL="42"><METS:fptr FILEID="00000059"/>
				<METS:div TYPE="Chapter" LABEL="2.3.1 硬件资源的安全管理" ORDERLABEL="42"><METS:fptr FILEID="00000059"/>
				</METS:div>
				<METS:div TYPE="Chapter" LABEL="2.3.2 信息资源的安全与管理" ORDERLABEL="42"><METS:fptr FILEID="00000059"/>
				</METS:div>
				<METS:div TYPE="Chapter" LABEL="2.3.3 健全机构和岗位责任制" ORDERLABEL="43"><METS:fptr FILEID="00000060"/>
				</METS:div>
				<METS:div TYPE="Chapter" LABEL="2.3.4 完善的安全管理规章制度" ORDERLABEL="44"><METS:fptr FILEID="00000061"/>
				</METS:div>
			</METS:div>
			<METS:div TYPE="Chapter" LABEL="2.4 电磁防护" ORDERLABEL="47"><METS:fptr FILEID="00000064"/>
			</METS:div>
			<METS:div TYPE="Chapter" LABEL="2.5 硬件防护" ORDERLABEL="49"><METS:fptr FILEID="00000066"/>
				<METS:div TYPE="Chapter" LABEL="2.5.1 存储器保护" ORDERLABEL="50"><METS:fptr FILEID="00000067"/>
				</METS:div>
				<METS:div TYPE="Chapter" LABEL="2.5.2 虚拟存储保护" ORDERLABEL="51"><METS:fptr FILEID="00000068"/>
				</METS:div>
				<METS:div TYPE="Chapter" LABEL="2.5.3 输入/输出通道控制" ORDERLABEL="52"><METS:fptr FILEID="00000069"/>
				</METS:div>
			</METS:div>
			<METS:div TYPE="Chapter" LABEL="本章小结" ORDERLABEL="52"><METS:fptr FILEID="00000069"/>
			</METS:div>
			<METS:div TYPE="Chapter" LABEL="习题二" ORDERLABEL="53"><METS:fptr FILEID="00000070"/>
			</METS:div>
		</METS:div>
		<METS:div TYPE="Chapter" LABEL="第三章 计算机软件安全技术" ORDERLABEL="54"><METS:fptr FILEID="00000071"/>
			<METS:div TYPE="Chapter" LABEL="本章学习目标" ORDERLABEL="54"><METS:fptr FILEID="00000071"/>
			</METS:div>
			<METS:div TYPE="Chapter" LABEL="3.1 计算机软件安全技术概述" ORDERLABEL="54"><METS:fptr FILEID="00000071"/>
			</METS:div>
			<METS:div TYPE="Chapter" LABEL="3.2 文件加密技术" ORDERLABEL="56"><METS:fptr FILEID="00000073"/>
				<METS:div TYPE="Chapter" LABEL="3.2.1 数据文件加密原理" ORDERLABEL="56"><METS:fptr FILEID="00000073"/>
				</METS:div>
				<METS:div TYPE="Chapter" LABEL="3.2.2 可执行文件的加密方式" ORDERLABEL="57"><METS:fptr FILEID="00000074"/>
				</METS:div>
			</METS:div>
			<METS:div TYPE="Chapter" LABEL="3.3 软件运行中的反跟踪技术" ORDERLABEL="59"><METS:fptr FILEID="00000076"/>
				<METS:div TYPE="Chapter" LABEL="3.3.1 跟踪工具及其实现" ORDERLABEL="59"><METS:fptr FILEID="00000076"/>
				</METS:div>
				<METS:div TYPE="Chapter" LABEL="3.3.2 软件运行中的反跟踪技术" ORDERLABEL="59"><METS:fptr FILEID="00000076"/>
				</METS:div>
				<METS:div TYPE="Chapter" LABEL="3.3.3 实例：编制具有反跟踪功能的加密盘" ORDERLABEL="62"><METS:fptr FILEID="00000079"/>
				</METS:div>
			</METS:div>
			<METS:div TYPE="Chapter" LABEL="3.4 防止非法复制软件的技术" ORDERLABEL="63"><METS:fptr FILEID="00000080"/>
				<METS:div TYPE="Chapter" LABEL="3.4.1 软件加密的必要性" ORDERLABEL="64"><METS:fptr FILEID="00000081"/>
				</METS:div>
				<METS:div TYPE="Chapter" LABEL="3.4.2 常用的防止非法复制软件的技术" ORDERLABEL="64"><METS:fptr FILEID="00000081"/>
				</METS:div>
				<METS:div TYPE="Chapter" LABEL="3.4.3 实例：几种加密软件的使用原理及方法" ORDERLABEL="73"><METS:fptr FILEID="00000090"/>
				</METS:div>
			</METS:div>
			<METS:div TYPE="Chapter" LABEL="3.5 保证软件质量的安全体系" ORDERLABEL="76"><METS:fptr FILEID="00000093"/>
				<METS:div TYPE="Chapter" LABEL="3.5.1 概述" ORDERLABEL="76"><METS:fptr FILEID="00000093"/>
				</METS:div>
				<METS:div TYPE="Chapter" LABEL="3.5.2 软件故障的分类" ORDERLABEL="77"><METS:fptr FILEID="00000094"/>
				</METS:div>
				<METS:div TYPE="Chapter" LABEL="3.5.3 软件测试工具" ORDERLABEL="79"><METS:fptr FILEID="00000096"/>
				</METS:div>
			</METS:div>
			<METS:div TYPE="Chapter" LABEL="本章小结" ORDERLABEL="79"><METS:fptr FILEID="00000096"/>
			</METS:div>
			<METS:div TYPE="Chapter" LABEL="习题三" ORDERLABEL="80"><METS:fptr FILEID="00000097"/>
			</METS:div>
		</METS:div>
		<METS:div TYPE="Chapter" LABEL="第四章 网络安全防护技术" ORDERLABEL="81"><METS:fptr FILEID="00000098"/>
			<METS:div TYPE="Chapter" LABEL="本章学习目标" ORDERLABEL="81"><METS:fptr FILEID="00000098"/>
			</METS:div>
			<METS:div TYPE="Chapter" LABEL="4.1 网络安全概述" ORDERLABEL="81"><METS:fptr FILEID="00000098"/>
				<METS:div TYPE="Chapter" LABEL="4.1.1 网络安全的定义" ORDERLABEL="81"><METS:fptr FILEID="00000098"/>
				</METS:div>
				<METS:div TYPE="Chapter" LABEL="4.1.2 网络安全的研究内容" ORDERLABEL="82"><METS:fptr FILEID="00000099"/>
				</METS:div>
				<METS:div TYPE="Chapter" LABEL="4.1.3 Internet安全面临的威胁" ORDERLABEL="83"><METS:fptr FILEID="00000100"/>
				</METS:div>
				<METS:div TYPE="Chapter" LABEL="4.1.4 个人上网用户面临的网络陷阱" ORDERLABEL="88"><METS:fptr FILEID="00000105"/>
				</METS:div>
			</METS:div>
			<METS:div TYPE="Chapter" LABEL="4.2 计算机网络的安全服务和安全机制" ORDERLABEL="89"><METS:fptr FILEID="00000106"/>
				<METS:div TYPE="Chapter" LABEL="4.2.1 计算机网络的安全服务" ORDERLABEL="89"><METS:fptr FILEID="00000106"/>
				</METS:div>
				<METS:div TYPE="Chapter" LABEL="4.2.2 计算机网络的安全机制" ORDERLABEL="90"><METS:fptr FILEID="00000107"/>
				</METS:div>
				<METS:div TYPE="Chapter" LABEL="4.2.3 安全服务和安全机制的关系" ORDERLABEL="94"><METS:fptr FILEID="00000111"/>
				</METS:div>
				<METS:div TYPE="Chapter" LABEL="4.2.4 安全服务机制的配置" ORDERLABEL="94"><METS:fptr FILEID="00000111"/>
				</METS:div>
				<METS:div TYPE="Chapter" LABEL="4.2.5 安全服务与层的关系的实例" ORDERLABEL="98"><METS:fptr FILEID="00000115"/>
				</METS:div>
			</METS:div>
			<METS:div TYPE="Chapter" LABEL="4.3 网络安全防护措施" ORDERLABEL="99"><METS:fptr FILEID="00000116"/>
				<METS:div TYPE="Chapter" LABEL="4.3.1 网络的动态安全策略" ORDERLABEL="99"><METS:fptr FILEID="00000116"/>
				</METS:div>
				<METS:div TYPE="Chapter" LABEL="4.3.2 网络的安全管理与安全控制机制" ORDERLABEL="100"><METS:fptr FILEID="00000117"/>
				</METS:div>
				<METS:div TYPE="Chapter" LABEL="4.3.3 网络安全的常规防护措施" ORDERLABEL="103"><METS:fptr FILEID="00000120"/>
				</METS:div>
				<METS:div TYPE="Chapter" LABEL="4.3.4 网络安全控制措施" ORDERLABEL="106"><METS:fptr FILEID="00000123"/>
				</METS:div>
				<METS:div TYPE="Chapter" LABEL="4.3.5 网络安全实施过程中需要注意的一些问题" ORDERLABEL="110"><METS:fptr FILEID="00000127"/>
				</METS:div>
			</METS:div>
			<METS:div TYPE="Chapter" LABEL="本章小结" ORDERLABEL="113"><METS:fptr FILEID="00000130"/>
			</METS:div>
			<METS:div TYPE="Chapter" LABEL="习题四" ORDERLABEL="113"><METS:fptr FILEID="00000130"/>
			</METS:div>
		</METS:div>
		<METS:div TYPE="Chapter" LABEL="第五章 备份技术" ORDERLABEL="114"><METS:fptr FILEID="00000131"/>
			<METS:div TYPE="Chapter" LABEL="本章学习目标" ORDERLABEL="114"><METS:fptr FILEID="00000131"/>
			</METS:div>
			<METS:div TYPE="Chapter" LABEL="5.1 备份技术概述" ORDERLABEL="114"><METS:fptr FILEID="00000131"/>
				<METS:div TYPE="Chapter" LABEL="5.1.1 备份的基本知识" ORDERLABEL="115"><METS:fptr FILEID="00000132"/>
				</METS:div>
				<METS:div TYPE="Chapter" LABEL="5.1.2 网络备份" ORDERLABEL="118"><METS:fptr FILEID="00000135"/>
				</METS:div>
				<METS:div TYPE="Chapter" LABEL="5.1.3 数据失效与备份的意义" ORDERLABEL="118"><METS:fptr FILEID="00000135"/>
				</METS:div>
				<METS:div TYPE="Chapter" LABEL="5.1.4 与备份有关的概念" ORDERLABEL="119"><METS:fptr FILEID="00000136"/>
				</METS:div>
			</METS:div>
			<METS:div TYPE="Chapter" LABEL="5.2 备份技术与备份方法" ORDERLABEL="120"><METS:fptr FILEID="00000137"/>
				<METS:div TYPE="Chapter" LABEL="5.2.1 硬件备份技术" ORDERLABEL="120"><METS:fptr FILEID="00000137"/>
				</METS:div>
				<METS:div TYPE="Chapter" LABEL="5.2.2 软件备份技术" ORDERLABEL="124"><METS:fptr FILEID="00000141"/>
				</METS:div>
				<METS:div TYPE="Chapter" LABEL="5.2.3 双机互联硬件备份方法" ORDERLABEL="125"><METS:fptr FILEID="00000142"/>
				</METS:div>
				<METS:div TYPE="Chapter" LABEL="5.2.4 利用网络资源备份" ORDERLABEL="127"><METS:fptr FILEID="00000144"/>
				</METS:div>
				<METS:div TYPE="Chapter" LABEL="5.2.5 系统备份软件--Norton Ghost" ORDERLABEL="128"><METS:fptr FILEID="00000145"/>
				</METS:div>
				<METS:div TYPE="Chapter" LABEL="5.2.6 同步动态备份软件--Second Copy 2000" ORDERLABEL="131"><METS:fptr FILEID="00000148"/>
				</METS:div>
				<METS:div TYPE="Chapter" LABEL="5.2.7 多平台网络备份系统--Amanda" ORDERLABEL="133"><METS:fptr FILEID="00000150"/>
				</METS:div>
				<METS:div TYPE="Chapter" LABEL="5.2.8 重新认识Windows 98的备份技术" ORDERLABEL="135"><METS:fptr FILEID="00000152"/>
				</METS:div>
			</METS:div>
			<METS:div TYPE="Chapter" LABEL="5.3 备份方案的设计" ORDERLABEL="138"><METS:fptr FILEID="00000155"/>
				<METS:div TYPE="Chapter" LABEL="5.3.1 系统备份方案的要求及选择" ORDERLABEL="138"><METS:fptr FILEID="00000155"/>
				</METS:div>
				<METS:div TYPE="Chapter" LABEL="5.3.2 日常备份制度设计" ORDERLABEL="142"><METS:fptr FILEID="00000159"/>
				</METS:div>
				<METS:div TYPE="Chapter" LABEL="5.3.3 灾难恢复措施设计" ORDERLABEL="144"><METS:fptr FILEID="00000161"/>
				</METS:div>
			</METS:div>
			<METS:div TYPE="Chapter" LABEL="5.4 典型的网络系统备份方案实例" ORDERLABEL="145"><METS:fptr FILEID="00000162"/>
				<METS:div TYPE="Chapter" LABEL="5.4.1 基于CA ARC Serve的备份方案设计" ORDERLABEL="145"><METS:fptr FILEID="00000162"/>
				</METS:div>
				<METS:div TYPE="Chapter" LABEL="5.4.2 一个证券网络系统的备份方案" ORDERLABEL="146"><METS:fptr FILEID="00000163"/>
				</METS:div>
			</METS:div>
			<METS:div TYPE="Chapter" LABEL="本章小结" ORDERLABEL="147"><METS:fptr FILEID="00000164"/>
			</METS:div>
			<METS:div TYPE="Chapter" LABEL="习题五" ORDERLABEL="148"><METS:fptr FILEID="00000165"/>
			</METS:div>
		</METS:div>
		<METS:div TYPE="Chapter" LABEL="第六章 密码技术与压缩技术" ORDERLABEL="149"><METS:fptr FILEID="00000166"/>
			<METS:div TYPE="Chapter" LABEL="本章学习目标" ORDERLABEL="149"><METS:fptr FILEID="00000166"/>
			</METS:div>
			<METS:div TYPE="Chapter" LABEL="6.1 密码技术概述" ORDERLABEL="149"><METS:fptr FILEID="00000166"/>
				<METS:div TYPE="Chapter" LABEL="6.1.1 密码通信系统的模型" ORDERLABEL="150"><METS:fptr FILEID="00000167"/>
				</METS:div>
				<METS:div TYPE="Chapter" LABEL="6.1.2 密码学与密码体制" ORDERLABEL="150"><METS:fptr FILEID="00000167"/>
				</METS:div>
				<METS:div TYPE="Chapter" LABEL="6.1.3 加密方式和加密的实现方法" ORDERLABEL="153"><METS:fptr FILEID="00000170"/>
				</METS:div>
			</METS:div>
			<METS:div TYPE="Chapter" LABEL="6.2 加密方法" ORDERLABEL="155"><METS:fptr FILEID="00000172"/>
				<METS:div TYPE="Chapter" LABEL="6.2.1 加密系统的组成" ORDERLABEL="155"><METS:fptr FILEID="00000172"/>
				</METS:div>
				<METS:div TYPE="Chapter" LABEL="6.2.2 四种传统加密方法" ORDERLABEL="158"><METS:fptr FILEID="00000175"/>
				</METS:div>
			</METS:div>
			<METS:div TYPE="Chapter" LABEL="6.3 密钥与密码破译方法" ORDERLABEL="158"><METS:fptr FILEID="00000175"/>
			</METS:div>
			<METS:div TYPE="Chapter" LABEL="6.4 常用信息加密技术介绍" ORDERLABEL="160"><METS:fptr FILEID="00000177"/>
				<METS:div TYPE="Chapter" LABEL="6.4.1 DES算法" ORDERLABEL="160"><METS:fptr FILEID="00000177"/>
				</METS:div>
				<METS:div TYPE="Chapter" LABEL="6.4.2 IDEA算法" ORDERLABEL="162"><METS:fptr FILEID="00000179"/>
				</METS:div>
				<METS:div TYPE="Chapter" LABEL="6.4.3 RSA公开密钥密码算法" ORDERLABEL="163"><METS:fptr FILEID="00000180"/>
				</METS:div>
				<METS:div TYPE="Chapter" LABEL="6.4.4 典型HASH算法--MD5算法" ORDERLABEL="167"><METS:fptr FILEID="00000184"/>
				</METS:div>
				<METS:div TYPE="Chapter" LABEL="6.4.5 信息认证技术" ORDERLABEL="168"><METS:fptr FILEID="00000185"/>
				</METS:div>
			</METS:div>
			<METS:div TYPE="Chapter" LABEL="6.5 Outlook Express下的安全操作实例" ORDERLABEL="169"><METS:fptr FILEID="00000186"/>
			</METS:div>
			<METS:div TYPE="Chapter" LABEL="6.6 数据压缩" ORDERLABEL="171"><METS:fptr FILEID="00000188"/>
				<METS:div TYPE="Chapter" LABEL="6.6.1 数据压缩概述" ORDERLABEL="171"><METS:fptr FILEID="00000188"/>
				</METS:div>
				<METS:div TYPE="Chapter" LABEL="6.6.2 ARJ压缩工具的使用" ORDERLABEL="172"><METS:fptr FILEID="00000189"/>
				</METS:div>
				<METS:div TYPE="Chapter" LABEL="6.6.3 WinZip的安装和使用" ORDERLABEL="175"><METS:fptr FILEID="00000192"/>
				</METS:div>
			</METS:div>
			<METS:div TYPE="Chapter" LABEL="本章小结" ORDERLABEL="177"><METS:fptr FILEID="00000194"/>
			</METS:div>
			<METS:div TYPE="Chapter" LABEL="习题六" ORDERLABEL="177"><METS:fptr FILEID="00000194"/>
			</METS:div>
		</METS:div>
		<METS:div TYPE="Chapter" LABEL="第七章 数据库系统安全" ORDERLABEL="179"><METS:fptr FILEID="00000196"/>
			<METS:div TYPE="Chapter" LABEL="本章学习目标" ORDERLABEL="179"><METS:fptr FILEID="00000196"/>
			</METS:div>
			<METS:div TYPE="Chapter" LABEL="7.1 数据库系统简介" ORDERLABEL="179"><METS:fptr FILEID="00000196"/>
			</METS:div>
			<METS:div TYPE="Chapter" LABEL="7.2 数据库系统安全概述" ORDERLABEL="181"><METS:fptr FILEID="00000198"/>
				<METS:div TYPE="Chapter" LABEL="7.2.1 数据库系统的安全性要求" ORDERLABEL="181"><METS:fptr FILEID="00000198"/>
				</METS:div>
				<METS:div TYPE="Chapter" LABEL="7.2.2 数据库系统的安全的含义" ORDERLABEL="183"><METS:fptr FILEID="00000200"/>
				</METS:div>
				<METS:div TYPE="Chapter" LABEL="7.2.3 数据库的故障类型" ORDERLABEL="183"><METS:fptr FILEID="00000200"/>
				</METS:div>
				<METS:div TYPE="Chapter" LABEL="7.2.4 数据库系统的基本安全架构" ORDERLABEL="185"><METS:fptr FILEID="00000202"/>
				</METS:div>
				<METS:div TYPE="Chapter" LABEL="7.2.5 数据库系统的安全特性" ORDERLABEL="186"><METS:fptr FILEID="00000203"/>
				</METS:div>
			</METS:div>
			<METS:div TYPE="Chapter" LABEL="7.3 数据库的数据保护" ORDERLABEL="187"><METS:fptr FILEID="00000204"/>
				<METS:div TYPE="Chapter" LABEL="7.3.1 数据库的安全性" ORDERLABEL="187"><METS:fptr FILEID="00000204"/>
				</METS:div>
				<METS:div TYPE="Chapter" LABEL="7.3.2 数据库中数据的完整性" ORDERLABEL="191"><METS:fptr FILEID="00000208"/>
				</METS:div>
				<METS:div TYPE="Chapter" LABEL="7.3.3 数据库并发控制" ORDERLABEL="192"><METS:fptr FILEID="00000209"/>
				</METS:div>
			</METS:div>
			<METS:div TYPE="Chapter" LABEL="7.4 死锁、活锁和可串行化" ORDERLABEL="194"><METS:fptr FILEID="00000211"/>
				<METS:div TYPE="Chapter" LABEL="7.4.1 死锁与活锁" ORDERLABEL="194"><METS:fptr FILEID="00000211"/>
				</METS:div>
				<METS:div TYPE="Chapter" LABEL="7.4.2 可串行化" ORDERLABEL="195"><METS:fptr FILEID="00000212"/>
				</METS:div>
				<METS:div TYPE="Chapter" LABEL="7.4.3 时标技术" ORDERLABEL="196"><METS:fptr FILEID="00000213"/>
				</METS:div>
			</METS:div>
			<METS:div TYPE="Chapter" LABEL="7.5 数据库的备份与恢复" ORDERLABEL="197"><METS:fptr FILEID="00000214"/>
				<METS:div TYPE="Chapter" LABEL="7.5.1 数据库的备份" ORDERLABEL="197"><METS:fptr FILEID="00000214"/>
				</METS:div>
				<METS:div TYPE="Chapter" LABEL="7.5.2 数据库的恢复" ORDERLABEL="198"><METS:fptr FILEID="00000215"/>
				</METS:div>
			</METS:div>
			<METS:div TYPE="Chapter" LABEL="7.6 攻击数据库的常用方法" ORDERLABEL="199"><METS:fptr FILEID="00000216"/>
			</METS:div>
			<METS:div TYPE="Chapter" LABEL="7.7 数据库系统安全保护实例" ORDERLABEL="201"><METS:fptr FILEID="00000218"/>
				<METS:div TYPE="Chapter" LABEL="7.7.1 SQL Server数据库的安全保护" ORDERLABEL="201"><METS:fptr FILEID="00000218"/>
				</METS:div>
				<METS:div TYPE="Chapter" LABEL="7.7.2 Oracle数据库的安全性策略" ORDERLABEL="207"><METS:fptr FILEID="00000224"/>
				</METS:div>
			</METS:div>
			<METS:div TYPE="Chapter" LABEL="本章小结" ORDERLABEL="211"><METS:fptr FILEID="00000228"/>
			</METS:div>
			<METS:div TYPE="Chapter" LABEL="习题七" ORDERLABEL="211"><METS:fptr FILEID="00000228"/>
			</METS:div>
		</METS:div>
		<METS:div TYPE="Chapter" LABEL="第八章 计算机病毒及防治" ORDERLABEL="212"><METS:fptr FILEID="00000229"/>
			<METS:div TYPE="Chapter" LABEL="本章学习目标" ORDERLABEL="212"><METS:fptr FILEID="00000229"/>
			</METS:div>
			<METS:div TYPE="Chapter" LABEL="8.1 计算机病毒概述" ORDERLABEL="212"><METS:fptr FILEID="00000229"/>
				<METS:div TYPE="Chapter" LABEL="8.1.1 计算机病毒的定义" ORDERLABEL="212"><METS:fptr FILEID="00000229"/>
				</METS:div>
				<METS:div TYPE="Chapter" LABEL="8.1.2 计算机病毒的发展历史" ORDERLABEL="212"><METS:fptr FILEID="00000229"/>
				</METS:div>
				<METS:div TYPE="Chapter" LABEL="8.1.3 计算机病毒的分类" ORDERLABEL="216"><METS:fptr FILEID="00000233"/>
				</METS:div>
				<METS:div TYPE="Chapter" LABEL="8.1.4 计算机病毒的特点" ORDERLABEL="217"><METS:fptr FILEID="00000234"/>
				</METS:div>
				<METS:div TYPE="Chapter" LABEL="8.1.5 计算机病毒的隐藏之处和入侵途径" ORDERLABEL="218"><METS:fptr FILEID="00000235"/>
				</METS:div>
				<METS:div TYPE="Chapter" LABEL="8.1.6 现代计算机病毒的流行特征" ORDERLABEL="219"><METS:fptr FILEID="00000236"/>
				</METS:div>
				<METS:div TYPE="Chapter" LABEL="8.1.7 计算机病毒的破坏行为" ORDERLABEL="221"><METS:fptr FILEID="00000238"/>
				</METS:div>
				<METS:div TYPE="Chapter" LABEL="8.1.8 计算机病毒的作用机制" ORDERLABEL="221"><METS:fptr FILEID="00000238"/>
				</METS:div>
			</METS:div>
			<METS:div TYPE="Chapter" LABEL="8.2 DOS环境下的病毒" ORDERLABEL="224"><METS:fptr FILEID="00000241"/>
				<METS:div TYPE="Chapter" LABEL="8.2.1 DOS基本知识介绍" ORDERLABEL="224"><METS:fptr FILEID="00000241"/>
				</METS:div>
				<METS:div TYPE="Chapter" LABEL="8.2.2 常见DOS病毒分析" ORDERLABEL="227"><METS:fptr FILEID="00000244"/>
				</METS:div>
			</METS:div>
			<METS:div TYPE="Chapter" LABEL="8.3 宏病毒" ORDERLABEL="230"><METS:fptr FILEID="00000247"/>
				<METS:div TYPE="Chapter" LABEL="8.3.1 宏病毒的分类" ORDERLABEL="231"><METS:fptr FILEID="00000248"/>
				</METS:div>
				<METS:div TYPE="Chapter" LABEL="8.3.2 宏病毒的行为和特征" ORDERLABEL="231"><METS:fptr FILEID="00000248"/>
				</METS:div>
				<METS:div TYPE="Chapter" LABEL="8.3.3 宏病毒的特点" ORDERLABEL="232"><METS:fptr FILEID="00000249"/>
				</METS:div>
				<METS:div TYPE="Chapter" LABEL="8.3.4 宏病毒的防治和清除方法" ORDERLABEL="232"><METS:fptr FILEID="00000249"/>
				</METS:div>
			</METS:div>
			<METS:div TYPE="Chapter" LABEL="8.4 网络计算机病毒" ORDERLABEL="236"><METS:fptr FILEID="00000253"/>
				<METS:div TYPE="Chapter" LABEL="8.4.1 网络计算机病毒的特点" ORDERLABEL="236"><METS:fptr FILEID="00000253"/>
				</METS:div>
				<METS:div TYPE="Chapter" LABEL="8.4.2 网络对病毒的敏感性" ORDERLABEL="237"><METS:fptr FILEID="00000254"/>
				</METS:div>
				<METS:div TYPE="Chapter" LABEL="8.4.3 网络病毒实例--电子邮件病毒" ORDERLABEL="239"><METS:fptr FILEID="00000256"/>
				</METS:div>
			</METS:div>
			<METS:div TYPE="Chapter" LABEL="8.5 反病毒技术" ORDERLABEL="241"><METS:fptr FILEID="00000258"/>
				<METS:div TYPE="Chapter" LABEL="8.5.1 计算机病毒的检测" ORDERLABEL="241"><METS:fptr FILEID="00000258"/>
				</METS:div>
				<METS:div TYPE="Chapter" LABEL="8.5.2 计算机病毒的防治" ORDERLABEL="243"><METS:fptr FILEID="00000260"/>
				</METS:div>
				<METS:div TYPE="Chapter" LABEL="8.5.3 计算机感染病毒后的修复" ORDERLABEL="247"><METS:fptr FILEID="00000264"/>
				</METS:div>
			</METS:div>
			<METS:div TYPE="Chapter" LABEL="8.6 软件防病毒技术" ORDERLABEL="248"><METS:fptr FILEID="00000265"/>
				<METS:div TYPE="Chapter" LABEL="8.6.1 防、杀毒软件的选择" ORDERLABEL="248"><METS:fptr FILEID="00000265"/>
				</METS:div>
				<METS:div TYPE="Chapter" LABEL="8.6.2 反病毒软件" ORDERLABEL="250"><METS:fptr FILEID="00000267"/>
				</METS:div>
				<METS:div TYPE="Chapter" LABEL="8.6.3 常用反病毒软件产品" ORDERLABEL="252"><METS:fptr FILEID="00000269"/>
				</METS:div>
			</METS:div>
			<METS:div TYPE="Chapter" LABEL="8.7 典型病毒实例--CIH 病毒介绍" ORDERLABEL="252"><METS:fptr FILEID="00000269"/>
				<METS:div TYPE="Chapter" LABEL="8.7.1 CIH 病毒简介" ORDERLABEL="252"><METS:fptr FILEID="00000269"/>
				</METS:div>
				<METS:div TYPE="Chapter" LABEL="8.7.2 恢复被CIH病毒破坏的硬盘信息" ORDERLABEL="253"><METS:fptr FILEID="00000270"/>
				</METS:div>
				<METS:div TYPE="Chapter" LABEL="8.7.3 CIH病毒的免疫" ORDERLABEL="255"><METS:fptr FILEID="00000272"/>
				</METS:div>
			</METS:div>
			<METS:div TYPE="Chapter" LABEL="本章小结" ORDERLABEL="255"><METS:fptr FILEID="00000272"/>
			</METS:div>
			<METS:div TYPE="Chapter" LABEL="习题八" ORDERLABEL="256"><METS:fptr FILEID="00000273"/>
			</METS:div>
		</METS:div>
		<METS:div TYPE="Chapter" LABEL="第九章 防火墙技术" ORDERLABEL="257"><METS:fptr FILEID="00000274"/>
			<METS:div TYPE="Chapter" LABEL="本章学习目标" ORDERLABEL="257"><METS:fptr FILEID="00000274"/>
			</METS:div>
			<METS:div TYPE="Chapter" LABEL="9.1 防火墙技术概述" ORDERLABEL="257"><METS:fptr FILEID="00000274"/>
				<METS:div TYPE="Chapter" LABEL="9.1.1 防火墙的定义" ORDERLABEL="257"><METS:fptr FILEID="00000274"/>
				</METS:div>
				<METS:div TYPE="Chapter" LABEL="9.1.2 防火墙的发展简史" ORDERLABEL="258"><METS:fptr FILEID="00000275"/>
				</METS:div>
				<METS:div TYPE="Chapter" LABEL="9.1.3 设置防火墙的目的和功能" ORDERLABEL="259"><METS:fptr FILEID="00000276"/>
				</METS:div>
				<METS:div TYPE="Chapter" LABEL="9.1.4 防火墙的局限性" ORDERLABEL="260"><METS:fptr FILEID="00000277"/>
				</METS:div>
				<METS:div TYPE="Chapter" LABEL="9.1.5 防火墙技术发展动态和趋势" ORDERLABEL="261"><METS:fptr FILEID="00000278"/>
				</METS:div>
			</METS:div>
			<METS:div TYPE="Chapter" LABEL="9.2 防火墙技术" ORDERLABEL="262"><METS:fptr FILEID="00000279"/>
				<METS:div TYPE="Chapter" LABEL="9.2.1 防火墙的技术分类" ORDERLABEL="262"><METS:fptr FILEID="00000279"/>
				</METS:div>
				<METS:div TYPE="Chapter" LABEL="9.2.2 防火墙的主要技术及实现方式" ORDERLABEL="269"><METS:fptr FILEID="00000286"/>
				</METS:div>
				<METS:div TYPE="Chapter" LABEL="9.2.3 防火墙的常见体系结构" ORDERLABEL="274"><METS:fptr FILEID="00000291"/>
				</METS:div>
			</METS:div>
			<METS:div TYPE="Chapter" LABEL="9.3 防火墙设计实例" ORDERLABEL="276"><METS:fptr FILEID="00000293"/>
				<METS:div TYPE="Chapter" LABEL="9.3.1 防火墙产品选购策略" ORDERLABEL="276"><METS:fptr FILEID="00000293"/>
				</METS:div>
				<METS:div TYPE="Chapter" LABEL="9.3.2 典型防火墙产品介绍" ORDERLABEL="279"><METS:fptr FILEID="00000296"/>
				</METS:div>
				<METS:div TYPE="Chapter" LABEL="9.3.3 防火墙设计策略" ORDERLABEL="280"><METS:fptr FILEID="00000297"/>
				</METS:div>
				<METS:div TYPE="Chapter" LABEL="9.3.4 Windows 2000 环境下防火墙及NAT的实现" ORDERLABEL="281"><METS:fptr FILEID="00000298"/>
				</METS:div>
			</METS:div>
			<METS:div TYPE="Chapter" LABEL="本章小结" ORDERLABEL="285"><METS:fptr FILEID="00000302"/>
			</METS:div>
			<METS:div TYPE="Chapter" LABEL="习题九" ORDERLABEL="286"><METS:fptr FILEID="00000303"/>
			</METS:div>
		</METS:div>
		<METS:div TYPE="Chapter" LABEL="第十章 系统平台与网络站点的安全" ORDERLABEL="287"><METS:fptr FILEID="00000304"/>
			<METS:div TYPE="Chapter" LABEL="本章学习目标" ORDERLABEL="287"><METS:fptr FILEID="00000304"/>
			</METS:div>
			<METS:div TYPE="Chapter" LABEL="10.1 Windows NT系统的安全性" ORDERLABEL="287"><METS:fptr FILEID="00000304"/>
				<METS:div TYPE="Chapter" LABEL="10.1.1 Windows NT的Registry的安全性" ORDERLABEL="287"><METS:fptr FILEID="00000304"/>
				</METS:div>
				<METS:div TYPE="Chapter" LABEL="10.1.2 NT服务器和工作站的安全漏洞及解决建议" ORDERLABEL="289"><METS:fptr FILEID="00000306"/>
				</METS:div>
				<METS:div TYPE="Chapter" LABEL="10.1.3 NT与浏览器有关的安全漏洞及防范措施" ORDERLABEL="297"><METS:fptr FILEID="00000314"/>
				</METS:div>
				<METS:div TYPE="Chapter" LABEL="10.1.4 基于Windows NT操作系统的安全技术" ORDERLABEL="301"><METS:fptr FILEID="00000318"/>
				</METS:div>
				<METS:div TYPE="Chapter" LABEL="10.1.5 Windows操作系统的安全维护技术" ORDERLABEL="304"><METS:fptr FILEID="00000321"/>
				</METS:div>
			</METS:div>
			<METS:div TYPE="Chapter" LABEL="10.2 UNIX系统的安全性" ORDERLABEL="306"><METS:fptr FILEID="00000323"/>
				<METS:div TYPE="Chapter" LABEL="10.2.1 UNIX系统安全" ORDERLABEL="306"><METS:fptr FILEID="00000323"/>
				</METS:div>
				<METS:div TYPE="Chapter" LABEL="10.2.2 UNIX网络安全" ORDERLABEL="311"><METS:fptr FILEID="00000328"/>
				</METS:div>
			</METS:div>
			<METS:div TYPE="Chapter" LABEL="10.3 Web站点的安全" ORDERLABEL="320"><METS:fptr FILEID="00000337"/>
				<METS:div TYPE="Chapter" LABEL="10.3.1 Web站点安全概述" ORDERLABEL="320"><METS:fptr FILEID="00000337"/>
				</METS:div>
				<METS:div TYPE="Chapter" LABEL="10.3.2 Web站点的安全策略" ORDERLABEL="321"><METS:fptr FILEID="00000338"/>
				</METS:div>
			</METS:div>
			<METS:div TYPE="Chapter" LABEL="10.4 反黑客技术" ORDERLABEL="325"><METS:fptr FILEID="00000342"/>
				<METS:div TYPE="Chapter" LABEL="10.4.1 黑客的攻击步骤" ORDERLABEL="325"><METS:fptr FILEID="00000342"/>
				</METS:div>
				<METS:div TYPE="Chapter" LABEL="10.4.2 黑客的手法" ORDERLABEL="326"><METS:fptr FILEID="00000343"/>
				</METS:div>
				<METS:div TYPE="Chapter" LABEL="10.4.3 防黑客技术" ORDERLABEL="329"><METS:fptr FILEID="00000346"/>
				</METS:div>
				<METS:div TYPE="Chapter" LABEL="10.4.4 黑客攻击的处理对策" ORDERLABEL="330"><METS:fptr FILEID="00000347"/>
				</METS:div>
			</METS:div>
			<METS:div TYPE="Chapter" LABEL="本章小结" ORDERLABEL="331"><METS:fptr FILEID="00000348"/>
			</METS:div>
			<METS:div TYPE="Chapter" LABEL="习题十" ORDERLABEL="331"><METS:fptr FILEID="00000348"/>
			</METS:div>
		</METS:div>
	</METS:structMap>
</METS:mets>
