<?xml version="1.0" encoding="utf-8"?>
<METS:mets xmlns:METS="http://www.loc.gov/METS/" xmlns:xsi="http://www.w3.org/2001/XMLSchema-instance" xmlns:gdm="http://sunsite.berkeley.edu/GDM/" xmlns:xlink="http://www.w3.org/TR/xlink" xsi:schemalocation="http://www.loc.gov/METS/http://www.loc.gov/standards/mets/mets.xsd" LABEL="Zhejiang University.jdl.China-America digital library project" TYPE="Section">
	<METS:structMap TYPE="Catalog">
		<METS:div TYPE="Chapter" LABEL="第一篇  远程控制基础篇" ORDERLABEL="2"><METS:fptr FILEID="00000012"/>
			<METS:div TYPE="Chapter" LABEL="第1章  远程控制基础" ORDERLABEL="2"><METS:fptr FILEID="00000013"/>
				<METS:div TYPE="Chapter" LABEL="1.1  远程控制基本概念" ORDERLABEL="2"><METS:fptr FILEID="00000013"/>
					<METS:div TYPE="Chapter" LABEL="1.1.1  远程控制的主要用途" ORDERLABEL="2"><METS:fptr FILEID="00000013"/>
					</METS:div>
					<METS:div TYPE="Chapter" LABEL="1.1.2  远程控制与远程登录的区别和联系" ORDERLABEL="4"><METS:fptr FILEID="00000015"/>
					</METS:div>
					<METS:div TYPE="Chapter" LABEL="1.1.3  主流远程控制软件" ORDERLABEL="5"><METS:fptr FILEID="00000016"/>
					</METS:div>
				</METS:div>
				<METS:div TYPE="Chapter" LABEL="1.2  远程控制的由来及应用需求" ORDERLABEL="6"><METS:fptr FILEID="00000017"/>
				</METS:div>
				<METS:div TYPE="Chapter" LABEL="1.3  远程控制的基本原理" ORDERLABEL="7"><METS:fptr FILEID="00000018"/>
				</METS:div>
				<METS:div TYPE="Chapter" LABEL="1.4  远程控制的主要通信方式" ORDERLABEL="8"><METS:fptr FILEID="00000019"/>
					<METS:div TYPE="Chapter" LABEL="1.4.1  Modem拨号方式" ORDERLABEL="8"><METS:fptr FILEID="00000019"/>
					</METS:div>
					<METS:div TYPE="Chapter" LABEL="1.4.2  网络远程控制方式" ORDERLABEL="9"><METS:fptr FILEID="00000020"/>
					</METS:div>
					<METS:div TYPE="Chapter" LABEL="1.4.3  串/并口电缆直连的远程控制方式" ORDERLABEL="12"><METS:fptr FILEID="00000023"/>
					</METS:div>
				</METS:div>
				<METS:div TYPE="Chapter" LABEL="1.5  远程控制的主要应用" ORDERLABEL="14"><METS:fptr FILEID="00000025"/>
				</METS:div>
			</METS:div>
			<METS:div TYPE="Chapter" LABEL="第2章  远程控制原理" ORDERLABEL="17"><METS:fptr FILEID="00000028"/>
				<METS:div TYPE="Chapter" LABEL="2.1  远程控制简述" ORDERLABEL="17"><METS:fptr FILEID="00000028"/>
					<METS:div TYPE="Chapter" LABEL="2.1.1  端口简述" ORDERLABEL="17"><METS:fptr FILEID="00000028"/>
					</METS:div>
					<METS:div TYPE="Chapter" LABEL="2.1.2  木马简述" ORDERLABEL="17"><METS:fptr FILEID="00000028"/>
					</METS:div>
				</METS:div>
				<METS:div TYPE="Chapter" LABEL="2.2  远程控制通信协议基础" ORDERLABEL="18"><METS:fptr FILEID="00000029"/>
					<METS:div TYPE="Chapter" LABEL="2.2.1  TCP/IP协议" ORDERLABEL="19"><METS:fptr FILEID="00000030"/>
					</METS:div>
					<METS:div TYPE="Chapter" LABEL="2.2.2  TCP/IP协议与OSI参考模型之间的关系" ORDERLABEL="21"><METS:fptr FILEID="00000032"/>
					</METS:div>
					<METS:div TYPE="Chapter" LABEL="2.2.3  TCP协议" ORDERLABEL="23"><METS:fptr FILEID="00000034"/>
					</METS:div>
					<METS:div TYPE="Chapter" LABEL="2.2.4  IP协议" ORDERLABEL="25"><METS:fptr FILEID="00000036"/>
					</METS:div>
					<METS:div TYPE="Chapter" LABEL="2.2.5  UDP协议" ORDERLABEL="28"><METS:fptr FILEID="00000039"/>
					</METS:div>
					<METS:div TYPE="Chapter" LABEL="2.2.6  TCP协议与UDP协议的选择" ORDERLABEL="29"><METS:fptr FILEID="00000040"/>
					</METS:div>
					<METS:div TYPE="Chapter" LABEL="2.2.7  PPP协议" ORDERLABEL="29"><METS:fptr FILEID="00000040"/>
					</METS:div>
					<METS:div TYPE="Chapter" LABEL="2.2.8  HTTP协议" ORDERLABEL="31"><METS:fptr FILEID="00000042"/>
					</METS:div>
				</METS:div>
				<METS:div TYPE="Chapter" LABEL="2.3  木马程序攻击原理" ORDERLABEL="33"><METS:fptr FILEID="00000044"/>
					<METS:div TYPE="Chapter" LABEL="2.3.1  木马程序的归类" ORDERLABEL="33"><METS:fptr FILEID="00000044"/>
					</METS:div>
					<METS:div TYPE="Chapter" LABEL="2.3.2  木马的攻击原理" ORDERLABEL="34"><METS:fptr FILEID="00000045"/>
					</METS:div>
					<METS:div TYPE="Chapter" LABEL="2.3.3  木马的隐藏方式" ORDERLABEL="35"><METS:fptr FILEID="00000046"/>
					</METS:div>
					<METS:div TYPE="Chapter" LABEL="2.3.4  木马所用端口及服务器端程序加载方式" ORDERLABEL="36"><METS:fptr FILEID="00000047"/>
					</METS:div>
				</METS:div>
				<METS:div TYPE="Chapter" LABEL="2.4  端口" ORDERLABEL="36"><METS:fptr FILEID="00000047"/>
					<METS:div TYPE="Chapter" LABEL="2.4.1  计算机网络服务" ORDERLABEL="37"><METS:fptr FILEID="00000048"/>
					</METS:div>
					<METS:div TYPE="Chapter" LABEL="2.4.2  计算机端口的种类" ORDERLABEL="37"><METS:fptr FILEID="00000048"/>
					</METS:div>
				</METS:div>
				<METS:div TYPE="Chapter" LABEL="2.5  端口侦听" ORDERLABEL="39"><METS:fptr FILEID="00000050"/>
					<METS:div TYPE="Chapter" LABEL="2.5.1  端口侦听与端口扫描的异同" ORDERLABEL="39"><METS:fptr FILEID="00000050"/>
					</METS:div>
					<METS:div TYPE="Chapter" LABEL="2.5.2  端口侦听原理" ORDERLABEL="40"><METS:fptr FILEID="00000051"/>
					</METS:div>
				</METS:div>
				<METS:div TYPE="Chapter" LABEL="2.6  常用端口侦听软件" ORDERLABEL="41"><METS:fptr FILEID="00000052"/>
					<METS:div TYPE="Chapter" LABEL="2.6.1  著名的Spynet Sniffer" ORDERLABEL="41"><METS:fptr FILEID="00000052"/>
					</METS:div>
					<METS:div TYPE="Chapter" LABEL="2.6.2  LockDown port Monitor" ORDERLABEL="51"><METS:fptr FILEID="00000062"/>
					</METS:div>
				</METS:div>
				<METS:div TYPE="Chapter" LABEL="2.7  端口扫描" ORDERLABEL="57"><METS:fptr FILEID="00000068"/>
					<METS:div TYPE="Chapter" LABEL="2.7.1  端口扫描器的扫描原理" ORDERLABEL="57"><METS:fptr FILEID="00000068"/>
					</METS:div>
					<METS:div TYPE="Chapter" LABEL="2.7.2  目前主流的端口扫描技术" ORDERLABEL="58"><METS:fptr FILEID="00000069"/>
					</METS:div>
				</METS:div>
				<METS:div TYPE="Chapter" LABEL="2.8  常见端口扫描工具" ORDERLABEL="60"><METS:fptr FILEID="00000071"/>
					<METS:div TYPE="Chapter" LABEL="2.8.1  Portflash 3.0" ORDERLABEL="60"><METS:fptr FILEID="00000071"/>
					</METS:div>
					<METS:div TYPE="Chapter" LABEL="2.8.2  扫描特定端口的NetBrute" ORDERLABEL="63"><METS:fptr FILEID="00000074"/>
					</METS:div>
					<METS:div TYPE="Chapter" LABEL="2.8.3  扫描所有端口的SuperScan" ORDERLABEL="67"><METS:fptr FILEID="00000078"/>
					</METS:div>
				</METS:div>
			</METS:div>
			<METS:div TYPE="Chapter" LABEL="第3章  Windows 2000系统的远程控制及远程控制命令的应用" ORDERLABEL="70"><METS:fptr FILEID="00000081"/>
				<METS:div TYPE="Chapter" LABEL="3.1  Windows 2000 Server的终端服务概述" ORDERLABEL="70"><METS:fptr FILEID="00000081"/>
					<METS:div TYPE="Chapter" LABEL="3.1.1  终端服务所带来的好处" ORDERLABEL="70"><METS:fptr FILEID="00000081"/>
					</METS:div>
					<METS:div TYPE="Chapter" LABEL="3.1.2  终端服务的主要功能" ORDERLABEL="71"><METS:fptr FILEID="00000082"/>
					</METS:div>
				</METS:div>
				<METS:div TYPE="Chapter" LABEL="3.2  终端服务的安装" ORDERLABEL="73"><METS:fptr FILEID="00000084"/>
				</METS:div>
				<METS:div TYPE="Chapter" LABEL="3.3  终端服务客户端程序的创建与安装" ORDERLABEL="77"><METS:fptr FILEID="00000088"/>
				</METS:div>
				<METS:div TYPE="Chapter" LABEL="3.4  Windows 2000 Server的远程控制设置" ORDERLABEL="79"><METS:fptr FILEID="00000090"/>
					<METS:div TYPE="Chapter" LABEL="3.4.1  用户“远程控制”属性的配置" ORDERLABEL="80"><METS:fptr FILEID="00000091"/>
					</METS:div>
					<METS:div TYPE="Chapter" LABEL="3.4.2  终端服务“远程控制”属性的配置" ORDERLABEL="82"><METS:fptr FILEID="00000093"/>
					</METS:div>
				</METS:div>
				<METS:div TYPE="Chapter" LABEL="3.5  终端服务客户端远程控制的实现" ORDERLABEL="83"><METS:fptr FILEID="00000094"/>
				</METS:div>
				<METS:div TYPE="Chapter" LABEL="3.6  远程控制命令" ORDERLABEL="88"><METS:fptr FILEID="00000099"/>
					<METS:div TYPE="Chapter" LABEL="3.6.1  MailRouter简介" ORDERLABEL="89"><METS:fptr FILEID="00000100"/>
					</METS:div>
					<METS:div TYPE="Chapter" LABEL="3.6.2  MailRouter远程控制功能的实现" ORDERLABEL="89"><METS:fptr FILEID="00000100"/>
					</METS:div>
					<METS:div TYPE="Chapter" LABEL="3.6.3  MailRouter远程控制命令的综合应用" ORDERLABEL="92"><METS:fptr FILEID="00000103"/>
					</METS:div>
				</METS:div>
			</METS:div>
		</METS:div>
		<METS:div TYPE="Chapter" LABEL="第二篇  网络应用篇" ORDERLABEL="96"><METS:fptr FILEID="00000106"/>
			<METS:div TYPE="Chapter" LABEL="第4章  远程控制老大pcAnywhere" ORDERLABEL="96"><METS:fptr FILEID="00000107"/>
				<METS:div TYPE="Chapter" LABEL="4.1  pcAnywhere简介" ORDERLABEL="96"><METS:fptr FILEID="00000107"/>
				</METS:div>
				<METS:div TYPE="Chapter" LABEL="4.2  pcAnywhereV10.5.1的安装" ORDERLABEL="97"><METS:fptr FILEID="00000108"/>
				</METS:div>
				<METS:div TYPE="Chapter" LABEL="4.3  pcAnywhere V10.5.1的设置" ORDERLABEL="98"><METS:fptr FILEID="00000109"/>
					<METS:div TYPE="Chapter" LABEL="4.3.1  pcAnywhere V10.5.1的通用基本设置" ORDERLABEL="98"><METS:fptr FILEID="00000109"/>
					</METS:div>
					<METS:div TYPE="Chapter" LABEL="4.3.2  pcAnywhere V10.5.1的个性化设置" ORDERLABEL="110"><METS:fptr FILEID="00000121"/>
					</METS:div>
				</METS:div>
				<METS:div TYPE="Chapter" LABEL="4.4  pcAnywhere的远程控制连接方式" ORDERLABEL="111"><METS:fptr FILEID="00000122"/>
					<METS:div TYPE="Chapter" LABEL="4.4.1  pcAnywhere V10.5.1的Modem远程控制连接方式" ORDERLABEL="111"><METS:fptr FILEID="00000122"/>
					</METS:div>
					<METS:div TYPE="Chapter" LABEL="4.4.2  pcAnywhere V10.5.1的局域网远程控制连接方式" ORDERLABEL="125"><METS:fptr FILEID="00000136"/>
					</METS:div>
					<METS:div TYPE="Chapter" LABEL="4.4.3  pcAnywhere V10.5.1的远程网络连接远程控制方式" ORDERLABEL="129"><METS:fptr FILEID="00000140"/>
					</METS:div>
					<METS:div TYPE="Chapter" LABEL="4.4.4  pcAnywhere V10.5.1的电缆直连远程控制连接方式" ORDERLABEL="130"><METS:fptr FILEID="00000141"/>
					</METS:div>
				</METS:div>
				<METS:div TYPE="Chapter" LABEL="4.5  远程控制操作" ORDERLABEL="133"><METS:fptr FILEID="00000144"/>
				</METS:div>
				<METS:div TYPE="Chapter" LABEL="4.6  远程文件传输" ORDERLABEL="140"><METS:fptr FILEID="00000151"/>
				</METS:div>
				<METS:div TYPE="Chapter" LABEL="4.7  pcAnywhere的安装包创建" ORDERLABEL="145"><METS:fptr FILEID="00000156"/>
					<METS:div TYPE="Chapter" LABEL="4.7.1  利用Full Product选项创建新安装包" ORDERLABEL="146"><METS:fptr FILEID="00000157"/>
					</METS:div>
					<METS:div TYPE="Chapter" LABEL="4.7.2  创建新的安装包" ORDERLABEL="152"><METS:fptr FILEID="00000163"/>
					</METS:div>
				</METS:div>
			</METS:div>
			<METS:div TYPE="Chapter" LABEL="第5章  远程访问高手RemotelyAnywhere" ORDERLABEL="155"><METS:fptr FILEID="00000166"/>
				<METS:div TYPE="Chapter" LABEL="5.1  RA的基本特点" ORDERLABEL="155"><METS:fptr FILEID="00000166"/>
				</METS:div>
				<METS:div TYPE="Chapter" LABEL="5.2  RA的安装" ORDERLABEL="156"><METS:fptr FILEID="00000167"/>
					<METS:div TYPE="Chapter" LABEL="5.2.1  安装" ORDERLABEL="156"><METS:fptr FILEID="00000167"/>
					</METS:div>
					<METS:div TYPE="Chapter" LABEL="5.2.2  共享版RA协议文件的获取" ORDERLABEL="161"><METS:fptr FILEID="00000172"/>
					</METS:div>
				</METS:div>
				<METS:div TYPE="Chapter" LABEL="5.3  RA的登录" ORDERLABEL="164"><METS:fptr FILEID="00000175"/>
				</METS:div>
				<METS:div TYPE="Chapter" LABEL="5.4  RA程序配置" ORDERLABEL="166"><METS:fptr FILEID="00000177"/>
					<METS:div TYPE="Chapter" LABEL="5.4.1  Connections(连接)" ORDERLABEL="167"><METS:fptr FILEID="00000178"/>
					</METS:div>
					<METS:div TYPE="Chapter" LABEL="5.4.2  Remotely Anywhere Access Control(RA远程访问控制)" ORDERLABEL="168"><METS:fptr FILEID="00000179"/>
					</METS:div>
					<METS:div TYPE="Chapter" LABEL="5.4.3  IP Address Filtering(IP地址过滤器)" ORDERLABEL="169"><METS:fptr FILEID="00000180"/>
					</METS:div>
					<METS:div TYPE="Chapter" LABEL="5.4.4  IP Address Lockout(IP地址封锁)" ORDERLABEL="170"><METS:fptr FILEID="00000181"/>
					</METS:div>
					<METS:div TYPE="Chapter" LABEL="5.4.5  Remote Control(远程控制)" ORDERLABEL="171"><METS:fptr FILEID="00000182"/>
					</METS:div>
					<METS:div TYPE="Chapter" LABEL="5.4.6  Telnet/SSH(Telnet/SSH协议服务)" ORDERLABEL="172"><METS:fptr FILEID="00000183"/>
					</METS:div>
					<METS:div TYPE="Chapter" LABEL="5.4.7  Process List(任务列表)" ORDERLABEL="173"><METS:fptr FILEID="00000184"/>
					</METS:div>
					<METS:div TYPE="Chapter" LABEL="5.4.8  System Monitoring Script(系统镜像)" ORDERLABEL="173"><METS:fptr FILEID="00000184"/>
					</METS:div>
					<METS:div TYPE="Chapter" LABEL="5.4.9  Filer Manager(文件管理)" ORDERLABEL="175"><METS:fptr FILEID="00000186"/>
					</METS:div>
					<METS:div TYPE="Chapter" LABEL="5.4.10  Miscellaneous(杂项)" ORDERLABEL="175"><METS:fptr FILEID="00000186"/>
					</METS:div>
					<METS:div TYPE="Chapter" LABEL="5.4.11  Color(颜色)" ORDERLABEL="176"><METS:fptr FILEID="00000187"/>
					</METS:div>
					<METS:div TYPE="Chapter" LABEL="5.4.12  Appearance(界面、屏幕显示)" ORDERLABEL="176"><METS:fptr FILEID="00000187"/>
					</METS:div>
					<METS:div TYPE="Chapter" LABEL="5.4.13  Local Preference(本地参数)" ORDERLABEL="177"><METS:fptr FILEID="00000188"/>
					</METS:div>
					<METS:div TYPE="Chapter" LABEL="5.4.14  SSL Setup(加密套接字协议层设置)" ORDERLABEL="178"><METS:fptr FILEID="00000189"/>
					</METS:div>
					<METS:div TYPE="Chapter" LABEL="5.4.15  Desktop Icon and Remote Control Notification(桌面图标和远程控制消息框)" ORDERLABEL="181"><METS:fptr FILEID="00000192"/>
					</METS:div>
					<METS:div TYPE="Chapter" LABEL="5.4.16  RemotelyAnywhere Log(RA日志)" ORDERLABEL="181"><METS:fptr FILEID="00000192"/>
					</METS:div>
					<METS:div TYPE="Chapter" LABEL="5.4.17  Registration Key(注册密钥)" ORDERLABEL="182"><METS:fptr FILEID="00000193"/>
					</METS:div>
					<METS:div TYPE="Chapter" LABEL="5.4.18  ShortCuts(快捷方式)" ORDERLABEL="182"><METS:fptr FILEID="00000193"/>
					</METS:div>
					<METS:div TYPE="Chapter" LABEL="5.4.19  Ports Forwarding(前置端口)" ORDERLABEL="183"><METS:fptr FILEID="00000194"/>
					</METS:div>
					<METS:div TYPE="Chapter" LABEL="5.4.20  FTP(文件传输协议)" ORDERLABEL="185"><METS:fptr FILEID="00000196"/>
					</METS:div>
					<METS:div TYPE="Chapter" LABEL="5.4.21  RemoteAnywhere Network Maintenace(RA网络维护)" ORDERLABEL="185"><METS:fptr FILEID="00000196"/>
					</METS:div>
				</METS:div>
				<METS:div TYPE="Chapter" LABEL="5.5  RA的远程控制操作" ORDERLABEL="189"><METS:fptr FILEID="00000200"/>
				</METS:div>
				<METS:div TYPE="Chapter" LABEL="5.6  RA远程系统管理" ORDERLABEL="195"><METS:fptr FILEID="00000206"/>
					<METS:div TYPE="Chapter" LABEL="5.6.1  Administrator(系统管理)" ORDERLABEL="195"><METS:fptr FILEID="00000206"/>
					</METS:div>
					<METS:div TYPE="Chapter" LABEL="5.6.2  Performance(性能)" ORDERLABEL="206"><METS:fptr FILEID="00000217"/>
					</METS:div>
					<METS:div TYPE="Chapter" LABEL="5.6.3  System Info(系统信息)" ORDERLABEL="207"><METS:fptr FILEID="00000218"/>
					</METS:div>
					<METS:div TYPE="Chapter" LABEL="5.6.4  Scripts(脚本)" ORDERLABEL="212"><METS:fptr FILEID="00000223"/>
					</METS:div>
				</METS:div>
			</METS:div>
			<METS:div TYPE="Chapter" LABEL="第6章  知名老牌Carbon Copy" ORDERLABEL="214"><METS:fptr FILEID="00000225"/>
				<METS:div TYPE="Chapter" LABEL="6.1  CC的基本特点" ORDERLABEL="214"><METS:fptr FILEID="00000225"/>
				</METS:div>
				<METS:div TYPE="Chapter" LABEL="6.2  CC通用程序配置" ORDERLABEL="215"><METS:fptr FILEID="00000226"/>
					<METS:div TYPE="Chapter" LABEL="6.2.1  Communications(通信)" ORDERLABEL="216"><METS:fptr FILEID="00000227"/>
					</METS:div>
					<METS:div TYPE="Chapter" LABEL="6.2.2  Security(安全)" ORDERLABEL="219"><METS:fptr FILEID="00000230"/>
					</METS:div>
					<METS:div TYPE="Chapter" LABEL="6.2.3  Event Log(事件日志)" ORDERLABEL="223"><METS:fptr FILEID="00000234"/>
					</METS:div>
					<METS:div TYPE="Chapter" LABEL="6.2.4  Remote Control(远程控制)" ORDERLABEL="225"><METS:fptr FILEID="00000236"/>
					</METS:div>
					<METS:div TYPE="Chapter" LABEL="6.2.5  File Transfer(文件传输)" ORDERLABEL="227"><METS:fptr FILEID="00000238"/>
					</METS:div>
					<METS:div TYPE="Chapter" LABEL="6.2.6  Voice Chat(语音聊天)" ORDERLABEL="230"><METS:fptr FILEID="00000241"/>
					</METS:div>
					<METS:div TYPE="Chapter" LABEL="6.2.7  Remote Printing(远程打印)" ORDERLABEL="232"><METS:fptr FILEID="00000243"/>
					</METS:div>
				</METS:div>
				<METS:div TYPE="Chapter" LABEL="6.3  CC远程控制连接的创建" ORDERLABEL="232"><METS:fptr FILEID="00000243"/>
					<METS:div TYPE="Chapter" LABEL="6.3.1  CC远程网络连接的创建" ORDERLABEL="232"><METS:fptr FILEID="00000243"/>
					</METS:div>
					<METS:div TYPE="Chapter" LABEL="6.3.2  CC远程控制连接的建立" ORDERLABEL="239"><METS:fptr FILEID="00000250"/>
					</METS:div>
					<METS:div TYPE="Chapter" LABEL="6.3.3  CC远程控制连接属性配置" ORDERLABEL="243"><METS:fptr FILEID="00000254"/>
					</METS:div>
				</METS:div>
				<METS:div TYPE="Chapter" LABEL="6.4  CC远程控制用户账户的建立" ORDERLABEL="244"><METS:fptr FILEID="00000255"/>
				</METS:div>
				<METS:div TYPE="Chapter" LABEL="6.5  CC远程控制菜单介绍" ORDERLABEL="247"><METS:fptr FILEID="00000258"/>
				</METS:div>
				<METS:div TYPE="Chapter" LABEL="6.6  CC远程控制操作" ORDERLABEL="250"><METS:fptr FILEID="00000261"/>
				</METS:div>
				<METS:div TYPE="Chapter" LABEL="6.7  AutoPilot(自动任务调度)的建立" ORDERLABEL="255"><METS:fptr FILEID="00000266"/>
				</METS:div>
			</METS:div>
		</METS:div>
		<METS:div TYPE="Chapter" LABEL="第三篇  网络安全应用篇" ORDERLABEL="262"><METS:fptr FILEID="00000272"/>
			<METS:div TYPE="Chapter" LABEL="第7章  网络神偷Nethief的防护" ORDERLABEL="262"><METS:fptr FILEID="00000273"/>
				<METS:div TYPE="Chapter" LABEL="7.1  网络神偷的基本特点" ORDERLABEL="262"><METS:fptr FILEID="00000273"/>
				</METS:div>
				<METS:div TYPE="Chapter" LABEL="7.2  网络神偷软件原理" ORDERLABEL="263"><METS:fptr FILEID="00000274"/>
					<METS:div TYPE="Chapter" LABEL="7.2.1  远程控制软件的控制原理" ORDERLABEL="263"><METS:fptr FILEID="00000274"/>
					</METS:div>
					<METS:div TYPE="Chapter" LABEL="7.2.2  网络神偷远程文件访问原理" ORDERLABEL="264"><METS:fptr FILEID="00000275"/>
					</METS:div>
					<METS:div TYPE="Chapter" LABEL="7.2.3  网络神偷的服务器端上线通知原理" ORDERLABEL="265"><METS:fptr FILEID="00000276"/>
					</METS:div>
				</METS:div>
				<METS:div TYPE="Chapter" LABEL="7.3  网络神偷的安装与设置" ORDERLABEL="266"><METS:fptr FILEID="00000277"/>
					<METS:div TYPE="Chapter" LABEL="7.3.1  网络神偷的安装" ORDERLABEL="266"><METS:fptr FILEID="00000277"/>
					</METS:div>
					<METS:div TYPE="Chapter" LABEL="7.3.2  网络神偷的设置" ORDERLABEL="269"><METS:fptr FILEID="00000280"/>
					</METS:div>
				</METS:div>
				<METS:div TYPE="Chapter" LABEL="7.4  网络神偷的文件管理" ORDERLABEL="270"><METS:fptr FILEID="00000281"/>
				</METS:div>
				<METS:div TYPE="Chapter" LABEL="7.5  生成并运行服务器端程序" ORDERLABEL="271"><METS:fptr FILEID="00000282"/>
				</METS:div>
				<METS:div TYPE="Chapter" LABEL="7.6  网络神偷服务器端的连接" ORDERLABEL="273"><METS:fptr FILEID="00000284"/>
				</METS:div>
				<METS:div TYPE="Chapter" LABEL="7.7  常见问题解答" ORDERLABEL="274"><METS:fptr FILEID="00000285"/>
				</METS:div>
			</METS:div>
			<METS:div TYPE="Chapter" LABEL="第8章  网络精灵Netspy的防护" ORDERLABEL="276"><METS:fptr FILEID="00000287"/>
				<METS:div TYPE="Chapter" LABEL="8.1  网络精灵简介" ORDERLABEL="276"><METS:fptr FILEID="00000287"/>
				</METS:div>
				<METS:div TYPE="Chapter" LABEL="8.2  网络精灵的安装与卸载" ORDERLABEL="276"><METS:fptr FILEID="00000287"/>
				</METS:div>
				<METS:div TYPE="Chapter" LABEL="8.3  网络精灵的运行" ORDERLABEL="279"><METS:fptr FILEID="00000290"/>
				</METS:div>
				<METS:div TYPE="Chapter" LABEL="8.4  网络精灵的主要功能应用" ORDERLABEL="281"><METS:fptr FILEID="00000292"/>
				</METS:div>
				<METS:div TYPE="Chapter" LABEL="8.5  网络精灵的维护" ORDERLABEL="290"><METS:fptr FILEID="00000301"/>
				</METS:div>
			</METS:div>
			<METS:div TYPE="Chapter" LABEL="第9章  冰河的防护" ORDERLABEL="292"><METS:fptr FILEID="00000303"/>
				<METS:div TYPE="Chapter" LABEL="9.1  冰河DARKSUN 2.2的安装" ORDERLABEL="292"><METS:fptr FILEID="00000303"/>
				</METS:div>
				<METS:div TYPE="Chapter" LABEL="9.2  冰河DARKSUN 2.2的基本功能" ORDERLABEL="292"><METS:fptr FILEID="00000303"/>
					<METS:div TYPE="Chapter" LABEL="9.2.1  冰河的主界面" ORDERLABEL="292"><METS:fptr FILEID="00000303"/>
					</METS:div>
					<METS:div TYPE="Chapter" LABEL="9.2.2  冰河的主要功能" ORDERLABEL="294"><METS:fptr FILEID="00000305"/>
					</METS:div>
				</METS:div>
				<METS:div TYPE="Chapter" LABEL="9.3  冰河的命令控制台" ORDERLABEL="304"><METS:fptr FILEID="00000315"/>
					<METS:div TYPE="Chapter" LABEL="9.3.1  口令类命令" ORDERLABEL="304"><METS:fptr FILEID="00000315"/>
					</METS:div>
					<METS:div TYPE="Chapter" LABEL="9.3.2  控制类命令" ORDERLABEL="306"><METS:fptr FILEID="00000317"/>
					</METS:div>
					<METS:div TYPE="Chapter" LABEL="9.3.3  网络类命令" ORDERLABEL="310"><METS:fptr FILEID="00000321"/>
					</METS:div>
					<METS:div TYPE="Chapter" LABEL="9.3.4  文件类命令" ORDERLABEL="310"><METS:fptr FILEID="00000321"/>
					</METS:div>
					<METS:div TYPE="Chapter" LABEL="9.3.5  注册表读写" ORDERLABEL="311"><METS:fptr FILEID="00000322"/>
					</METS:div>
					<METS:div TYPE="Chapter" LABEL="9.3.6  设置类命令" ORDERLABEL="311"><METS:fptr FILEID="00000322"/>
					</METS:div>
				</METS:div>
				<METS:div TYPE="Chapter" LABEL="9.4  防范与清除冰河" ORDERLABEL="312"><METS:fptr FILEID="00000323"/>
				</METS:div>
			</METS:div>
			<METS:div TYPE="Chapter" LABEL="第10章  国外流行木马SubSeven的防护" ORDERLABEL="314"><METS:fptr FILEID="00000325"/>
				<METS:div TYPE="Chapter" LABEL="10.1  SubSeven简介" ORDERLABEL="314"><METS:fptr FILEID="00000325"/>
				</METS:div>
				<METS:div TYPE="Chapter" LABEL="10.2  EditServer.exe程序介绍" ORDERLABEL="315"><METS:fptr FILEID="00000326"/>
				</METS:div>
				<METS:div TYPE="Chapter" LABEL="10.3  客户端与服务器端的连接" ORDERLABEL="319"><METS:fptr FILEID="00000330"/>
				</METS:div>
				<METS:div TYPE="Chapter" LABEL="10.4  SubSeven客户端程序主要功能" ORDERLABEL="320"><METS:fptr FILEID="00000331"/>
					<METS:div TYPE="Chapter" LABEL="10.4.1  Connetion(连接)" ORDERLABEL="320"><METS:fptr FILEID="00000331"/>
					</METS:div>
					<METS:div TYPE="Chapter" LABEL="10.4.2  keys/messages" ORDERLABEL="322"><METS:fptr FILEID="00000333"/>
					</METS:div>
					<METS:div TYPE="Chapter" LABEL="10.4.3  advanced(高级)" ORDERLABEL="326"><METS:fptr FILEID="00000337"/>
					</METS:div>
					<METS:div TYPE="Chapter" LABEL="10.4.4  miscellaneous(杂项)" ORDERLABEL="329"><METS:fptr FILEID="00000340"/>
					</METS:div>
					<METS:div TYPE="Chapter" LABEL="10.4.5  fun manager(功能管理器)" ORDERLABEL="332"><METS:fptr FILEID="00000343"/>
					</METS:div>
					<METS:div TYPE="Chapter" LABEL="10.4.6  extra fun(特别功能设置)" ORDERLABEL="335"><METS:fptr FILEID="00000346"/>
					</METS:div>
					<METS:div TYPE="Chapter" LABEL="10.4.7  local options(本地选项)" ORDERLABEL="337"><METS:fptr FILEID="00000348"/>
					</METS:div>
				</METS:div>
				<METS:div TYPE="Chapter" LABEL="10.5  SubSeven的维护" ORDERLABEL="340"><METS:fptr FILEID="00000351"/>
				</METS:div>
			</METS:div>
			<METS:div TYPE="Chapter" LABEL="第11章  木马的防御和查杀" ORDERLABEL="342"><METS:fptr FILEID="00000353"/>
				<METS:div TYPE="Chapter" LABEL="11.1  网络安全简介" ORDERLABEL="342"><METS:fptr FILEID="00000353"/>
					<METS:div TYPE="Chapter" LABEL="11.1.1  木马的特点" ORDERLABEL="342"><METS:fptr FILEID="00000353"/>
					</METS:div>
					<METS:div TYPE="Chapter" LABEL="11.1.2  木马入侵的常用方法" ORDERLABEL="344"><METS:fptr FILEID="00000355"/>
					</METS:div>
				</METS:div>
				<METS:div TYPE="Chapter" LABEL="11.2  天网个人防火墙(Skynet 2.49)" ORDERLABEL="346"><METS:fptr FILEID="00000357"/>
					<METS:div TYPE="Chapter" LABEL="11.2.1  天网个人防火墙基本设置" ORDERLABEL="347"><METS:fptr FILEID="00000358"/>
					</METS:div>
					<METS:div TYPE="Chapter" LABEL="11.2.2  IP规则设置" ORDERLABEL="349"><METS:fptr FILEID="00000360"/>
					</METS:div>
					<METS:div TYPE="Chapter" LABEL="11.2.3  其他选项设置及功能" ORDERLABEL="356"><METS:fptr FILEID="00000367"/>
					</METS:div>
				</METS:div>
				<METS:div TYPE="Chapter" LABEL="11.3  LockDown 2000" ORDERLABEL="358"><METS:fptr FILEID="00000369"/>
				</METS:div>
				<METS:div TYPE="Chapter" LABEL="11.4  Cookie Monitor" ORDERLABEL="361"><METS:fptr FILEID="00000372"/>
					<METS:div TYPE="Chapter" LABEL="11.4.1  Cookie简介" ORDERLABEL="361"><METS:fptr FILEID="00000372"/>
					</METS:div>
					<METS:div TYPE="Chapter" LABEL="11.4.2  LockDown 2000的Cookie监控功能" ORDERLABEL="365"><METS:fptr FILEID="00000376"/>
					</METS:div>
				</METS:div>
				<METS:div TYPE="Chapter" LABEL="11.5  VBS Interceptor" ORDERLABEL="366"><METS:fptr FILEID="00000377"/>
					<METS:div TYPE="Chapter" LABEL="11.5.1  VBS简介" ORDERLABEL="366"><METS:fptr FILEID="00000377"/>
					</METS:div>
					<METS:div TYPE="Chapter" LABEL="11.5.2  LockDown 2000的VBS Interceptor" ORDERLABEL="370"><METS:fptr FILEID="00000381"/>
					</METS:div>
				</METS:div>
				<METS:div TYPE="Chapter" LABEL="11.6  LD Millennium Pro功能介绍" ORDERLABEL="371"><METS:fptr FILEID="00000382"/>
					<METS:div TYPE="Chapter" LABEL="11.6.1  Status(状态)" ORDERLABEL="372"><METS:fptr FILEID="00000383"/>
					</METS:div>
					<METS:div TYPE="Chapter" LABEL="11.6.2  Scanner(扫描)" ORDERLABEL="374"><METS:fptr FILEID="00000385"/>
					</METS:div>
					<METS:div TYPE="Chapter" LABEL="11.6.3  Generics(通用)" ORDERLABEL="377"><METS:fptr FILEID="00000388"/>
					</METS:div>
					<METS:div TYPE="Chapter" LABEL="11.6.4  Port(端口)" ORDERLABEL="382"><METS:fptr FILEID="00000393"/>
					</METS:div>
					<METS:div TYPE="Chapter" LABEL="11.6.5  Shares(共享资源的管理)" ORDERLABEL="386"><METS:fptr FILEID="00000397"/>
					</METS:div>
					<METS:div TYPE="Chapter" LABEL="11.6.6  Net Uitls(网络追踪)" ORDERLABEL="389"><METS:fptr FILEID="00000400"/>
					</METS:div>
					<METS:div TYPE="Chapter" LABEL="11.6.7  Connections(连接)" ORDERLABEL="391"><METS:fptr FILEID="00000402"/>
					</METS:div>
					<METS:div TYPE="Chapter" LABEL="11.6.8  Process(进程管理)" ORDERLABEL="392"><METS:fptr FILEID="00000403"/>
					</METS:div>
				</METS:div>
				<METS:div TYPE="Chapter" LABEL="11.7  The Cleaner" ORDERLABEL="393"><METS:fptr FILEID="00000404"/>
					<METS:div TYPE="Chapter" LABEL="11.7.1  程序设置选项(Options)" ORDERLABEL="394"><METS:fptr FILEID="00000405"/>
					</METS:div>
					<METS:div TYPE="Chapter" LABEL="11.7.2  木马的查杀" ORDERLABEL="397"><METS:fptr FILEID="00000408"/>
					</METS:div>
					<METS:div TYPE="Chapter" LABEL="11.7.3  进程和注册表的监控" ORDERLABEL="398"><METS:fptr FILEID="00000409"/>
					</METS:div>
				</METS:div>
				<METS:div TYPE="Chapter" LABEL="11.8  Trojan Remover" ORDERLABEL="400"><METS:fptr FILEID="00000411"/>
				</METS:div>
			</METS:div>
		</METS:div>
	</METS:structMap>
</METS:mets>
