<?xml version="1.0" encoding="utf-8"?>
<METS:mets xmlns:METS="http://www.loc.gov/METS/" xmlns:xsi="http://www.w3.org/2001/XMLSchema-instance" xmlns:gdm="http://sunsite.berkeley.edu/GDM/" xmlns:xlink="http://www.w3.org/TR/xlink" xsi:schemalocation="http://www.loc.gov/METS/http://www.loc.gov/standards/mets/mets.xsd" LABEL="Zhejiang University.jdl.China-America digital library project" TYPE="Section">
	<METS:structMap TYPE="Catalog">
		<METS:div TYPE="Chapter" LABEL="第1章  计算机网络与网络体系结构概述" ORDERLABEL="1"><METS:fptr FILEID="00000016"/>
			<METS:div TYPE="Chapter" LABEL="1.1  计算机网络概述" ORDERLABEL="1"><METS:fptr FILEID="00000016"/>
				<METS:div TYPE="Chapter" LABEL="1.1.1  计算机网络的产生和发展过程" ORDERLABEL="1"><METS:fptr FILEID="00000016"/>
				</METS:div>
				<METS:div TYPE="Chapter" LABEL="1.1.2  计算机网络的定义" ORDERLABEL="4"><METS:fptr FILEID="00000019"/>
				</METS:div>
				<METS:div TYPE="Chapter" LABEL="1.1.3  计算机网络的逻辑结构" ORDERLABEL="5"><METS:fptr FILEID="00000020"/>
				</METS:div>
				<METS:div TYPE="Chapter" LABEL="1.1.4  计算机网络系统的组成" ORDERLABEL="6"><METS:fptr FILEID="00000021"/>
				</METS:div>
			</METS:div>
			<METS:div TYPE="Chapter" LABEL="1.2  计算机网络分类" ORDERLABEL="7"><METS:fptr FILEID="00000022"/>
				<METS:div TYPE="Chapter" LABEL="1.2.1  按不同的网络技术划分" ORDERLABEL="7"><METS:fptr FILEID="00000022"/>
				</METS:div>
				<METS:div TYPE="Chapter" LABEL="1.2.2  按网络覆盖的地理范围划分" ORDERLABEL="7"><METS:fptr FILEID="00000022"/>
				</METS:div>
				<METS:div TYPE="Chapter" LABEL="1.2.3  按网络传输技术划分" ORDERLABEL="7"><METS:fptr FILEID="00000022"/>
				</METS:div>
				<METS:div TYPE="Chapter" LABEL="1.2.4  按使用范围划分" ORDERLABEL="8"><METS:fptr FILEID="00000023"/>
				</METS:div>
				<METS:div TYPE="Chapter" LABEL="1.2.5  其他的网络分类方式" ORDERLABEL="8"><METS:fptr FILEID="00000023"/>
				</METS:div>
				<METS:div TYPE="Chapter" LABEL="1.2.6  Internet、intranet和extranet" ORDERLABEL="8"><METS:fptr FILEID="00000023"/>
				</METS:div>
			</METS:div>
			<METS:div TYPE="Chapter" LABEL="1.3  计算机网络的功能和应用" ORDERLABEL="9"><METS:fptr FILEID="00000024"/>
				<METS:div TYPE="Chapter" LABEL="1.3.1  计算机网络的功能" ORDERLABEL="9"><METS:fptr FILEID="00000024"/>
				</METS:div>
				<METS:div TYPE="Chapter" LABEL="1.3.2  计算机网络的应用" ORDERLABEL="10"><METS:fptr FILEID="00000025"/>
				</METS:div>
			</METS:div>
			<METS:div TYPE="Chapter" LABEL="1.4  网络协议与网络体系结构" ORDERLABEL="10"><METS:fptr FILEID="00000025"/>
				<METS:div TYPE="Chapter" LABEL="1.4.1  协议分层" ORDERLABEL="10"><METS:fptr FILEID="00000025"/>
				</METS:div>
				<METS:div TYPE="Chapter" LABEL="1.4.2  接口与服务" ORDERLABEL="11"><METS:fptr FILEID="00000026"/>
				</METS:div>
				<METS:div TYPE="Chapter" LABEL="1.4.3  服务与协议的关系" ORDERLABEL="12"><METS:fptr FILEID="00000027"/>
				</METS:div>
			</METS:div>
			<METS:div TYPE="Chapter" LABEL="1.5  ISO-OSI参考模型" ORDERLABEL="13"><METS:fptr FILEID="00000028"/>
				<METS:div TYPE="Chapter" LABEL="1.5.1  OSI参考模型——七层结构" ORDERLABEL="13"><METS:fptr FILEID="00000028"/>
				</METS:div>
				<METS:div TYPE="Chapter" LABEL="1.5.2  OSI参考模型各层功能" ORDERLABEL="14"><METS:fptr FILEID="00000029"/>
				</METS:div>
				<METS:div TYPE="Chapter" LABEL="1.5.3  OSI参考模型" ORDERLABEL="15"><METS:fptr FILEID="00000030"/>
				</METS:div>
			</METS:div>
			<METS:div TYPE="Chapter" LABEL="1.6  TCP／IP协议集" ORDERLABEL="15"><METS:fptr FILEID="00000030"/>
				<METS:div TYPE="Chapter" LABEL="1.6.1  TCP／IP参考模型" ORDERLABEL="15"><METS:fptr FILEID="00000030"/>
				</METS:div>
				<METS:div TYPE="Chapter" LABEL="1.6.2  IP协议" ORDERLABEL="17"><METS:fptr FILEID="00000032"/>
				</METS:div>
				<METS:div TYPE="Chapter" LABEL="1.6.3  TCP协议与UDP协议" ORDERLABEL="21"><METS:fptr FILEID="00000036"/>
				</METS:div>
			</METS:div>
			<METS:div TYPE="Chapter" LABEL="1.7  网络体系结构的发展和网络标准化组织" ORDERLABEL="23"><METS:fptr FILEID="00000038"/>
				<METS:div TYPE="Chapter" LABEL="1.7.1  网络体系结构的发展" ORDERLABEL="23"><METS:fptr FILEID="00000038"/>
				</METS:div>
				<METS:div TYPE="Chapter" LABEL="1.7.2  网络标准化组织" ORDERLABEL="24"><METS:fptr FILEID="00000039"/>
				</METS:div>
			</METS:div>
			<METS:div TYPE="Chapter" LABEL="1.8  习题" ORDERLABEL="26"><METS:fptr FILEID="00000041"/>
			</METS:div>
		</METS:div>
		<METS:div TYPE="Chapter" LABEL="第2章  数据通信基础" ORDERLABEL="27"><METS:fptr FILEID="00000042"/>
			<METS:div TYPE="Chapter" LABEL="2.1  数据通信概论" ORDERLABEL="27"><METS:fptr FILEID="00000042"/>
				<METS:div TYPE="Chapter" LABEL="2.1.1  数据通信的基本概念" ORDERLABEL="27"><METS:fptr FILEID="00000042"/>
				</METS:div>
				<METS:div TYPE="Chapter" LABEL="2.1.2  通信方式" ORDERLABEL="31"><METS:fptr FILEID="00000046"/>
				</METS:div>
				<METS:div TYPE="Chapter" LABEL="2.1.3  同步传输和异步传输" ORDERLABEL="32"><METS:fptr FILEID="00000047"/>
				</METS:div>
			</METS:div>
			<METS:div TYPE="Chapter" LABEL="2.2  数据编码技术" ORDERLABEL="37"><METS:fptr FILEID="00000052"/>
				<METS:div TYPE="Chapter" LABEL="2.2.1  模拟数据编码" ORDERLABEL="37"><METS:fptr FILEID="00000052"/>
				</METS:div>
				<METS:div TYPE="Chapter" LABEL="2.2.2  数字数据编码" ORDERLABEL="38"><METS:fptr FILEID="00000053"/>
				</METS:div>
				<METS:div TYPE="Chapter" LABEL="2.2.3  模拟数据数字化" ORDERLABEL="40"><METS:fptr FILEID="00000055"/>
				</METS:div>
			</METS:div>
			<METS:div TYPE="Chapter" LABEL="2.3  多路复用技术" ORDERLABEL="41"><METS:fptr FILEID="00000056"/>
				<METS:div TYPE="Chapter" LABEL="2.3.1  频分多路复用" ORDERLABEL="42"><METS:fptr FILEID="00000057"/>
				</METS:div>
				<METS:div TYPE="Chapter" LABEL="2.3.2  时分多路复用" ORDERLABEL="42"><METS:fptr FILEID="00000057"/>
				</METS:div>
				<METS:div TYPE="Chapter" LABEL="2.3.3  码分多路复用(CDMA)" ORDERLABEL="44"><METS:fptr FILEID="00000059"/>
				</METS:div>
			</METS:div>
			<METS:div TYPE="Chapter" LABEL="2.4  数据交换技术" ORDERLABEL="46"><METS:fptr FILEID="00000061"/>
				<METS:div TYPE="Chapter" LABEL="2.4.1  电路交换" ORDERLABEL="46"><METS:fptr FILEID="00000061"/>
				</METS:div>
				<METS:div TYPE="Chapter" LABEL="2.4.2  报文交换" ORDERLABEL="47"><METS:fptr FILEID="00000062"/>
				</METS:div>
				<METS:div TYPE="Chapter" LABEL="2.4.3  分组交换" ORDERLABEL="48"><METS:fptr FILEID="00000063"/>
				</METS:div>
			</METS:div>
			<METS:div TYPE="Chapter" LABEL="2.5  传输介质" ORDERLABEL="50"><METS:fptr FILEID="00000065"/>
				<METS:div TYPE="Chapter" LABEL="2.5.1  双绞线" ORDERLABEL="50"><METS:fptr FILEID="00000065"/>
				</METS:div>
				<METS:div TYPE="Chapter" LABEL="2.5.2  同轴电缆" ORDERLABEL="51"><METS:fptr FILEID="00000066"/>
				</METS:div>
				<METS:div TYPE="Chapter" LABEL="2.5.3  光纤电缆" ORDERLABEL="51"><METS:fptr FILEID="00000066"/>
				</METS:div>
				<METS:div TYPE="Chapter" LABEL="2.5.4  无线传输介质" ORDERLABEL="52"><METS:fptr FILEID="00000067"/>
				</METS:div>
			</METS:div>
			<METS:div TYPE="Chapter" LABEL="2.6  差错控制" ORDERLABEL="54"><METS:fptr FILEID="00000069"/>
				<METS:div TYPE="Chapter" LABEL="2.6.1  差错类型" ORDERLABEL="54"><METS:fptr FILEID="00000069"/>
				</METS:div>
				<METS:div TYPE="Chapter" LABEL="2.6.2  差错控制方法" ORDERLABEL="55"><METS:fptr FILEID="00000070"/>
				</METS:div>
				<METS:div TYPE="Chapter" LABEL="2.6.3  奇偶校验码" ORDERLABEL="55"><METS:fptr FILEID="00000070"/>
				</METS:div>
				<METS:div TYPE="Chapter" LABEL="2.6.4  校验和" ORDERLABEL="57"><METS:fptr FILEID="00000072"/>
				</METS:div>
				<METS:div TYPE="Chapter" LABEL="2.6.5  循环冗余码(CRC)" ORDERLABEL="57"><METS:fptr FILEID="00000072"/>
				</METS:div>
				<METS:div TYPE="Chapter" LABEL="2.6.6  海明码" ORDERLABEL="60"><METS:fptr FILEID="00000075"/>
				</METS:div>
			</METS:div>
			<METS:div TYPE="Chapter" LABEL="2.7  流量控制技术" ORDERLABEL="61"><METS:fptr FILEID="00000076"/>
				<METS:div TYPE="Chapter" LABEL="2.7.1  停止—等待控制方法" ORDERLABEL="62"><METS:fptr FILEID="00000077"/>
				</METS:div>
				<METS:div TYPE="Chapter" LABEL="2.7.2  滑动窗口控制方法" ORDERLABEL="62"><METS:fptr FILEID="00000077"/>
				</METS:div>
			</METS:div>
			<METS:div TYPE="Chapter" LABEL="2.8  PC机通信" ORDERLABEL="64"><METS:fptr FILEID="00000079"/>
				<METS:div TYPE="Chapter" LABEL="2.8.1  物理接口" ORDERLABEL="65"><METS:fptr FILEID="00000080"/>
				</METS:div>
				<METS:div TYPE="Chapter" LABEL="2.8.2  EIA-232的DTE与DCE连接" ORDERLABEL="66"><METS:fptr FILEID="00000081"/>
				</METS:div>
				<METS:div TYPE="Chapter" LABEL="2.8.3  串行通信的实现方法" ORDERLABEL="67"><METS:fptr FILEID="00000082"/>
				</METS:div>
				<METS:div TYPE="Chapter" LABEL="2.8.4  调制解调器" ORDERLABEL="69"><METS:fptr FILEID="00000084"/>
				</METS:div>
			</METS:div>
			<METS:div TYPE="Chapter" LABEL="2.9  习题" ORDERLABEL="71"><METS:fptr FILEID="00000086"/>
			</METS:div>
		</METS:div>
		<METS:div TYPE="Chapter" LABEL="第3章  计算机局域网络" ORDERLABEL="73"><METS:fptr FILEID="00000088"/>
			<METS:div TYPE="Chapter" LABEL="3.1  局域网概述" ORDERLABEL="73"><METS:fptr FILEID="00000088"/>
				<METS:div TYPE="Chapter" LABEL="3.1.1  局域网络的产生和发展" ORDERLABEL="73"><METS:fptr FILEID="00000088"/>
				</METS:div>
				<METS:div TYPE="Chapter" LABEL="3.1.2  局域网络的定义" ORDERLABEL="73"><METS:fptr FILEID="00000088"/>
				</METS:div>
				<METS:div TYPE="Chapter" LABEL="3.1.3  局域网的应用" ORDERLABEL="74"><METS:fptr FILEID="00000089"/>
				</METS:div>
				<METS:div TYPE="Chapter" LABEL="3.1.4  局域网的分类" ORDERLABEL="75"><METS:fptr FILEID="00000090"/>
				</METS:div>
				<METS:div TYPE="Chapter" LABEL="3.1.5  局域网的组成" ORDERLABEL="76"><METS:fptr FILEID="00000091"/>
				</METS:div>
				<METS:div TYPE="Chapter" LABEL="3.1.6  传输介质" ORDERLABEL="76"><METS:fptr FILEID="00000091"/>
				</METS:div>
			</METS:div>
			<METS:div TYPE="Chapter" LABEL="3.2  局域网协议" ORDERLABEL="76"><METS:fptr FILEID="00000091"/>
				<METS:div TYPE="Chapter" LABEL="3.2.1  局域网(LAN)标准类型" ORDERLABEL="76"><METS:fptr FILEID="00000091"/>
				</METS:div>
				<METS:div TYPE="Chapter" LABEL="3.2.2  局域网(LAN)协议结构" ORDERLABEL="77"><METS:fptr FILEID="00000092"/>
				</METS:div>
				<METS:div TYPE="Chapter" LABEL="3.2.3  逻辑链路控制LLC子层" ORDERLABEL="78"><METS:fptr FILEID="00000093"/>
				</METS:div>
				<METS:div TYPE="Chapter" LABEL="3.2.4  介质访问控制MAC子层" ORDERLABEL="79"><METS:fptr FILEID="00000094"/>
				</METS:div>
			</METS:div>
			<METS:div TYPE="Chapter" LABEL="3.3  局域网拓扑结构" ORDERLABEL="79"><METS:fptr FILEID="00000094"/>
				<METS:div TYPE="Chapter" LABEL="3.3.1  总线型网络" ORDERLABEL="79"><METS:fptr FILEID="00000094"/>
				</METS:div>
				<METS:div TYPE="Chapter" LABEL="3.3.2  星形网络" ORDERLABEL="81"><METS:fptr FILEID="00000096"/>
				</METS:div>
				<METS:div TYPE="Chapter" LABEL="3.3.3  环形网络" ORDERLABEL="82"><METS:fptr FILEID="00000097"/>
				</METS:div>
				<METS:div TYPE="Chapter" LABEL="3.3.4  树形网络" ORDERLABEL="83"><METS:fptr FILEID="00000098"/>
				</METS:div>
				<METS:div TYPE="Chapter" LABEL="3.3.5  网状形网络" ORDERLABEL="84"><METS:fptr FILEID="00000099"/>
				</METS:div>
			</METS:div>
			<METS:div TYPE="Chapter" LABEL="3.4  局域网络介质访问控制" ORDERLABEL="84"><METS:fptr FILEID="00000099"/>
				<METS:div TYPE="Chapter" LABEL="3.4.1  争用" ORDERLABEL="84"><METS:fptr FILEID="00000099"/>
				</METS:div>
				<METS:div TYPE="Chapter" LABEL="3.4.2  令牌传递" ORDERLABEL="85"><METS:fptr FILEID="00000100"/>
				</METS:div>
				<METS:div TYPE="Chapter" LABEL="3.4.3  轮询" ORDERLABEL="86"><METS:fptr FILEID="00000101"/>
				</METS:div>
				<METS:div TYPE="Chapter" LABEL="3.4.4  几种介质访问控制方法比较" ORDERLABEL="86"><METS:fptr FILEID="00000101"/>
				</METS:div>
			</METS:div>
			<METS:div TYPE="Chapter" LABEL="3.5  以太网络" ORDERLABEL="87"><METS:fptr FILEID="00000102"/>
				<METS:div TYPE="Chapter" LABEL="3.5.1  以太网的发展" ORDERLABEL="87"><METS:fptr FILEID="00000102"/>
				</METS:div>
				<METS:div TYPE="Chapter" LABEL="3.5.2  以太网的基本知识" ORDERLABEL="87"><METS:fptr FILEID="00000102"/>
				</METS:div>
				<METS:div TYPE="Chapter" LABEL="3.5.3  常见的以太网组网方式" ORDERLABEL="90"><METS:fptr FILEID="00000105"/>
				</METS:div>
				<METS:div TYPE="Chapter" LABEL="3.5.4  以太网寻址" ORDERLABEL="93"><METS:fptr FILEID="00000108"/>
				</METS:div>
			</METS:div>
			<METS:div TYPE="Chapter" LABEL="3.6  令牌环网络" ORDERLABEL="94"><METS:fptr FILEID="00000109"/>
				<METS:div TYPE="Chapter" LABEL="3.6.1  令牌环网的体系结构" ORDERLABEL="94"><METS:fptr FILEID="00000109"/>
				</METS:div>
				<METS:div TYPE="Chapter" LABEL="3.6.2  令牌环网的工作原理" ORDERLABEL="95"><METS:fptr FILEID="00000110"/>
				</METS:div>
				<METS:div TYPE="Chapter" LABEL="3.6.3  令牌环网中的帧格式" ORDERLABEL="95"><METS:fptr FILEID="00000110"/>
				</METS:div>
				<METS:div TYPE="Chapter" LABEL="3.6.4  令牌环网的维护" ORDERLABEL="96"><METS:fptr FILEID="00000111"/>
				</METS:div>
			</METS:div>
			<METS:div TYPE="Chapter" LABEL="3.7  令牌总线" ORDERLABEL="97"><METS:fptr FILEID="00000112"/>
				<METS:div TYPE="Chapter" LABEL="3.7.1  IEEE802.4标准的发展" ORDERLABEL="97"><METS:fptr FILEID="00000112"/>
				</METS:div>
				<METS:div TYPE="Chapter" LABEL="3.7.2  令牌总线网的工作原理" ORDERLABEL="98"><METS:fptr FILEID="00000113"/>
				</METS:div>
				<METS:div TYPE="Chapter" LABEL="3.7.3  令牌总线MAC帧格式" ORDERLABEL="98"><METS:fptr FILEID="00000113"/>
				</METS:div>
				<METS:div TYPE="Chapter" LABEL="3.7.4  令牌总线的维护" ORDERLABEL="99"><METS:fptr FILEID="00000114"/>
				</METS:div>
			</METS:div>
			<METS:div TYPE="Chapter" LABEL="3.8  FDDI" ORDERLABEL="100"><METS:fptr FILEID="00000115"/>
				<METS:div TYPE="Chapter" LABEL="3.8.1  什么是FDDI" ORDERLABEL="100"><METS:fptr FILEID="00000115"/>
				</METS:div>
				<METS:div TYPE="Chapter" LABEL="3.8.2  FDDI的特点" ORDERLABEL="101"><METS:fptr FILEID="00000116"/>
				</METS:div>
				<METS:div TYPE="Chapter" LABEL="3.8.3  FDDI的工作原理" ORDERLABEL="101"><METS:fptr FILEID="00000116"/>
				</METS:div>
				<METS:div TYPE="Chapter" LABEL="3.8.4  FDDI的拓扑结构" ORDERLABEL="102"><METS:fptr FILEID="00000117"/>
				</METS:div>
				<METS:div TYPE="Chapter" LABEL="3.8.5  FDDI的数据编码" ORDERLABEL="102"><METS:fptr FILEID="00000117"/>
				</METS:div>
				<METS:div TYPE="Chapter" LABEL="3.8.6  时钟偏移" ORDERLABEL="103"><METS:fptr FILEID="00000118"/>
				</METS:div>
				<METS:div TYPE="Chapter" LABEL="3.8.7  FDDl的帧格式" ORDERLABEL="104"><METS:fptr FILEID="00000119"/>
				</METS:div>
				<METS:div TYPE="Chapter" LABEL="3.8.8  FDDI的可靠性" ORDERLABEL="104"><METS:fptr FILEID="00000119"/>
				</METS:div>
			</METS:div>
			<METS:div TYPE="Chapter" LABEL="3.9  高速以太网络" ORDERLABEL="105"><METS:fptr FILEID="00000120"/>
				<METS:div TYPE="Chapter" LABEL="3.9.1  以太网发展阶段" ORDERLABEL="105"><METS:fptr FILEID="00000120"/>
				</METS:div>
				<METS:div TYPE="Chapter" LABEL="3.9.2  100Mbit／s Ethernet系列" ORDERLABEL="105"><METS:fptr FILEID="00000120"/>
				</METS:div>
				<METS:div TYPE="Chapter" LABEL="3.9.3  千兆位以太网与万兆位以太网" ORDERLABEL="107"><METS:fptr FILEID="00000122"/>
				</METS:div>
			</METS:div>
			<METS:div TYPE="Chapter" LABEL="3.10  综合布线技术" ORDERLABEL="109"><METS:fptr FILEID="00000124"/>
				<METS:div TYPE="Chapter" LABEL="3.10.1  综合布线系统概述" ORDERLABEL="109"><METS:fptr FILEID="00000124"/>
				</METS:div>
				<METS:div TYPE="Chapter" LABEL="3.10.2  综合布线系统所使用的组网器件" ORDERLABEL="112"><METS:fptr FILEID="00000127"/>
				</METS:div>
				<METS:div TYPE="Chapter" LABEL="3.10.3  综合布线系统标准" ORDERLABEL="113"><METS:fptr FILEID="00000128"/>
				</METS:div>
				<METS:div TYPE="Chapter" LABEL="3.10.4  综合布线系统的设计等级" ORDERLABEL="114"><METS:fptr FILEID="00000129"/>
				</METS:div>
				<METS:div TYPE="Chapter" LABEL="3.10.5  综合布线系统的设计要点" ORDERLABEL="114"><METS:fptr FILEID="00000129"/>
				</METS:div>
				<METS:div TYPE="Chapter" LABEL="3.10.6  综合布线系统发展趋势" ORDERLABEL="116"><METS:fptr FILEID="00000131"/>
				</METS:div>
			</METS:div>
			<METS:div TYPE="Chapter" LABEL="3.11  习题" ORDERLABEL="116"><METS:fptr FILEID="00000131"/>
			</METS:div>
		</METS:div>
		<METS:div TYPE="Chapter" LABEL="第4章  交换式局域网络" ORDERLABEL="118"><METS:fptr FILEID="00000133"/>
			<METS:div TYPE="Chapter" LABEL="4.1  交换的基本概念" ORDERLABEL="118"><METS:fptr FILEID="00000133"/>
				<METS:div TYPE="Chapter" LABEL="4.1.1  三种交换技术" ORDERLABEL="118"><METS:fptr FILEID="00000133"/>
				</METS:div>
				<METS:div TYPE="Chapter" LABEL="4.1.2  网络带宽瓶颈与交换网络技术" ORDERLABEL="119"><METS:fptr FILEID="00000134"/>
				</METS:div>
			</METS:div>
			<METS:div TYPE="Chapter" LABEL="4.2  从共享到交换的以太网络" ORDERLABEL="119"><METS:fptr FILEID="00000134"/>
				<METS:div TYPE="Chapter" LABEL="4.2.1  共享式以太网" ORDERLABEL="119"><METS:fptr FILEID="00000134"/>
				</METS:div>
				<METS:div TYPE="Chapter" LABEL="4.2.2  交换式以太网" ORDERLABEL="121"><METS:fptr FILEID="00000136"/>
				</METS:div>
			</METS:div>
			<METS:div TYPE="Chapter" LABEL="4.3  以太网络交换机及交换技术" ORDERLABEL="124"><METS:fptr FILEID="00000139"/>
				<METS:div TYPE="Chapter" LABEL="4.3.1  基本的第二层交换技术" ORDERLABEL="124"><METS:fptr FILEID="00000139"/>
				</METS:div>
				<METS:div TYPE="Chapter" LABEL="4.3.2  交换机内部的交换方式" ORDERLABEL="128"><METS:fptr FILEID="00000143"/>
				</METS:div>
				<METS:div TYPE="Chapter" LABEL="4.3.3  生成树协议(STP)" ORDERLABEL="129"><METS:fptr FILEID="00000144"/>
				</METS:div>
			</METS:div>
			<METS:div TYPE="Chapter" LABEL="4.4  交换机的配置" ORDERLABEL="133"><METS:fptr FILEID="00000148"/>
			</METS:div>
			<METS:div TYPE="Chapter" LABEL="4.5  多层交换技术" ORDERLABEL="142"><METS:fptr FILEID="00000157"/>
			</METS:div>
			<METS:div TYPE="Chapter" LABEL="4.6  虚拟局域网VLAN" ORDERLABEL="143"><METS:fptr FILEID="00000158"/>
				<METS:div TYPE="Chapter" LABEL="4.6.1  VLAN概述" ORDERLABEL="143"><METS:fptr FILEID="00000158"/>
				</METS:div>
				<METS:div TYPE="Chapter" LABEL="4.6.2  VLAN成员关系的设置" ORDERLABEL="145"><METS:fptr FILEID="00000160"/>
				</METS:div>
				<METS:div TYPE="Chapter" LABEL="4.6.3  交换机间的链路" ORDERLABEL="146"><METS:fptr FILEID="00000161"/>
				</METS:div>
				<METS:div TYPE="Chapter" LABEL="4.6.4  VLAN管道协议" ORDERLABEL="148"><METS:fptr FILEID="00000163"/>
				</METS:div>
				<METS:div TYPE="Chapter" LABEL="4.6.5  VLAN的配置" ORDERLABEL="152"><METS:fptr FILEID="00000167"/>
				</METS:div>
				<METS:div TYPE="Chapter" LABEL="4.6.6  VLAN和生成树" ORDERLABEL="153"><METS:fptr FILEID="00000168"/>
				</METS:div>
				<METS:div TYPE="Chapter" LABEL="4.6.7  VLAN间的路由选择" ORDERLABEL="154"><METS:fptr FILEID="00000169"/>
				</METS:div>
			</METS:div>
			<METS:div TYPE="Chapter" LABEL="4.7  交换式以太网组网技术及应用" ORDERLABEL="157"><METS:fptr FILEID="00000172"/>
			</METS:div>
			<METS:div TYPE="Chapter" LABEL="4.8  习题" ORDERLABEL="160"><METS:fptr FILEID="00000175"/>
			</METS:div>
		</METS:div>
		<METS:div TYPE="Chapter" LABEL="第5章  网络互联与路由技术" ORDERLABEL="162"><METS:fptr FILEID="00000177"/>
			<METS:div TYPE="Chapter" LABEL="5.1  网络互联概述" ORDERLABEL="162"><METS:fptr FILEID="00000177"/>
			</METS:div>
			<METS:div TYPE="Chapter" LABEL="5.2  网络互联设备" ORDERLABEL="163"><METS:fptr FILEID="00000178"/>
				<METS:div TYPE="Chapter" LABEL="5.2.1  中继器(repeater)" ORDERLABEL="163"><METS:fptr FILEID="00000178"/>
				</METS:div>
				<METS:div TYPE="Chapter" LABEL="5.2.2  网桥(bridge)" ORDERLABEL="164"><METS:fptr FILEID="00000179"/>
				</METS:div>
				<METS:div TYPE="Chapter" LABEL="5.2.3  路由器(router)" ORDERLABEL="165"><METS:fptr FILEID="00000180"/>
				</METS:div>
				<METS:div TYPE="Chapter" LABEL="5.2.4  网关(gateway)" ORDERLABEL="168"><METS:fptr FILEID="00000183"/>
				</METS:div>
			</METS:div>
			<METS:div TYPE="Chapter" LABEL="5.3  配置路由器" ORDERLABEL="169"><METS:fptr FILEID="00000184"/>
				<METS:div TYPE="Chapter" LABEL="5.3.1  路由器组件" ORDERLABEL="169"><METS:fptr FILEID="00000184"/>
				</METS:div>
				<METS:div TYPE="Chapter" LABEL="5.3.2  路由器启动顺序" ORDERLABEL="170"><METS:fptr FILEID="00000185"/>
				</METS:div>
				<METS:div TYPE="Chapter" LABEL="5.3.3  关于配置路由器" ORDERLABEL="172"><METS:fptr FILEID="00000187"/>
				</METS:div>
			</METS:div>
			<METS:div TYPE="Chapter" LABEL="5.4  路由技术" ORDERLABEL="174"><METS:fptr FILEID="00000189"/>
				<METS:div TYPE="Chapter" LABEL="5.4.1  静态路由" ORDERLABEL="174"><METS:fptr FILEID="00000189"/>
				</METS:div>
				<METS:div TYPE="Chapter" LABEL="5.4.2  动态路由选择协议" ORDERLABEL="177"><METS:fptr FILEID="00000192"/>
				</METS:div>
			</METS:div>
			<METS:div TYPE="Chapter" LABEL="5.5  配置动态路由选择协议" ORDERLABEL="181"><METS:fptr FILEID="00000196"/>
				<METS:div TYPE="Chapter" LABEL="5.5.1  路由信息协议RIP" ORDERLABEL="181"><METS:fptr FILEID="00000196"/>
				</METS:div>
				<METS:div TYPE="Chapter" LABEL="5.5.2  RIP应用举例" ORDERLABEL="183"><METS:fptr FILEID="00000198"/>
				</METS:div>
				<METS:div TYPE="Chapter" LABEL="5.5.3  内部网关路由协议IGRP" ORDERLABEL="186"><METS:fptr FILEID="00000201"/>
				</METS:div>
				<METS:div TYPE="Chapter" LABEL="5.5.4  IGRP应用举例" ORDERLABEL="189"><METS:fptr FILEID="00000204"/>
				</METS:div>
				<METS:div TYPE="Chapter" LABEL="5.5.5  IGRP路由选择更新举例" ORDERLABEL="192"><METS:fptr FILEID="00000207"/>
				</METS:div>
			</METS:div>
			<METS:div TYPE="Chapter" LABEL="5.6  习题" ORDERLABEL="195"><METS:fptr FILEID="00000210"/>
			</METS:div>
		</METS:div>
		<METS:div TYPE="Chapter" LABEL="第6章  广域网" ORDERLABEL="197"><METS:fptr FILEID="00000212"/>
			<METS:div TYPE="Chapter" LABEL="6.1  广域网的定义与结构" ORDERLABEL="197"><METS:fptr FILEID="00000212"/>
				<METS:div TYPE="Chapter" LABEL="6.1.1  广域网的产生" ORDERLABEL="197"><METS:fptr FILEID="00000212"/>
				</METS:div>
				<METS:div TYPE="Chapter" LABEL="6.1.2  广域网的结构及其与其他通信网的关系" ORDERLABEL="197"><METS:fptr FILEID="00000212"/>
				</METS:div>
			</METS:div>
			<METS:div TYPE="Chapter" LABEL="6.2  通信基础网" ORDERLABEL="198"><METS:fptr FILEID="00000213"/>
				<METS:div TYPE="Chapter" LABEL="6.2.1  光纤通信及SDH／PDH光网络" ORDERLABEL="199"><METS:fptr FILEID="00000214"/>
				</METS:div>
				<METS:div TYPE="Chapter" LABEL="6.2.2  公共电话网络(PSTN)" ORDERLABEL="203"><METS:fptr FILEID="00000218"/>
				</METS:div>
				<METS:div TYPE="Chapter" LABEL="6.2.3  接入网技术" ORDERLABEL="204"><METS:fptr FILEID="00000219"/>
				</METS:div>
			</METS:div>
			<METS:div TYPE="Chapter" LABEL="6.3  综合业务数字网(ISDN)" ORDERLABEL="212"><METS:fptr FILEID="00000227"/>
				<METS:div TYPE="Chapter" LABEL="6.3.1  综合业务数字网的基本概念" ORDERLABEL="212"><METS:fptr FILEID="00000227"/>
				</METS:div>
				<METS:div TYPE="Chapter" LABEL="6.3.2  ISDN的网络功能" ORDERLABEL="214"><METS:fptr FILEID="00000229"/>
				</METS:div>
				<METS:div TYPE="Chapter" LABEL="6.3.3  ISDN的用户—网络接口" ORDERLABEL="214"><METS:fptr FILEID="00000229"/>
				</METS:div>
			</METS:div>
			<METS:div TYPE="Chapter" LABEL="6.4  公共X.25分组交换网" ORDERLABEL="216"><METS:fptr FILEID="00000231"/>
				<METS:div TYPE="Chapter" LABEL="6.4.1  分组交换网的构成" ORDERLABEL="216"><METS:fptr FILEID="00000231"/>
				</METS:div>
				<METS:div TYPE="Chapter" LABEL="6.4.2  分组交换网的基本原理" ORDERLABEL="217"><METS:fptr FILEID="00000232"/>
				</METS:div>
				<METS:div TYPE="Chapter" LABEL="6.4.3  分组交换网提供的服务方式" ORDERLABEL="218"><METS:fptr FILEID="00000233"/>
				</METS:div>
				<METS:div TYPE="Chapter" LABEL="6.4.4  分组交换网采用的X.25建议" ORDERLABEL="219"><METS:fptr FILEID="00000234"/>
				</METS:div>
			</METS:div>
			<METS:div TYPE="Chapter" LABEL="6.5  公共数字数据网" ORDERLABEL="221"><METS:fptr FILEID="00000236"/>
				<METS:div TYPE="Chapter" LABEL="6.5.1  数字数据网(DDN)概述" ORDERLABEL="221"><METS:fptr FILEID="00000236"/>
				</METS:div>
				<METS:div TYPE="Chapter" LABEL="6.5.2  数字数据网的基本原理" ORDERLABEL="223"><METS:fptr FILEID="00000238"/>
				</METS:div>
				<METS:div TYPE="Chapter" LABEL="6.5.3  DDN的网络结构" ORDERLABEL="228"><METS:fptr FILEID="00000243"/>
				</METS:div>
				<METS:div TYPE="Chapter" LABEL="6.5.4  DDN网的业务种类" ORDERLABEL="229"><METS:fptr FILEID="00000244"/>
				</METS:div>
			</METS:div>
			<METS:div TYPE="Chapter" LABEL="6.6  帧中继网" ORDERLABEL="230"><METS:fptr FILEID="00000245"/>
				<METS:div TYPE="Chapter" LABEL="6.6.1  帧中继产生的背景" ORDERLABEL="230"><METS:fptr FILEID="00000245"/>
				</METS:div>
				<METS:div TYPE="Chapter" LABEL="6.6.2  帧中继的技术原理" ORDERLABEL="230"><METS:fptr FILEID="00000245"/>
				</METS:div>
				<METS:div TYPE="Chapter" LABEL="6.6.3  帧中继的接入设备" ORDERLABEL="231"><METS:fptr FILEID="00000246"/>
				</METS:div>
				<METS:div TYPE="Chapter" LABEL="6.6.4  帧中继网络管理" ORDERLABEL="231"><METS:fptr FILEID="00000246"/>
				</METS:div>
			</METS:div>
			<METS:div TYPE="Chapter" LABEL="6.7  ATM" ORDERLABEL="232"><METS:fptr FILEID="00000247"/>
				<METS:div TYPE="Chapter" LABEL="6.7.1  ATM的传输原理" ORDERLABEL="232"><METS:fptr FILEID="00000247"/>
				</METS:div>
				<METS:div TYPE="Chapter" LABEL="6.7.2   ATM信元的结构" ORDERLABEL="233"><METS:fptr FILEID="00000248"/>
				</METS:div>
				<METS:div TYPE="Chapter" LABEL="6.7.3  信头差错控制" ORDERLABEL="234"><METS:fptr FILEID="00000249"/>
				</METS:div>
				<METS:div TYPE="Chapter" LABEL="6.7.4  ATM的功能" ORDERLABEL="235"><METS:fptr FILEID="00000250"/>
				</METS:div>
				<METS:div TYPE="Chapter" LABEL="6.7.5  ATM数字交叉连接系统" ORDERLABEL="236"><METS:fptr FILEID="00000251"/>
				</METS:div>
				<METS:div TYPE="Chapter" LABEL="6.7.7  基于ATM技术的B-ISDN" ORDERLABEL="239"><METS:fptr FILEID="00000254"/>
				</METS:div>
				<METS:div TYPE="Chapter" LABEL="6.7.8  基于ATM的ADSL接入" ORDERLABEL="240"><METS:fptr FILEID="00000255"/>
				</METS:div>
			</METS:div>
			<METS:div TYPE="Chapter" LABEL="6.8  移动通信与GPRS技术" ORDERLABEL="241"><METS:fptr FILEID="00000256"/>
				<METS:div TYPE="Chapter" LABEL="6.8.1  GSM数字蜂窝系统" ORDERLABEL="241"><METS:fptr FILEID="00000256"/>
				</METS:div>
				<METS:div TYPE="Chapter" LABEL="6.8.2 GPRS" ORDERLABEL="243"><METS:fptr FILEID="00000258"/>
				</METS:div>
			</METS:div>
			<METS:div TYPE="Chapter" LABEL="6.9  习题" ORDERLABEL="245"><METS:fptr FILEID="00000260"/>
			</METS:div>
		</METS:div>
		<METS:div TYPE="Chapter" LABEL="第7章  Internet与intranet" ORDERLABEL="246"><METS:fptr FILEID="00000261"/>
			<METS:div TYPE="Chapter" LABEL="7.1  网络应用模式的发展" ORDERLABEL="246"><METS:fptr FILEID="00000261"/>
			</METS:div>
			<METS:div TYPE="Chapter" LABEL="7.2  客户机／服务器(C／S)计算模式" ORDERLABEL="247"><METS:fptr FILEID="00000262"/>
			</METS:div>
			<METS:div TYPE="Chapter" LABEL="7.3  浏览器／服务器(B／S)计算模式" ORDERLABEL="248"><METS:fptr FILEID="00000263"/>
			</METS:div>
			<METS:div TYPE="Chapter" LABEL="7.4  Internet概述" ORDERLABEL="249"><METS:fptr FILEID="00000264"/>
				<METS:div TYPE="Chapter" LABEL="7.4.1  什么是Internet" ORDERLABEL="249"><METS:fptr FILEID="00000264"/>
				</METS:div>
				<METS:div TYPE="Chapter" LABEL="7.4.2  Internet服务" ORDERLABEL="250"><METS:fptr FILEID="00000265"/>
				</METS:div>
				<METS:div TYPE="Chapter" LABEL="7.4.3  Internet的组成" ORDERLABEL="250"><METS:fptr FILEID="00000265"/>
				</METS:div>
				<METS:div TYPE="Chapter" LABEL="7.4.4  Internet的管理" ORDERLABEL="251"><METS:fptr FILEID="00000266"/>
				</METS:div>
			</METS:div>
			<METS:div TYPE="Chapter" LABEL="7.5  Internet的接入" ORDERLABEL="251"><METS:fptr FILEID="00000266"/>
			</METS:div>
			<METS:div TYPE="Chapter" LABEL="7.6  Internet的服务及应用" ORDERLABEL="253"><METS:fptr FILEID="00000268"/>
				<METS:div TYPE="Chapter" LABEL="7.6.1  E-mail" ORDERLABEL="253"><METS:fptr FILEID="00000268"/>
				</METS:div>
				<METS:div TYPE="Chapter" LABEL="7.6.2  WWW" ORDERLABEL="255"><METS:fptr FILEID="00000270"/>
				</METS:div>
				<METS:div TYPE="Chapter" LABEL="7.6.3  FTP" ORDERLABEL="258"><METS:fptr FILEID="00000273"/>
				</METS:div>
				<METS:div TYPE="Chapter" LABEL="7.6.4  Telnet" ORDERLABEL="260"><METS:fptr FILEID="00000275"/>
				</METS:div>
				<METS:div TYPE="Chapter" LABEL="7.6.5  DNS" ORDERLABEL="264"><METS:fptr FILEID="00000279"/>
				</METS:div>
			</METS:div>
			<METS:div TYPE="Chapter" LABEL="7.7  intranet结构与组成" ORDERLABEL="266"><METS:fptr FILEID="00000281"/>
			</METS:div>
			<METS:div TYPE="Chapter" LABEL="7.8  代理服务与代理服务器技术" ORDERLABEL="268"><METS:fptr FILEID="00000283"/>
				<METS:div TYPE="Chapter" LABEL="7.8.1  代理服务" ORDERLABEL="268"><METS:fptr FILEID="00000283"/>
				</METS:div>
				<METS:div TYPE="Chapter" LABEL="7.8.2  代理服务器技术" ORDERLABEL="269"><METS:fptr FILEID="00000284"/>
				</METS:div>
				<METS:div TYPE="Chapter" LABEL="7.8.3  典型应用——用代理服务器连接intranet和Internet" ORDERLABEL="269"><METS:fptr FILEID="00000284"/>
				</METS:div>
			</METS:div>
			<METS:div TYPE="Chapter" LABEL="7.9  防火墙原理与构成技术" ORDERLABEL="270"><METS:fptr FILEID="00000285"/>
				<METS:div TYPE="Chapter" LABEL="7.9.1  防火墙的简介" ORDERLABEL="270"><METS:fptr FILEID="00000285"/>
				</METS:div>
				<METS:div TYPE="Chapter" LABEL="7.9.2  防火墙的构成技术" ORDERLABEL="271"><METS:fptr FILEID="00000286"/>
				</METS:div>
			</METS:div>
			<METS:div TYPE="Chapter" LABEL="7.10  习题" ORDERLABEL="272"><METS:fptr FILEID="00000287"/>
			</METS:div>
		</METS:div>
		<METS:div TYPE="Chapter" LABEL="第8章  网络安全与管理" ORDERLABEL="273"><METS:fptr FILEID="00000288"/>
			<METS:div TYPE="Chapter" LABEL="8.1  网络安全技术概述" ORDERLABEL="273"><METS:fptr FILEID="00000288"/>
				<METS:div TYPE="Chapter" LABEL="8.1.1  安全系统的功能" ORDERLABEL="273"><METS:fptr FILEID="00000288"/>
				</METS:div>
				<METS:div TYPE="Chapter" LABEL="8.1.2  常用的安全技术" ORDERLABEL="274"><METS:fptr FILEID="00000289"/>
				</METS:div>
				<METS:div TYPE="Chapter" LABEL="8.1.3  安全策略" ORDERLABEL="276"><METS:fptr FILEID="00000291"/>
				</METS:div>
			</METS:div>
			<METS:div TYPE="Chapter" LABEL="8.2  加密技术" ORDERLABEL="279"><METS:fptr FILEID="00000294"/>
				<METS:div TYPE="Chapter" LABEL="8.2.1  加密技术概述" ORDERLABEL="279"><METS:fptr FILEID="00000294"/>
				</METS:div>
				<METS:div TYPE="Chapter" LABEL="8.2.2  对称加密" ORDERLABEL="281"><METS:fptr FILEID="00000296"/>
				</METS:div>
				<METS:div TYPE="Chapter" LABEL="8.2.3  非对称加密" ORDERLABEL="283"><METS:fptr FILEID="00000298"/>
				</METS:div>
			</METS:div>
			<METS:div TYPE="Chapter" LABEL="8.3  PKI(公共密钥基础结构)、数字签名与数字证书" ORDERLABEL="283"><METS:fptr FILEID="00000298"/>
				<METS:div TYPE="Chapter" LABEL="8.3.1  什么是PKI技术" ORDERLABEL="284"><METS:fptr FILEID="00000299"/>
				</METS:div>
				<METS:div TYPE="Chapter" LABEL="8.3.2  数字签名" ORDERLABEL="284"><METS:fptr FILEID="00000299"/>
				</METS:div>
				<METS:div TYPE="Chapter" LABEL="8.3.3  数字证书" ORDERLABEL="285"><METS:fptr FILEID="00000300"/>
				</METS:div>
				<METS:div TYPE="Chapter" LABEL="8.3.4  认证中心(CA)简介" ORDERLABEL="286"><METS:fptr FILEID="00000301"/>
				</METS:div>
			</METS:div>
			<METS:div TYPE="Chapter" LABEL="8.4  网络防病毒技术" ORDERLABEL="287"><METS:fptr FILEID="00000302"/>
				<METS:div TYPE="Chapter" LABEL="8.4.1  网络防病毒技术概述" ORDERLABEL="287"><METS:fptr FILEID="00000302"/>
				</METS:div>
				<METS:div TYPE="Chapter" LABEL="8.4.2  防病毒系统的选择" ORDERLABEL="288"><METS:fptr FILEID="00000303"/>
				</METS:div>
				<METS:div TYPE="Chapter" LABEL="8.4.3  防病毒发展趋势" ORDERLABEL="290"><METS:fptr FILEID="00000305"/>
				</METS:div>
			</METS:div>
			<METS:div TYPE="Chapter" LABEL="8.5  网络备份与恢复" ORDERLABEL="291"><METS:fptr FILEID="00000306"/>
				<METS:div TYPE="Chapter" LABEL="8.5.1  对备份的正确认识" ORDERLABEL="291"><METS:fptr FILEID="00000306"/>
				</METS:div>
				<METS:div TYPE="Chapter" LABEL="8.5.2  选择适当的备份介质" ORDERLABEL="292"><METS:fptr FILEID="00000307"/>
				</METS:div>
				<METS:div TYPE="Chapter" LABEL="8.5.3  系统灾难的恢复" ORDERLABEL="295"><METS:fptr FILEID="00000310"/>
				</METS:div>
			</METS:div>
			<METS:div TYPE="Chapter" LABEL="8.6  网络管理" ORDERLABEL="296"><METS:fptr FILEID="00000311"/>
				<METS:div TYPE="Chapter" LABEL="8.6.1  网络管理的概念" ORDERLABEL="297"><METS:fptr FILEID="00000312"/>
				</METS:div>
				<METS:div TYPE="Chapter" LABEL="8.6.2  网络管理协议概述" ORDERLABEL="298"><METS:fptr FILEID="00000313"/>
				</METS:div>
				<METS:div TYPE="Chapter" LABEL="8.6.3  网络管理新技术" ORDERLABEL="300"><METS:fptr FILEID="00000315"/>
				</METS:div>
			</METS:div>
			<METS:div TYPE="Chapter" LABEL="8.7  简单网络管理协议(SNMP)" ORDERLABEL="301"><METS:fptr FILEID="00000316"/>
				<METS:div TYPE="Chapter" LABEL="8.7.1  什么是SNMP" ORDERLABEL="301"><METS:fptr FILEID="00000316"/>
				</METS:div>
				<METS:div TYPE="Chapter" LABEL="8.7.2  SNMP概述" ORDERLABEL="303"><METS:fptr FILEID="00000318"/>
				</METS:div>
				<METS:div TYPE="Chapter" LABEL="8.7.3  Windows2000 SNMP代理的属性" ORDERLABEL="306"><METS:fptr FILEID="00000321"/>
				</METS:div>
				<METS:div TYPE="Chapter" LABEL="8.7.4  SNMP安全性" ORDERLABEL="306"><METS:fptr FILEID="00000321"/>
				</METS:div>
			</METS:div>
			<METS:div TYPE="Chapter" LABEL="8.8  网络管理平台与网络管理软件工具" ORDERLABEL="308"><METS:fptr FILEID="00000323"/>
				<METS:div TYPE="Chapter" LABEL="8.8.1  网络管理平台简介" ORDERLABEL="308"><METS:fptr FILEID="00000323"/>
				</METS:div>
				<METS:div TYPE="Chapter" LABEL="8.8.2  网管软件的定义和通用结构" ORDERLABEL="309"><METS:fptr FILEID="00000324"/>
				</METS:div>
				<METS:div TYPE="Chapter" LABEL="8.8.3  基于Web的网络管理" ORDERLABEL="310"><METS:fptr FILEID="00000325"/>
				</METS:div>
				<METS:div TYPE="Chapter" LABEL="8.8.4  网管软件的分类" ORDERLABEL="310"><METS:fptr FILEID="00000325"/>
				</METS:div>
				<METS:div TYPE="Chapter" LABEL="8.8.5  选择一款合适的网管软件" ORDERLABEL="311"><METS:fptr FILEID="00000326"/>
				</METS:div>
				<METS:div TYPE="Chapter" LABEL="8.8.6  网管软件的发展趋势及常见的网管软件" ORDERLABEL="312"><METS:fptr FILEID="00000327"/>
				</METS:div>
			</METS:div>
			<METS:div TYPE="Chapter" LABEL="8.9  习题" ORDERLABEL="315"><METS:fptr FILEID="00000330"/>
			</METS:div>
		</METS:div>
		<METS:div TYPE="Chapter" LABEL="第9章  网络操作系统" ORDERLABEL="317"><METS:fptr FILEID="00000332"/>
			<METS:div TYPE="Chapter" LABEL="9.1  网络操作系统" ORDERLABEL="317"><METS:fptr FILEID="00000332"/>
				<METS:div TYPE="Chapter" LABEL="9.1.1  网络操作系统概述" ORDERLABEL="317"><METS:fptr FILEID="00000332"/>
				</METS:div>
				<METS:div TYPE="Chapter" LABEL="9.1.2  网络操作系统的组成" ORDERLABEL="319"><METS:fptr FILEID="00000334"/>
				</METS:div>
			</METS:div>
			<METS:div TYPE="Chapter" LABEL="9.2  Windows2000概述" ORDERLABEL="320"><METS:fptr FILEID="00000335"/>
				<METS:div TYPE="Chapter" LABEL="9.2.1  Windows2000的特性" ORDERLABEL="320"><METS:fptr FILEID="00000335"/>
				</METS:div>
				<METS:div TYPE="Chapter" LABEL="9.2.2  Windows2000的版本" ORDERLABEL="325"><METS:fptr FILEID="00000340"/>
				</METS:div>
			</METS:div>
			<METS:div TYPE="Chapter" LABEL="9.3  Windows2000用户管理" ORDERLABEL="327"><METS:fptr FILEID="00000342"/>
				<METS:div TYPE="Chapter" LABEL="9.3.1  基本概念" ORDERLABEL="327"><METS:fptr FILEID="00000342"/>
				</METS:div>
				<METS:div TYPE="Chapter" LABEL="9.3.2  用户账户的管理" ORDERLABEL="328"><METS:fptr FILEID="00000343"/>
				</METS:div>
			</METS:div>
			<METS:div TYPE="Chapter" LABEL="9.4  Windows2000资源管理" ORDERLABEL="330"><METS:fptr FILEID="00000345"/>
				<METS:div TYPE="Chapter" LABEL="9.4.1  利用NTFS管理数据" ORDERLABEL="331"><METS:fptr FILEID="00000346"/>
				</METS:div>
				<METS:div TYPE="Chapter" LABEL="9.4.2  通过网络访问文件资源" ORDERLABEL="341"><METS:fptr FILEID="00000356"/>
				</METS:div>
				<METS:div TYPE="Chapter" LABEL="9.4.3  Windows2000中的分布式文件系统" ORDERLABEL="345"><METS:fptr FILEID="00000360"/>
				</METS:div>
				<METS:div TYPE="Chapter" LABEL="9.4.4  管理打印机资源" ORDERLABEL="346"><METS:fptr FILEID="00000361"/>
				</METS:div>
			</METS:div>
			<METS:div TYPE="Chapter" LABEL="9.5  Windows2000网络服务" ORDERLABEL="351"><METS:fptr FILEID="00000366"/>
				<METS:div TYPE="Chapter" LABEL="9.5.1  DHCP服务器" ORDERLABEL="352"><METS:fptr FILEID="00000367"/>
				</METS:div>
				<METS:div TYPE="Chapter" LABEL="9.5.2  DNS服务器" ORDERLABEL="358"><METS:fptr FILEID="00000373"/>
				</METS:div>
				<METS:div TYPE="Chapter" LABEL="9.5.3  WINS服务器" ORDERLABEL="364"><METS:fptr FILEID="00000379"/>
				</METS:div>
				<METS:div TYPE="Chapter" LABEL="9.5.4  活动目录服务" ORDERLABEL="368"><METS:fptr FILEID="00000383"/>
				</METS:div>
			</METS:div>
			<METS:div TYPE="Chapter" LABEL="9.6  习题" ORDERLABEL="373"><METS:fptr FILEID="00000388"/>
			</METS:div>
		</METS:div>
	</METS:structMap>
</METS:mets>
