<?xml version="1.0" encoding="utf-8"?>
<METS:mets xmlns:METS="http://www.loc.gov/METS/" xmlns:xsi="http://www.w3.org/2001/XMLSchema-instance" xmlns:gdm="http://sunsite.berkeley.edu/GDM/" xmlns:xlink="http://www.w3.org/TR/xlink" xsi:schemalocation="http://www.loc.gov/METS/http://www.loc.gov/standards/mets/mets.xsd" LABEL="Zhejiang University.jdl.China-America digital library project" TYPE="Section">
	<METS:structMap TYPE="Catalog">
		<METS:div TYPE="Chapter" LABEL="第1章  数据通信基础" ORDERLABEL="1"><METS:fptr FILEID="00000010"/>
			<METS:div TYPE="Chapter" LABEL="1.1  数据通信概述" ORDERLABEL="1"><METS:fptr FILEID="00000010"/>
				<METS:div TYPE="Chapter" LABEL="1.1.1  数据通信的基本概念" ORDERLABEL="1"><METS:fptr FILEID="00000010"/>
				</METS:div>
				<METS:div TYPE="Chapter" LABEL="1.1.2  数据通信系统的主要技术指标" ORDERLABEL="2"><METS:fptr FILEID="00000011"/>
				</METS:div>
			</METS:div>
			<METS:div TYPE="Chapter" LABEL="1.2  数据通信原理" ORDERLABEL="4"><METS:fptr FILEID="00000013"/>
				<METS:div TYPE="Chapter" LABEL="1.2.1  信号的编码" ORDERLABEL="4"><METS:fptr FILEID="00000013"/>
				</METS:div>
				<METS:div TYPE="Chapter" LABEL="1.2.2  数据的传输" ORDERLABEL="6"><METS:fptr FILEID="00000015"/>
				</METS:div>
				<METS:div TYPE="Chapter" LABEL="1.2.3  多路复用技术" ORDERLABEL="8"><METS:fptr FILEID="00000017"/>
				</METS:div>
				<METS:div TYPE="Chapter" LABEL="1.2.4  数据交换技术" ORDERLABEL="11"><METS:fptr FILEID="00000020"/>
				</METS:div>
				<METS:div TYPE="Chapter" LABEL="1.2.5  差错控制技术" ORDERLABEL="12"><METS:fptr FILEID="00000021"/>
				</METS:div>
			</METS:div>
			<METS:div TYPE="Chapter" LABEL="1.3  数据通信线路" ORDERLABEL="14"><METS:fptr FILEID="00000023"/>
				<METS:div TYPE="Chapter" LABEL="1.3.1  同轴电缆" ORDERLABEL="15"><METS:fptr FILEID="00000024"/>
				</METS:div>
				<METS:div TYPE="Chapter" LABEL="1.3.2  双绞线" ORDERLABEL="16"><METS:fptr FILEID="00000025"/>
				</METS:div>
				<METS:div TYPE="Chapter" LABEL="1.3.3  光纤通信" ORDERLABEL="17"><METS:fptr FILEID="00000026"/>
				</METS:div>
				<METS:div TYPE="Chapter" LABEL="1.3.4  无线通信" ORDERLABEL="21"><METS:fptr FILEID="00000030"/>
				</METS:div>
			</METS:div>
			<METS:div TYPE="Chapter" LABEL="习题1" ORDERLABEL="22"><METS:fptr FILEID="00000031"/>
			</METS:div>
		</METS:div>
		<METS:div TYPE="Chapter" LABEL="第2章  网络基础" ORDERLABEL="25"><METS:fptr FILEID="00000034"/>
			<METS:div TYPE="Chapter" LABEL="2.1  网络的基本概念" ORDERLABEL="25"><METS:fptr FILEID="00000034"/>
				<METS:div TYPE="Chapter" LABEL="2.1.1  计算机网络" ORDERLABEL="25"><METS:fptr FILEID="00000034"/>
				</METS:div>
				<METS:div TYPE="Chapter" LABEL="2.1.2  计算机网络的基本功能" ORDERLABEL="25"><METS:fptr FILEID="00000034"/>
				</METS:div>
				<METS:div TYPE="Chapter" LABEL="2.1.3  计算机网络的基本要素" ORDERLABEL="26"><METS:fptr FILEID="00000035"/>
				</METS:div>
				<METS:div TYPE="Chapter" LABEL="2.1.4  网络的拓扑结构" ORDERLABEL="26"><METS:fptr FILEID="00000035"/>
				</METS:div>
				<METS:div TYPE="Chapter" LABEL="2.1.5  计算机网络的分类" ORDERLABEL="28"><METS:fptr FILEID="00000037"/>
				</METS:div>
				<METS:div TYPE="Chapter" LABEL="2.1.6  计算机网络的发展" ORDERLABEL="30"><METS:fptr FILEID="00000039"/>
				</METS:div>
			</METS:div>
			<METS:div TYPE="Chapter" LABEL="2.2  网络的体系结构" ORDERLABEL="31"><METS:fptr FILEID="00000040"/>
				<METS:div TYPE="Chapter" LABEL="2.2.1  网络协议" ORDERLABEL="31"><METS:fptr FILEID="00000040"/>
				</METS:div>
				<METS:div TYPE="Chapter" LABEL="2.2.2  网络系统的体系结构" ORDERLABEL="32"><METS:fptr FILEID="00000041"/>
				</METS:div>
				<METS:div TYPE="Chapter" LABEL="2.2.3  ISO/OSI网络体系结构" ORDERLABEL="33"><METS:fptr FILEID="00000042"/>
				</METS:div>
				<METS:div TYPE="Chapter" LABEL="2.2.4  OSI体系结构中的数据传递" ORDERLABEL="41"><METS:fptr FILEID="00000050"/>
				</METS:div>
			</METS:div>
			<METS:div TYPE="Chapter" LABEL="2.3  网络通信协议" ORDERLABEL="42"><METS:fptr FILEID="00000051"/>
				<METS:div TYPE="Chapter" LABEL="2.3.1  TCP/IP协议" ORDERLABEL="42"><METS:fptr FILEID="00000051"/>
				</METS:div>
				<METS:div TYPE="Chapter" LABEL="2.3.2  IPX/SPX协议" ORDERLABEL="50"><METS:fptr FILEID="00000059"/>
				</METS:div>
				<METS:div TYPE="Chapter" LABEL="2.3.3  NetBEUI协议" ORDERLABEL="51"><METS:fptr FILEID="00000060"/>
				</METS:div>
				<METS:div TYPE="Chapter" LABEL="2.3.4  AppleTalk协议" ORDERLABEL="52"><METS:fptr FILEID="00000061"/>
				</METS:div>
			</METS:div>
			<METS:div TYPE="Chapter" LABEL="习题2" ORDERLABEL="52"><METS:fptr FILEID="00000061"/>
			</METS:div>
		</METS:div>
		<METS:div TYPE="Chapter" LABEL="第3章  局域网" ORDERLABEL="55"><METS:fptr FILEID="00000064"/>
			<METS:div TYPE="Chapter" LABEL="3.1  局域网概述" ORDERLABEL="55"><METS:fptr FILEID="00000064"/>
				<METS:div TYPE="Chapter" LABEL="3.1.1  局域网的概念" ORDERLABEL="55"><METS:fptr FILEID="00000064"/>
				</METS:div>
				<METS:div TYPE="Chapter" LABEL="3.1.2  局域网的分类" ORDERLABEL="55"><METS:fptr FILEID="00000064"/>
				</METS:div>
				<METS:div TYPE="Chapter" LABEL="3.1.3  局域网的体系结构" ORDERLABEL="56"><METS:fptr FILEID="00000065"/>
				</METS:div>
				<METS:div TYPE="Chapter" LABEL="3.1.4  局域网的组成" ORDERLABEL="59"><METS:fptr FILEID="00000068"/>
				</METS:div>
			</METS:div>
			<METS:div TYPE="Chapter" LABEL="3.2  传统局域网" ORDERLABEL="62"><METS:fptr FILEID="00000071"/>
				<METS:div TYPE="Chapter" LABEL="3.2.1  以太网" ORDERLABEL="62"><METS:fptr FILEID="00000071"/>
				</METS:div>
				<METS:div TYPE="Chapter" LABEL="3.2.2  令牌总线网" ORDERLABEL="67"><METS:fptr FILEID="00000076"/>
				</METS:div>
				<METS:div TYPE="Chapter" LABEL="3.2.3  令牌环网" ORDERLABEL="68"><METS:fptr FILEID="00000077"/>
				</METS:div>
			</METS:div>
			<METS:div TYPE="Chapter" LABEL="3.3  高速局域网" ORDERLABEL="71"><METS:fptr FILEID="00000080"/>
				<METS:div TYPE="Chapter" LABEL="3.3.1  光纤分布式数据接口" ORDERLABEL="71"><METS:fptr FILEID="00000080"/>
				</METS:div>
				<METS:div TYPE="Chapter" LABEL="3.3.2  高速以太网" ORDERLABEL="74"><METS:fptr FILEID="00000083"/>
				</METS:div>
				<METS:div TYPE="Chapter" LABEL="3.3.3  千兆位以太网" ORDERLABEL="75"><METS:fptr FILEID="00000084"/>
				</METS:div>
				<METS:div TYPE="Chapter" LABEL="3.3.4  100VG-AnyLAN" ORDERLABEL="76"><METS:fptr FILEID="00000085"/>
				</METS:div>
			</METS:div>
			<METS:div TYPE="Chapter" LABEL="3.4  交换局域网" ORDERLABEL="76"><METS:fptr FILEID="00000085"/>
				<METS:div TYPE="Chapter" LABEL="3.4.1  交换式以太网" ORDERLABEL="76"><METS:fptr FILEID="00000085"/>
				</METS:div>
				<METS:div TYPE="Chapter" LABEL="3.4.2  虚拟局域网" ORDERLABEL="78"><METS:fptr FILEID="00000087"/>
				</METS:div>
			</METS:div>
			<METS:div TYPE="Chapter" LABEL="习题3" ORDERLABEL="82"><METS:fptr FILEID="00000091"/>
			</METS:div>
		</METS:div>
		<METS:div TYPE="Chapter" LABEL="第4章  广域网" ORDERLABEL="84"><METS:fptr FILEID="00000093"/>
			<METS:div TYPE="Chapter" LABEL="4.1  数据通信网概述" ORDERLABEL="84"><METS:fptr FILEID="00000093"/>
				<METS:div TYPE="Chapter" LABEL="4.1.1  公用电话交换网" ORDERLABEL="84"><METS:fptr FILEID="00000093"/>
				</METS:div>
				<METS:div TYPE="Chapter" LABEL="4.1.2  公用数据网" ORDERLABEL="84"><METS:fptr FILEID="00000093"/>
				</METS:div>
				<METS:div TYPE="Chapter" LABEL="4.1.3  中国公用分组交换网" ORDERLABEL="86"><METS:fptr FILEID="00000095"/>
				</METS:div>
			</METS:div>
			<METS:div TYPE="Chapter" LABEL="4.2  X.25" ORDERLABEL="87"><METS:fptr FILEID="00000096"/>
				<METS:div TYPE="Chapter" LABEL="4.2.1  X.25的体系结构" ORDERLABEL="87"><METS:fptr FILEID="00000096"/>
				</METS:div>
				<METS:div TYPE="Chapter" LABEL="4.2.2  X.25业务的应用" ORDERLABEL="89"><METS:fptr FILEID="00000098"/>
				</METS:div>
				<METS:div TYPE="Chapter" LABEL="4.2.3  X.25的用户接入方式" ORDERLABEL="90"><METS:fptr FILEID="00000099"/>
				</METS:div>
			</METS:div>
			<METS:div TYPE="Chapter" LABEL="4.3  帧中继" ORDERLABEL="90"><METS:fptr FILEID="00000099"/>
				<METS:div TYPE="Chapter" LABEL="4.3.1  帧中继的体系结构" ORDERLABEL="91"><METS:fptr FILEID="00000100"/>
				</METS:div>
				<METS:div TYPE="Chapter" LABEL="4.3.2  帧中继的帧格式" ORDERLABEL="92"><METS:fptr FILEID="00000101"/>
				</METS:div>
				<METS:div TYPE="Chapter" LABEL="4.3.3  帧中继的工作原理" ORDERLABEL="93"><METS:fptr FILEID="00000102"/>
				</METS:div>
				<METS:div TYPE="Chapter" LABEL="4.3.4  帧中继业务的应用" ORDERLABEL="94"><METS:fptr FILEID="00000103"/>
				</METS:div>
				<METS:div TYPE="Chapter" LABEL="4.3.5  帧中继的用户接入方式" ORDERLABEL="94"><METS:fptr FILEID="00000103"/>
				</METS:div>
			</METS:div>
			<METS:div TYPE="Chapter" LABEL="4.4  数字数据网" ORDERLABEL="95"><METS:fptr FILEID="00000104"/>
				<METS:div TYPE="Chapter" LABEL="4.4.1  数字数据网的组成" ORDERLABEL="95"><METS:fptr FILEID="00000104"/>
				</METS:div>
				<METS:div TYPE="Chapter" LABEL="4.4.2  数字数据网提供的业务" ORDERLABEL="96"><METS:fptr FILEID="00000105"/>
				</METS:div>
				<METS:div TYPE="Chapter" LABEL="4.4.3  数字数据网的用户接入方式" ORDERLABEL="97"><METS:fptr FILEID="00000106"/>
				</METS:div>
			</METS:div>
			<METS:div TYPE="Chapter" LABEL="4.5  ATM" ORDERLABEL="98"><METS:fptr FILEID="00000107"/>
				<METS:div TYPE="Chapter" LABEL="4.5.1  ATM的协议参考模型" ORDERLABEL="98"><METS:fptr FILEID="00000107"/>
				</METS:div>
				<METS:div TYPE="Chapter" LABEL="4.5.2  ATM的信元交换" ORDERLABEL="100"><METS:fptr FILEID="00000109"/>
				</METS:div>
				<METS:div TYPE="Chapter" LABEL="4.5.3  ATM组网" ORDERLABEL="101"><METS:fptr FILEID="00000110"/>
				</METS:div>
			</METS:div>
			<METS:div TYPE="Chapter" LABEL="4.6  综合业务数字网" ORDERLABEL="103"><METS:fptr FILEID="00000112"/>
				<METS:div TYPE="Chapter" LABEL="4.6.1  ISDN的结构" ORDERLABEL="103"><METS:fptr FILEID="00000112"/>
				</METS:div>
				<METS:div TYPE="Chapter" LABEL="4.6.2  ISDN的终端设备" ORDERLABEL="105"><METS:fptr FILEID="00000114"/>
				</METS:div>
				<METS:div TYPE="Chapter" LABEL="4.6.3  ISDN的综合业务" ORDERLABEL="107"><METS:fptr FILEID="00000116"/>
				</METS:div>
			</METS:div>
			<METS:div TYPE="Chapter" LABEL="4.7  住宅宽带网" ORDERLABEL="108"><METS:fptr FILEID="00000117"/>
				<METS:div TYPE="Chapter" LABEL="4.7.1  数字用户环路" ORDERLABEL="108"><METS:fptr FILEID="00000117"/>
				</METS:div>
				<METS:div TYPE="Chapter" LABEL="4.7.2  光纤同轴混合接入网" ORDERLABEL="109"><METS:fptr FILEID="00000118"/>
				</METS:div>
				<METS:div TYPE="Chapter" LABEL="4.7.3  光纤接入网" ORDERLABEL="111"><METS:fptr FILEID="00000120"/>
				</METS:div>
			</METS:div>
			<METS:div TYPE="Chapter" LABEL="4.8  国际互联网" ORDERLABEL="111"><METS:fptr FILEID="00000120"/>
				<METS:div TYPE="Chapter" LABEL="4.8.1  Internet的结构" ORDERLABEL="112"><METS:fptr FILEID="00000121"/>
				</METS:div>
				<METS:div TYPE="Chapter" LABEL="4.8.2  Internet的域名系统" ORDERLABEL="112"><METS:fptr FILEID="00000121"/>
				</METS:div>
				<METS:div TYPE="Chapter" LABEL="4.8.3  Internet的基本服务" ORDERLABEL="113"><METS:fptr FILEID="00000122"/>
				</METS:div>
				<METS:div TYPE="Chapter" LABEL="4.8.4  Internet的用户接入方式" ORDERLABEL="118"><METS:fptr FILEID="00000127"/>
				</METS:div>
			</METS:div>
			<METS:div TYPE="Chapter" LABEL="习题4" ORDERLABEL="120"><METS:fptr FILEID="00000129"/>
			</METS:div>
		</METS:div>
		<METS:div TYPE="Chapter" LABEL="第5章  网络互联与接入技术" ORDERLABEL="122"><METS:fptr FILEID="00000131"/>
			<METS:div TYPE="Chapter" LABEL="5.1  网络互联的概念" ORDERLABEL="122"><METS:fptr FILEID="00000131"/>
				<METS:div TYPE="Chapter" LABEL="5.1.1  网络互联的目标" ORDERLABEL="122"><METS:fptr FILEID="00000131"/>
				</METS:div>
				<METS:div TYPE="Chapter" LABEL="5.1.2  网络互联的层次结构" ORDERLABEL="122"><METS:fptr FILEID="00000131"/>
				</METS:div>
				<METS:div TYPE="Chapter" LABEL="5.1.3  网络互联的类型" ORDERLABEL="123"><METS:fptr FILEID="00000132"/>
				</METS:div>
			</METS:div>
			<METS:div TYPE="Chapter" LABEL="5.2  网络互联设备" ORDERLABEL="125"><METS:fptr FILEID="00000134"/>
				<METS:div TYPE="Chapter" LABEL="5.2.1  中继器" ORDERLABEL="125"><METS:fptr FILEID="00000134"/>
				</METS:div>
				<METS:div TYPE="Chapter" LABEL="5.2.2  集线器" ORDERLABEL="126"><METS:fptr FILEID="00000135"/>
				</METS:div>
				<METS:div TYPE="Chapter" LABEL="5.2.3  网桥" ORDERLABEL="128"><METS:fptr FILEID="00000137"/>
				</METS:div>
				<METS:div TYPE="Chapter" LABEL="5.2.4  路由器" ORDERLABEL="130"><METS:fptr FILEID="00000139"/>
				</METS:div>
				<METS:div TYPE="Chapter" LABEL="5.2.5  交换机" ORDERLABEL="132"><METS:fptr FILEID="00000141"/>
				</METS:div>
				<METS:div TYPE="Chapter" LABEL="5.2.6  网关" ORDERLABEL="136"><METS:fptr FILEID="00000145"/>
				</METS:div>
				<METS:div TYPE="Chapter" LABEL="5.2.7  干线" ORDERLABEL="137"><METS:fptr FILEID="00000146"/>
				</METS:div>
			</METS:div>
			<METS:div TYPE="Chapter" LABEL="5.3  网络接入设备" ORDERLABEL="138"><METS:fptr FILEID="00000147"/>
				<METS:div TYPE="Chapter" LABEL="5.3.1  调制解调器" ORDERLABEL="138"><METS:fptr FILEID="00000147"/>
				</METS:div>
				<METS:div TYPE="Chapter" LABEL="5.3.2  电缆调制解调器" ORDERLABEL="141"><METS:fptr FILEID="00000150"/>
				</METS:div>
				<METS:div TYPE="Chapter" LABEL="5.3.3  复用器" ORDERLABEL="143"><METS:fptr FILEID="00000152"/>
				</METS:div>
			</METS:div>
			<METS:div TYPE="Chapter" LABEL="5.4  组网案例" ORDERLABEL="144"><METS:fptr FILEID="00000153"/>
				<METS:div TYPE="Chapter" LABEL="5.4.1  校园网" ORDERLABEL="144"><METS:fptr FILEID="00000153"/>
				</METS:div>
				<METS:div TYPE="Chapter" LABEL="5.4.2  企业网" ORDERLABEL="145"><METS:fptr FILEID="00000154"/>
				</METS:div>
				<METS:div TYPE="Chapter" LABEL="5.4.3  企业内部网" ORDERLABEL="146"><METS:fptr FILEID="00000155"/>
				</METS:div>
				<METS:div TYPE="Chapter" LABEL="5.4.4  商业银行网络系统" ORDERLABEL="148"><METS:fptr FILEID="00000157"/>
				</METS:div>
			</METS:div>
			<METS:div TYPE="Chapter" LABEL="习题5" ORDERLABEL="150"><METS:fptr FILEID="00000159"/>
			</METS:div>
		</METS:div>
		<METS:div TYPE="Chapter" LABEL="第6章  结构化布线系统" ORDERLABEL="153"><METS:fptr FILEID="00000162"/>
			<METS:div TYPE="Chapter" LABEL="6.1  结构化布线系统" ORDERLABEL="153"><METS:fptr FILEID="00000162"/>
				<METS:div TYPE="Chapter" LABEL="6.1.1  结构化布线系统的组成" ORDERLABEL="153"><METS:fptr FILEID="00000162"/>
				</METS:div>
				<METS:div TYPE="Chapter" LABEL="6.1.2  结构化布线设备" ORDERLABEL="155"><METS:fptr FILEID="00000164"/>
				</METS:div>
			</METS:div>
			<METS:div TYPE="Chapter" LABEL="6.2  网络工程施工技术" ORDERLABEL="158"><METS:fptr FILEID="00000167"/>
				<METS:div TYPE="Chapter" LABEL="6.2.1  网络工程施工方案" ORDERLABEL="158"><METS:fptr FILEID="00000167"/>
				</METS:div>
				<METS:div TYPE="Chapter" LABEL="6.2.2  网络工程布线技术" ORDERLABEL="160"><METS:fptr FILEID="00000169"/>
				</METS:div>
				<METS:div TYPE="Chapter" LABEL="6.2.3  线缆连接器的安装技术" ORDERLABEL="164"><METS:fptr FILEID="00000173"/>
				</METS:div>
				<METS:div TYPE="Chapter" LABEL="6.2.4  光缆的接续技术" ORDERLABEL="168"><METS:fptr FILEID="00000177"/>
				</METS:div>
			</METS:div>
			<METS:div TYPE="Chapter" LABEL="6.3  结构化布线系统测试" ORDERLABEL="171"><METS:fptr FILEID="00000180"/>
				<METS:div TYPE="Chapter" LABEL="6.3.1  电缆测试的主要内容" ORDERLABEL="171"><METS:fptr FILEID="00000180"/>
				</METS:div>
				<METS:div TYPE="Chapter" LABEL="6.3.2  电缆测试的主要仪器" ORDERLABEL="172"><METS:fptr FILEID="00000181"/>
				</METS:div>
				<METS:div TYPE="Chapter" LABEL="6.3.3  光缆测试的主要内容" ORDERLABEL="175"><METS:fptr FILEID="00000184"/>
				</METS:div>
				<METS:div TYPE="Chapter" LABEL="6.3.4  光缆测试的主要仪器" ORDERLABEL="176"><METS:fptr FILEID="00000185"/>
				</METS:div>
			</METS:div>
			<METS:div TYPE="Chapter" LABEL="习题6" ORDERLABEL="176"><METS:fptr FILEID="00000185"/>
			</METS:div>
		</METS:div>
		<METS:div TYPE="Chapter" LABEL="第7章  网络管理" ORDERLABEL="178"><METS:fptr FILEID="00000187"/>
			<METS:div TYPE="Chapter" LABEL="7.1  网络管理系统" ORDERLABEL="178"><METS:fptr FILEID="00000187"/>
				<METS:div TYPE="Chapter" LABEL="7.1.1  网络管理系统的目标" ORDERLABEL="178"><METS:fptr FILEID="00000187"/>
				</METS:div>
				<METS:div TYPE="Chapter" LABEL="7.1.2  网络管理系统的组成" ORDERLABEL="178"><METS:fptr FILEID="00000187"/>
				</METS:div>
				<METS:div TYPE="Chapter" LABEL="7.1.3  网络管理体制" ORDERLABEL="181"><METS:fptr FILEID="00000190"/>
				</METS:div>
			</METS:div>
			<METS:div TYPE="Chapter" LABEL="7.2  网络管理功能" ORDERLABEL="182"><METS:fptr FILEID="00000191"/>
				<METS:div TYPE="Chapter" LABEL="7.2.1  网络配置管理" ORDERLABEL="182"><METS:fptr FILEID="00000191"/>
				</METS:div>
				<METS:div TYPE="Chapter" LABEL="7.2.2  网络性能管理" ORDERLABEL="183"><METS:fptr FILEID="00000192"/>
				</METS:div>
				<METS:div TYPE="Chapter" LABEL="7.2.3  网络故障管理" ORDERLABEL="184"><METS:fptr FILEID="00000193"/>
				</METS:div>
				<METS:div TYPE="Chapter" LABEL="7.2.4  网络安全管理" ORDERLABEL="184"><METS:fptr FILEID="00000193"/>
				</METS:div>
				<METS:div TYPE="Chapter" LABEL="7.2.5  网络统计管理" ORDERLABEL="185"><METS:fptr FILEID="00000194"/>
				</METS:div>
			</METS:div>
			<METS:div TYPE="Chapter" LABEL="7.3  网络安全" ORDERLABEL="185"><METS:fptr FILEID="00000194"/>
				<METS:div TYPE="Chapter" LABEL="7.3.1  网络安全" ORDERLABEL="185"><METS:fptr FILEID="00000194"/>
				</METS:div>
				<METS:div TYPE="Chapter" LABEL="7.3.2  计算机网络安全等级" ORDERLABEL="186"><METS:fptr FILEID="00000195"/>
				</METS:div>
				<METS:div TYPE="Chapter" LABEL="7.3.3  网络安全保障措施" ORDERLABEL="186"><METS:fptr FILEID="00000195"/>
				</METS:div>
				<METS:div TYPE="Chapter" LABEL="7.3.4  数据加密技术" ORDERLABEL="188"><METS:fptr FILEID="00000197"/>
				</METS:div>
				<METS:div TYPE="Chapter" LABEL="7.3.5  防火墙技术" ORDERLABEL="191"><METS:fptr FILEID="00000200"/>
				</METS:div>
			</METS:div>
			<METS:div TYPE="Chapter" LABEL="习题7" ORDERLABEL="195"><METS:fptr FILEID="00000204"/>
			</METS:div>
		</METS:div>
		<METS:div TYPE="Chapter" LABEL="第8章  网络操作系统" ORDERLABEL="197"><METS:fptr FILEID="00000206"/>
			<METS:div TYPE="Chapter" LABEL="8.1  NetWare" ORDERLABEL="197"><METS:fptr FILEID="00000206"/>
				<METS:div TYPE="Chapter" LABEL="8.1.1  NetWare的体系结构" ORDERLABEL="197"><METS:fptr FILEID="00000206"/>
				</METS:div>
				<METS:div TYPE="Chapter" LABEL="8.1.2  NetWare的核心服务" ORDERLABEL="198"><METS:fptr FILEID="00000207"/>
				</METS:div>
			</METS:div>
			<METS:div TYPE="Chapter" LABEL="8.2  Windows NT" ORDERLABEL="201"><METS:fptr FILEID="00000210"/>
				<METS:div TYPE="Chapter" LABEL="8.2.1  Windows NT的特点" ORDERLABEL="201"><METS:fptr FILEID="00000210"/>
				</METS:div>
				<METS:div TYPE="Chapter" LABEL="8.2.2  Windows NT网络组成" ORDERLABEL="202"><METS:fptr FILEID="00000211"/>
				</METS:div>
				<METS:div TYPE="Chapter" LABEL="8.2.3  Windows NT网络体系结构" ORDERLABEL="204"><METS:fptr FILEID="00000213"/>
				</METS:div>
				<METS:div TYPE="Chapter" LABEL="8.2.4  Windows NT网络配置" ORDERLABEL="206"><METS:fptr FILEID="00000215"/>
				</METS:div>
				<METS:div TYPE="Chapter" LABEL="8.2.5  Windows NT网络管理" ORDERLABEL="213"><METS:fptr FILEID="00000222"/>
				</METS:div>
			</METS:div>
			<METS:div TYPE="Chapter" LABEL="8.3  Windows 2000" ORDERLABEL="225"><METS:fptr FILEID="00000234"/>
				<METS:div TYPE="Chapter" LABEL="8.3.1  Windows 2000的版本" ORDERLABEL="225"><METS:fptr FILEID="00000234"/>
				</METS:div>
				<METS:div TYPE="Chapter" LABEL="8.3.2  Windows 2000的网络新特性" ORDERLABEL="226"><METS:fptr FILEID="00000235"/>
				</METS:div>
			</METS:div>
			<METS:div TYPE="Chapter" LABEL="8.4  Linux" ORDERLABEL="230"><METS:fptr FILEID="00000239"/>
				<METS:div TYPE="Chapter" LABEL="8.4.1  Linux的结构和特点" ORDERLABEL="230"><METS:fptr FILEID="00000239"/>
				</METS:div>
				<METS:div TYPE="Chapter" LABEL="8.4.2  Linux的发行版本" ORDERLABEL="230"><METS:fptr FILEID="00000239"/>
				</METS:div>
				<METS:div TYPE="Chapter" LABEL="8.4.3  Linux的系统管理" ORDERLABEL="231"><METS:fptr FILEID="00000240"/>
				</METS:div>
			</METS:div>
			<METS:div TYPE="Chapter" LABEL="习题8" ORDERLABEL="250"><METS:fptr FILEID="00000259"/>
			</METS:div>
		</METS:div>
		<METS:div TYPE="Chapter" LABEL="第9章  网络实验" ORDERLABEL="253"><METS:fptr FILEID="00000262"/>
			<METS:div TYPE="Chapter" LABEL="实验1  组建对等网络" ORDERLABEL="253"><METS:fptr FILEID="00000262"/>
			</METS:div>
			<METS:div TYPE="Chapter" LABEL="实验2  组建客户机/服务器网络" ORDERLABEL="257"><METS:fptr FILEID="00000266"/>
			</METS:div>
			<METS:div TYPE="Chapter" LABEL="实验3  基于客户机/服务器的网络管理" ORDERLABEL="263"><METS:fptr FILEID="00000272"/>
			</METS:div>
			<METS:div TYPE="Chapter" LABEL="实验4  组建虚拟局域网" ORDERLABEL="267"><METS:fptr FILEID="00000276"/>
			</METS:div>
			<METS:div TYPE="Chapter" LABEL="实验5  拨号连接Internet" ORDERLABEL="274"><METS:fptr FILEID="00000283"/>
			</METS:div>
			<METS:div TYPE="Chapter" LABEL="实验6  局域网接入Internet" ORDERLABEL="278"><METS:fptr FILEID="00000287"/>
			</METS:div>
			<METS:div TYPE="Chapter" LABEL="实验7  局域网互联" ORDERLABEL="287"><METS:fptr FILEID="00000296"/>
			</METS:div>
		</METS:div>
	</METS:structMap>
</METS:mets>
