<?xml version="1.0" encoding="utf-8"?>
<METS:mets xmlns:METS="http://www.loc.gov/METS/" xmlns:xsi="http://www.w3.org/2001/XMLSchema-instance" xmlns:gdm="http://sunsite.berkeley.edu/GDM/" xmlns:xlink="http://www.w3.org/TR/xlink" xsi:schemalocation="http://www.loc.gov/METS/http://www.loc.gov/standards/mets/mets.xsd" LABEL="Zhejiang University.jdl.China-America digital library project" TYPE="Section">
	<METS:structMap TYPE="Catalog">
		<METS:div TYPE="Chapter" LABEL="第一章 计算机网络概论" ORDERLABEL="1"><METS:fptr FILEID="00000007"/>
			<METS:div TYPE="Chapter" LABEL="1.1 计算机网络的发展" ORDERLABEL="1"><METS:fptr FILEID="00000007"/>
			</METS:div>
			<METS:div TYPE="Chapter" LABEL="1.2 计算机网络在我国的发展" ORDERLABEL="4"><METS:fptr FILEID="00000010"/>
			</METS:div>
			<METS:div TYPE="Chapter" LABEL="1.3 计算机网络的定义及分类" ORDERLABEL="5"><METS:fptr FILEID="00000011"/>
			</METS:div>
		</METS:div>
		<METS:div TYPE="Chapter" LABEL="第二章 网络技术基础" ORDERLABEL="8"><METS:fptr FILEID="00000014"/>
			<METS:div TYPE="Chapter" LABEL="2.1 计算机网络拓扑结构" ORDERLABEL="8"><METS:fptr FILEID="00000014"/>
			</METS:div>
			<METS:div TYPE="Chapter" LABEL="2.2 计算机网络的分类" ORDERLABEL="11"><METS:fptr FILEID="00000017"/>
			</METS:div>
			<METS:div TYPE="Chapter" LABEL="2.3 数据通信的基本概念" ORDERLABEL="12"><METS:fptr FILEID="00000018"/>
			</METS:div>
			<METS:div TYPE="Chapter" LABEL="2.4 数据编码技术" ORDERLABEL="15"><METS:fptr FILEID="00000021"/>
			</METS:div>
			<METS:div TYPE="Chapter" LABEL="2.5 数据通信的同步技术" ORDERLABEL="18"><METS:fptr FILEID="00000024"/>
			</METS:div>
			<METS:div TYPE="Chapter" LABEL="2.6 多路复用技术" ORDERLABEL="19"><METS:fptr FILEID="00000025"/>
			</METS:div>
			<METS:div TYPE="Chapter" LABEL="2.7 数据交换技术" ORDERLABEL="21"><METS:fptr FILEID="00000027"/>
			</METS:div>
			<METS:div TYPE="Chapter" LABEL="2.8 传输煤体" ORDERLABEL="22"><METS:fptr FILEID="00000028"/>
			</METS:div>
			<METS:div TYPE="Chapter" LABEL="2.9 差错控制" ORDERLABEL="26"><METS:fptr FILEID="00000032"/>
			</METS:div>
		</METS:div>
		<METS:div TYPE="Chapter" LABEL="第三章 计算机网络体系结构" ORDERLABEL="33"><METS:fptr FILEID="00000039"/>
			<METS:div TYPE="Chapter" LABEL="3.1 网络体系结构及网络协议" ORDERLABEL="33"><METS:fptr FILEID="00000039"/>
			</METS:div>
			<METS:div TYPE="Chapter" LABEL="3.2 物理层" ORDERLABEL="36"><METS:fptr FILEID="00000042"/>
			</METS:div>
			<METS:div TYPE="Chapter" LABEL="3.3 数据链路层" ORDERLABEL="37"><METS:fptr FILEID="00000043"/>
			</METS:div>
			<METS:div TYPE="Chapter" LABEL="3.4 网络层" ORDERLABEL="39"><METS:fptr FILEID="00000045"/>
			</METS:div>
			<METS:div TYPE="Chapter" LABEL="3.5 传输层" ORDERLABEL="40"><METS:fptr FILEID="00000046"/>
			</METS:div>
			<METS:div TYPE="Chapter" LABEL="3.6 高层协议" ORDERLABEL="41"><METS:fptr FILEID="00000047"/>
			</METS:div>
			<METS:div TYPE="Chapter" LABEL="3.7 TCP/TP协议" ORDERLABEL="45"><METS:fptr FILEID="00000051"/>
			</METS:div>
			<METS:div TYPE="Chapter" LABEL="3.8 OSI各层的关系" ORDERLABEL="50"><METS:fptr FILEID="00000056"/>
			</METS:div>
		</METS:div>
		<METS:div TYPE="Chapter" LABEL="第四章 局域网技术" ORDERLABEL="56"><METS:fptr FILEID="00000062"/>
			<METS:div TYPE="Chapter" LABEL="4.1 概述" ORDERLABEL="56"><METS:fptr FILEID="00000062"/>
			</METS:div>
			<METS:div TYPE="Chapter" LABEL="4.2 局域网的组成" ORDERLABEL="57"><METS:fptr FILEID="00000063"/>
			</METS:div>
			<METS:div TYPE="Chapter" LABEL="4.3 局域网的层次结构和IEEE802标准" ORDERLABEL="59"><METS:fptr FILEID="00000065"/>
			</METS:div>
			<METS:div TYPE="Chapter" LABEL="4.4 总线形局域网和CSMA/CD协议" ORDERLABEL="61"><METS:fptr FILEID="00000067"/>
			</METS:div>
			<METS:div TYPE="Chapter" LABEL="4.5 型局域网" ORDERLABEL="64"><METS:fptr FILEID="00000070"/>
			</METS:div>
			<METS:div TYPE="Chapter" LABEL="4.6 客户机／服务器网络和对等式网络" ORDERLABEL="66"><METS:fptr FILEID="00000072"/>
			</METS:div>
			<METS:div TYPE="Chapter" LABEL="4.7 高速局域网" ORDERLABEL="67"><METS:fptr FILEID="00000073"/>
			</METS:div>
		</METS:div>
		<METS:div TYPE="Chapter" LABEL="第五章 Windows 98的网络功能" ORDERLABEL="72"><METS:fptr FILEID="00000078"/>
			<METS:div TYPE="Chapter" LABEL="5.1 Windows 98的网络功能简介" ORDERLABEL="72"><METS:fptr FILEID="00000078"/>
			</METS:div>
			<METS:div TYPE="Chapter" LABEL="5.2 建立Windows 98局域网工作环境" ORDERLABEL="73"><METS:fptr FILEID="00000079"/>
			</METS:div>
			<METS:div TYPE="Chapter" LABEL="5.3 在局域网上共享文件资源" ORDERLABEL="80"><METS:fptr FILEID="00000086"/>
			</METS:div>
			<METS:div TYPE="Chapter" LABEL="5.4 在局域网中共享打印机" ORDERLABEL="83"><METS:fptr FILEID="00000089"/>
			</METS:div>
			<METS:div TYPE="Chapter" LABEL="5.5 在Win98上建立拨号连网" ORDERLABEL="85"><METS:fptr FILEID="00000091"/>
			</METS:div>
		</METS:div>
		<METS:div TYPE="Chapter" LABEL="第六章 Windows 2000网络与应用" ORDERLABEL="90"><METS:fptr FILEID="00000096"/>
			<METS:div TYPE="Chapter" LABEL="6.1 Windows 2000网络功能概述" ORDERLABEL="90"><METS:fptr FILEID="00000096"/>
			</METS:div>
			<METS:div TYPE="Chapter" LABEL="6.2 使用Windows 2000局域网" ORDERLABEL="92"><METS:fptr FILEID="00000098"/>
			</METS:div>
			<METS:div TYPE="Chapter" LABEL="6.3 Windows 2000网络结构" ORDERLABEL="113"><METS:fptr FILEID="00000119"/>
			</METS:div>
			<METS:div TYPE="Chapter" LABEL="6.4 用户帐号管理" ORDERLABEL="119"><METS:fptr FILEID="00000125"/>
			</METS:div>
		</METS:div>
		<METS:div TYPE="Chapter" LABEL="第七章 Internet网络的应用" ORDERLABEL="133"><METS:fptr FILEID="00000139"/>
			<METS:div TYPE="Chapter" LABEL="7.1 WWW服务" ORDERLABEL="133"><METS:fptr FILEID="00000139"/>
			</METS:div>
			<METS:div TYPE="Chapter" LABEL="7.2 电子邮件服务" ORDERLABEL="145"><METS:fptr FILEID="00000151"/>
			</METS:div>
			<METS:div TYPE="Chapter" LABEL="7.3 文件传输服务" ORDERLABEL="150"><METS:fptr FILEID="00000156"/>
			</METS:div>
			<METS:div TYPE="Chapter" LABEL="7.4 BBS服务" ORDERLABEL="153"><METS:fptr FILEID="00000159"/>
			</METS:div>
			<METS:div TYPE="Chapter" LABEL="7.5 Internet的其它服务" ORDERLABEL="158"><METS:fptr FILEID="00000164"/>
			</METS:div>
		</METS:div>
		<METS:div TYPE="Chapter" LABEL="第八章 网络安全与网络管理" ORDERLABEL="161"><METS:fptr FILEID="00000167"/>
			<METS:div TYPE="Chapter" LABEL="8.1 网络安全的重要性" ORDERLABEL="161"><METS:fptr FILEID="00000167"/>
			</METS:div>
			<METS:div TYPE="Chapter" LABEL="8.2 网络安全策略的设计" ORDERLABEL="162"><METS:fptr FILEID="00000168"/>
			</METS:div>
			<METS:div TYPE="Chapter" LABEL="8.3 网络安全策略指定的方法与基本内容" ORDERLABEL="164"><METS:fptr FILEID="00000170"/>
			</METS:div>
			<METS:div TYPE="Chapter" LABEL="8.4 网络安全问题的鉴别" ORDERLABEL="167"><METS:fptr FILEID="00000173"/>
			</METS:div>
			<METS:div TYPE="Chapter" LABEL="8.5 Internet/Intranet防火墙技术" ORDERLABEL="169"><METS:fptr FILEID="00000175"/>
			</METS:div>
			<METS:div TYPE="Chapter" LABEL="8.6 网络文件的备份与恢复" ORDERLABEL="169"><METS:fptr FILEID="00000175"/>
			</METS:div>
			<METS:div TYPE="Chapter" LABEL="8.7 网络防病毒技术" ORDERLABEL="177"><METS:fptr FILEID="00000183"/>
			</METS:div>
			<METS:div TYPE="Chapter" LABEL="8.8 网络管理" ORDERLABEL="172"><METS:fptr FILEID="00000178"/>
			</METS:div>
		</METS:div>
	</METS:structMap>
</METS:mets>
