<?xml version="1.0" encoding="utf-8"?>
<METS:mets xmlns:METS="http://www.loc.gov/METS/" xmlns:xsi="http://www.w3.org/2001/XMLSchema-instance" xmlns:gdm="http://sunsite.berkeley.edu/GDM/" xmlns:xlink="http://www.w3.org/TR/xlink" xsi:schemalocation="http://www.loc.gov/METS/http://www.loc.gov/standards/mets/mets.xsd" LABEL="Zhejiang University.jdl.China-America digital library project" TYPE="Section">
	<METS:structMap TYPE="Catalog">
		<METS:div TYPE="Chapter" LABEL="第一篇  基础篇" ORDERLABEL="3"><METS:fptr FILEID="00000010"/>
			<METS:div TYPE="Chapter" LABEL="第一章  计算机网络概论" ORDERLABEL="3"><METS:fptr FILEID="00000012"/>
				<METS:div TYPE="Chapter" LABEL="1.1  计算机网络的基本概念" ORDERLABEL="3"><METS:fptr FILEID="00000012"/>
					<METS:div TYPE="Chapter" LABEL="1.1.1  计算机网络的定义" ORDERLABEL="3"><METS:fptr FILEID="00000012"/>
					</METS:div>
					<METS:div TYPE="Chapter" LABEL="1.1.2  计算机网络的形成与发展" ORDERLABEL="4"><METS:fptr FILEID="00000013"/>
					</METS:div>
					<METS:div TYPE="Chapter" LABEL="1.1.3  计算机网络的功能" ORDERLABEL="6"><METS:fptr FILEID="00000015"/>
					</METS:div>
					<METS:div TYPE="Chapter" LABEL="1.1.4  计算机网络的分类" ORDERLABEL="6"><METS:fptr FILEID="00000015"/>
					</METS:div>
				</METS:div>
				<METS:div TYPE="Chapter" LABEL="1.2  计算机网络的组成" ORDERLABEL="7"><METS:fptr FILEID="00000016"/>
					<METS:div TYPE="Chapter" LABEL="1.2.1  通信子网" ORDERLABEL="7"><METS:fptr FILEID="00000016"/>
					</METS:div>
					<METS:div TYPE="Chapter" LABEL="1.2.2  资源子网" ORDERLABEL="9"><METS:fptr FILEID="00000018"/>
					</METS:div>
				</METS:div>
				<METS:div TYPE="Chapter" LABEL="1.3  计算机网络的拓扑结构" ORDERLABEL="9"><METS:fptr FILEID="00000018"/>
					<METS:div TYPE="Chapter" LABEL="1.3.1  计算机网络拓扑结构的定义" ORDERLABEL="9"><METS:fptr FILEID="00000018"/>
					</METS:div>
					<METS:div TYPE="Chapter" LABEL="1.3.2  计算机网络拓扑结构的类型" ORDERLABEL="10"><METS:fptr FILEID="00000019"/>
					</METS:div>
				</METS:div>
				<METS:div TYPE="Chapter" LABEL="1.4  计算机网络的应用" ORDERLABEL="11"><METS:fptr FILEID="00000020"/>
					<METS:div TYPE="Chapter" LABEL="1.4.1  办公自动化" ORDERLABEL="11"><METS:fptr FILEID="00000020"/>
					</METS:div>
					<METS:div TYPE="Chapter" LABEL="1.4.2  电子商务" ORDERLABEL="12"><METS:fptr FILEID="00000021"/>
					</METS:div>
					<METS:div TYPE="Chapter" LABEL="1.4.3  在线服务" ORDERLABEL="12"><METS:fptr FILEID="00000021"/>
					</METS:div>
				</METS:div>
				<METS:div TYPE="Chapter" LABEL="1.5  网络操作系统简介" ORDERLABEL="13"><METS:fptr FILEID="00000022"/>
					<METS:div TYPE="Chapter" LABEL="1.5.1  网络操作系统概述" ORDERLABEL="13"><METS:fptr FILEID="00000022"/>
					</METS:div>
					<METS:div TYPE="Chapter" LABEL="1.5.2  Unix网络操作系统" ORDERLABEL="14"><METS:fptr FILEID="00000023"/>
					</METS:div>
					<METS:div TYPE="Chapter" LABEL="1.5.3  Novell公司的网络操作系统NetWare" ORDERLABEL="14"><METS:fptr FILEID="00000023"/>
					</METS:div>
					<METS:div TYPE="Chapter" LABEL="1.5.4  Microsoft公司的网络操作系统" ORDERLABEL="14"><METS:fptr FILEID="00000023"/>
					</METS:div>
					<METS:div TYPE="Chapter" LABEL="1.5.5  Linux网络操作系统" ORDERLABEL="15"><METS:fptr FILEID="00000024"/>
					</METS:div>
				</METS:div>
				<METS:div TYPE="Chapter" LABEL="习题一" ORDERLABEL="16"><METS:fptr FILEID="00000025"/>
				</METS:div>
			</METS:div>
			<METS:div TYPE="Chapter" LABEL="第二章  数据通信基础知识" ORDERLABEL="17"><METS:fptr FILEID="00000026"/>
				<METS:div TYPE="Chapter" LABEL="2.1  数据通信系统的概念" ORDERLABEL="17"><METS:fptr FILEID="00000026"/>
					<METS:div TYPE="Chapter" LABEL="2.1.1  数据通信系统模型" ORDERLABEL="17"><METS:fptr FILEID="00000026"/>
					</METS:div>
					<METS:div TYPE="Chapter" LABEL="2.1.2  数据、信息和信号" ORDERLABEL="17"><METS:fptr FILEID="00000026"/>
					</METS:div>
					<METS:div TYPE="Chapter" LABEL="2.1.3  信道、带宽和数据传输速率" ORDERLABEL="18"><METS:fptr FILEID="00000027"/>
					</METS:div>
					<METS:div TYPE="Chapter" LABEL="2.1.4  数据通信的主要技术指标" ORDERLABEL="18"><METS:fptr FILEID="00000027"/>
					</METS:div>
				</METS:div>
				<METS:div TYPE="Chapter" LABEL="2.2  数据传输方式和数据通信方式" ORDERLABEL="19"><METS:fptr FILEID="00000028"/>
					<METS:div TYPE="Chapter" LABEL="2.2.1  数据传输方式" ORDERLABEL="19"><METS:fptr FILEID="00000028"/>
					</METS:div>
					<METS:div TYPE="Chapter" LABEL="2.2.2  数据通信方式" ORDERLABEL="21"><METS:fptr FILEID="00000030"/>
					</METS:div>
				</METS:div>
				<METS:div TYPE="Chapter" LABEL="2.3  数据传输介质" ORDERLABEL="22"><METS:fptr FILEID="00000031"/>
					<METS:div TYPE="Chapter" LABEL="2.3.1  双绞线" ORDERLABEL="22"><METS:fptr FILEID="00000031"/>
					</METS:div>
					<METS:div TYPE="Chapter" LABEL="2.3.2  同轴电缆" ORDERLABEL="23"><METS:fptr FILEID="00000032"/>
					</METS:div>
					<METS:div TYPE="Chapter" LABEL="2.3.3  光导纤维" ORDERLABEL="23"><METS:fptr FILEID="00000032"/>
					</METS:div>
					<METS:div TYPE="Chapter" LABEL="2.3.4  无线介质" ORDERLABEL="24"><METS:fptr FILEID="00000033"/>
					</METS:div>
					<METS:div TYPE="Chapter" LABEL="2.3.5  传输介质的选择" ORDERLABEL="25"><METS:fptr FILEID="00000034"/>
					</METS:div>
				</METS:div>
				<METS:div TYPE="Chapter" LABEL="2.4  数据交换技术" ORDERLABEL="25"><METS:fptr FILEID="00000034"/>
					<METS:div TYPE="Chapter" LABEL="2.4.1  电路交换" ORDERLABEL="26"><METS:fptr FILEID="00000035"/>
					</METS:div>
					<METS:div TYPE="Chapter" LABEL="2.4.2  报文交换" ORDERLABEL="27"><METS:fptr FILEID="00000036"/>
					</METS:div>
					<METS:div TYPE="Chapter" LABEL="2.4.3  分组交换" ORDERLABEL="27"><METS:fptr FILEID="00000036"/>
					</METS:div>
					<METS:div TYPE="Chapter" LABEL="2.4.4  信元交换" ORDERLABEL="28"><METS:fptr FILEID="00000037"/>
					</METS:div>
				</METS:div>
				<METS:div TYPE="Chapter" LABEL="2.5  多路复用技术" ORDERLABEL="29"><METS:fptr FILEID="00000038"/>
					<METS:div TYPE="Chapter" LABEL="2.5.1  频分多路复用" ORDERLABEL="29"><METS:fptr FILEID="00000038"/>
					</METS:div>
					<METS:div TYPE="Chapter" LABEL="2.5.2  时分多路复用" ORDERLABEL="29"><METS:fptr FILEID="00000038"/>
					</METS:div>
				</METS:div>
				<METS:div TYPE="Chapter" LABEL="习题二" ORDERLABEL="30"><METS:fptr FILEID="00000039"/>
				</METS:div>
			</METS:div>
			<METS:div TYPE="Chapter" LABEL="第三章  计算机网络的体系结构" ORDERLABEL="31"><METS:fptr FILEID="00000040"/>
				<METS:div TYPE="Chapter" LABEL="3.1  网络体系结构的基本概念" ORDERLABEL="31"><METS:fptr FILEID="00000040"/>
					<METS:div TYPE="Chapter" LABEL="3.1.1  网络的层次结构" ORDERLABEL="31"><METS:fptr FILEID="00000040"/>
					</METS:div>
					<METS:div TYPE="Chapter" LABEL="3.1.2  网络协议" ORDERLABEL="31"><METS:fptr FILEID="00000040"/>
					</METS:div>
					<METS:div TYPE="Chapter" LABEL="3.1.3  网络体系结构" ORDERLABEL="32"><METS:fptr FILEID="00000041"/>
					</METS:div>
				</METS:div>
				<METS:div TYPE="Chapter" LABEL="3.2  开放系统互连参考模型" ORDERLABEL="32"><METS:fptr FILEID="00000041"/>
					<METS:div TYPE="Chapter" LABEL="3.2.1  开放系统互连参考模型的制定" ORDERLABEL="32"><METS:fptr FILEID="00000041"/>
					</METS:div>
					<METS:div TYPE="Chapter" LABEL="3.2.2  OSI参考模型层次划分的原则" ORDERLABEL="32"><METS:fptr FILEID="00000041"/>
					</METS:div>
					<METS:div TYPE="Chapter" LABEL="3.2.3  OSI参考模型的7层结构" ORDERLABEL="33"><METS:fptr FILEID="00000042"/>
					</METS:div>
					<METS:div TYPE="Chapter" LABEL="3.2.4  OSI参考模型各层功能概述" ORDERLABEL="34"><METS:fptr FILEID="00000043"/>
					</METS:div>
				</METS:div>
				<METS:div TYPE="Chapter" LABEL="3.3  计算机局域网协议" ORDERLABEL="35"><METS:fptr FILEID="00000044"/>
					<METS:div TYPE="Chapter" LABEL="3.3.1  IEEE802标准简介" ORDERLABEL="36"><METS:fptr FILEID="00000045"/>
					</METS:div>
					<METS:div TYPE="Chapter" LABEL="3.3.2  IEEE802标准系列" ORDERLABEL="37"><METS:fptr FILEID="00000046"/>
					</METS:div>
				</METS:div>
				<METS:div TYPE="Chapter" LABEL="习题三" ORDERLABEL="38"><METS:fptr FILEID="00000047"/>
				</METS:div>
			</METS:div>
			<METS:div TYPE="Chapter" LABEL="第四章  计算机局域网组网技术" ORDERLABEL="39"><METS:fptr FILEID="00000048"/>
				<METS:div TYPE="Chapter" LABEL="4.1  局域网概述" ORDERLABEL="39"><METS:fptr FILEID="00000048"/>
					<METS:div TYPE="Chapter" LABEL="4.1.1  局域网的特点" ORDERLABEL="39"><METS:fptr FILEID="00000048"/>
					</METS:div>
					<METS:div TYPE="Chapter" LABEL="4.1.2  局域网的拓扑结构" ORDERLABEL="39"><METS:fptr FILEID="00000048"/>
					</METS:div>
					<METS:div TYPE="Chapter" LABEL="4.1.3  局域网的信道访问协议" ORDERLABEL="41"><METS:fptr FILEID="00000050"/>
					</METS:div>
				</METS:div>
				<METS:div TYPE="Chapter" LABEL="4.2  10兆局域网组网技术" ORDERLABEL="45"><METS:fptr FILEID="00000054"/>
					<METS:div TYPE="Chapter" LABEL="4.2.1  细缆以太网10 BASE-2" ORDERLABEL="45"><METS:fptr FILEID="00000054"/>
					</METS:div>
					<METS:div TYPE="Chapter" LABEL="4.2.2  粗缆以太网10 BASE-5" ORDERLABEL="46"><METS:fptr FILEID="00000055"/>
					</METS:div>
					<METS:div TYPE="Chapter" LABEL="4.2.3  双绞线以太网10 BASE-T" ORDERLABEL="47"><METS:fptr FILEID="00000056"/>
					</METS:div>
				</METS:div>
				<METS:div TYPE="Chapter" LABEL="4.3  高速局域网组网技术" ORDERLABEL="49"><METS:fptr FILEID="00000058"/>
					<METS:div TYPE="Chapter" LABEL="4.3.1  高速局域网技术概述" ORDERLABEL="49"><METS:fptr FILEID="00000058"/>
					</METS:div>
					<METS:div TYPE="Chapter" LABEL="4.3.2  典型的高速局域网组网技术" ORDERLABEL="49"><METS:fptr FILEID="00000058"/>
					</METS:div>
				</METS:div>
				<METS:div TYPE="Chapter" LABEL="4.4  交换局域网和虚拟局域网" ORDERLABEL="52"><METS:fptr FILEID="00000061"/>
					<METS:div TYPE="Chapter" LABEL="4.4.1  交换局域网" ORDERLABEL="52"><METS:fptr FILEID="00000061"/>
					</METS:div>
					<METS:div TYPE="Chapter" LABEL="4.4.2  虚拟局域网" ORDERLABEL="52"><METS:fptr FILEID="00000061"/>
					</METS:div>
				</METS:div>
				<METS:div TYPE="Chapter" LABEL="4.5  网线制作与硬件连接" ORDERLABEL="54"><METS:fptr FILEID="00000063"/>
					<METS:div TYPE="Chapter" LABEL="4.5.1  网线的制作" ORDERLABEL="54"><METS:fptr FILEID="00000063"/>
					</METS:div>
					<METS:div TYPE="Chapter" LABEL="4.5.2  网卡的选择与设置" ORDERLABEL="56"><METS:fptr FILEID="00000065"/>
					</METS:div>
					<METS:div TYPE="Chapter" LABEL="4.5.3  服务器与工作站的物理连接" ORDERLABEL="56"><METS:fptr FILEID="00000065"/>
					</METS:div>
				</METS:div>
				<METS:div TYPE="Chapter" LABEL="习题四" ORDERLABEL="57"><METS:fptr FILEID="00000066"/>
				</METS:div>
			</METS:div>
		</METS:div>
		<METS:div TYPE="Chapter" LABEL="第二篇  应用篇" ORDERLABEL="61"><METS:fptr FILEID="00000068"/>
			<METS:div TYPE="Chapter" LABEL="第五章  Windows NT Server4.0安装" ORDERLABEL="61"><METS:fptr FILEID="00000070"/>
				<METS:div TYPE="Chapter" LABEL="5.1  WindowsNT操作系统简介" ORDERLABEL="61"><METS:fptr FILEID="00000070"/>
					<METS:div TYPE="Chapter" LABEL="5.1.1  WindowsNTServer和WindowsNTWorkstation" ORDERLABEL="61"><METS:fptr FILEID="00000070"/>
					</METS:div>
					<METS:div TYPE="Chapter" LABEL="5.1.2  WindowsNTServer4.0的主要特点" ORDERLABEL="62"><METS:fptr FILEID="00000071"/>
					</METS:div>
				</METS:div>
				<METS:div TYPE="Chapter" LABEL="5.2  WindowsNT的基本概念" ORDERLABEL="62"><METS:fptr FILEID="00000071"/>
					<METS:div TYPE="Chapter" LABEL="5.2.1  NTDS" ORDERLABEL="62"><METS:fptr FILEID="00000071"/>
					</METS:div>
					<METS:div TYPE="Chapter" LABEL="5.2.2  域（Domain）" ORDERLABEL="62"><METS:fptr FILEID="00000071"/>
					</METS:div>
					<METS:div TYPE="Chapter" LABEL="5.2.3  用户账号（User Account）" ORDERLABEL="63"><METS:fptr FILEID="00000072"/>
					</METS:div>
					<METS:div TYPE="Chapter" LABEL="5.2.4  组（Group）" ORDERLABEL="64"><METS:fptr FILEID="00000073"/>
					</METS:div>
					<METS:div TYPE="Chapter" LABEL="5.2.5  委托关系（Trust Relationship）" ORDERLABEL="64"><METS:fptr FILEID="00000073"/>
					</METS:div>
					<METS:div TYPE="Chapter" LABEL="5.2.6  域的模式" ORDERLABEL="66"><METS:fptr FILEID="00000075"/>
					</METS:div>
				</METS:div>
				<METS:div TYPE="Chapter" LABEL="5.3  安装Windows NT Server 4.0" ORDERLABEL="67"><METS:fptr FILEID="00000076"/>
					<METS:div TYPE="Chapter" LABEL="5.3.1  安装前的准备" ORDERLABEL="67"><METS:fptr FILEID="00000076"/>
					</METS:div>
					<METS:div TYPE="Chapter" LABEL="5.3.2  安装步骤" ORDERLABEL="68"><METS:fptr FILEID="00000077"/>
					</METS:div>
				</METS:div>
				<METS:div TYPE="Chapter" LABEL="5.4  网络工作站的设置及登录" ORDERLABEL="76"><METS:fptr FILEID="00000085"/>
					<METS:div TYPE="Chapter" LABEL="5.4.1  Windows95/98工作站登录Windows NT网络" ORDERLABEL="77"><METS:fptr FILEID="00000086"/>
					</METS:div>
					<METS:div TYPE="Chapter" LABEL="5.4.2  WindowsNTWorkstation登录Windows NT网络" ORDERLABEL="80"><METS:fptr FILEID="00000089"/>
					</METS:div>
				</METS:div>
				<METS:div TYPE="Chapter" LABEL="习题五" ORDERLABEL="82"><METS:fptr FILEID="00000091"/>
				</METS:div>
			</METS:div>
			<METS:div TYPE="Chapter" LABEL="第六章  Windows NT网络的管理" ORDERLABEL="83"><METS:fptr FILEID="00000092"/>
				<METS:div TYPE="Chapter" LABEL="6.1  用户账号的管理" ORDERLABEL="83"><METS:fptr FILEID="00000092"/>
					<METS:div TYPE="Chapter" LABEL="6.1.1  Windows NT服务器中的内置用户账号" ORDERLABEL="84"><METS:fptr FILEID="00000093"/>
					</METS:div>
					<METS:div TYPE="Chapter" LABEL="6.1.2  建立（添加）用户账号" ORDERLABEL="84"><METS:fptr FILEID="00000093"/>
					</METS:div>
					<METS:div TYPE="Chapter" LABEL="6.1.3  管理用户账号" ORDERLABEL="87"><METS:fptr FILEID="00000096"/>
					</METS:div>
					<METS:div TYPE="Chapter" LABEL="6.1.4  利用组管理用户账号" ORDERLABEL="89"><METS:fptr FILEID="00000098"/>
					</METS:div>
				</METS:div>
				<METS:div TYPE="Chapter" LABEL="6.2  安全规则的管理" ORDERLABEL="92"><METS:fptr FILEID="00000101"/>
					<METS:div TYPE="Chapter" LABEL="6.2.1  账号规则" ORDERLABEL="92"><METS:fptr FILEID="00000101"/>
					</METS:div>
					<METS:div TYPE="Chapter" LABEL="6.2.2  用户权限规则" ORDERLABEL="93"><METS:fptr FILEID="00000102"/>
					</METS:div>
					<METS:div TYPE="Chapter" LABEL="6.2.3  审核规则" ORDERLABEL="94"><METS:fptr FILEID="00000103"/>
					</METS:div>
					<METS:div TYPE="Chapter" LABEL="6.2.4  委托（信任）关系的建立与删除" ORDERLABEL="94"><METS:fptr FILEID="00000103"/>
					</METS:div>
				</METS:div>
				<METS:div TYPE="Chapter" LABEL="6.3  WindowsNT网络服务器的管理" ORDERLABEL="97"><METS:fptr FILEID="00000106"/>
					<METS:div TYPE="Chapter" LABEL="6.3.1  启动Windows NT服务器管理器" ORDERLABEL="97"><METS:fptr FILEID="00000106"/>
					</METS:div>
					<METS:div TYPE="Chapter" LABEL="6.3.2  服务器管理器的属性" ORDERLABEL="97"><METS:fptr FILEID="00000106"/>
					</METS:div>
					<METS:div TYPE="Chapter" LABEL="6.3.3  共享目录的管理" ORDERLABEL="100"><METS:fptr FILEID="00000109"/>
					</METS:div>
					<METS:div TYPE="Chapter" LABEL="6.3.4  给某计算机上的已连接用户发送信息" ORDERLABEL="108"><METS:fptr FILEID="00000117"/>
					</METS:div>
				</METS:div>
				<METS:div TYPE="Chapter" LABEL="6.4  WindowsNT网络打印管理" ORDERLABEL="109"><METS:fptr FILEID="00000118"/>
					<METS:div TYPE="Chapter" LABEL="6.4.1  WindowsNT网络打印机的安装" ORDERLABEL="110"><METS:fptr FILEID="00000119"/>
					</METS:div>
					<METS:div TYPE="Chapter" LABEL="6.4.2  网络打印机的管理" ORDERLABEL="113"><METS:fptr FILEID="00000122"/>
					</METS:div>
				</METS:div>
				<METS:div TYPE="Chapter" LABEL="6.5  恢复或修复Windows NT系统" ORDERLABEL="116"><METS:fptr FILEID="00000125"/>
					<METS:div TYPE="Chapter" LABEL="6.5.1  利用“上一次的正确系统配置”的环境恢复" ORDERLABEL="116"><METS:fptr FILEID="00000125"/>
					</METS:div>
					<METS:div TYPE="Chapter" LABEL="6.5.2  利用“紧急修复磁盘”修复" ORDERLABEL="116"><METS:fptr FILEID="00000125"/>
					</METS:div>
					<METS:div TYPE="Chapter" LABEL="6.5.3  利用“Windows NT启动磁盘”修复" ORDERLABEL="117"><METS:fptr FILEID="00000126"/>
					</METS:div>
				</METS:div>
				<METS:div TYPE="Chapter" LABEL="习题六" ORDERLABEL="118"><METS:fptr FILEID="00000127"/>
				</METS:div>
			</METS:div>
			<METS:div TYPE="Chapter" LABEL="第七章  Novell网络" ORDERLABEL="120"><METS:fptr FILEID="00000129"/>
				<METS:div TYPE="Chapter" LABEL="7.1  Novell网络概述" ORDERLABEL="120"><METS:fptr FILEID="00000129"/>
					<METS:div TYPE="Chapter" LABEL="7.1.1  Novell网络的发展" ORDERLABEL="120"><METS:fptr FILEID="00000129"/>
					</METS:div>
					<METS:div TYPE="Chapter" LABEL="7.1.2  NetWare网络操作系统的特点" ORDERLABEL="120"><METS:fptr FILEID="00000129"/>
					</METS:div>
					<METS:div TYPE="Chapter" LABEL="7.1.3  Novell网络的硬件组成" ORDERLABEL="122"><METS:fptr FILEID="00000131"/>
					</METS:div>
				</METS:div>
				<METS:div TYPE="Chapter" LABEL="7.2  文件服务器的安装" ORDERLABEL="124"><METS:fptr FILEID="00000133"/>
					<METS:div TYPE="Chapter" LABEL="7.2.1  安装NetWare 4.11服务器前的准备工作" ORDERLABEL="124"><METS:fptr FILEID="00000133"/>
					</METS:div>
					<METS:div TYPE="Chapter" LABEL="7.2.2  文件服务器的安装" ORDERLABEL="125"><METS:fptr FILEID="00000134"/>
					</METS:div>
					<METS:div TYPE="Chapter" LABEL="7.2.3  文件服务器的启动与关闭" ORDERLABEL="131"><METS:fptr FILEID="00000140"/>
					</METS:div>
				</METS:div>
				<METS:div TYPE="Chapter" LABEL="7.3  网络工作站的安装" ORDERLABEL="132"><METS:fptr FILEID="00000141"/>
					<METS:div TYPE="Chapter" LABEL="7.3.1  有盘工作站的安装" ORDERLABEL="132"><METS:fptr FILEID="00000141"/>
					</METS:div>
					<METS:div TYPE="Chapter" LABEL="7.3.2  无盘工作站的安装" ORDERLABEL="136"><METS:fptr FILEID="00000145"/>
					</METS:div>
				</METS:div>
				<METS:div TYPE="Chapter" LABEL="7.4  Novell网络的管理与使用" ORDERLABEL="137"><METS:fptr FILEID="00000146"/>
					<METS:div TYPE="Chapter" LABEL="7.4.1  NDS目录服务" ORDERLABEL="137"><METS:fptr FILEID="00000146"/>
					</METS:div>
					<METS:div TYPE="Chapter" LABEL="7.4.2  NDS对象的管理工具——" ORDERLABEL="139"><METS:fptr FILEID="00000148"/>
					</METS:div>
				</METS:div>
				<METS:div TYPE="Chapter" LABEL="NetAdmir" ORDERLABEL="139"><METS:fptr FILEID="00000148"/>
					<METS:div TYPE="Chapter" LABEL="7.4.3  文件服务器实用程序" ORDERLABEL="149"><METS:fptr FILEID="00000158"/>
					</METS:div>
					<METS:div TYPE="Chapter" LABEL="7.4.4  工作站常用命令" ORDERLABEL="150"><METS:fptr FILEID="00000159"/>
					</METS:div>
				</METS:div>
				<METS:div TYPE="Chapter" LABEL="习题七" ORDERLABEL="151"><METS:fptr FILEID="00000160"/>
				</METS:div>
			</METS:div>
			<METS:div TYPE="Chapter" LABEL="第八章  网络互连" ORDERLABEL="152"><METS:fptr FILEID="00000161"/>
				<METS:div TYPE="Chapter" LABEL="8.1  计算机网络典型互连方式" ORDERLABEL="152"><METS:fptr FILEID="00000161"/>
					<METS:div TYPE="Chapter" LABEL="8.1.1  局域网互连的必要性" ORDERLABEL="152"><METS:fptr FILEID="00000161"/>
					</METS:div>
					<METS:div TYPE="Chapter" LABEL="8.1.2  网络互连面临的问题" ORDERLABEL="152"><METS:fptr FILEID="00000161"/>
					</METS:div>
					<METS:div TYPE="Chapter" LABEL="8.1.3  网络互连的方式" ORDERLABEL="153"><METS:fptr FILEID="00000162"/>
					</METS:div>
				</METS:div>
				<METS:div TYPE="Chapter" LABEL="8.2  网络互连设备" ORDERLABEL="154"><METS:fptr FILEID="00000163"/>
					<METS:div TYPE="Chapter" LABEL="8.2.1  中继器（Repeater）" ORDERLABEL="155"><METS:fptr FILEID="00000164"/>
					</METS:div>
					<METS:div TYPE="Chapter" LABEL="8.2.2  网桥（Bridge）" ORDERLABEL="155"><METS:fptr FILEID="00000164"/>
					</METS:div>
					<METS:div TYPE="Chapter" LABEL="8.2.3  路由器（Router）" ORDERLABEL="156"><METS:fptr FILEID="00000165"/>
					</METS:div>
					<METS:div TYPE="Chapter" LABEL="8.2.4  交换机（Switch）" ORDERLABEL="157"><METS:fptr FILEID="00000166"/>
					</METS:div>
					<METS:div TYPE="Chapter" LABEL="8.2.5  网关（Gateway）" ORDERLABEL="160"><METS:fptr FILEID="00000169"/>
					</METS:div>
					<METS:div TYPE="Chapter" LABEL="8.2.6  网络互连设备的对比" ORDERLABEL="161"><METS:fptr FILEID="00000170"/>
					</METS:div>
				</METS:div>
				<METS:div TYPE="Chapter" LABEL="8.3  网络互连实例" ORDERLABEL="161"><METS:fptr FILEID="00000170"/>
					<METS:div TYPE="Chapter" LABEL="8.3.1  三级网络结构" ORDERLABEL="161"><METS:fptr FILEID="00000170"/>
					</METS:div>
					<METS:div TYPE="Chapter" LABEL="8.3.2  网络互连设备选型" ORDERLABEL="162"><METS:fptr FILEID="00000171"/>
					</METS:div>
					<METS:div TYPE="Chapter" LABEL="8.3.3  网络互连" ORDERLABEL="162"><METS:fptr FILEID="00000171"/>
					</METS:div>
				</METS:div>
				<METS:div TYPE="Chapter" LABEL="习题八" ORDERLABEL="163"><METS:fptr FILEID="00000172"/>
				</METS:div>
			</METS:div>
			<METS:div TYPE="Chapter" LABEL="第九章  Internet//Intranet" ORDERLABEL="165"><METS:fptr FILEID="00000174"/>
				<METS:div TYPE="Chapter" LABEL="9.1  Internet概述" ORDERLABEL="165"><METS:fptr FILEID="00000174"/>
					<METS:div TYPE="Chapter" LABEL="9.1.1  Internet的诞生及发展" ORDERLABEL="165"><METS:fptr FILEID="00000174"/>
					</METS:div>
					<METS:div TYPE="Chapter" LABEL="9.1.2  Internet在中国" ORDERLABEL="166"><METS:fptr FILEID="00000175"/>
					</METS:div>
				</METS:div>
				<METS:div TYPE="Chapter" LABEL="9.2  Internet用户入网" ORDERLABEL="167"><METS:fptr FILEID="00000176"/>
					<METS:div TYPE="Chapter" LABEL="9.2.1  入网方式" ORDERLABEL="167"><METS:fptr FILEID="00000176"/>
					</METS:div>
					<METS:div TYPE="Chapter" LABEL="9.2.2  入网条件" ORDERLABEL="168"><METS:fptr FILEID="00000177"/>
					</METS:div>
				</METS:div>
				<METS:div TYPE="Chapter" LABEL="9.3  IP地址与TCP/IP协议" ORDERLABEL="170"><METS:fptr FILEID="00000179"/>
					<METS:div TYPE="Chapter" LABEL="9.3.1  IP地址" ORDERLABEL="170"><METS:fptr FILEID="00000179"/>
					</METS:div>
					<METS:div TYPE="Chapter" LABEL="9.3.2  域名系统（DNS）" ORDERLABEL="172"><METS:fptr FILEID="00000181"/>
					</METS:div>
					<METS:div TYPE="Chapter" LABEL="9.3.3  TCP/IP协议" ORDERLABEL="174"><METS:fptr FILEID="00000183"/>
					</METS:div>
				</METS:div>
				<METS:div TYPE="Chapter" LABEL="9.4  Internet的基本应用" ORDERLABEL="176"><METS:fptr FILEID="00000185"/>
					<METS:div TYPE="Chapter" LABEL="9.4.1  WWW" ORDERLABEL="176"><METS:fptr FILEID="00000185"/>
					</METS:div>
					<METS:div TYPE="Chapter" LABEL="9.4.2  E-Mail" ORDERLABEL="181"><METS:fptr FILEID="00000190"/>
					</METS:div>
					<METS:div TYPE="Chapter" LABEL="9.4.3  FTP" ORDERLABEL="185"><METS:fptr FILEID="00000194"/>
					</METS:div>
				</METS:div>
				<METS:div TYPE="Chapter" LABEL="9.5  用Windows NT构建企业内部网Intranet" ORDERLABEL="187"><METS:fptr FILEID="00000196"/>
					<METS:div TYPE="Chapter" LABEL="9.5.1  Intranet的概述" ORDERLABEL="187"><METS:fptr FILEID="00000196"/>
					</METS:div>
					<METS:div TYPE="Chapter" LABEL="9.5.2  构建Intranet的主要步骤" ORDERLABEL="188"><METS:fptr FILEID="00000197"/>
					</METS:div>
					<METS:div TYPE="Chapter" LABEL="9.5.3  IIS的安装与设置" ORDERLABEL="189"><METS:fptr FILEID="00000198"/>
					</METS:div>
					<METS:div TYPE="Chapter" LABEL="9.5.4  DHCP服务器的安装与设置" ORDERLABEL="192"><METS:fptr FILEID="00000201"/>
					</METS:div>
					<METS:div TYPE="Chapter" LABEL="9.5.5  DHCP工作站的设置" ORDERLABEL="194"><METS:fptr FILEID="00000203"/>
					</METS:div>
					<METS:div TYPE="Chapter" LABEL="9.5.6  DNS服务器的安装与设置" ORDERLABEL="196"><METS:fptr FILEID="00000205"/>
					</METS:div>
					<METS:div TYPE="Chapter" LABEL="9.5.7  代理服务器与邮件服务器的安装与设置" ORDERLABEL="199"><METS:fptr FILEID="00000208"/>
					</METS:div>
				</METS:div>
				<METS:div TYPE="Chapter" LABEL="习题九" ORDERLABEL="201"><METS:fptr FILEID="00000210"/>
				</METS:div>
			</METS:div>
			<METS:div TYPE="Chapter" LABEL="第十章  电子商务网络平台的典型案例" ORDERLABEL="202"><METS:fptr FILEID="00000211"/>
				<METS:div TYPE="Chapter" LABEL="10.1  富立达电子商务公司" ORDERLABEL="202"><METS:fptr FILEID="00000211"/>
					<METS:div TYPE="Chapter" LABEL="10.1.1  富立达电子商务公司概述" ORDERLABEL="202"><METS:fptr FILEID="00000211"/>
					</METS:div>
					<METS:div TYPE="Chapter" LABEL="10.1.2  计算机网络系统" ORDERLABEL="202"><METS:fptr FILEID="00000211"/>
					</METS:div>
					<METS:div TYPE="Chapter" LABEL="10.1.3  网络实现" ORDERLABEL="203"><METS:fptr FILEID="00000212"/>
					</METS:div>
				</METS:div>
				<METS:div TYPE="Chapter" LABEL="10.2  证券交易电子商务系统" ORDERLABEL="205"><METS:fptr FILEID="00000214"/>
					<METS:div TYPE="Chapter" LABEL="10.2.1  证券市场的电子化" ORDERLABEL="205"><METS:fptr FILEID="00000214"/>
					</METS:div>
					<METS:div TYPE="Chapter" LABEL="10.2.2  证券营业部的网络设计" ORDERLABEL="206"><METS:fptr FILEID="00000215"/>
					</METS:div>
					<METS:div TYPE="Chapter" LABEL="10.2.3  网络实现" ORDERLABEL="206"><METS:fptr FILEID="00000215"/>
					</METS:div>
				</METS:div>
			</METS:div>
			<METS:div TYPE="Chapter" LABEL="第十一章  计算机网络技术的新发展" ORDERLABEL="209"><METS:fptr FILEID="00000218"/>
				<METS:div TYPE="Chapter" LABEL="11.1  IPv6" ORDERLABEL="209"><METS:fptr FILEID="00000218"/>
				</METS:div>
				<METS:div TYPE="Chapter" LABEL="11.2  第三层交换技术" ORDERLABEL="210"><METS:fptr FILEID="00000219"/>
					<METS:div TYPE="Chapter" LABEL="11.2.1  第二层交换技术与路由技术" ORDERLABEL="210"><METS:fptr FILEID="00000219"/>
					</METS:div>
					<METS:div TYPE="Chapter" LABEL="11.2.2  第三层交换技术" ORDERLABEL="211"><METS:fptr FILEID="00000220"/>
					</METS:div>
				</METS:div>
				<METS:div TYPE="Chapter" LABEL="11.3  宽带网络技术" ORDERLABEL="211"><METS:fptr FILEID="00000220"/>
				</METS:div>
				<METS:div TYPE="Chapter" LABEL="11.4  无线接入技术" ORDERLABEL="212"><METS:fptr FILEID="00000221"/>
				</METS:div>
				<METS:div TYPE="Chapter" LABEL="11.5  统一网络技术" ORDERLABEL="212"><METS:fptr FILEID="00000221"/>
				</METS:div>
				<METS:div TYPE="Chapter" LABEL="11.6  网络安全技术" ORDERLABEL="213"><METS:fptr FILEID="00000222"/>
				</METS:div>
			</METS:div>
		</METS:div>
		<METS:div TYPE="Chapter" LABEL="第三篇  实训篇" ORDERLABEL="217"><METS:fptr FILEID="00000224"/>
			<METS:div TYPE="Chapter" LABEL="第十二章  实训指导" ORDERLABEL="217"><METS:fptr FILEID="00000226"/>
				<METS:div TYPE="Chapter" LABEL="实训一  计算机网络的认识" ORDERLABEL="217"><METS:fptr FILEID="00000226"/>
				</METS:div>
				<METS:div TYPE="Chapter" LABEL="实训二  网线的制作与网络硬件的连接" ORDERLABEL="218"><METS:fptr FILEID="00000227"/>
				</METS:div>
				<METS:div TYPE="Chapter" LABEL="实训三  WindowsNTServer4.0服务器的安装" ORDERLABEL="219"><METS:fptr FILEID="00000228"/>
				</METS:div>
				<METS:div TYPE="Chapter" LABEL="实训四  Windows NT工作站的设置及登录" ORDERLABEL="220"><METS:fptr FILEID="00000229"/>
				</METS:div>
				<METS:div TYPE="Chapter" LABEL="实训五  Windows NT网络的管理" ORDERLABEL="220"><METS:fptr FILEID="00000229"/>
				</METS:div>
				<METS:div TYPE="Chapter" LABEL="实训六  Windows NT网络打印机的安装与使用" ORDERLABEL="222"><METS:fptr FILEID="00000231"/>
				</METS:div>
				<METS:div TYPE="Chapter" LABEL="实训七  Windows NT网络的维护" ORDERLABEL="223"><METS:fptr FILEID="00000232"/>
				</METS:div>
				<METS:div TYPE="Chapter" LABEL="实训八  Novell网络服务器的安装与工作站的安装" ORDERLABEL="224"><METS:fptr FILEID="00000233"/>
				</METS:div>
				<METS:div TYPE="Chapter" LABEL="实训九  Novell网络的管理与NetWare常用命令" ORDERLABEL="225"><METS:fptr FILEID="00000234"/>
				</METS:div>
				<METS:div TYPE="Chapter" LABEL="实训十  Internet网络系统的配置和WWW浏览器的使用" ORDERLABEL="226"><METS:fptr FILEID="00000235"/>
				</METS:div>
				<METS:div TYPE="Chapter" LABEL="实训十一  E-Mail信箱的申请、使用和FTP软件的使用" ORDERLABEL="227"><METS:fptr FILEID="00000236"/>
				</METS:div>
				<METS:div TYPE="Chapter" LABEL="实训十二  用Windows NT构建Intranet网络" ORDERLABEL="228"><METS:fptr FILEID="00000237"/>
				</METS:div>
			</METS:div>
		</METS:div>
	</METS:structMap>
</METS:mets>
