<?xml version="1.0" encoding="utf-8"?>
<METS:mets xmlns:METS="http://www.loc.gov/METS/" xmlns:xsi="http://www.w3.org/2001/XMLSchema-instance" xmlns:gdm="http://sunsite.berkeley.edu/GDM/" xmlns:xlink="http://www.w3.org/TR/xlink" xsi:schemalocation="http://www.loc.gov/METS/http://www.loc.gov/standards/mets/mets.xsd" LABEL="Zhejiang University.jdl.China-America digital library project" TYPE="Section">
	<METS:structMap TYPE="Catalog">
		<METS:div TYPE="Chapter" LABEL="第1章  网络概述" ORDERLABEL="1"><METS:fptr FILEID="00000014"/>
			<METS:div TYPE="Chapter" LABEL="1.1  什么是计算机网络" ORDERLABEL="1"><METS:fptr FILEID="00000014"/>
			</METS:div>
			<METS:div TYPE="Chapter" LABEL="1.2  计算机网络的形成和技术发展特点" ORDERLABEL="2"><METS:fptr FILEID="00000015"/>
			</METS:div>
			<METS:div TYPE="Chapter" LABEL="1.3  网络分类特点" ORDERLABEL="4"><METS:fptr FILEID="00000017"/>
				<METS:div TYPE="Chapter" LABEL="1.3.1  按网络覆盖的地理范围分类" ORDERLABEL="4"><METS:fptr FILEID="00000017"/>
				</METS:div>
				<METS:div TYPE="Chapter" LABEL="1.3.2  按传输介质分类" ORDERLABEL="5"><METS:fptr FILEID="00000018"/>
				</METS:div>
				<METS:div TYPE="Chapter" LABEL="1.3.3  按网络的拓扑结构分类" ORDERLABEL="6"><METS:fptr FILEID="00000019"/>
				</METS:div>
				<METS:div TYPE="Chapter" LABEL="1.3.4  按通信方式分类" ORDERLABEL="7"><METS:fptr FILEID="00000020"/>
				</METS:div>
				<METS:div TYPE="Chapter" LABEL="1.3.5  按网络使用的目的分类" ORDERLABEL="8"><METS:fptr FILEID="00000021"/>
				</METS:div>
				<METS:div TYPE="Chapter" LABEL="1.3.6  按服务方式分类" ORDERLABEL="8"><METS:fptr FILEID="00000021"/>
				</METS:div>
				<METS:div TYPE="Chapter" LABEL="1.3.7  按企业和公司管理分类" ORDERLABEL="8"><METS:fptr FILEID="00000021"/>
				</METS:div>
			</METS:div>
			<METS:div TYPE="Chapter" LABEL="1.4  网络高层应用" ORDERLABEL="12"><METS:fptr FILEID="00000025"/>
				<METS:div TYPE="Chapter" LABEL="1.4.1  技术和市场的驱动" ORDERLABEL="12"><METS:fptr FILEID="00000025"/>
				</METS:div>
				<METS:div TYPE="Chapter" LABEL="1.4.2  信息内容服务" ORDERLABEL="12"><METS:fptr FILEID="00000025"/>
				</METS:div>
				<METS:div TYPE="Chapter" LABEL="1.4.3  网络应用技术" ORDERLABEL="15"><METS:fptr FILEID="00000028"/>
				</METS:div>
			</METS:div>
			<METS:div TYPE="Chapter" LABEL="1.5  小结" ORDERLABEL="16"><METS:fptr FILEID="00000029"/>
			</METS:div>
			<METS:div TYPE="Chapter" LABEL="习题" ORDERLABEL="16"><METS:fptr FILEID="00000029"/>
			</METS:div>
		</METS:div>
		<METS:div TYPE="Chapter" LABEL="第2章  网络体系结构" ORDERLABEL="17"><METS:fptr FILEID="00000030"/>
			<METS:div TYPE="Chapter" LABEL="2.1  网络层次模块结构模型" ORDERLABEL="17"><METS:fptr FILEID="00000030"/>
				<METS:div TYPE="Chapter" LABEL="2.1.1  计算机网络体系结构概念" ORDERLABEL="17"><METS:fptr FILEID="00000030"/>
				</METS:div>
				<METS:div TYPE="Chapter" LABEL="2.1.2  协议分层的关键性设计问题" ORDERLABEL="18"><METS:fptr FILEID="00000031"/>
				</METS:div>
			</METS:div>
			<METS:div TYPE="Chapter" LABEL="2.2  OSI参考模型7层层次结构" ORDERLABEL="20"><METS:fptr FILEID="00000033"/>
			</METS:div>
			<METS:div TYPE="Chapter" LABEL="2.3  TCP/IP分组交换网协议" ORDERLABEL="23"><METS:fptr FILEID="00000036"/>
				<METS:div TYPE="Chapter" LABEL="2.3.1  TCP/IP的体系结构" ORDERLABEL="23"><METS:fptr FILEID="00000036"/>
				</METS:div>
				<METS:div TYPE="Chapter" LABEL="2.3.2  TCP协议" ORDERLABEL="24"><METS:fptr FILEID="00000037"/>
				</METS:div>
				<METS:div TYPE="Chapter" LABEL="2.3.3  IP协议" ORDERLABEL="25"><METS:fptr FILEID="00000038"/>
				</METS:div>
				<METS:div TYPE="Chapter" LABEL="2.3.4  TCP/IP的高层协议" ORDERLABEL="31"><METS:fptr FILEID="00000044"/>
				</METS:div>
				<METS:div TYPE="Chapter" LABEL="2.3.5  UDP协议" ORDERLABEL="33"><METS:fptr FILEID="00000046"/>
				</METS:div>
				<METS:div TYPE="Chapter" LABEL="2.3.6  TCP/IP模型的其他各层协议" ORDERLABEL="34"><METS:fptr FILEID="00000047"/>
				</METS:div>
			</METS:div>
			<METS:div TYPE="Chapter" LABEL="2.4  IEEE802LAN体系结构" ORDERLABEL="35"><METS:fptr FILEID="00000048"/>
				<METS:div TYPE="Chapter" LABEL="2.4.1  IEEE802LAN体系结构概述" ORDERLABEL="35"><METS:fptr FILEID="00000048"/>
				</METS:div>
				<METS:div TYPE="Chapter" LABEL="2.4.2  IEEE802LAN参考模型" ORDERLABEL="39"><METS:fptr FILEID="00000052"/>
				</METS:div>
			</METS:div>
			<METS:div TYPE="Chapter" LABEL="2.5  网络协议与操作系统" ORDERLABEL="40"><METS:fptr FILEID="00000053"/>
				<METS:div TYPE="Chapter" LABEL="2.5.1  网络操作系统服务" ORDERLABEL="40"><METS:fptr FILEID="00000053"/>
				</METS:div>
				<METS:div TYPE="Chapter" LABEL="2.5.2  网络操作系统中的互连服务" ORDERLABEL="41"><METS:fptr FILEID="00000054"/>
				</METS:div>
			</METS:div>
			<METS:div TYPE="Chapter" LABEL="2.6  小结" ORDERLABEL="44"><METS:fptr FILEID="00000057"/>
			</METS:div>
			<METS:div TYPE="Chapter" LABEL="习题" ORDERLABEL="45"><METS:fptr FILEID="00000058"/>
			</METS:div>
		</METS:div>
		<METS:div TYPE="Chapter" LABEL="第3章  通信子网" ORDERLABEL="48"><METS:fptr FILEID="00000061"/>
			<METS:div TYPE="Chapter" LABEL="3.1  通信基本原理" ORDERLABEL="48"><METS:fptr FILEID="00000061"/>
				<METS:div TYPE="Chapter" LABEL="3.1.1  数据通信的基本概念" ORDERLABEL="50"><METS:fptr FILEID="00000063"/>
				</METS:div>
				<METS:div TYPE="Chapter" LABEL="3.1.2  数据信号表示方式" ORDERLABEL="52"><METS:fptr FILEID="00000065"/>
				</METS:div>
				<METS:div TYPE="Chapter" LABEL="3.1.3  数据通信类型" ORDERLABEL="56"><METS:fptr FILEID="00000069"/>
				</METS:div>
				<METS:div TYPE="Chapter" LABEL="3.1.4  数据传输方式" ORDERLABEL="57"><METS:fptr FILEID="00000070"/>
				</METS:div>
				<METS:div TYPE="Chapter" LABEL="3.1.5  数据交换方式" ORDERLABEL="59"><METS:fptr FILEID="00000072"/>
				</METS:div>
				<METS:div TYPE="Chapter" LABEL="3.1.6  传输介质" ORDERLABEL="61"><METS:fptr FILEID="00000074"/>
				</METS:div>
				<METS:div TYPE="Chapter" LABEL="3.1.7  差错控制方法" ORDERLABEL="63"><METS:fptr FILEID="00000076"/>
				</METS:div>
				<METS:div TYPE="Chapter" LABEL="3.1.8  主要数据通信指标" ORDERLABEL="63"><METS:fptr FILEID="00000076"/>
				</METS:div>
			</METS:div>
			<METS:div TYPE="Chapter" LABEL="3.2  计算机网络互连的硬件设备" ORDERLABEL="64"><METS:fptr FILEID="00000077"/>
				<METS:div TYPE="Chapter" LABEL="3.2.1  网络适配器" ORDERLABEL="65"><METS:fptr FILEID="00000078"/>
				</METS:div>
				<METS:div TYPE="Chapter" LABEL="3.2.2  中继器" ORDERLABEL="67"><METS:fptr FILEID="00000080"/>
				</METS:div>
				<METS:div TYPE="Chapter" LABEL="3.2.3  集线器" ORDERLABEL="67"><METS:fptr FILEID="00000080"/>
				</METS:div>
				<METS:div TYPE="Chapter" LABEL="3.2.4  网桥" ORDERLABEL="71"><METS:fptr FILEID="00000084"/>
				</METS:div>
				<METS:div TYPE="Chapter" LABEL="3.2.5  路由器" ORDERLABEL="73"><METS:fptr FILEID="00000086"/>
				</METS:div>
				<METS:div TYPE="Chapter" LABEL="3.2.6  网关" ORDERLABEL="80"><METS:fptr FILEID="00000093"/>
				</METS:div>
			</METS:div>
			<METS:div TYPE="Chapter" LABEL="3.3  网络拓扑结构与分类" ORDERLABEL="80"><METS:fptr FILEID="00000093"/>
			</METS:div>
			<METS:div TYPE="Chapter" LABEL="3.4  网络的传输介质" ORDERLABEL="81"><METS:fptr FILEID="00000094"/>
				<METS:div TYPE="Chapter" LABEL="3.4.1  传输介质的类型" ORDERLABEL="81"><METS:fptr FILEID="00000094"/>
				</METS:div>
				<METS:div TYPE="Chapter" LABEL="3.4.2  传输介质的选择" ORDERLABEL="82"><METS:fptr FILEID="00000095"/>
				</METS:div>
				<METS:div TYPE="Chapter" LABEL="3.4.3  常用传输介质的主要特性" ORDERLABEL="82"><METS:fptr FILEID="00000095"/>
				</METS:div>
			</METS:div>
			<METS:div TYPE="Chapter" LABEL="3.5  网络互联设备产品" ORDERLABEL="88"><METS:fptr FILEID="00000101"/>
				<METS:div TYPE="Chapter" LABEL="3.5.1  网络技术" ORDERLABEL="88"><METS:fptr FILEID="00000101"/>
				</METS:div>
				<METS:div TYPE="Chapter" LABEL="3.5.2  Cabletron产品" ORDERLABEL="90"><METS:fptr FILEID="00000103"/>
				</METS:div>
			</METS:div>
			<METS:div TYPE="Chapter" LABEL="3.6  小结" ORDERLABEL="91"><METS:fptr FILEID="00000104"/>
			</METS:div>
			<METS:div TYPE="Chapter" LABEL="习题" ORDERLABEL="91"><METS:fptr FILEID="00000104"/>
			</METS:div>
		</METS:div>
		<METS:div TYPE="Chapter" LABEL="第4章  局域网" ORDERLABEL="93"><METS:fptr FILEID="00000106"/>
			<METS:div TYPE="Chapter" LABEL="4.1  局域网的发展特点与功能" ORDERLABEL="93"><METS:fptr FILEID="00000106"/>
				<METS:div TYPE="Chapter" LABEL="4.1.1  局域网定义" ORDERLABEL="93"><METS:fptr FILEID="00000106"/>
				</METS:div>
				<METS:div TYPE="Chapter" LABEL="4.1.2  历史性网络技术与产品" ORDERLABEL="94"><METS:fptr FILEID="00000107"/>
				</METS:div>
			</METS:div>
			<METS:div TYPE="Chapter" LABEL="4.2  局域网的特点" ORDERLABEL="96"><METS:fptr FILEID="00000109"/>
				<METS:div TYPE="Chapter" LABEL="4.2.1  局域网技术" ORDERLABEL="96"><METS:fptr FILEID="00000109"/>
				</METS:div>
				<METS:div TYPE="Chapter" LABEL="4.2.2  网络结构化布线技术" ORDERLABEL="98"><METS:fptr FILEID="00000111"/>
				</METS:div>
			</METS:div>
			<METS:div TYPE="Chapter" LABEL="4.3  局域网协议与组网技术" ORDERLABEL="103"><METS:fptr FILEID="00000116"/>
				<METS:div TYPE="Chapter" LABEL="4.3.1  局域网体系结构和网络参考模型" ORDERLABEL="103"><METS:fptr FILEID="00000116"/>
				</METS:div>
				<METS:div TYPE="Chapter" LABEL="4.3.2  局域网操作系统" ORDERLABEL="110"><METS:fptr FILEID="00000123"/>
				</METS:div>
				<METS:div TYPE="Chapter" LABEL="4.3.3  10种高速局域网技术简介" ORDERLABEL="116"><METS:fptr FILEID="00000129"/>
				</METS:div>
				<METS:div TYPE="Chapter" LABEL="4.3.4  组网技术" ORDERLABEL="121"><METS:fptr FILEID="00000134"/>
				</METS:div>
			</METS:div>
			<METS:div TYPE="Chapter" LABEL="4.4  IEEE802.5标准(令牌网)" ORDERLABEL="124"><METS:fptr FILEID="00000137"/>
				<METS:div TYPE="Chapter" LABEL="4.4.1  令牌网的组成" ORDERLABEL="124"><METS:fptr FILEID="00000137"/>
				</METS:div>
				<METS:div TYPE="Chapter" LABEL="4.4.2  802.5局域网的MAC子层" ORDERLABEL="125"><METS:fptr FILEID="00000138"/>
				</METS:div>
			</METS:div>
			<METS:div TYPE="Chapter" LABEL="4.5  IEEE802.4标准(令牌总线局域网)" ORDERLABEL="126"><METS:fptr FILEID="00000139"/>
				<METS:div TYPE="Chapter" LABEL="4.5.1  令牌总线局域网的组成" ORDERLABEL="126"><METS:fptr FILEID="00000139"/>
				</METS:div>
				<METS:div TYPE="Chapter" LABEL="4.5.2  令牌总线局域网的MAC子层" ORDERLABEL="126"><METS:fptr FILEID="00000139"/>
				</METS:div>
				<METS:div TYPE="Chapter" LABEL="4.5.3  3种802标准比较" ORDERLABEL="126"><METS:fptr FILEID="00000139"/>
				</METS:div>
			</METS:div>
			<METS:div TYPE="Chapter" LABEL="4.6  对等网技术" ORDERLABEL="127"><METS:fptr FILEID="00000140"/>
				<METS:div TYPE="Chapter" LABEL="4.6.1  对等式网络" ORDERLABEL="127"><METS:fptr FILEID="00000140"/>
				</METS:div>
				<METS:div TYPE="Chapter" LABEL="4.6.2  双机互连" ORDERLABEL="128"><METS:fptr FILEID="00000141"/>
				</METS:div>
			</METS:div>
			<METS:div TYPE="Chapter" LABEL="4.7  小结" ORDERLABEL="129"><METS:fptr FILEID="00000142"/>
			</METS:div>
			<METS:div TYPE="Chapter" LABEL="习题" ORDERLABEL="129"><METS:fptr FILEID="00000142"/>
			</METS:div>
		</METS:div>
		<METS:div TYPE="Chapter" LABEL="第5章  高速以太网" ORDERLABEL="131"><METS:fptr FILEID="00000144"/>
			<METS:div TYPE="Chapter" LABEL="5.1  以太网的发展特点与功能" ORDERLABEL="131"><METS:fptr FILEID="00000144"/>
				<METS:div TYPE="Chapter" LABEL="5.1.1  以太网" ORDERLABEL="131"><METS:fptr FILEID="00000144"/>
				</METS:div>
				<METS:div TYPE="Chapter" LABEL="5.1.2  3类以太网的特点" ORDERLABEL="132"><METS:fptr FILEID="00000145"/>
				</METS:div>
			</METS:div>
			<METS:div TYPE="Chapter" LABEL="5.2  高速以太网" ORDERLABEL="134"><METS:fptr FILEID="00000147"/>
				<METS:div TYPE="Chapter" LABEL="5.2.1  100BASE-T技术" ORDERLABEL="134"><METS:fptr FILEID="00000147"/>
				</METS:div>
				<METS:div TYPE="Chapter" LABEL="5.2.2  光纤分布式数据接口FDDI" ORDERLABEL="135"><METS:fptr FILEID="00000148"/>
				</METS:div>
				<METS:div TYPE="Chapter" LABEL="5.2.3  千兆位以太网" ORDERLABEL="137"><METS:fptr FILEID="00000150"/>
				</METS:div>
				<METS:div TYPE="Chapter" LABEL="5.2.4  展望万兆位以太网" ORDERLABEL="138"><METS:fptr FILEID="00000151"/>
				</METS:div>
				<METS:div TYPE="Chapter" LABEL="5.2.5  网络提速设备" ORDERLABEL="139"><METS:fptr FILEID="00000152"/>
				</METS:div>
			</METS:div>
			<METS:div TYPE="Chapter" LABEL="5.3  小结" ORDERLABEL="142"><METS:fptr FILEID="00000155"/>
			</METS:div>
			<METS:div TYPE="Chapter" LABEL="习题" ORDERLABEL="142"><METS:fptr FILEID="00000155"/>
			</METS:div>
		</METS:div>
		<METS:div TYPE="Chapter" LABEL="第6章  广域网" ORDERLABEL="144"><METS:fptr FILEID="00000157"/>
			<METS:div TYPE="Chapter" LABEL="6.1  广域网的发展特点与功能" ORDERLABEL="144"><METS:fptr FILEID="00000157"/>
				<METS:div TYPE="Chapter" LABEL="6.1.1  广域网的互连技术" ORDERLABEL="144"><METS:fptr FILEID="00000157"/>
				</METS:div>
				<METS:div TYPE="Chapter" LABEL="6.1.2  路由器技术的发展特点与功能" ORDERLABEL="149"><METS:fptr FILEID="00000162"/>
				</METS:div>
				<METS:div TYPE="Chapter" LABEL="6.1.3  宽带接入" ORDERLABEL="151"><METS:fptr FILEID="00000164"/>
				</METS:div>
			</METS:div>
			<METS:div TYPE="Chapter" LABEL="6.2  因特网的发展特点与应用" ORDERLABEL="155"><METS:fptr FILEID="00000168"/>
				<METS:div TYPE="Chapter" LABEL="6.2.1  Internet名词术语" ORDERLABEL="155"><METS:fptr FILEID="00000168"/>
				</METS:div>
				<METS:div TYPE="Chapter" LABEL="6.2.2  Internet/Intranet" ORDERLABEL="158"><METS:fptr FILEID="00000171"/>
				</METS:div>
				<METS:div TYPE="Chapter" LABEL="6.2.3  企业网站建设" ORDERLABEL="161"><METS:fptr FILEID="00000174"/>
				</METS:div>
			</METS:div>
			<METS:div TYPE="Chapter" LABEL="6.3  因特网协议" ORDERLABEL="168"><METS:fptr FILEID="00000181"/>
				<METS:div TYPE="Chapter" LABEL="6.3.1  Internet运输层协议" ORDERLABEL="168"><METS:fptr FILEID="00000181"/>
				</METS:div>
				<METS:div TYPE="Chapter" LABEL="6.3.2  TCP/IP体系中的运输层" ORDERLABEL="169"><METS:fptr FILEID="00000182"/>
				</METS:div>
			</METS:div>
			<METS:div TYPE="Chapter" LABEL="6.4  其他网络技术" ORDERLABEL="170"><METS:fptr FILEID="00000183"/>
				<METS:div TYPE="Chapter" LABEL="6.4.1  数字数据网" ORDERLABEL="170"><METS:fptr FILEID="00000183"/>
				</METS:div>
				<METS:div TYPE="Chapter" LABEL="6.4.2  X.25分组交换数据网" ORDERLABEL="170"><METS:fptr FILEID="00000183"/>
				</METS:div>
				<METS:div TYPE="Chapter" LABEL="6.4.3  PSTN公共电话网" ORDERLABEL="172"><METS:fptr FILEID="00000185"/>
				</METS:div>
				<METS:div TYPE="Chapter" LABEL="6.4.4  ISDN综合业务数字网" ORDERLABEL="172"><METS:fptr FILEID="00000185"/>
				</METS:div>
				<METS:div TYPE="Chapter" LABEL="6.4.5  帧中继" ORDERLABEL="173"><METS:fptr FILEID="00000186"/>
				</METS:div>
				<METS:div TYPE="Chapter" LABEL="6.4.6  异步传输模式ATM" ORDERLABEL="176"><METS:fptr FILEID="00000189"/>
				</METS:div>
			</METS:div>
			<METS:div TYPE="Chapter" LABEL="6.5  小结" ORDERLABEL="183"><METS:fptr FILEID="00000196"/>
			</METS:div>
			<METS:div TYPE="Chapter" LABEL="习题" ORDERLABEL="183"><METS:fptr FILEID="00000196"/>
			</METS:div>
		</METS:div>
		<METS:div TYPE="Chapter" LABEL="第7章  网络管理" ORDERLABEL="185"><METS:fptr FILEID="00000198"/>
			<METS:div TYPE="Chapter" LABEL="7.1  网络管理与网站建设" ORDERLABEL="185"><METS:fptr FILEID="00000198"/>
				<METS:div TYPE="Chapter" LABEL="7.1.1  网络管理功能" ORDERLABEL="185"><METS:fptr FILEID="00000198"/>
				</METS:div>
				<METS:div TYPE="Chapter" LABEL="7.1.2  网络管理标准" ORDERLABEL="187"><METS:fptr FILEID="00000200"/>
				</METS:div>
				<METS:div TYPE="Chapter" LABEL="7.1.3  建立电子商务网站" ORDERLABEL="190"><METS:fptr FILEID="00000203"/>
				</METS:div>
			</METS:div>
			<METS:div TYPE="Chapter" LABEL="7.2  SNMP管理模型" ORDERLABEL="194"><METS:fptr FILEID="00000207"/>
			</METS:div>
			<METS:div TYPE="Chapter" LABEL="7.3  域名注册标准" ORDERLABEL="198"><METS:fptr FILEID="00000211"/>
			</METS:div>
			<METS:div TYPE="Chapter" LABEL="7.4  系统服务管理" ORDERLABEL="200"><METS:fptr FILEID="00000213"/>
				<METS:div TYPE="Chapter" LABEL="7.4.1  设计IP地址方案" ORDERLABEL="200"><METS:fptr FILEID="00000213"/>
				</METS:div>
				<METS:div TYPE="Chapter" LABEL="7.4.2  目录服务管理" ORDERLABEL="203"><METS:fptr FILEID="00000216"/>
				</METS:div>
			</METS:div>
			<METS:div TYPE="Chapter" LABEL="7.5  网络管理技术与工具" ORDERLABEL="207"><METS:fptr FILEID="00000220"/>
				<METS:div TYPE="Chapter" LABEL="7.5.1  复杂网络环境管理中的应用技术" ORDERLABEL="207"><METS:fptr FILEID="00000220"/>
				</METS:div>
				<METS:div TYPE="Chapter" LABEL="7.5.2  网管全面化工具" ORDERLABEL="208"><METS:fptr FILEID="00000221"/>
				</METS:div>
			</METS:div>
			<METS:div TYPE="Chapter" LABEL="7.6  小结" ORDERLABEL="211"><METS:fptr FILEID="00000224"/>
			</METS:div>
			<METS:div TYPE="Chapter" LABEL="习题" ORDERLABEL="211"><METS:fptr FILEID="00000224"/>
			</METS:div>
		</METS:div>
		<METS:div TYPE="Chapter" LABEL="第8章  网络安全技术" ORDERLABEL="213"><METS:fptr FILEID="00000226"/>
			<METS:div TYPE="Chapter" LABEL="8.1  网络安全体系" ORDERLABEL="213"><METS:fptr FILEID="00000226"/>
				<METS:div TYPE="Chapter" LABEL="8.1.1  安全目标" ORDERLABEL="215"><METS:fptr FILEID="00000228"/>
				</METS:div>
				<METS:div TYPE="Chapter" LABEL="8.1.2  网络安全五层体系" ORDERLABEL="219"><METS:fptr FILEID="00000232"/>
				</METS:div>
			</METS:div>
			<METS:div TYPE="Chapter" LABEL="8.2  网络安全技术" ORDERLABEL="224"><METS:fptr FILEID="00000237"/>
				<METS:div TYPE="Chapter" LABEL="8.2.1  防火墙技术的基本概念" ORDERLABEL="224"><METS:fptr FILEID="00000237"/>
				</METS:div>
				<METS:div TYPE="Chapter" LABEL="8.2.2  局域网的保密" ORDERLABEL="227"><METS:fptr FILEID="00000240"/>
				</METS:div>
				<METS:div TYPE="Chapter" LABEL="8.2.3  网络安全技术" ORDERLABEL="229"><METS:fptr FILEID="00000242"/>
				</METS:div>
			</METS:div>
			<METS:div TYPE="Chapter" LABEL="8.3  网络安全工具" ORDERLABEL="233"><METS:fptr FILEID="00000246"/>
			</METS:div>
			<METS:div TYPE="Chapter" LABEL="8.4  小结" ORDERLABEL="237"><METS:fptr FILEID="00000250"/>
			</METS:div>
			<METS:div TYPE="Chapter" LABEL="习题" ORDERLABEL="237"><METS:fptr FILEID="00000250"/>
			</METS:div>
		</METS:div>
	</METS:structMap>
</METS:mets>
