<?xml version="1.0" encoding="utf-8"?>
<METS:mets xmlns:METS="http://www.loc.gov/METS/" xmlns:xsi="http://www.w3.org/2001/XMLSchema-instance" xmlns:gdm="http://sunsite.berkeley.edu/GDM/" xmlns:xlink="http://www.w3.org/TR/xlink" xsi:schemalocation="http://www.loc.gov/METS/http://www.loc.gov/standards/mets/mets.xsd" LABEL="Zhejiang University.jdl.China-America digital library project" TYPE="Section">
	<METS:structMap TYPE="Catalog">
		<METS:div TYPE="Chapter" LABEL="第1章  综合布线系统概述" ORDERLABEL="1"><METS:fptr FILEID="00000012"/>
			<METS:div TYPE="Chapter" LABEL="1.1  网络工程布线系统" ORDERLABEL="1"><METS:fptr FILEID="00000012"/>
				<METS:div TYPE="Chapter" LABEL="1.1.1  引言" ORDERLABEL="1"><METS:fptr FILEID="00000012"/>
				</METS:div>
				<METS:div TYPE="Chapter" LABEL="1.1.2  局域网的拓扑结构" ORDERLABEL="2"><METS:fptr FILEID="00000013"/>
				</METS:div>
				<METS:div TYPE="Chapter" LABEL="1.1.3  传统的网络工程布线" ORDERLABEL="5"><METS:fptr FILEID="00000016"/>
				</METS:div>
				<METS:div TYPE="Chapter" LABEL="1.1.4  传统网络工程布线中存在的问题和解决方法" ORDERLABEL="5"><METS:fptr FILEID="00000016"/>
				</METS:div>
			</METS:div>
			<METS:div TYPE="Chapter" LABEL="1.2  综合布线系统" ORDERLABEL="7"><METS:fptr FILEID="00000018"/>
				<METS:div TYPE="Chapter" LABEL="1.2.1  综合布线系统的基本概念" ORDERLABEL="7"><METS:fptr FILEID="00000018"/>
				</METS:div>
				<METS:div TYPE="Chapter" LABEL="1.2.2  综合布线系统的优点" ORDERLABEL="7"><METS:fptr FILEID="00000018"/>
				</METS:div>
				<METS:div TYPE="Chapter" LABEL="1.2.3  综合布线系统在网络和通信上的应用" ORDERLABEL="8"><METS:fptr FILEID="00000019"/>
				</METS:div>
			</METS:div>
			<METS:div TYPE="Chapter" LABEL="习题" ORDERLABEL="10"><METS:fptr FILEID="00000021"/>
			</METS:div>
		</METS:div>
		<METS:div TYPE="Chapter" LABEL="第2章  网络系统布线标准" ORDERLABEL="11"><METS:fptr FILEID="00000022"/>
			<METS:div TYPE="Chapter" LABEL="2.1  网络系统布线标准简介" ORDERLABEL="11"><METS:fptr FILEID="00000022"/>
			</METS:div>
			<METS:div TYPE="Chapter" LABEL="2.2  TIA/EIA—568—A标准" ORDERLABEL="13"><METS:fptr FILEID="00000024"/>
				<METS:div TYPE="Chapter" LABEL="2.2.1  TIA/EIA—568—A标准制定的目的、范围和技术要求" ORDERLABEL="13"><METS:fptr FILEID="00000024"/>
				</METS:div>
				<METS:div TYPE="Chapter" LABEL="2.2.2  TIA/EIA—568—A标准建议的拓扑结构" ORDERLABEL="14"><METS:fptr FILEID="00000025"/>
				</METS:div>
				<METS:div TYPE="Chapter" LABEL="2.2.3  水平线缆" ORDERLABEL="15"><METS:fptr FILEID="00000026"/>
				</METS:div>
				<METS:div TYPE="Chapter" LABEL="2.2.4  主干线缆" ORDERLABEL="19"><METS:fptr FILEID="00000030"/>
				</METS:div>
				<METS:div TYPE="Chapter" LABEL="2.2.5  UTP连接硬件" ORDERLABEL="20"><METS:fptr FILEID="00000031"/>
				</METS:div>
				<METS:div TYPE="Chapter" LABEL="2.2.6  跳接线" ORDERLABEL="22"><METS:fptr FILEID="00000033"/>
				</METS:div>
			</METS:div>
			<METS:div TYPE="Chapter" LABEL="2.3  TIA/EIA—569—A标准" ORDERLABEL="24"><METS:fptr FILEID="00000035"/>
				<METS:div TYPE="Chapter" LABEL="2.3.1  入口设备" ORDERLABEL="24"><METS:fptr FILEID="00000035"/>
				</METS:div>
				<METS:div TYPE="Chapter" LABEL="2.3.2  主终端站空间" ORDERLABEL="25"><METS:fptr FILEID="00000036"/>
				</METS:div>
				<METS:div TYPE="Chapter" LABEL="2.3.3  设备间" ORDERLABEL="25"><METS:fptr FILEID="00000036"/>
				</METS:div>
				<METS:div TYPE="Chapter" LABEL="2.3.4  通信间" ORDERLABEL="25"><METS:fptr FILEID="00000036"/>
				</METS:div>
				<METS:div TYPE="Chapter" LABEL="2.3.5  水平通路" ORDERLABEL="26"><METS:fptr FILEID="00000037"/>
				</METS:div>
				<METS:div TYPE="Chapter" LABEL="2.3.6  主干通路" ORDERLABEL="26"><METS:fptr FILEID="00000037"/>
				</METS:div>
				<METS:div TYPE="Chapter" LABEL="2.3.7  工作区" ORDERLABEL="27"><METS:fptr FILEID="00000038"/>
				</METS:div>
			</METS:div>
			<METS:div TYPE="Chapter" LABEL="2.4  ISO/IEC11801标准" ORDERLABEL="27"><METS:fptr FILEID="00000038"/>
				<METS:div TYPE="Chapter" LABEL="2.4.1  终端插座" ORDERLABEL="28"><METS:fptr FILEID="00000039"/>
				</METS:div>
				<METS:div TYPE="Chapter" LABEL="2.4.2  水平电缆" ORDERLABEL="28"><METS:fptr FILEID="00000039"/>
				</METS:div>
				<METS:div TYPE="Chapter" LABEL="2.4.3  跳线和终端接线" ORDERLABEL="29"><METS:fptr FILEID="00000040"/>
				</METS:div>
				<METS:div TYPE="Chapter" LABEL="2.4.4  连接线路" ORDERLABEL="29"><METS:fptr FILEID="00000040"/>
				</METS:div>
				<METS:div TYPE="Chapter" LABEL="2.4.5  ISO/IEC11801标准的链路特性" ORDERLABEL="29"><METS:fptr FILEID="00000040"/>
				</METS:div>
			</METS:div>
			<METS:div TYPE="Chapter" LABEL="2.5  各种标准的比较" ORDERLABEL="30"><METS:fptr FILEID="00000041"/>
			</METS:div>
			<METS:div TYPE="Chapter" LABEL="习题" ORDERLABEL="31"><METS:fptr FILEID="00000042"/>
			</METS:div>
		</METS:div>
		<METS:div TYPE="Chapter" LABEL="第3章  传输介质与网络互连设备" ORDERLABEL="32"><METS:fptr FILEID="00000043"/>
			<METS:div TYPE="Chapter" LABEL="3.1  有线通信介质" ORDERLABEL="32"><METS:fptr FILEID="00000043"/>
				<METS:div TYPE="Chapter" LABEL="3.1.1  双绞线电缆" ORDERLABEL="32"><METS:fptr FILEID="00000043"/>
				</METS:div>
				<METS:div TYPE="Chapter" LABEL="3.1.2  同轴电缆" ORDERLABEL="36"><METS:fptr FILEID="00000047"/>
				</METS:div>
				<METS:div TYPE="Chapter" LABEL="3.1.3  光缆" ORDERLABEL="38"><METS:fptr FILEID="00000049"/>
				</METS:div>
			</METS:div>
			<METS:div TYPE="Chapter" LABEL="3.2  无线通信介质" ORDERLABEL="42"><METS:fptr FILEID="00000053"/>
				<METS:div TYPE="Chapter" LABEL="3.2.1  红外线（IR）系统" ORDERLABEL="43"><METS:fptr FILEID="00000054"/>
				</METS:div>
				<METS:div TYPE="Chapter" LABEL="3.2.2  无线电系统" ORDERLABEL="46"><METS:fptr FILEID="00000057"/>
				</METS:div>
				<METS:div TYPE="Chapter" LABEL="3.2.3  微波通信" ORDERLABEL="49"><METS:fptr FILEID="00000060"/>
				</METS:div>
			</METS:div>
			<METS:div TYPE="Chapter" LABEL="3.3  综合布线系统所选用的介质" ORDERLABEL="51"><METS:fptr FILEID="00000062"/>
				<METS:div TYPE="Chapter" LABEL="3.3.1  铜缆的当前状况" ORDERLABEL="51"><METS:fptr FILEID="00000062"/>
				</METS:div>
				<METS:div TYPE="Chapter" LABEL="3.3.2  铜缆和光缆的成本比较" ORDERLABEL="52"><METS:fptr FILEID="00000063"/>
				</METS:div>
				<METS:div TYPE="Chapter" LABEL="3.3.3  铜缆、光缆、无线并用" ORDERLABEL="53"><METS:fptr FILEID="00000064"/>
				</METS:div>
				<METS:div TYPE="Chapter" LABEL="3.3.4  布线业内发展趋势" ORDERLABEL="54"><METS:fptr FILEID="00000065"/>
				</METS:div>
				<METS:div TYPE="Chapter" LABEL="3.3.5  未来的光缆信道" ORDERLABEL="54"><METS:fptr FILEID="00000065"/>
				</METS:div>
			</METS:div>
			<METS:div TYPE="Chapter" LABEL="3.4  网络连接设备" ORDERLABEL="55"><METS:fptr FILEID="00000066"/>
				<METS:div TYPE="Chapter" LABEL="3.4.1  网络传输介质互连设备" ORDERLABEL="55"><METS:fptr FILEID="00000066"/>
				</METS:div>
				<METS:div TYPE="Chapter" LABEL="3.4.2  网络物理层互连设备" ORDERLABEL="58"><METS:fptr FILEID="00000069"/>
				</METS:div>
				<METS:div TYPE="Chapter" LABEL="3.4.3  数据链路层互连设备" ORDERLABEL="60"><METS:fptr FILEID="00000071"/>
				</METS:div>
				<METS:div TYPE="Chapter" LABEL="3.4.4  网络层互连设备" ORDERLABEL="63"><METS:fptr FILEID="00000074"/>
				</METS:div>
				<METS:div TYPE="Chapter" LABEL="3.4.5  应用层互连设备" ORDERLABEL="65"><METS:fptr FILEID="00000076"/>
				</METS:div>
			</METS:div>
			<METS:div TYPE="Chapter" LABEL="习题" ORDERLABEL="65"><METS:fptr FILEID="00000076"/>
			</METS:div>
		</METS:div>
		<METS:div TYPE="Chapter" LABEL="第4章  综合布线系统的设计" ORDERLABEL="66"><METS:fptr FILEID="00000077"/>
			<METS:div TYPE="Chapter" LABEL="4.1  综合布线系统的组成" ORDERLABEL="66"><METS:fptr FILEID="00000077"/>
				<METS:div TYPE="Chapter" LABEL="4.1.1  工作区子系统" ORDERLABEL="67"><METS:fptr FILEID="00000078"/>
				</METS:div>
				<METS:div TYPE="Chapter" LABEL="4.1.2  水平子系统" ORDERLABEL="68"><METS:fptr FILEID="00000079"/>
				</METS:div>
				<METS:div TYPE="Chapter" LABEL="4.1.3  管理子系统" ORDERLABEL="69"><METS:fptr FILEID="00000080"/>
				</METS:div>
				<METS:div TYPE="Chapter" LABEL="4.1.4  主干子系统" ORDERLABEL="69"><METS:fptr FILEID="00000080"/>
				</METS:div>
				<METS:div TYPE="Chapter" LABEL="4.1.5  建筑群子系统" ORDERLABEL="70"><METS:fptr FILEID="00000081"/>
				</METS:div>
				<METS:div TYPE="Chapter" LABEL="4.1.6  设备间子系统" ORDERLABEL="71"><METS:fptr FILEID="00000082"/>
				</METS:div>
			</METS:div>
			<METS:div TYPE="Chapter" LABEL="4.2  综合布线系统设计" ORDERLABEL="71"><METS:fptr FILEID="00000082"/>
				<METS:div TYPE="Chapter" LABEL="4.2.1  工作区子系统" ORDERLABEL="71"><METS:fptr FILEID="00000082"/>
				</METS:div>
				<METS:div TYPE="Chapter" LABEL="4.2.2  水平子系统" ORDERLABEL="73"><METS:fptr FILEID="00000084"/>
				</METS:div>
				<METS:div TYPE="Chapter" LABEL="4.2.3  主干子系统" ORDERLABEL="79"><METS:fptr FILEID="00000090"/>
				</METS:div>
				<METS:div TYPE="Chapter" LABEL="4.2.4  管理子系统" ORDERLABEL="81"><METS:fptr FILEID="00000092"/>
				</METS:div>
				<METS:div TYPE="Chapter" LABEL="4.2.5  设备间子系统" ORDERLABEL="84"><METS:fptr FILEID="00000095"/>
				</METS:div>
				<METS:div TYPE="Chapter" LABEL="4.2.6  建筑群子系统" ORDERLABEL="85"><METS:fptr FILEID="00000096"/>
				</METS:div>
			</METS:div>
			<METS:div TYPE="Chapter" LABEL="习题" ORDERLABEL="87"><METS:fptr FILEID="00000098"/>
			</METS:div>
		</METS:div>
		<METS:div TYPE="Chapter" LABEL="第5章  综合布线系统的施工" ORDERLABEL="88"><METS:fptr FILEID="00000099"/>
			<METS:div TYPE="Chapter" LABEL="5.1  综合布线系统施工的要点" ORDERLABEL="88"><METS:fptr FILEID="00000099"/>
				<METS:div TYPE="Chapter" LABEL="5.1.1  施工前的环境条件和施工准备" ORDERLABEL="88"><METS:fptr FILEID="00000099"/>
				</METS:div>
				<METS:div TYPE="Chapter" LABEL="5.1.2  设备、器材、仪表和工具的检验" ORDERLABEL="89"><METS:fptr FILEID="00000100"/>
				</METS:div>
			</METS:div>
			<METS:div TYPE="Chapter" LABEL="5.2  综合布线系统工程中金属管的敷设" ORDERLABEL="92"><METS:fptr FILEID="00000103"/>
				<METS:div TYPE="Chapter" LABEL="5.2.1  金属管的加工要求" ORDERLABEL="92"><METS:fptr FILEID="00000103"/>
				</METS:div>
				<METS:div TYPE="Chapter" LABEL="5.2.2  金属管切割套丝" ORDERLABEL="92"><METS:fptr FILEID="00000103"/>
				</METS:div>
				<METS:div TYPE="Chapter" LABEL="5.2.3  金属管弯曲" ORDERLABEL="93"><METS:fptr FILEID="00000104"/>
				</METS:div>
				<METS:div TYPE="Chapter" LABEL="5.2.4  金属管的连接" ORDERLABEL="93"><METS:fptr FILEID="00000104"/>
				</METS:div>
				<METS:div TYPE="Chapter" LABEL="5.2.5  金属管敷设" ORDERLABEL="94"><METS:fptr FILEID="00000105"/>
				</METS:div>
			</METS:div>
			<METS:div TYPE="Chapter" LABEL="5.3  综合布线系统工程桥架和槽道的安装" ORDERLABEL="95"><METS:fptr FILEID="00000106"/>
				<METS:div TYPE="Chapter" LABEL="5.3.1  桥架和槽道安装的一般要求" ORDERLABEL="95"><METS:fptr FILEID="00000106"/>
				</METS:div>
				<METS:div TYPE="Chapter" LABEL="5.3.2  桥架和槽道安装施工的具体要求" ORDERLABEL="96"><METS:fptr FILEID="00000107"/>
				</METS:div>
				<METS:div TYPE="Chapter" LABEL="5.4  综合布线系统工程的电缆施工敷设" ORDERLABEL="97"><METS:fptr FILEID="00000108"/>
				</METS:div>
				<METS:div TYPE="Chapter" LABEL="5.4.1  综合布线系统工程电缆的施工范围" ORDERLABEL="97"><METS:fptr FILEID="00000108"/>
				</METS:div>
				<METS:div TYPE="Chapter" LABEL="5.4.2  建筑群主干布线子系统的电缆施工" ORDERLABEL="97"><METS:fptr FILEID="00000108"/>
				</METS:div>
				<METS:div TYPE="Chapter" LABEL="5.4.3  建筑物主干布线子系统的电缆施工" ORDERLABEL="116"><METS:fptr FILEID="00000127"/>
				</METS:div>
				<METS:div TYPE="Chapter" LABEL="5.4.4  水平布线子系统的电缆施工" ORDERLABEL="120"><METS:fptr FILEID="00000131"/>
				</METS:div>
				<METS:div TYPE="Chapter" LABEL="5.4.5  缆线的终端和连接" ORDERLABEL="129"><METS:fptr FILEID="00000140"/>
				</METS:div>
			</METS:div>
			<METS:div TYPE="Chapter" LABEL="5.5  综合布线系统工程的光缆施工敷设" ORDERLABEL="132"><METS:fptr FILEID="00000143"/>
				<METS:div TYPE="Chapter" LABEL="5.5.1  光缆施工敷设的一般要求" ORDERLABEL="132"><METS:fptr FILEID="00000143"/>
				</METS:div>
				<METS:div TYPE="Chapter" LABEL="5.5.2  光缆的敷设" ORDERLABEL="133"><METS:fptr FILEID="00000144"/>
				</METS:div>
				<METS:div TYPE="Chapter" LABEL="5.5.3  光缆的接续和终端" ORDERLABEL="135"><METS:fptr FILEID="00000146"/>
				</METS:div>
			</METS:div>
			<METS:div TYPE="Chapter" LABEL="习题" ORDERLABEL="142"><METS:fptr FILEID="00000153"/>
			</METS:div>
		</METS:div>
		<METS:div TYPE="Chapter" LABEL="第6章  综合布线系统的测试" ORDERLABEL="144"><METS:fptr FILEID="00000155"/>
			<METS:div TYPE="Chapter" LABEL="6.1  电缆传输通道测试" ORDERLABEL="144"><METS:fptr FILEID="00000155"/>
				<METS:div TYPE="Chapter" LABEL="6.1.1  链路的验证测试" ORDERLABEL="144"><METS:fptr FILEID="00000155"/>
				</METS:div>
				<METS:div TYPE="Chapter" LABEL="6.1.2  电缆传输通道的认证测试" ORDERLABEL="147"><METS:fptr FILEID="00000158"/>
				</METS:div>
			</METS:div>
			<METS:div TYPE="Chapter" LABEL="6.2  光纤传输通道测试" ORDERLABEL="163"><METS:fptr FILEID="00000174"/>
				<METS:div TYPE="Chapter" LABEL="6.2.1  光纤测量技术综述" ORDERLABEL="163"><METS:fptr FILEID="00000174"/>
				</METS:div>
				<METS:div TYPE="Chapter" LABEL="6.2.2  光纤测试仪的组成" ORDERLABEL="170"><METS:fptr FILEID="00000181"/>
				</METS:div>
				<METS:div TYPE="Chapter" LABEL="6.2.3  光纤测试仪的规格" ORDERLABEL="171"><METS:fptr FILEID="00000182"/>
				</METS:div>
				<METS:div TYPE="Chapter" LABEL="6.2.4  光纤测试仪的操作说明" ORDERLABEL="172"><METS:fptr FILEID="00000183"/>
				</METS:div>
				<METS:div TYPE="Chapter" LABEL="6.2.5  光纤传输通道测试步骤" ORDERLABEL="178"><METS:fptr FILEID="00000189"/>
				</METS:div>
			</METS:div>
			<METS:div TYPE="Chapter" LABEL="习题" ORDERLABEL="181"><METS:fptr FILEID="00000192"/>
			</METS:div>
		</METS:div>
		<METS:div TYPE="Chapter" LABEL="第7章  综合布线系统实例" ORDERLABEL="182"><METS:fptr FILEID="00000193"/>
			<METS:div TYPE="Chapter" LABEL="7.1  办公楼综合布线系统设计" ORDERLABEL="182"><METS:fptr FILEID="00000193"/>
				<METS:div TYPE="Chapter" LABEL="7.1.1  设计依据和设计要求" ORDERLABEL="182"><METS:fptr FILEID="00000193"/>
				</METS:div>
				<METS:div TYPE="Chapter" LABEL="7.1.2  设计方案的确定" ORDERLABEL="184"><METS:fptr FILEID="00000195"/>
				</METS:div>
				<METS:div TYPE="Chapter" LABEL="7.1.3  设计和施工图纸" ORDERLABEL="195"><METS:fptr FILEID="00000206"/>
				</METS:div>
				<METS:div TYPE="Chapter" LABEL="7.1.4  材料统计和概算" ORDERLABEL="198"><METS:fptr FILEID="00000209"/>
				</METS:div>
			</METS:div>
			<METS:div TYPE="Chapter" LABEL="7.2  金融大厦综合布线设计" ORDERLABEL="198"><METS:fptr FILEID="00000209"/>
				<METS:div TYPE="Chapter" LABEL="7.2.1  设计依据和设计要求" ORDERLABEL="199"><METS:fptr FILEID="00000210"/>
				</METS:div>
				<METS:div TYPE="Chapter" LABEL="7.2.2  设计方案的确定" ORDERLABEL="199"><METS:fptr FILEID="00000210"/>
				</METS:div>
				<METS:div TYPE="Chapter" LABEL="7.2.3  方案详述" ORDERLABEL="200"><METS:fptr FILEID="00000211"/>
				</METS:div>
			</METS:div>
			<METS:div TYPE="Chapter" LABEL="7.3  购物中心综合布线设计" ORDERLABEL="202"><METS:fptr FILEID="00000213"/>
				<METS:div TYPE="Chapter" LABEL="7.3.1  设计依据和设计要求" ORDERLABEL="202"><METS:fptr FILEID="00000213"/>
				</METS:div>
				<METS:div TYPE="Chapter" LABEL="7.3.2  综合布线设计方案" ORDERLABEL="202"><METS:fptr FILEID="00000213"/>
				</METS:div>
			</METS:div>
			<METS:div TYPE="Chapter" LABEL="习题" ORDERLABEL="205"><METS:fptr FILEID="00000216"/>
			</METS:div>
		</METS:div>
	</METS:structMap>
</METS:mets>
