<?xml version="1.0" encoding="utf-8"?>
<METS:mets xmlns:METS="http://www.loc.gov/METS/" xmlns:xsi="http://www.w3.org/2001/XMLSchema-instance" xmlns:gdm="http://sunsite.berkeley.edu/GDM/" xmlns:xlink="http://www.w3.org/TR/xlink" xsi:schemalocation="http://www.loc.gov/METS/http://www.loc.gov/standards/mets/mets.xsd" LABEL="Zhejiang University.jdl.China-America digital library project" TYPE="Section">
	<METS:structMap TYPE="Catalog">
		<METS:div TYPE="Chapter" LABEL="第1章  概论" ORDERLABEL="1"><METS:fptr FILEID="00000013"/>
			<METS:div TYPE="Chapter" LABEL="1.1  计算机网络的产生与演变" ORDERLABEL="1"><METS:fptr FILEID="00000013"/>
				<METS:div TYPE="Chapter" LABEL="1.1.1  历史回顾" ORDERLABEL="1"><METS:fptr FILEID="00000013"/>
				</METS:div>
				<METS:div TYPE="Chapter" LABEL="1.1.2  未来趋势" ORDERLABEL="3"><METS:fptr FILEID="00000015"/>
				</METS:div>
			</METS:div>
			<METS:div TYPE="Chapter" LABEL="1.2  计算机网络的定义与应用" ORDERLABEL="5"><METS:fptr FILEID="00000017"/>
				<METS:div TYPE="Chapter" LABEL="1.2.1  计算机网络的定义" ORDERLABEL="5"><METS:fptr FILEID="00000017"/>
				</METS:div>
				<METS:div TYPE="Chapter" LABEL="1.2.2  计算机网络的应用" ORDERLABEL="6"><METS:fptr FILEID="00000018"/>
				</METS:div>
			</METS:div>
			<METS:div TYPE="Chapter" LABEL="1.3  计算机网络的组成与分类" ORDERLABEL="8"><METS:fptr FILEID="00000020"/>
				<METS:div TYPE="Chapter" LABEL="1.3.1  计算机网络的组成" ORDERLABEL="8"><METS:fptr FILEID="00000020"/>
				</METS:div>
				<METS:div TYPE="Chapter" LABEL="1.3.2  计算机网络的分类" ORDERLABEL="11"><METS:fptr FILEID="00000023"/>
				</METS:div>
			</METS:div>
			<METS:div TYPE="Chapter" LABEL="1.4  计算机网络的体系结构与协议" ORDERLABEL="13"><METS:fptr FILEID="00000025"/>
				<METS:div TYPE="Chapter" LABEL="1.4.1  分层次的体系结构" ORDERLABEL="14"><METS:fptr FILEID="00000026"/>
				</METS:div>
				<METS:div TYPE="Chapter" LABEL="1.4.2  ISO的OSI/RM" ORDERLABEL="18"><METS:fptr FILEID="00000030"/>
				</METS:div>
				<METS:div TYPE="Chapter" LABEL="1.4.3  OSI/RM中的几个重要概念" ORDERLABEL="21"><METS:fptr FILEID="00000033"/>
				</METS:div>
				<METS:div TYPE="Chapter" LABEL="1.4.4  TCP/IP体系结构" ORDERLABEL="27"><METS:fptr FILEID="00000039"/>
				</METS:div>
			</METS:div>
			<METS:div TYPE="Chapter" LABEL="习题一" ORDERLABEL="28"><METS:fptr FILEID="00000040"/>
			</METS:div>
		</METS:div>
		<METS:div TYPE="Chapter" LABEL="第2章  物理层" ORDERLABEL="30"><METS:fptr FILEID="00000042"/>
			<METS:div TYPE="Chapter" LABEL="2.1  物理层下的传输介质" ORDERLABEL="30"><METS:fptr FILEID="00000042"/>
				<METS:div TYPE="Chapter" LABEL="2.1.1  有线传输介质" ORDERLABEL="30"><METS:fptr FILEID="00000042"/>
				</METS:div>
				<METS:div TYPE="Chapter" LABEL="2.1.2  无线传输介质" ORDERLABEL="36"><METS:fptr FILEID="00000048"/>
				</METS:div>
			</METS:div>
			<METS:div TYPE="Chapter" LABEL="2.2  模拟传输与数字传输" ORDERLABEL="40"><METS:fptr FILEID="00000052"/>
				<METS:div TYPE="Chapter" LABEL="2.2.1  基本概念、基本术语和数据通信系统" ORDERLABEL="40"><METS:fptr FILEID="00000052"/>
				</METS:div>
				<METS:div TYPE="Chapter" LABEL="2.2.2  模拟传输系统" ORDERLABEL="42"><METS:fptr FILEID="00000054"/>
				</METS:div>
			</METS:div>
			<METS:div TYPE="Chapter" LABEL="2.3  同步与复用" ORDERLABEL="49"><METS:fptr FILEID="00000061"/>
				<METS:div TYPE="Chapter" LABEL="2.3.1  数据通信方式" ORDERLABEL="49"><METS:fptr FILEID="00000061"/>
				</METS:div>
				<METS:div TYPE="Chapter" LABEL="2.3.2  同步技术" ORDERLABEL="50"><METS:fptr FILEID="00000062"/>
				</METS:div>
				<METS:div TYPE="Chapter" LABEL="2.3.3  多路复用技术" ORDERLABEL="52"><METS:fptr FILEID="00000064"/>
				</METS:div>
			</METS:div>
			<METS:div TYPE="Chapter" LABEL="2.4  交换技术" ORDERLABEL="58"><METS:fptr FILEID="00000070"/>
				<METS:div TYPE="Chapter" LABEL="2.4.1  电路交换" ORDERLABEL="58"><METS:fptr FILEID="00000070"/>
				</METS:div>
				<METS:div TYPE="Chapter" LABEL="2.4.2  报文交换" ORDERLABEL="59"><METS:fptr FILEID="00000071"/>
				</METS:div>
				<METS:div TYPE="Chapter" LABEL="2.4.3  分组交换" ORDERLABEL="60"><METS:fptr FILEID="00000072"/>
				</METS:div>
				<METS:div TYPE="Chapter" LABEL="2.4.4  交换方式的选择与比较" ORDERLABEL="62"><METS:fptr FILEID="00000074"/>
				</METS:div>
			</METS:div>
			<METS:div TYPE="Chapter" LABEL="2.5  信道的极限容量" ORDERLABEL="63"><METS:fptr FILEID="00000075"/>
				<METS:div TYPE="Chapter" LABEL="2.5.1  数据传输速率" ORDERLABEL="63"><METS:fptr FILEID="00000075"/>
				</METS:div>
				<METS:div TYPE="Chapter" LABEL="2.5.2  信道容量" ORDERLABEL="65"><METS:fptr FILEID="00000077"/>
				</METS:div>
			</METS:div>
			<METS:div TYPE="Chapter" LABEL="2.6  物理层的功能、模型与特性" ORDERLABEL="66"><METS:fptr FILEID="00000078"/>
				<METS:div TYPE="Chapter" LABEL="2.6.1  物理层的功能" ORDERLABEL="66"><METS:fptr FILEID="00000078"/>
				</METS:div>
				<METS:div TYPE="Chapter" LABEL="2.6.2  物理层的模型" ORDERLABEL="67"><METS:fptr FILEID="00000079"/>
				</METS:div>
				<METS:div TYPE="Chapter" LABEL="2.6.3  物理层的特性" ORDERLABEL="68"><METS:fptr FILEID="00000080"/>
				</METS:div>
			</METS:div>
			<METS:div TYPE="Chapter" LABEL="2.7  物理层标准举例" ORDERLABEL="70"><METS:fptr FILEID="00000082"/>
				<METS:div TYPE="Chapter" LABEL="2.7.1  EIA RS-232-E" ORDERLABEL="70"><METS:fptr FILEID="00000082"/>
				</METS:div>
				<METS:div TYPE="Chapter" LABEL="2.7.2  RS-449接口标准" ORDERLABEL="75"><METS:fptr FILEID="00000087"/>
				</METS:div>
				<METS:div TYPE="Chapter" LABEL="2.7.3  CCITT X.21" ORDERLABEL="76"><METS:fptr FILEID="00000088"/>
				</METS:div>
			</METS:div>
			<METS:div TYPE="Chapter" LABEL="习题二" ORDERLABEL="77"><METS:fptr FILEID="00000089"/>
			</METS:div>
		</METS:div>
		<METS:div TYPE="Chapter" LABEL="第3章  数据链路层" ORDERLABEL="79"><METS:fptr FILEID="00000091"/>
			<METS:div TYPE="Chapter" LABEL="3.1  数据链路层的功能、模型与服务" ORDERLABEL="79"><METS:fptr FILEID="00000091"/>
				<METS:div TYPE="Chapter" LABEL="3.1.1  数据链路层的模型" ORDERLABEL="79"><METS:fptr FILEID="00000091"/>
				</METS:div>
				<METS:div TYPE="Chapter" LABEL="3.1.2  数据链路层的基本功能" ORDERLABEL="80"><METS:fptr FILEID="00000092"/>
				</METS:div>
				<METS:div TYPE="Chapter" LABEL="3.1.3  数据链路层的服务" ORDERLABEL="82"><METS:fptr FILEID="00000094"/>
				</METS:div>
			</METS:div>
			<METS:div TYPE="Chapter" LABEL="3.2  流量控制" ORDERLABEL="83"><METS:fptr FILEID="00000095"/>
				<METS:div TYPE="Chapter" LABEL="3.2.1  停-等协议" ORDERLABEL="83"><METS:fptr FILEID="00000095"/>
				</METS:div>
				<METS:div TYPE="Chapter" LABEL="3.2.2  滑动窗口的概念" ORDERLABEL="86"><METS:fptr FILEID="00000098"/>
				</METS:div>
				<METS:div TYPE="Chapter" LABEL="3.2.3  一位滑动窗口协议" ORDERLABEL="89"><METS:fptr FILEID="00000101"/>
				</METS:div>
				<METS:div TYPE="Chapter" LABEL="3.2.4  全部重发流水线协议" ORDERLABEL="90"><METS:fptr FILEID="00000102"/>
				</METS:div>
				<METS:div TYPE="Chapter" LABEL="3.2.5  选择重发流水线协议" ORDERLABEL="91"><METS:fptr FILEID="00000103"/>
				</METS:div>
				<METS:div TYPE="Chapter" LABEL="3.2.6  最大窗口尺寸的确定" ORDERLABEL="91"><METS:fptr FILEID="00000103"/>
				</METS:div>
				<METS:div TYPE="Chapter" LABEL="3.2.7  全部重发流水线协议的最佳帧长" ORDERLABEL="92"><METS:fptr FILEID="00000104"/>
				</METS:div>
			</METS:div>
			<METS:div TYPE="Chapter" LABEL="3.3  差错控制" ORDERLABEL="93"><METS:fptr FILEID="00000105"/>
				<METS:div TYPE="Chapter" LABEL="3.3.1  差错的特性及差错控制方式" ORDERLABEL="93"><METS:fptr FILEID="00000105"/>
				</METS:div>
				<METS:div TYPE="Chapter" LABEL="3.3.2  常用的简单差错控制编码" ORDERLABEL="95"><METS:fptr FILEID="00000107"/>
				</METS:div>
				<METS:div TYPE="Chapter" LABEL="3.3.3  循环冗余码" ORDERLABEL="97"><METS:fptr FILEID="00000109"/>
				</METS:div>
			</METS:div>
			<METS:div TYPE="Chapter" LABEL="3.4  面向位的控制规程HDLC" ORDERLABEL="99"><METS:fptr FILEID="00000111"/>
			</METS:div>
			<METS:div TYPE="Chapter" LABEL="3.5  Internet中的PPP协议" ORDERLABEL="104"><METS:fptr FILEID="00000116"/>
				<METS:div TYPE="Chapter" LABEL="3.5.1  串行线路网际协议SLIP" ORDERLABEL="104"><METS:fptr FILEID="00000116"/>
				</METS:div>
				<METS:div TYPE="Chapter" LABEL="3.5.2  点对点的PPP协议" ORDERLABEL="105"><METS:fptr FILEID="00000117"/>
				</METS:div>
			</METS:div>
			<METS:div TYPE="Chapter" LABEL="习题三" ORDERLABEL="108"><METS:fptr FILEID="00000120"/>
			</METS:div>
		</METS:div>
		<METS:div TYPE="Chapter" LABEL="第4章  网络层" ORDERLABEL="109"><METS:fptr FILEID="00000121"/>
			<METS:div TYPE="Chapter" LABEL="4.1  网络层的功能与服务" ORDERLABEL="109"><METS:fptr FILEID="00000121"/>
				<METS:div TYPE="Chapter" LABEL="4.1.1  网络层的功能及模型" ORDERLABEL="109"><METS:fptr FILEID="00000121"/>
				</METS:div>
				<METS:div TYPE="Chapter" LABEL="4.1.2  网络层提供的服务" ORDERLABEL="110"><METS:fptr FILEID="00000122"/>
				</METS:div>
			</METS:div>
			<METS:div TYPE="Chapter" LABEL="4.2  路由选择" ORDERLABEL="116"><METS:fptr FILEID="00000128"/>
				<METS:div TYPE="Chapter" LABEL="4.2.1  理想的路由算法" ORDERLABEL="116"><METS:fptr FILEID="00000128"/>
				</METS:div>
				<METS:div TYPE="Chapter" LABEL="4.2.2  最短通路路由选择" ORDERLABEL="118"><METS:fptr FILEID="00000130"/>
				</METS:div>
				<METS:div TYPE="Chapter" LABEL="4.2.3  路由选择的不同策略" ORDERLABEL="119"><METS:fptr FILEID="00000131"/>
				</METS:div>
			</METS:div>
			<METS:div TYPE="Chapter" LABEL="4.3  拥塞控制" ORDERLABEL="126"><METS:fptr FILEID="00000138"/>
				<METS:div TYPE="Chapter" LABEL="4.3.1  拥塞产生的原因" ORDERLABEL="127"><METS:fptr FILEID="00000139"/>
				</METS:div>
				<METS:div TYPE="Chapter" LABEL="4.3.2  拥塞控制方法" ORDERLABEL="128"><METS:fptr FILEID="00000140"/>
				</METS:div>
				<METS:div TYPE="Chapter" LABEL="4.3.3  流量控制" ORDERLABEL="129"><METS:fptr FILEID="00000141"/>
				</METS:div>
			</METS:div>
			<METS:div TYPE="Chapter" LABEL="4.4  X.25的网络层" ORDERLABEL="134"><METS:fptr FILEID="00000146"/>
				<METS:div TYPE="Chapter" LABEL="4.4.1  X.25简介" ORDERLABEL="134"><METS:fptr FILEID="00000146"/>
				</METS:div>
				<METS:div TYPE="Chapter" LABEL="4.4.2  X.25的分组格式" ORDERLABEL="137"><METS:fptr FILEID="00000149"/>
				</METS:div>
				<METS:div TYPE="Chapter" LABEL="4.4.3  X.25网络与字符方式终端的连接" ORDERLABEL="141"><METS:fptr FILEID="00000153"/>
				</METS:div>
			</METS:div>
			<METS:div TYPE="Chapter" LABEL="习题四" ORDERLABEL="143"><METS:fptr FILEID="00000155"/>
			</METS:div>
		</METS:div>
		<METS:div TYPE="Chapter" LABEL="第5章  局域网" ORDERLABEL="145"><METS:fptr FILEID="00000157"/>
			<METS:div TYPE="Chapter" LABEL="5.1  局域网概述" ORDERLABEL="145"><METS:fptr FILEID="00000157"/>
				<METS:div TYPE="Chapter" LABEL="5.1.1  局域网的定义及特征" ORDERLABEL="145"><METS:fptr FILEID="00000157"/>
				</METS:div>
				<METS:div TYPE="Chapter" LABEL="5.1.2  局域网拓扑结构" ORDERLABEL="145"><METS:fptr FILEID="00000157"/>
				</METS:div>
				<METS:div TYPE="Chapter" LABEL="5.1.3  介质访问控制方法" ORDERLABEL="147"><METS:fptr FILEID="00000159"/>
				</METS:div>
			</METS:div>
			<METS:div TYPE="Chapter" LABEL="5.2  局域网参考模型及IEEE802标准" ORDERLABEL="148"><METS:fptr FILEID="00000160"/>
				<METS:div TYPE="Chapter" LABEL="5.2.1  局域网的参考模型" ORDERLABEL="148"><METS:fptr FILEID="00000160"/>
				</METS:div>
				<METS:div TYPE="Chapter" LABEL="5.2.2  IEEE802标准" ORDERLABEL="148"><METS:fptr FILEID="00000160"/>
				</METS:div>
				<METS:div TYPE="Chapter" LABEL="5.2.3  逻辑链路控制子层" ORDERLABEL="150"><METS:fptr FILEID="00000162"/>
				</METS:div>
				<METS:div TYPE="Chapter" LABEL="5.2.4  介质访问控制MAC子层" ORDERLABEL="153"><METS:fptr FILEID="00000165"/>
				</METS:div>
			</METS:div>
			<METS:div TYPE="Chapter" LABEL="5.3  IEEE802.3——CSMA/CD" ORDERLABEL="153"><METS:fptr FILEID="00000165"/>
				<METS:div TYPE="Chapter" LABEL="5.3.1  ALOHA介质访问方法" ORDERLABEL="153"><METS:fptr FILEID="00000165"/>
				</METS:div>
				<METS:div TYPE="Chapter" LABEL="5.3.2  CSMA和CSMA/CD介质访问方法" ORDERLABEL="154"><METS:fptr FILEID="00000166"/>
				</METS:div>
			</METS:div>
			<METS:div TYPE="Chapter" LABEL="5.4  环型网介质访问方法" ORDERLABEL="156"><METS:fptr FILEID="00000168"/>
				<METS:div TYPE="Chapter" LABEL="5.4.1  令牌环" ORDERLABEL="157"><METS:fptr FILEID="00000169"/>
				</METS:div>
				<METS:div TYPE="Chapter" LABEL="5.4.2  IBM Token Ring" ORDERLABEL="159"><METS:fptr FILEID="00000171"/>
				</METS:div>
				<METS:div TYPE="Chapter" LABEL="5.4.3  分槽环介质访问方法" ORDERLABEL="163"><METS:fptr FILEID="00000175"/>
				</METS:div>
				<METS:div TYPE="Chapter" LABEL="5.4.4  寄存器插入环介质访问方法" ORDERLABEL="167"><METS:fptr FILEID="00000179"/>
				</METS:div>
			</METS:div>
			<METS:div TYPE="Chapter" LABEL="5.5  令牌总线介质访问方法" ORDERLABEL="169"><METS:fptr FILEID="00000181"/>
				<METS:div TYPE="Chapter" LABEL="5.5.1  结构和特点" ORDERLABEL="169"><METS:fptr FILEID="00000181"/>
				</METS:div>
				<METS:div TYPE="Chapter" LABEL="5.5.2  协议功能" ORDERLABEL="170"><METS:fptr FILEID="00000182"/>
				</METS:div>
			</METS:div>
			<METS:div TYPE="Chapter" LABEL="5.6  LAN的性能评价" ORDERLABEL="171"><METS:fptr FILEID="00000183"/>
				<METS:div TYPE="Chapter" LABEL="5.6.1  传输延迟和数据传输率对性能的影响" ORDERLABEL="172"><METS:fptr FILEID="00000184"/>
				</METS:div>
				<METS:div TYPE="Chapter" LABEL="5.6.2  吞吐量特性" ORDERLABEL="175"><METS:fptr FILEID="00000187"/>
				</METS:div>
				<METS:div TYPE="Chapter" LABEL="5.6.3  令牌环、令牌总线和CSMA/CD总线三种协议性能分析比较" ORDERLABEL="178"><METS:fptr FILEID="00000190"/>
				</METS:div>
			</METS:div>
			<METS:div TYPE="Chapter" LABEL="5.7  无线局域网" ORDERLABEL="181"><METS:fptr FILEID="00000193"/>
				<METS:div TYPE="Chapter" LABEL="5.7.1  无线局域网的组成" ORDERLABEL="181"><METS:fptr FILEID="00000193"/>
				</METS:div>
				<METS:div TYPE="Chapter" LABEL="5.7.2  802.11标准中的物理层" ORDERLABEL="182"><METS:fptr FILEID="00000194"/>
				</METS:div>
				<METS:div TYPE="Chapter" LABEL="5.7.3  802.11标准中的MAC子层" ORDERLABEL="182"><METS:fptr FILEID="00000194"/>
				</METS:div>
			</METS:div>
			<METS:div TYPE="Chapter" LABEL="5.8  千兆以太网" ORDERLABEL="185"><METS:fptr FILEID="00000197"/>
				<METS:div TYPE="Chapter" LABEL="5.8.1  100 BASE-T技术" ORDERLABEL="185"><METS:fptr FILEID="00000197"/>
				</METS:div>
				<METS:div TYPE="Chapter" LABEL="5.8.2  100 BASE-VG技术" ORDERLABEL="187"><METS:fptr FILEID="00000199"/>
				</METS:div>
				<METS:div TYPE="Chapter" LABEL="5.8.3  吉比以太网" ORDERLABEL="189"><METS:fptr FILEID="00000201"/>
				</METS:div>
				<METS:div TYPE="Chapter" LABEL="5.8.4  光纤分布数据接口" ORDERLABEL="190"><METS:fptr FILEID="00000202"/>
				</METS:div>
			</METS:div>
			<METS:div TYPE="Chapter" LABEL="习题五" ORDERLABEL="193"><METS:fptr FILEID="00000205"/>
			</METS:div>
		</METS:div>
		<METS:div TYPE="Chapter" LABEL="第6章  传输层" ORDERLABEL="195"><METS:fptr FILEID="00000207"/>
			<METS:div TYPE="Chapter" LABEL="6.1  传输层服务和服务质量" ORDERLABEL="195"><METS:fptr FILEID="00000207"/>
				<METS:div TYPE="Chapter" LABEL="6.1.1  传输层服务类型" ORDERLABEL="195"><METS:fptr FILEID="00000207"/>
				</METS:div>
				<METS:div TYPE="Chapter" LABEL="6.1.2  传输层服务质量" ORDERLABEL="196"><METS:fptr FILEID="00000208"/>
				</METS:div>
				<METS:div TYPE="Chapter" LABEL="6.1.3  传输服务原语" ORDERLABEL="196"><METS:fptr FILEID="00000208"/>
				</METS:div>
			</METS:div>
			<METS:div TYPE="Chapter" LABEL="6.2  OSI传输协议" ORDERLABEL="197"><METS:fptr FILEID="00000209"/>
				<METS:div TYPE="Chapter" LABEL="6.2.1  传输协议的类型" ORDERLABEL="198"><METS:fptr FILEID="00000210"/>
				</METS:div>
				<METS:div TYPE="Chapter" LABEL="6.2.2  传输协议的功能" ORDERLABEL="199"><METS:fptr FILEID="00000211"/>
				</METS:div>
			</METS:div>
			<METS:div TYPE="Chapter" LABEL="6.3  传输控制协议TCP" ORDERLABEL="204"><METS:fptr FILEID="00000216"/>
				<METS:div TYPE="Chapter" LABEL="6.3.1  TCP协议功能特点" ORDERLABEL="204"><METS:fptr FILEID="00000216"/>
				</METS:div>
				<METS:div TYPE="Chapter" LABEL="6.3.2  TCP协议" ORDERLABEL="205"><METS:fptr FILEID="00000217"/>
				</METS:div>
				<METS:div TYPE="Chapter" LABEL="6.3.3  TCP连接管理" ORDERLABEL="207"><METS:fptr FILEID="00000219"/>
				</METS:div>
				<METS:div TYPE="Chapter" LABEL="6.3.4  TCP数据传输" ORDERLABEL="208"><METS:fptr FILEID="00000220"/>
				</METS:div>
			</METS:div>
			<METS:div TYPE="Chapter" LABEL="6.4  用户数据报协议UDP" ORDERLABEL="209"><METS:fptr FILEID="00000221"/>
			</METS:div>
			<METS:div TYPE="Chapter" LABEL="习题六" ORDERLABEL="210"><METS:fptr FILEID="00000222"/>
			</METS:div>
		</METS:div>
		<METS:div TYPE="Chapter" LABEL="第7章  应用层" ORDERLABEL="212"><METS:fptr FILEID="00000224"/>
			<METS:div TYPE="Chapter" LABEL="7.1  概述" ORDERLABEL="212"><METS:fptr FILEID="00000224"/>
				<METS:div TYPE="Chapter" LABEL="7.1.1  客户-服务器交互" ORDERLABEL="212"><METS:fptr FILEID="00000224"/>
				</METS:div>
				<METS:div TYPE="Chapter" LABEL="7.1.2  套接字接口" ORDERLABEL="214"><METS:fptr FILEID="00000226"/>
				</METS:div>
			</METS:div>
			<METS:div TYPE="Chapter" LABEL="7.2  域名系统" ORDERLABEL="218"><METS:fptr FILEID="00000230"/>
				<METS:div TYPE="Chapter" LABEL="7.2.1  计算机域名的结构" ORDERLABEL="218"><METS:fptr FILEID="00000230"/>
				</METS:div>
				<METS:div TYPE="Chapter" LABEL="7.2.2  资源记录" ORDERLABEL="220"><METS:fptr FILEID="00000232"/>
				</METS:div>
				<METS:div TYPE="Chapter" LABEL="7.2.3  名字服务器" ORDERLABEL="221"><METS:fptr FILEID="00000233"/>
				</METS:div>
			</METS:div>
			<METS:div TYPE="Chapter" LABEL="7.3  电子邮件" ORDERLABEL="223"><METS:fptr FILEID="00000235"/>
				<METS:div TYPE="Chapter" LABEL="7.3.1  体系结构和服务" ORDERLABEL="224"><METS:fptr FILEID="00000236"/>
				</METS:div>
				<METS:div TYPE="Chapter" LABEL="7.3.2  电子邮件信息格式" ORDERLABEL="225"><METS:fptr FILEID="00000237"/>
				</METS:div>
				<METS:div TYPE="Chapter" LABEL="7.3.3  多用途互联网邮件扩充协议" ORDERLABEL="227"><METS:fptr FILEID="00000239"/>
				</METS:div>
				<METS:div TYPE="Chapter" LABEL="7.3.4  消息传输" ORDERLABEL="228"><METS:fptr FILEID="00000240"/>
				</METS:div>
			</METS:div>
			<METS:div TYPE="Chapter" LABEL="7.4  远程登录" ORDERLABEL="233"><METS:fptr FILEID="00000245"/>
				<METS:div TYPE="Chapter" LABEL="7.4.1  TELNET协议" ORDERLABEL="234"><METS:fptr FILEID="00000246"/>
				</METS:div>
				<METS:div TYPE="Chapter" LABEL="7.4.2  适应异构性" ORDERLABEL="236"><METS:fptr FILEID="00000248"/>
				</METS:div>
				<METS:div TYPE="Chapter" LABEL="7.4.3  控制传输远程命令" ORDERLABEL="237"><METS:fptr FILEID="00000249"/>
				</METS:div>
				<METS:div TYPE="Chapter" LABEL="7.4.4  TELNET选项" ORDERLABEL="239"><METS:fptr FILEID="00000251"/>
				</METS:div>
				<METS:div TYPE="Chapter" LABEL="7.4.5  远程登录服务rlogin(BSD UNIX)" ORDERLABEL="240"><METS:fptr FILEID="00000252"/>
				</METS:div>
			</METS:div>
			<METS:div TYPE="Chapter" LABEL="7.5  文件传输与访问" ORDERLABEL="241"><METS:fptr FILEID="00000253"/>
				<METS:div TYPE="Chapter" LABEL="7.5.1  联机共享式访问" ORDERLABEL="241"><METS:fptr FILEID="00000253"/>
				</METS:div>
				<METS:div TYPE="Chapter" LABEL="7.5.2  文件传输协议FTP" ORDERLABEL="243"><METS:fptr FILEID="00000255"/>
				</METS:div>
				<METS:div TYPE="Chapter" LABEL="7.5.3  FTP应用举例" ORDERLABEL="246"><METS:fptr FILEID="00000258"/>
				</METS:div>
				<METS:div TYPE="Chapter" LABEL="7.5.4  TFTP" ORDERLABEL="247"><METS:fptr FILEID="00000259"/>
				</METS:div>
				<METS:div TYPE="Chapter" LABEL="7.5.5  NFS" ORDERLABEL="249"><METS:fptr FILEID="00000261"/>
				</METS:div>
				<METS:div TYPE="Chapter" LABEL="7.5.6  远程过程调用" ORDERLABEL="250"><METS:fptr FILEID="00000262"/>
				</METS:div>
			</METS:div>
			<METS:div TYPE="Chapter" LABEL="7.6  USENET新闻" ORDERLABEL="250"><METS:fptr FILEID="00000262"/>
				<METS:div TYPE="Chapter" LABEL="7.6.1  用户角度的USENET" ORDERLABEL="251"><METS:fptr FILEID="00000263"/>
				</METS:div>
				<METS:div TYPE="Chapter" LABEL="7.6.2  USENET的实现" ORDERLABEL="254"><METS:fptr FILEID="00000266"/>
				</METS:div>
			</METS:div>
			<METS:div TYPE="Chapter" LABEL="7.7  万维网" ORDERLABEL="257"><METS:fptr FILEID="00000269"/>
				<METS:div TYPE="Chapter" LABEL="7.7.1  Web结构的组成" ORDERLABEL="258"><METS:fptr FILEID="00000270"/>
				</METS:div>
				<METS:div TYPE="Chapter" LABEL="7.7.2  Web交互" ORDERLABEL="260"><METS:fptr FILEID="00000272"/>
				</METS:div>
			</METS:div>
			<METS:div TYPE="Chapter" LABEL="习题七" ORDERLABEL="265"><METS:fptr FILEID="00000277"/>
			</METS:div>
		</METS:div>
		<METS:div TYPE="Chapter" LABEL="第8章  网络互联" ORDERLABEL="267"><METS:fptr FILEID="00000279"/>
			<METS:div TYPE="Chapter" LABEL="8.1  广域网的基本概念" ORDERLABEL="267"><METS:fptr FILEID="00000279"/>
			</METS:div>
			<METS:div TYPE="Chapter" LABEL="8.2  广域网接入技术" ORDERLABEL="268"><METS:fptr FILEID="00000280"/>
				<METS:div TYPE="Chapter" LABEL="8.2.1  xDSL接入技术" ORDERLABEL="270"><METS:fptr FILEID="00000282"/>
				</METS:div>
				<METS:div TYPE="Chapter" LABEL="8.2.2  ADSL技术" ORDERLABEL="272"><METS:fptr FILEID="00000284"/>
				</METS:div>
				<METS:div TYPE="Chapter" LABEL="8.2.3  光纤接入技术" ORDERLABEL="274"><METS:fptr FILEID="00000286"/>
				</METS:div>
			</METS:div>
			<METS:div TYPE="Chapter" LABEL="8.3  Internet的网际协议——IPv4与IPv6" ORDERLABEL="277"><METS:fptr FILEID="00000289"/>
				<METS:div TYPE="Chapter" LABEL="8.3.1  IP协议" ORDERLABEL="277"><METS:fptr FILEID="00000289"/>
				</METS:div>
				<METS:div TYPE="Chapter" LABEL="8.3.2  IPv4地址" ORDERLABEL="280"><METS:fptr FILEID="00000292"/>
				</METS:div>
				<METS:div TYPE="Chapter" LABEL="8.3.3  Internet控制报文协议ICMP" ORDERLABEL="284"><METS:fptr FILEID="00000296"/>
				</METS:div>
				<METS:div TYPE="Chapter" LABEL="8.3.4  下一代的网际协议(IPv6)" ORDERLABEL="286"><METS:fptr FILEID="00000298"/>
				</METS:div>
			</METS:div>
			<METS:div TYPE="Chapter" LABEL="8.4  Internet组播" ORDERLABEL="293"><METS:fptr FILEID="00000305"/>
				<METS:div TYPE="Chapter" LABEL="8.4.1  IP组播" ORDERLABEL="294"><METS:fptr FILEID="00000306"/>
				</METS:div>
				<METS:div TYPE="Chapter" LABEL="8.4.2  Internet群组管理协议" ORDERLABEL="296"><METS:fptr FILEID="00000308"/>
				</METS:div>
				<METS:div TYPE="Chapter" LABEL="8.4.3  组播选路" ORDERLABEL="298"><METS:fptr FILEID="00000310"/>
				</METS:div>
			</METS:div>
			<METS:div TYPE="Chapter" LABEL="8.5  网络互联" ORDERLABEL="300"><METS:fptr FILEID="00000312"/>
				<METS:div TYPE="Chapter" LABEL="8.5.1  种类与层次结构" ORDERLABEL="300"><METS:fptr FILEID="00000312"/>
				</METS:div>
				<METS:div TYPE="Chapter" LABEL="8.5.2  连锁虚电路" ORDERLABEL="304"><METS:fptr FILEID="00000316"/>
				</METS:div>
				<METS:div TYPE="Chapter" LABEL="8.5.3  无连接的网络互联" ORDERLABEL="305"><METS:fptr FILEID="00000317"/>
				</METS:div>
				<METS:div TYPE="Chapter" LABEL="8.5.4  隧道" ORDERLABEL="306"><METS:fptr FILEID="00000318"/>
				</METS:div>
				<METS:div TYPE="Chapter" LABEL="8.5.5  互联网路由选择" ORDERLABEL="307"><METS:fptr FILEID="00000319"/>
				</METS:div>
				<METS:div TYPE="Chapter" LABEL="8.5.6  分段" ORDERLABEL="308"><METS:fptr FILEID="00000320"/>
				</METS:div>
				<METS:div TYPE="Chapter" LABEL="8.5.7  帧中继FR" ORDERLABEL="311"><METS:fptr FILEID="00000323"/>
				</METS:div>
			</METS:div>
			<METS:div TYPE="Chapter" LABEL="8.6  网络互联设备" ORDERLABEL="313"><METS:fptr FILEID="00000325"/>
				<METS:div TYPE="Chapter" LABEL="8.6.1  中继器" ORDERLABEL="314"><METS:fptr FILEID="00000326"/>
				</METS:div>
				<METS:div TYPE="Chapter" LABEL="8.6.2  网桥" ORDERLABEL="314"><METS:fptr FILEID="00000326"/>
				</METS:div>
				<METS:div TYPE="Chapter" LABEL="8.6.3  路由器" ORDERLABEL="322"><METS:fptr FILEID="00000334"/>
				</METS:div>
				<METS:div TYPE="Chapter" LABEL="8.6.4  网关" ORDERLABEL="329"><METS:fptr FILEID="00000341"/>
				</METS:div>
				<METS:div TYPE="Chapter" LABEL="8.6.5  网络互联设备的选择" ORDERLABEL="329"><METS:fptr FILEID="00000341"/>
				</METS:div>
			</METS:div>
			<METS:div TYPE="Chapter" LABEL="习题八" ORDERLABEL="330"><METS:fptr FILEID="00000342"/>
			</METS:div>
		</METS:div>
		<METS:div TYPE="Chapter" LABEL="第9章  网络操作系统" ORDERLABEL="332"><METS:fptr FILEID="00000344"/>
			<METS:div TYPE="Chapter" LABEL="9.1  概述" ORDERLABEL="332"><METS:fptr FILEID="00000344"/>
				<METS:div TYPE="Chapter" LABEL="9.1.1  网络操作系统的类型" ORDERLABEL="332"><METS:fptr FILEID="00000344"/>
				</METS:div>
				<METS:div TYPE="Chapter" LABEL="9.1.2  网络操作系统的基本功能" ORDERLABEL="335"><METS:fptr FILEID="00000347"/>
				</METS:div>
			</METS:div>
			<METS:div TYPE="Chapter" LABEL="9.2  Windows NT操作系统" ORDERLABEL="336"><METS:fptr FILEID="00000348"/>
				<METS:div TYPE="Chapter" LABEL="9.2.1  Windows NT的主要功能和特性" ORDERLABEL="336"><METS:fptr FILEID="00000348"/>
				</METS:div>
				<METS:div TYPE="Chapter" LABEL="9.2.2  Windows NT的组成" ORDERLABEL="337"><METS:fptr FILEID="00000349"/>
				</METS:div>
				<METS:div TYPE="Chapter" LABEL="9.2.3  Windows NT的网络环境" ORDERLABEL="340"><METS:fptr FILEID="00000352"/>
				</METS:div>
				<METS:div TYPE="Chapter" LABEL="9.2.4  管理Windows NT的域" ORDERLABEL="343"><METS:fptr FILEID="00000355"/>
				</METS:div>
				<METS:div TYPE="Chapter" LABEL="9.2.5  Windows 2000 Server" ORDERLABEL="346"><METS:fptr FILEID="00000358"/>
				</METS:div>
			</METS:div>
			<METS:div TYPE="Chapter" LABEL="9.3  Unix/Linux简介" ORDERLABEL="347"><METS:fptr FILEID="00000359"/>
				<METS:div TYPE="Chapter" LABEL="9.3.1  Linux的特点和组成" ORDERLABEL="347"><METS:fptr FILEID="00000359"/>
				</METS:div>
				<METS:div TYPE="Chapter" LABEL="9.3.2  Linux的网络功能配置" ORDERLABEL="348"><METS:fptr FILEID="00000360"/>
				</METS:div>
			</METS:div>
			<METS:div TYPE="Chapter" LABEL="习题九" ORDERLABEL="352"><METS:fptr FILEID="00000364"/>
			</METS:div>
		</METS:div>
		<METS:div TYPE="Chapter" LABEL="第10章  网络安全与网络管理" ORDERLABEL="354"><METS:fptr FILEID="00000366"/>
			<METS:div TYPE="Chapter" LABEL="10.1  网络安全概述" ORDERLABEL="354"><METS:fptr FILEID="00000366"/>
				<METS:div TYPE="Chapter" LABEL="10.1.1  网络安全性威胁因素" ORDERLABEL="355"><METS:fptr FILEID="00000367"/>
				</METS:div>
				<METS:div TYPE="Chapter" LABEL="10.1.2  网络安全目标" ORDERLABEL="357"><METS:fptr FILEID="00000369"/>
				</METS:div>
				<METS:div TYPE="Chapter" LABEL="10.1.3  网络安全服务" ORDERLABEL="358"><METS:fptr FILEID="00000370"/>
				</METS:div>
				<METS:div TYPE="Chapter" LABEL="10.1.4  网络安全机制" ORDERLABEL="360"><METS:fptr FILEID="00000372"/>
				</METS:div>
				<METS:div TYPE="Chapter" LABEL="10.1.5  网络安全标准" ORDERLABEL="361"><METS:fptr FILEID="00000373"/>
				</METS:div>
			</METS:div>
			<METS:div TYPE="Chapter" LABEL="10.2  数据加密技术" ORDERLABEL="362"><METS:fptr FILEID="00000374"/>
				<METS:div TYPE="Chapter" LABEL="10.2.1  单钥密码体制" ORDERLABEL="363"><METS:fptr FILEID="00000375"/>
				</METS:div>
				<METS:div TYPE="Chapter" LABEL="10.2.2  公钥密码体制" ORDERLABEL="364"><METS:fptr FILEID="00000376"/>
				</METS:div>
			</METS:div>
			<METS:div TYPE="Chapter" LABEL="10.3  电子邮件的安全性" ORDERLABEL="366"><METS:fptr FILEID="00000378"/>
			</METS:div>
			<METS:div TYPE="Chapter" LABEL="10.4  Web的安全性" ORDERLABEL="367"><METS:fptr FILEID="00000379"/>
				<METS:div TYPE="Chapter" LABEL="10.4.1  Web的安全性威胁" ORDERLABEL="367"><METS:fptr FILEID="00000379"/>
				</METS:div>
				<METS:div TYPE="Chapter" LABEL="10.4.2  Web的安全性技术" ORDERLABEL="369"><METS:fptr FILEID="00000381"/>
				</METS:div>
				<METS:div TYPE="Chapter" LABEL="10.4.3  SSL介绍" ORDERLABEL="370"><METS:fptr FILEID="00000382"/>
				</METS:div>
			</METS:div>
			<METS:div TYPE="Chapter" LABEL="10.5 防火墙技术" ORDERLABEL="372"><METS:fptr FILEID="00000384"/>
				<METS:div TYPE="Chapter" LABEL="10.5.1  防火墙基本概念" ORDERLABEL="372"><METS:fptr FILEID="00000384"/>
				</METS:div>
				<METS:div TYPE="Chapter" LABEL="10.5.2  防火墙基本技术" ORDERLABEL="375"><METS:fptr FILEID="00000387"/>
				</METS:div>
				<METS:div TYPE="Chapter" LABEL="10.5.3  防火墙系统结构" ORDERLABEL="377"><METS:fptr FILEID="00000389"/>
				</METS:div>
			</METS:div>
			<METS:div TYPE="Chapter" LABEL="10.6  网络管理概述" ORDERLABEL="380"><METS:fptr FILEID="00000392"/>
			</METS:div>
			<METS:div TYPE="Chapter" LABEL="10.7  网络管理的功能" ORDERLABEL="381"><METS:fptr FILEID="00000393"/>
				<METS:div TYPE="Chapter" LABEL="10.7.1  故障管理" ORDERLABEL="382"><METS:fptr FILEID="00000394"/>
				</METS:div>
				<METS:div TYPE="Chapter" LABEL="10.7.2  计费管理" ORDERLABEL="382"><METS:fptr FILEID="00000394"/>
				</METS:div>
				<METS:div TYPE="Chapter" LABEL="10.7.3  配置管理" ORDERLABEL="383"><METS:fptr FILEID="00000395"/>
				</METS:div>
				<METS:div TYPE="Chapter" LABEL="10.7.4  性能管理" ORDERLABEL="383"><METS:fptr FILEID="00000395"/>
				</METS:div>
				<METS:div TYPE="Chapter" LABEL="10.7.5  安全管理" ORDERLABEL="383"><METS:fptr FILEID="00000395"/>
				</METS:div>
			</METS:div>
			<METS:div TYPE="Chapter" LABEL="10.8  网络管理体系结构" ORDERLABEL="384"><METS:fptr FILEID="00000396"/>
				<METS:div TYPE="Chapter" LABEL="10.8.1  网络管理模型" ORDERLABEL="384"><METS:fptr FILEID="00000396"/>
				</METS:div>
				<METS:div TYPE="Chapter" LABEL="10.8.2  网络管理体系结构" ORDERLABEL="386"><METS:fptr FILEID="00000398"/>
				</METS:div>
			</METS:div>
			<METS:div TYPE="Chapter" LABEL="10.9  网络管理协议" ORDERLABEL="388"><METS:fptr FILEID="00000400"/>
				<METS:div TYPE="Chapter" LABEL="10.9.1  网络管理协议的产生与发展" ORDERLABEL="388"><METS:fptr FILEID="00000400"/>
				</METS:div>
				<METS:div TYPE="Chapter" LABEL="10.9.2  几种标准网管协议" ORDERLABEL="389"><METS:fptr FILEID="00000401"/>
				</METS:div>
				<METS:div TYPE="Chapter" LABEL="10.9.3  管理信息库MIB" ORDERLABEL="392"><METS:fptr FILEID="00000404"/>
				</METS:div>
			</METS:div>
			<METS:div TYPE="Chapter" LABEL="10.10  简单网络管理协议" ORDERLABEL="394"><METS:fptr FILEID="00000406"/>
				<METS:div TYPE="Chapter" LABEL="10.10.1  SNMP基本概念" ORDERLABEL="395"><METS:fptr FILEID="00000407"/>
				</METS:div>
				<METS:div TYPE="Chapter" LABEL="10.10.2  SNMPv2" ORDERLABEL="398"><METS:fptr FILEID="00000410"/>
				</METS:div>
			</METS:div>
			<METS:div TYPE="Chapter" LABEL="习题十" ORDERLABEL="400"><METS:fptr FILEID="00000412"/>
			</METS:div>
		</METS:div>
		<METS:div TYPE="Chapter" LABEL="第11章  ATM技术" ORDERLABEL="402"><METS:fptr FILEID="00000414"/>
			<METS:div TYPE="Chapter" LABEL="11.1  综合业务数字网" ORDERLABEL="402"><METS:fptr FILEID="00000414"/>
				<METS:div TYPE="Chapter" LABEL="11.1.1  ISDN的发展历程" ORDERLABEL="402"><METS:fptr FILEID="00000414"/>
				</METS:div>
				<METS:div TYPE="Chapter" LABEL="11.1.2  ISDN的工作原理" ORDERLABEL="402"><METS:fptr FILEID="00000414"/>
				</METS:div>
				<METS:div TYPE="Chapter" LABEL="11.1.3  ISDN的应用" ORDERLABEL="407"><METS:fptr FILEID="00000419"/>
				</METS:div>
				<METS:div TYPE="Chapter" LABEL="11.1.4  B-ISDN" ORDERLABEL="408"><METS:fptr FILEID="00000420"/>
				</METS:div>
			</METS:div>
			<METS:div TYPE="Chapter" LABEL="11.2  异步传输模式" ORDERLABEL="409"><METS:fptr FILEID="00000421"/>
				<METS:div TYPE="Chapter" LABEL="11.2.1  ATM的基本概念" ORDERLABEL="409"><METS:fptr FILEID="00000421"/>
				</METS:div>
				<METS:div TYPE="Chapter" LABEL="11.2.2  ATM的协议结构" ORDERLABEL="410"><METS:fptr FILEID="00000422"/>
				</METS:div>
				<METS:div TYPE="Chapter" LABEL="11.2.3  ATM信元" ORDERLABEL="415"><METS:fptr FILEID="00000427"/>
				</METS:div>
				<METS:div TYPE="Chapter" LABEL="11.2.4  ATM交换技术" ORDERLABEL="417"><METS:fptr FILEID="00000429"/>
				</METS:div>
				<METS:div TYPE="Chapter" LABEL="11.2.5  ATM的业务流管理和服务质量" ORDERLABEL="419"><METS:fptr FILEID="00000431"/>
				</METS:div>
				<METS:div TYPE="Chapter" LABEL="11.2.6  ATM网络的路由选择" ORDERLABEL="423"><METS:fptr FILEID="00000435"/>
				</METS:div>
				<METS:div TYPE="Chapter" LABEL="11.2.7  ATM的应用" ORDERLABEL="424"><METS:fptr FILEID="00000436"/>
				</METS:div>
			</METS:div>
			<METS:div TYPE="Chapter" LABEL="习题十一" ORDERLABEL="426"><METS:fptr FILEID="00000438"/>
			</METS:div>
		</METS:div>
		<METS:div TYPE="Chapter" LABEL="第12章  多媒体信息在因特网上的传输" ORDERLABEL="427"><METS:fptr FILEID="00000439"/>
			<METS:div TYPE="Chapter" LABEL="12.1  因特网的多媒体体系结构" ORDERLABEL="427"><METS:fptr FILEID="00000439"/>
			</METS:div>
			<METS:div TYPE="Chapter" LABEL="12.2  音频信息在因特网上的传输——VoIP及IP电话" ORDERLABEL="429"><METS:fptr FILEID="00000441"/>
				<METS:div TYPE="Chapter" LABEL="12.2.1  VoIP标准及IP电话的网络配置" ORDERLABEL="429"><METS:fptr FILEID="00000441"/>
				</METS:div>
				<METS:div TYPE="Chapter" LABEL="12.2.2  IP电话的关键技术" ORDERLABEL="431"><METS:fptr FILEID="00000443"/>
				</METS:div>
				<METS:div TYPE="Chapter" LABEL="12.2.3  VoIP的服务质量" ORDERLABEL="434"><METS:fptr FILEID="00000446"/>
				</METS:div>
			</METS:div>
			<METS:div TYPE="Chapter" LABEL="12.3  视频点播" ORDERLABEL="435"><METS:fptr FILEID="00000447"/>
			</METS:div>
			<METS:div TYPE="Chapter" LABEL="习题十二" ORDERLABEL="438"><METS:fptr FILEID="00000450"/>
			</METS:div>
		</METS:div>
	</METS:structMap>
</METS:mets>
