<?xml version="1.0" encoding="utf-8"?>
<METS:mets xmlns:METS="http://www.loc.gov/METS/" xmlns:xsi="http://www.w3.org/2001/XMLSchema-instance" xmlns:gdm="http://sunsite.berkeley.edu/GDM/" xmlns:xlink="http://www.w3.org/TR/xlink" xsi:schemalocation="http://www.loc.gov/METS/http://www.loc.gov/standards/mets/mets.xsd" LABEL="Zhejiang University.jdl.China-America digital library project" TYPE="Section">
	<METS:structMap TYPE="Catalog">
		<METS:div TYPE="Chapter" LABEL="第1部分  引论" ORDERLABEL="3"><METS:fptr FILEID="00000015"/>
			<METS:div TYPE="Chapter" LABEL="第1章  计算机网络概述" ORDERLABEL="3"><METS:fptr FILEID="00000017"/>
				<METS:div TYPE="Chapter" LABEL="1.1网络的定义" ORDERLABEL="3"><METS:fptr FILEID="00000017"/>
				</METS:div>
				<METS:div TYPE="Chapter" LABEL="1.2网络的发展" ORDERLABEL="3"><METS:fptr FILEID="00000017"/>
					<METS:div TYPE="Chapter" LABEL="1.2.1远程终端访问" ORDERLABEL="3"><METS:fptr FILEID="00000017"/>
					</METS:div>
					<METS:div TYPE="Chapter" LABEL="1.2.2ARPA网" ORDERLABEL="4"><METS:fptr FILEID="00000018"/>
					</METS:div>
					<METS:div TYPE="Chapter" LABEL="1.2.3局域网技术" ORDERLABEL="4"><METS:fptr FILEID="00000018"/>
					</METS:div>
					<METS:div TYPE="Chapter" LABEL="1.2.4标准化网络" ORDERLABEL="4"><METS:fptr FILEID="00000018"/>
					</METS:div>
					<METS:div TYPE="Chapter" LABEL="1.2.5网络互联" ORDERLABEL="5"><METS:fptr FILEID="00000019"/>
					</METS:div>
					<METS:div TYPE="Chapter" LABEL="1.2.6网络技术的发展方向" ORDERLABEL="5"><METS:fptr FILEID="00000019"/>
					</METS:div>
				</METS:div>
				<METS:div TYPE="Chapter" LABEL="1.3网络分类" ORDERLABEL="6"><METS:fptr FILEID="00000020"/>
					<METS:div TYPE="Chapter" LABEL="1.3.1按照地理范围分类" ORDERLABEL="6"><METS:fptr FILEID="00000020"/>
					</METS:div>
					<METS:div TYPE="Chapter" LABEL="1.3.2按照拓朴结构分类" ORDERLABEL="7"><METS:fptr FILEID="00000021"/>
					</METS:div>
					<METS:div TYPE="Chapter" LABEL="1.3.3按照协议分类" ORDERLABEL="8"><METS:fptr FILEID="00000022"/>
					</METS:div>
				</METS:div>
				<METS:div TYPE="Chapter" LABEL="1.4网络的组成" ORDERLABEL="8"><METS:fptr FILEID="00000022"/>
					<METS:div TYPE="Chapter" LABEL="1.4.1网络基本组成" ORDERLABEL="8"><METS:fptr FILEID="00000022"/>
					</METS:div>
					<METS:div TYPE="Chapter" LABEL="1.4.2分组交换网的组成" ORDERLABEL="9"><METS:fptr FILEID="00000023"/>
					</METS:div>
					<METS:div TYPE="Chapter" LABEL="1.4.3局域网的组成" ORDERLABEL="10"><METS:fptr FILEID="00000024"/>
					</METS:div>
				</METS:div>
				<METS:div TYPE="Chapter" LABEL="1.5网络的功能与应用" ORDERLABEL="10"><METS:fptr FILEID="00000024"/>
				</METS:div>
				<METS:div TYPE="Chapter" LABEL="思考题" ORDERLABEL="11"><METS:fptr FILEID="00000025"/>
				</METS:div>
			</METS:div>
			<METS:div TYPE="Chapter" LABEL="第2章  数据？信基础知识" ORDERLABEL="12"><METS:fptr FILEID="00000026"/>
				<METS:div TYPE="Chapter" LABEL="2.1概述" ORDERLABEL="12"><METS:fptr FILEID="00000026"/>
					<METS:div TYPE="Chapter" LABEL="2.1.1通信的概念" ORDERLABEL="12"><METS:fptr FILEID="00000026"/>
					</METS:div>
					<METS:div TYPE="Chapter" LABEL="2.1.2数据通信系统" ORDERLABEL="13"><METS:fptr FILEID="00000027"/>
					</METS:div>
					<METS:div TYPE="Chapter" LABEL="2.1.3信道类型" ORDERLABEL="14"><METS:fptr FILEID="00000028"/>
					</METS:div>
					<METS:div TYPE="Chapter" LABEL="2.1.4信号的编码" ORDERLABEL="14"><METS:fptr FILEID="00000028"/>
					</METS:div>
					<METS:div TYPE="Chapter" LABEL="2.1.5脉码调制PCM" ORDERLABEL="15"><METS:fptr FILEID="00000029"/>
					</METS:div>
					<METS:div TYPE="Chapter" LABEL="2.1.6同步方式" ORDERLABEL="16"><METS:fptr FILEID="00000030"/>
					</METS:div>
				</METS:div>
				<METS:div TYPE="Chapter" LABEL="2.2数据传输方式" ORDERLABEL="17"><METS:fptr FILEID="00000031"/>
					<METS:div TYPE="Chapter" LABEL="2.2.1基带传输" ORDERLABEL="18"><METS:fptr FILEID="00000032"/>
					</METS:div>
					<METS:div TYPE="Chapter" LABEL="2.2.2频带传输" ORDERLABEL="19"><METS:fptr FILEID="00000033"/>
					</METS:div>
					<METS:div TYPE="Chapter" LABEL="2.2.3数据传输的主要指标" ORDERLABEL="20"><METS:fptr FILEID="00000034"/>
					</METS:div>
					<METS:div TYPE="Chapter" LABEL="2.2.4传输介质" ORDERLABEL="21"><METS:fptr FILEID="00000035"/>
					</METS:div>
				</METS:div>
				<METS:div TYPE="Chapter" LABEL="2.3多路复用" ORDERLABEL="22"><METS:fptr FILEID="00000036"/>
					<METS:div TYPE="Chapter" LABEL="2.3.1频分多路复用" ORDERLABEL="22"><METS:fptr FILEID="00000036"/>
					</METS:div>
					<METS:div TYPE="Chapter" LABEL="2.3.2时分多路复用" ORDERLABEL="23"><METS:fptr FILEID="00000037"/>
					</METS:div>
					<METS:div TYPE="Chapter" LABEL="2.3.3波分复用" ORDERLABEL="23"><METS:fptr FILEID="00000037"/>
					</METS:div>
				</METS:div>
				<METS:div TYPE="Chapter" LABEL="2.4交换" ORDERLABEL="23"><METS:fptr FILEID="00000037"/>
					<METS:div TYPE="Chapter" LABEL="2.4.1电路交换" ORDERLABEL="23"><METS:fptr FILEID="00000037"/>
					</METS:div>
					<METS:div TYPE="Chapter" LABEL="2.4.2报文交换" ORDERLABEL="24"><METS:fptr FILEID="00000038"/>
					</METS:div>
					<METS:div TYPE="Chapter" LABEL="2.4.3分组交换" ORDERLABEL="24"><METS:fptr FILEID="00000038"/>
					</METS:div>
				</METS:div>
				<METS:div TYPE="Chapter" LABEL="2.5差错控制方式" ORDERLABEL="25"><METS:fptr FILEID="00000039"/>
					<METS:div TYPE="Chapter" LABEL="2.5.1差错的产生与避免" ORDERLABEL="25"><METS:fptr FILEID="00000039"/>
					</METS:div>
					<METS:div TYPE="Chapter" LABEL="2.5.2差错控制方式" ORDERLABEL="25"><METS:fptr FILEID="00000039"/>
					</METS:div>
					<METS:div TYPE="Chapter" LABEL="2.5.3抗干扰编码" ORDERLABEL="26"><METS:fptr FILEID="00000040"/>
					</METS:div>
				</METS:div>
				<METS:div TYPE="Chapter" LABEL="思考题" ORDERLABEL="27"><METS:fptr FILEID="00000041"/>
				</METS:div>
			</METS:div>
		</METS:div>
		<METS:div TYPE="Chapter" LABEL="第2部分  网络基础" ORDERLABEL="31"><METS:fptr FILEID="00000043"/>
			<METS:div TYPE="Chapter" LABEL="第3章  网络系统结构" ORDERLABEL="31"><METS:fptr FILEID="00000045"/>
				<METS:div TYPE="Chapter" LABEL="3.1概述" ORDERLABEL="31"><METS:fptr FILEID="00000045"/>
					<METS:div TYPE="Chapter" LABEL="3.1.1协议" ORDERLABEL="31"><METS:fptr FILEID="00000045"/>
					</METS:div>
					<METS:div TYPE="Chapter" LABEL="3.1.2协议的分层结构" ORDERLABEL="31"><METS:fptr FILEID="00000045"/>
					</METS:div>
					<METS:div TYPE="Chapter" LABEL="3.1.3协议的标准" ORDERLABEL="33"><METS:fptr FILEID="00000047"/>
					</METS:div>
				</METS:div>
				<METS:div TYPE="Chapter" LABEL="3.2物理层" ORDERLABEL="33"><METS:fptr FILEID="00000047"/>
					<METS:div TYPE="Chapter" LABEL="3.2.1物理层的功能" ORDERLABEL="34"><METS:fptr FILEID="00000048"/>
					</METS:div>
					<METS:div TYPE="Chapter" LABEL="3.2.2物理层的特性" ORDERLABEL="34"><METS:fptr FILEID="00000048"/>
					</METS:div>
					<METS:div TYPE="Chapter" LABEL="3.2.3EIA RS-232-C标准" ORDERLABEL="35"><METS:fptr FILEID="00000049"/>
					</METS:div>
					<METS:div TYPE="Chapter" LABEL="3.2.4CCITT数字信道接口的建议书X.21" ORDERLABEL="37"><METS:fptr FILEID="00000051"/>
					</METS:div>
				</METS:div>
				<METS:div TYPE="Chapter" LABEL="3.3链路层" ORDERLABEL="38"><METS:fptr FILEID="00000052"/>
					<METS:div TYPE="Chapter" LABEL="3.3.1链路层的功能" ORDERLABEL="38"><METS:fptr FILEID="00000052"/>
					</METS:div>
					<METS:div TYPE="Chapter" LABEL="3.3.2面向字符型协议" ORDERLABEL="38"><METS:fptr FILEID="00000052"/>
					</METS:div>
					<METS:div TYPE="Chapter" LABEL="3.3.3面向比特协议" ORDERLABEL="40"><METS:fptr FILEID="00000054"/>
					</METS:div>
				</METS:div>
				<METS:div TYPE="Chapter" LABEL="3.4网络层" ORDERLABEL="44"><METS:fptr FILEID="00000058"/>
					<METS:div TYPE="Chapter" LABEL="3.4.1网络层的功能" ORDERLABEL="45"><METS:fptr FILEID="00000059"/>
					</METS:div>
					<METS:div TYPE="Chapter" LABEL="3.4.2网络层的服务" ORDERLABEL="45"><METS:fptr FILEID="00000059"/>
					</METS:div>
					<METS:div TYPE="Chapter" LABEL="3.4.3路由选择" ORDERLABEL="46"><METS:fptr FILEID="00000060"/>
					</METS:div>
					<METS:div TYPE="Chapter" LABEL="3.4.4拥塞控制" ORDERLABEL="49"><METS:fptr FILEID="00000063"/>
					</METS:div>
					<METS:div TYPE="Chapter" LABEL="3.4.5X.25建议书" ORDERLABEL="51"><METS:fptr FILEID="00000065"/>
					</METS:div>
				</METS:div>
				<METS:div TYPE="Chapter" LABEL="3.5传输层" ORDERLABEL="52"><METS:fptr FILEID="00000066"/>
					<METS:div TYPE="Chapter" LABEL="3.5.1传输层的作用" ORDERLABEL="52"><METS:fptr FILEID="00000066"/>
					</METS:div>
					<METS:div TYPE="Chapter" LABEL="3.5.2传输协议分类" ORDERLABEL="53"><METS:fptr FILEID="00000067"/>
					</METS:div>
				</METS:div>
				<METS:div TYPE="Chapter" LABEL="3.6高层协议" ORDERLABEL="54"><METS:fptr FILEID="00000068"/>
					<METS:div TYPE="Chapter" LABEL="3.6.1会话层" ORDERLABEL="54"><METS:fptr FILEID="00000068"/>
					</METS:div>
					<METS:div TYPE="Chapter" LABEL="3.6.2表示层" ORDERLABEL="54"><METS:fptr FILEID="00000068"/>
					</METS:div>
					<METS:div TYPE="Chapter" LABEL="3.6.3应用层" ORDERLABEL="54"><METS:fptr FILEID="00000068"/>
					</METS:div>
				</METS:div>
				<METS:div TYPE="Chapter" LABEL="思考题" ORDERLABEL="54"><METS:fptr FILEID="00000068"/>
				</METS:div>
			</METS:div>
			<METS:div TYPE="Chapter" LABEL="第4章  广域网" ORDERLABEL="56"><METS:fptr FILEID="00000070"/>
				<METS:div TYPE="Chapter" LABEL="4.1广域网概述" ORDERLABEL="56"><METS:fptr FILEID="00000070"/>
				</METS:div>
				<METS:div TYPE="Chapter" LABEL="4.2公用电话网PSTN" ORDERLABEL="57"><METS:fptr FILEID="00000071"/>
				</METS:div>
				<METS:div TYPE="Chapter" LABEL="4.3公用分组交换网PSPDN" ORDERLABEL="58"><METS:fptr FILEID="00000072"/>
				</METS:div>
				<METS:div TYPE="Chapter" LABEL="4.4帧中继FRN" ORDERLABEL="58"><METS:fptr FILEID="00000072"/>
				</METS:div>
				<METS:div TYPE="Chapter" LABEL="4.5数字数据网DDN" ORDERLABEL="59"><METS:fptr FILEID="00000073"/>
					<METS:div TYPE="Chapter" LABEL="4.5.1DDN的组成" ORDERLABEL="60"><METS:fptr FILEID="00000074"/>
					</METS:div>
					<METS:div TYPE="Chapter" LABEL="4.5.2时分复用和数字交叉连接" ORDERLABEL="60"><METS:fptr FILEID="00000074"/>
					</METS:div>
					<METS:div TYPE="Chapter" LABEL="4.5.3DDN业务" ORDERLABEL="61"><METS:fptr FILEID="00000075"/>
					</METS:div>
					<METS:div TYPE="Chapter" LABEL="4.5.4用户设备接入" ORDERLABEL="61"><METS:fptr FILEID="00000075"/>
					</METS:div>
				</METS:div>
				<METS:div TYPE="Chapter" LABEL="4.6综合业务数字网ISDN" ORDERLABEL="62"><METS:fptr FILEID="00000076"/>
					<METS:div TYPE="Chapter" LABEL="4.6.1ISDN概述" ORDERLABEL="62"><METS:fptr FILEID="00000076"/>
					</METS:div>
					<METS:div TYPE="Chapter" LABEL="4.6.2信道" ORDERLABEL="63"><METS:fptr FILEID="00000077"/>
					</METS:div>
					<METS:div TYPE="Chapter" LABEL="4.6.3ISDN业务" ORDERLABEL="63"><METS:fptr FILEID="00000077"/>
					</METS:div>
					<METS:div TYPE="Chapter" LABEL="4.6.4ISDN终端" ORDERLABEL="64"><METS:fptr FILEID="00000078"/>
					</METS:div>
				</METS:div>
				<METS:div TYPE="Chapter" LABEL="4.7光纤传输网SDH" ORDERLABEL="65"><METS:fptr FILEID="00000079"/>
					<METS:div TYPE="Chapter" LABEL="4.7.1数字复接" ORDERLABEL="65"><METS:fptr FILEID="00000079"/>
					</METS:div>
					<METS:div TYPE="Chapter" LABEL="4.7.2SDH的特点" ORDERLABEL="66"><METS:fptr FILEID="00000080"/>
					</METS:div>
					<METS:div TYPE="Chapter" LABEL="4.7.3传输速率等级" ORDERLABEL="66"><METS:fptr FILEID="00000080"/>
					</METS:div>
					<METS:div TYPE="Chapter" LABEL="4.7.4SDH的帧结构" ORDERLABEL="66"><METS:fptr FILEID="00000080"/>
					</METS:div>
					<METS:div TYPE="Chapter" LABEL="4.7.5复用原理" ORDERLABEL="67"><METS:fptr FILEID="00000081"/>
					</METS:div>
					<METS:div TYPE="Chapter" LABEL="4.7.6分层原理" ORDERLABEL="67"><METS:fptr FILEID="00000081"/>
					</METS:div>
				</METS:div>
				<METS:div TYPE="Chapter" LABEL="4.8宽带网ATM" ORDERLABEL="67"><METS:fptr FILEID="00000081"/>
					<METS:div TYPE="Chapter" LABEL="4.8.1ATM概述" ORDERLABEL="68"><METS:fptr FILEID="00000082"/>
					</METS:div>
					<METS:div TYPE="Chapter" LABEL="4.8.2ATM的特点" ORDERLABEL="68"><METS:fptr FILEID="00000082"/>
					</METS:div>
					<METS:div TYPE="Chapter" LABEL="4.8.3虚连接" ORDERLABEL="68"><METS:fptr FILEID="00000082"/>
					</METS:div>
					<METS:div TYPE="Chapter" LABEL="4.8.4网络结构" ORDERLABEL="69"><METS:fptr FILEID="00000083"/>
					</METS:div>
					<METS:div TYPE="Chapter" LABEL="4.8.5信元结构" ORDERLABEL="69"><METS:fptr FILEID="00000083"/>
					</METS:div>
					<METS:div TYPE="Chapter" LABEL="4.8.6交换的概念" ORDERLABEL="70"><METS:fptr FILEID="00000084"/>
					</METS:div>
					<METS:div TYPE="Chapter" LABEL="4.8.7ATM协议模型" ORDERLABEL="70"><METS:fptr FILEID="00000084"/>
					</METS:div>
				</METS:div>
				<METS:div TYPE="Chapter" LABEL="思考题" ORDERLABEL="71"><METS:fptr FILEID="00000085"/>
				</METS:div>
			</METS:div>
			<METS:div TYPE="Chapter" LABEL="第5章  局域网" ORDERLABEL="73"><METS:fptr FILEID="00000087"/>
				<METS:div TYPE="Chapter" LABEL="5.1局域网概述" ORDERLABEL="73"><METS:fptr FILEID="00000087"/>
					<METS:div TYPE="Chapter" LABEL="5.1.1局域网的发展历史" ORDERLABEL="73"><METS:fptr FILEID="00000087"/>
					</METS:div>
					<METS:div TYPE="Chapter" LABEL="5.1.2局域网的特点" ORDERLABEL="74"><METS:fptr FILEID="00000088"/>
					</METS:div>
					<METS:div TYPE="Chapter" LABEL="5.1.3局域网的分类" ORDERLABEL="75"><METS:fptr FILEID="00000089"/>
					</METS:div>
				</METS:div>
				<METS:div TYPE="Chapter" LABEL="5.2局域网介质访问控制方式" ORDERLABEL="75"><METS:fptr FILEID="00000089"/>
					<METS:div TYPE="Chapter" LABEL="5.2.1信道共享" ORDERLABEL="75"><METS:fptr FILEID="00000089"/>
					</METS:div>
					<METS:div TYPE="Chapter" LABEL="5.2.2随机访问" ORDERLABEL="77"><METS:fptr FILEID="00000091"/>
					</METS:div>
					<METS:div TYPE="Chapter" LABEL="5.2.3环形网介质访问" ORDERLABEL="79"><METS:fptr FILEID="00000093"/>
					</METS:div>
				</METS:div>
				<METS:div TYPE="Chapter" LABEL="5.3局域网的协议标准" ORDERLABEL="80"><METS:fptr FILEID="00000094"/>
					<METS:div TYPE="Chapter" LABEL="5.3.1IEEE 802协议" ORDERLABEL="80"><METS:fptr FILEID="00000094"/>
					</METS:div>
					<METS:div TYPE="Chapter" LABEL="5.3.2逻辑链路控制子层LLC" ORDERLABEL="82"><METS:fptr FILEID="00000096"/>
					</METS:div>
					<METS:div TYPE="Chapter" LABEL="5.3.3以太网的MAC层" ORDERLABEL="83"><METS:fptr FILEID="00000097"/>
					</METS:div>
				</METS:div>
				<METS:div TYPE="Chapter" LABEL="5.4以太网组网原理" ORDERLABEL="85"><METS:fptr FILEID="00000099"/>
					<METS:div TYPE="Chapter" LABEL="5.4.1网络的基本组成" ORDERLABEL="85"><METS:fptr FILEID="00000099"/>
					</METS:div>
					<METS:div TYPE="Chapter" LABEL="5.4.210M以太网" ORDERLABEL="86"><METS:fptr FILEID="00000100"/>
					</METS:div>
					<METS:div TYPE="Chapter" LABEL="5.4.3交换式以太网" ORDERLABEL="88"><METS:fptr FILEID="00000102"/>
					</METS:div>
					<METS:div TYPE="Chapter" LABEL="5.4.4100M以太网" ORDERLABEL="90"><METS:fptr FILEID="00000104"/>
					</METS:div>
					<METS:div TYPE="Chapter" LABEL="5.4.5lG高速以太网" ORDERLABEL="90"><METS:fptr FILEID="00000104"/>
					</METS:div>
				</METS:div>
				<METS:div TYPE="Chapter" LABEL="思考题" ORDERLABEL="91"><METS:fptr FILEID="00000105"/>
				</METS:div>
			</METS:div>
			<METS:div TYPE="Chapter" LABEL="第6章  TCP/IP协议" ORDERLABEL="92"><METS:fptr FILEID="00000106"/>
				<METS:div TYPE="Chapter" LABEL="6.1TCP/IP协议概述" ORDERLABEL="92"><METS:fptr FILEID="00000106"/>
					<METS:div TYPE="Chapter" LABEL="6.1.1TCP/IP协议的重要性" ORDERLABEL="92"><METS:fptr FILEID="00000106"/>
					</METS:div>
					<METS:div TYPE="Chapter" LABEL="6.1.2TCP/IP的起源" ORDERLABEL="93"><METS:fptr FILEID="00000107"/>
					</METS:div>
					<METS:div TYPE="Chapter" LABEL="6.1.3TCP/IP的层次结构" ORDERLABEL="93"><METS:fptr FILEID="00000107"/>
					</METS:div>
					<METS:div TYPE="Chapter" LABEL="6.1.4下一代IP协议IPv6" ORDERLABEL="94"><METS:fptr FILEID="00000108"/>
					</METS:div>
				</METS:div>
				<METS:div TYPE="Chapter" LABEL="6.2 IP互联网协议" ORDERLABEL="94"><METS:fptr FILEID="00000108"/>
					<METS:div TYPE="Chapter" LABEL="6.2.1IP层的作用" ORDERLABEL="94"><METS:fptr FILEID="00000108"/>
					</METS:div>
					<METS:div TYPE="Chapter" LABEL="6.2.2IP地址" ORDERLABEL="94"><METS:fptr FILEID="00000108"/>
					</METS:div>
					<METS:div TYPE="Chapter" LABEL="6.2.3地址解析" ORDERLABEL="97"><METS:fptr FILEID="00000111"/>
					</METS:div>
					<METS:div TYPE="Chapter" LABEL="6.2.4域名系统" ORDERLABEL="97"><METS:fptr FILEID="00000111"/>
					</METS:div>
					<METS:div TYPE="Chapter" LABEL="6.2.5IP数据报" ORDERLABEL="99"><METS:fptr FILEID="00000113"/>
					</METS:div>
					<METS:div TYPE="Chapter" LABEL="6.2.6IP控制报文协议ICMP" ORDERLABEL="101"><METS:fptr FILEID="00000115"/>
					</METS:div>
					<METS:div TYPE="Chapter" LABEL="6.2.7 IP路由选择" ORDERLABEL="103"><METS:fptr FILEID="00000117"/>
					</METS:div>
				</METS:div>
				<METS:div TYPE="Chapter" LABEL="6.3 TCP传输层协议" ORDERLABEL="108"><METS:fptr FILEID="00000122"/>
					<METS:div TYPE="Chapter" LABEL="6.3.1基本概念" ORDERLABEL="108"><METS:fptr FILEID="00000122"/>
					</METS:div>
					<METS:div TYPE="Chapter" LABEL="6.3.2传输端口" ORDERLABEL="108"><METS:fptr FILEID="00000122"/>
					</METS:div>
					<METS:div TYPE="Chapter" LABEL="6.3.3UDP协议" ORDERLABEL="109"><METS:fptr FILEID="00000123"/>
					</METS:div>
					<METS:div TYPE="Chapter" LABEL="6.3.4TCP协议" ORDERLABEL="109"><METS:fptr FILEID="00000123"/>
					</METS:div>
				</METS:div>
				<METS:div TYPE="Chapter" LABEL="6.4应用层协议" ORDERLABEL="111"><METS:fptr FILEID="00000125"/>
					<METS:div TYPE="Chapter" LABEL="6.4.1客户机服务器模型" ORDERLABEL="111"><METS:fptr FILEID="00000125"/>
					</METS:div>
					<METS:div TYPE="Chapter" LABEL="6.4.2远程登录Telnet协议" ORDERLABEL="112"><METS:fptr FILEID="00000126"/>
					</METS:div>
					<METS:div TYPE="Chapter" LABEL="6.4.3文件传输FTP协议" ORDERLABEL="114"><METS:fptr FILEID="00000128"/>
					</METS:div>
					<METS:div TYPE="Chapter" LABEL="6.4.4电子邮件协议" ORDERLABEL="115"><METS:fptr FILEID="00000129"/>
					</METS:div>
				</METS:div>
				<METS:div TYPE="Chapter" LABEL="思考题" ORDERLABEL="117"><METS:fptr FILEID="00000131"/>
				</METS:div>
			</METS:div>
		</METS:div>
		<METS:div TYPE="Chapter" LABEL="第3部分  网络操作系统" ORDERLABEL="121"><METS:fptr FILEID="00000133"/>
			<METS:div TYPE="Chapter" LABEL="第7章  Windows 2000网络操作系统" ORDERLABEL="121"><METS:fptr FILEID="00000135"/>
				<METS:div TYPE="Chapter" LABEL="7.1概述" ORDERLABEL="121"><METS:fptr FILEID="00000135"/>
					<METS:div TYPE="Chapter" LABEL="7.1.1网络操作系统的基本概念" ORDERLABEL="121"><METS:fptr FILEID="00000135"/>
					</METS:div>
					<METS:div TYPE="Chapter" LABEL="7.1.2 Windows网络操作系统的发展" ORDERLABEL="125"><METS:fptr FILEID="00000139"/>
					</METS:div>
					<METS:div TYPE="Chapter" LABEL="7.1.3 Windows 2000操作系统介绍" ORDERLABEL="126"><METS:fptr FILEID="00000140"/>
					</METS:div>
				</METS:div>
				<METS:div TYPE="Chapter" LABEL="7.2 Windows 2000域" ORDERLABEL="128"><METS:fptr FILEID="00000142"/>
					<METS:div TYPE="Chapter" LABEL="7.2.1域的基本概念" ORDERLABEL="128"><METS:fptr FILEID="00000142"/>
					</METS:div>
					<METS:div TYPE="Chapter" LABEL="7.2.2 Windows 2000域的特点" ORDERLABEL="129"><METS:fptr FILEID="00000143"/>
					</METS:div>
					<METS:div TYPE="Chapter" LABEL="7.2.3域的组成" ORDERLABEL="130"><METS:fptr FILEID="00000144"/>
					</METS:div>
					<METS:div TYPE="Chapter" LABEL="7.2.4域的结构" ORDERLABEL="131"><METS:fptr FILEID="00000145"/>
					</METS:div>
				</METS:div>
				<METS:div TYPE="Chapter" LABEL="7.3Windows 2000 Sever的安装" ORDERLABEL="131"><METS:fptr FILEID="00000145"/>
					<METS:div TYPE="Chapter" LABEL="7.3.1需要说明的问题" ORDERLABEL="131"><METS:fptr FILEID="00000145"/>
					</METS:div>
					<METS:div TYPE="Chapter" LABEL="7.3.2需要了解的几个问题" ORDERLABEL="132"><METS:fptr FILEID="00000146"/>
					</METS:div>
					<METS:div TYPE="Chapter" LABEL="7.3.3安装的准备阶段" ORDERLABEL="133"><METS:fptr FILEID="00000147"/>
					</METS:div>
					<METS:div TYPE="Chapter" LABEL="7.3.4安装过程" ORDERLABEL="133"><METS:fptr FILEID="00000147"/>
					</METS:div>
				</METS:div>
				<METS:div TYPE="Chapter" LABEL="7.4活动目录的安装与配置" ORDERLABEL="134"><METS:fptr FILEID="00000148"/>
					<METS:div TYPE="Chapter" LABEL="7.4.1关于域控制器" ORDERLABEL="134"><METS:fptr FILEID="00000148"/>
					</METS:div>
					<METS:div TYPE="Chapter" LABEL="7.4.2安装活动目录" ORDERLABEL="135"><METS:fptr FILEID="00000149"/>
					</METS:div>
					<METS:div TYPE="Chapter" LABEL="7.4.3活动目录管理单元的界面" ORDERLABEL="140"><METS:fptr FILEID="00000154"/>
					</METS:div>
				</METS:div>
				<METS:div TYPE="Chapter" LABEL="7.5客户机配置" ORDERLABEL="143"><METS:fptr FILEID="00000157"/>
					<METS:div TYPE="Chapter" LABEL="7.5.1概述" ORDERLABEL="143"><METS:fptr FILEID="00000157"/>
					</METS:div>
					<METS:div TYPE="Chapter" LABEL="7.5.2 Windows 98客户机" ORDERLABEL="143"><METS:fptr FILEID="00000157"/>
					</METS:div>
					<METS:div TYPE="Chapter" LABEL="7.5.3Windows XP客户机" ORDERLABEL="144"><METS:fptr FILEID="00000158"/>
					</METS:div>
					<METS:div TYPE="Chapter" LABEL="7.5.4Windows 2000Professional客户机" ORDERLABEL="146"><METS:fptr FILEID="00000160"/>
					</METS:div>
					<METS:div TYPE="Chapter" LABEL="7.5.5网络中常用的TCP/IP命令行命令" ORDERLABEL="147"><METS:fptr FILEID="00000161"/>
					</METS:div>
					<METS:div TYPE="Chapter" LABEL="7.5.6终端服务" ORDERLABEL="147"><METS:fptr FILEID="00000161"/>
					</METS:div>
				</METS:div>
				<METS:div TYPE="Chapter" LABEL="思考题" ORDERLABEL="150"><METS:fptr FILEID="00000164"/>
				</METS:div>
			</METS:div>
			<METS:div TYPE="Chapter" LABEL="第8章  Windows 2000网络管理" ORDERLABEL="151"><METS:fptr FILEID="00000165"/>
				<METS:div TYPE="Chapter" LABEL="8.1概述" ORDERLABEL="151"><METS:fptr FILEID="00000165"/>
				</METS:div>
				<METS:div TYPE="Chapter" LABEL="8.2用户帐号" ORDERLABEL="152"><METS:fptr FILEID="00000166"/>
					<METS:div TYPE="Chapter" LABEL="8.2.1帐号的基本概念" ORDERLABEL="152"><METS:fptr FILEID="00000166"/>
					</METS:div>
					<METS:div TYPE="Chapter" LABEL="8.2.2帐号的建立" ORDERLABEL="153"><METS:fptr FILEID="00000167"/>
					</METS:div>
					<METS:div TYPE="Chapter" LABEL="8.2.3用户帐号的管理" ORDERLABEL="155"><METS:fptr FILEID="00000169"/>
					</METS:div>
				</METS:div>
				<METS:div TYPE="Chapter" LABEL="8.3组帐号" ORDERLABEL="156"><METS:fptr FILEID="00000170"/>
					<METS:div TYPE="Chapter" LABEL="8.3.1组的概念" ORDERLABEL="156"><METS:fptr FILEID="00000170"/>
					</METS:div>
					<METS:div TYPE="Chapter" LABEL="8.3.2组的类型" ORDERLABEL="157"><METS:fptr FILEID="00000171"/>
					</METS:div>
					<METS:div TYPE="Chapter" LABEL="8.3.3组的建立" ORDERLABEL="157"><METS:fptr FILEID="00000171"/>
					</METS:div>
					<METS:div TYPE="Chapter" LABEL="8.3.4内置组" ORDERLABEL="158"><METS:fptr FILEID="00000172"/>
					</METS:div>
				</METS:div>
				<METS:div TYPE="Chapter" LABEL="8.4NTFS权限" ORDERLABEL="159"><METS:fptr FILEID="00000173"/>
					<METS:div TYPE="Chapter" LABEL="8.4.1NTFS权限的基本概念" ORDERLABEL="159"><METS:fptr FILEID="00000173"/>
					</METS:div>
					<METS:div TYPE="Chapter" LABEL="8.4.2NTFS权限的类型" ORDERLABEL="160"><METS:fptr FILEID="00000174"/>
					</METS:div>
					<METS:div TYPE="Chapter" LABEL="8.4.3NTFS权限设置" ORDERLABEL="161"><METS:fptr FILEID="00000175"/>
					</METS:div>
					<METS:div TYPE="Chapter" LABEL="8.4.4有效权限" ORDERLABEL="163"><METS:fptr FILEID="00000177"/>
					</METS:div>
					<METS:div TYPE="Chapter" LABEL="8.4.5复制和移动后的权限" ORDERLABEL="163"><METS:fptr FILEID="00000177"/>
					</METS:div>
				</METS:div>
				<METS:div TYPE="Chapter" LABEL="8.5共享文件夹" ORDERLABEL="164"><METS:fptr FILEID="00000178"/>
					<METS:div TYPE="Chapter" LABEL="8.5.1文件共享" ORDERLABEL="164"><METS:fptr FILEID="00000178"/>
					</METS:div>
					<METS:div TYPE="Chapter" LABEL="8.5.2设置共享文件夹" ORDERLABEL="165"><METS:fptr FILEID="00000179"/>
					</METS:div>
					<METS:div TYPE="Chapter" LABEL="8.5.3访问共享文件夹" ORDERLABEL="166"><METS:fptr FILEID="00000180"/>
					</METS:div>
					<METS:div TYPE="Chapter" LABEL="8.5.4发布共享文件夹" ORDERLABEL="166"><METS:fptr FILEID="00000180"/>
					</METS:div>
				</METS:div>
				<METS:div TYPE="Chapter" LABEL="8.6共享打印机" ORDERLABEL="168"><METS:fptr FILEID="00000182"/>
					<METS:div TYPE="Chapter" LABEL="8.6.1基本概念" ORDERLABEL="168"><METS:fptr FILEID="00000182"/>
					</METS:div>
					<METS:div TYPE="Chapter" LABEL="8.6.2添加打印机" ORDERLABEL="168"><METS:fptr FILEID="00000182"/>
					</METS:div>
					<METS:div TYPE="Chapter" LABEL="8.6.3连接共享打印机" ORDERLABEL="170"><METS:fptr FILEID="00000184"/>
					</METS:div>
					<METS:div TYPE="Chapter" LABEL="8.6.4打印机的访问权限" ORDERLABEL="171"><METS:fptr FILEID="00000185"/>
					</METS:div>
					<METS:div TYPE="Chapter" LABEL="8.6.5打印机的管理" ORDERLABEL="171"><METS:fptr FILEID="00000185"/>
					</METS:div>
				</METS:div>
				<METS:div TYPE="Chapter" LABEL="思考题" ORDERLABEL="173"><METS:fptr FILEID="00000187"/>
				</METS:div>
			</METS:div>
			<METS:div TYPE="Chapter" LABEL="第9章  Windows 2000网络服务" ORDERLABEL="174"><METS:fptr FILEID="00000188"/>
				<METS:div TYPE="Chapter" LABEL="9.1概述" ORDERLABEL="174"><METS:fptr FILEID="00000188"/>
				</METS:div>
				<METS:div TYPE="Chapter" LABEL="9.2DNS服务器" ORDERLABEL="175"><METS:fptr FILEID="00000189"/>
					<METS:div TYPE="Chapter" LABEL="9.2.1 DNS的基本概念" ORDERLABEL="175"><METS:fptr FILEID="00000189"/>
					</METS:div>
					<METS:div TYPE="Chapter" LABEL="9.2.2Windows 2000的DNS" ORDERLABEL="177"><METS:fptr FILEID="00000191"/>
					</METS:div>
					<METS:div TYPE="Chapter" LABEL="9.2.3DNS的安装" ORDERLABEL="179"><METS:fptr FILEID="00000193"/>
					</METS:div>
					<METS:div TYPE="Chapter" LABEL="9.2.4DNS的应用" ORDERLABEL="183"><METS:fptr FILEID="00000197"/>
					</METS:div>
				</METS:div>
				<METS:div TYPE="Chapter" LABEL="9.3DHCP服务器" ORDERLABEL="186"><METS:fptr FILEID="00000200"/>
					<METS:div TYPE="Chapter" LABEL="9.3.1基本概念" ORDERLABEL="187"><METS:fptr FILEID="00000201"/>
					</METS:div>
					<METS:div TYPE="Chapter" LABEL="9.3.2DHCP服务器的安装" ORDERLABEL="188"><METS:fptr FILEID="00000202"/>
					</METS:div>
					<METS:div TYPE="Chapter" LABEL="9.3.3应用DHCP" ORDERLABEL="190"><METS:fptr FILEID="00000204"/>
					</METS:div>
				</METS:div>
				<METS:div TYPE="Chapter" LABEL="9.4WINS服务器" ORDERLABEL="192"><METS:fptr FILEID="00000206"/>
					<METS:div TYPE="Chapter" LABEL="9.4.1基本概念" ORDERLABEL="192"><METS:fptr FILEID="00000206"/>
					</METS:div>
					<METS:div TYPE="Chapter" LABEL="9.4.2WINS服务器的安装" ORDERLABEL="195"><METS:fptr FILEID="00000209"/>
					</METS:div>
					<METS:div TYPE="Chapter" LABEL="9.4.3应用WINS限务器" ORDERLABEL="196"><METS:fptr FILEID="00000210"/>
					</METS:div>
					<METS:div TYPE="Chapter" LABEL="9.4.4与DNS和DHCP的关系" ORDERLABEL="197"><METS:fptr FILEID="00000211"/>
					</METS:div>
				</METS:div>
				<METS:div TYPE="Chapter" LABEL="9.5远程访问服务" ORDERLABEL="198"><METS:fptr FILEID="00000212"/>
					<METS:div TYPE="Chapter" LABEL="9.5.1基本概念" ORDERLABEL="199"><METS:fptr FILEID="00000213"/>
					</METS:div>
					<METS:div TYPE="Chapter" LABEL="9.5.2远程访问专用网" ORDERLABEL="205"><METS:fptr FILEID="00000219"/>
					</METS:div>
					<METS:div TYPE="Chapter" LABEL="9.5.3远程访问VPN" ORDERLABEL="210"><METS:fptr FILEID="00000224"/>
					</METS:div>
				</METS:div>
				<METS:div TYPE="Chapter" LABEL="思考题" ORDERLABEL="216"><METS:fptr FILEID="00000230"/>
				</METS:div>
			</METS:div>
		</METS:div>
		<METS:div TYPE="Chapter" LABEL="第4部分  Internet应用" ORDERLABEL="219"><METS:fptr FILEID="00000231"/>
			<METS:div TYPE="Chapter" LABEL="第10章  Internet技术" ORDERLABEL="219"><METS:fptr FILEID="00000233"/>
				<METS:div TYPE="Chapter" LABEL="10.1概述" ORDERLABEL="219"><METS:fptr FILEID="00000233"/>
					<METS:div TYPE="Chapter" LABEL="10.1.1什么是Internet" ORDERLABEL="219"><METS:fptr FILEID="00000233"/>
					</METS:div>
					<METS:div TYPE="Chapter" LABEL="10.1.2 Internet技术概况" ORDERLABEL="220"><METS:fptr FILEID="00000234"/>
					</METS:div>
					<METS:div TYPE="Chapter" LABEL="10.1.3Internet的特点" ORDERLABEL="223"><METS:fptr FILEID="00000237"/>
					</METS:div>
				</METS:div>
				<METS:div TYPE="Chapter" LABEL="10.2Internet的发展" ORDERLABEL="224"><METS:fptr FILEID="00000238"/>
					<METS:div TYPE="Chapter" LABEL="10.2.1Internet的起源" ORDERLABEL="224"><METS:fptr FILEID="00000238"/>
					</METS:div>
					<METS:div TYPE="Chapter" LABEL="10.2.2Internet在中国的发展" ORDERLABEL="225"><METS:fptr FILEID="00000239"/>
					</METS:div>
				</METS:div>
				<METS:div TYPE="Chapter" LABEL="10.3Internet应用" ORDERLABEL="225"><METS:fptr FILEID="00000239"/>
					<METS:div TYPE="Chapter" LABEL="10.3.1Internet的功能" ORDERLABEL="226"><METS:fptr FILEID="00000240"/>
					</METS:div>
					<METS:div TYPE="Chapter" LABEL="10.3.2TCP/IP的三项应用" ORDERLABEL="227"><METS:fptr FILEID="00000241"/>
					</METS:div>
					<METS:div TYPE="Chapter" LABEL="10.3.3早期信息服务" ORDERLABEL="228"><METS:fptr FILEID="00000242"/>
					</METS:div>
					<METS:div TYPE="Chapter" LABEL="10.3.4WWW应用" ORDERLABEL="229"><METS:fptr FILEID="00000243"/>
					</METS:div>
					<METS:div TYPE="Chapter" LABEL="10.3.5Intranet" ORDERLABEL="233"><METS:fptr FILEID="00000247"/>
					</METS:div>
				</METS:div>
				<METS:div TYPE="Chapter" LABEL="10.4Internet接入" ORDERLABEL="235"><METS:fptr FILEID="00000249"/>
					<METS:div TYPE="Chapter" LABEL="10.4.1接入的概念" ORDERLABEL="235"><METS:fptr FILEID="00000249"/>
					</METS:div>
					<METS:div TYPE="Chapter" LABEL="10.4.2接入方式" ORDERLABEL="235"><METS:fptr FILEID="00000249"/>
					</METS:div>
					<METS:div TYPE="Chapter" LABEL="10.4.3拨号接入实例" ORDERLABEL="236"><METS:fptr FILEID="00000250"/>
					</METS:div>
					<METS:div TYPE="Chapter" LABEL="10.4.4共享接入" ORDERLABEL="236"><METS:fptr FILEID="00000250"/>
					</METS:div>
				</METS:div>
				<METS:div TYPE="Chapter" LABEL="思考题" ORDERLABEL="237"><METS:fptr FILEID="00000251"/>
				</METS:div>
			</METS:div>
			<METS:div TYPE="Chapter" LABEL="第11章  Windows 2000网站建设" ORDERLABEL="238"><METS:fptr FILEID="00000252"/>
				<METS:div TYPE="Chapter" LABEL="11.1概述" ORDERLABEL="238"><METS:fptr FILEID="00000252"/>
				</METS:div>
				<METS:div TYPE="Chapter" LABEL="11.2网页设计" ORDERLABEL="239"><METS:fptr FILEID="00000253"/>
					<METS:div TYPE="Chapter" LABEL="11.2.1网页设计基本概念" ORDERLABEL="239"><METS:fptr FILEID="00000253"/>
					</METS:div>
					<METS:div TYPE="Chapter" LABEL="11.2.2HTML语言" ORDERLABEL="241"><METS:fptr FILEID="00000255"/>
					</METS:div>
					<METS:div TYPE="Chapter" LABEL="11.2.3VB脚本语言" ORDERLABEL="242"><METS:fptr FILEID="00000256"/>
					</METS:div>
					<METS:div TYPE="Chapter" LABEL="11.2.4ASP动态网页设计" ORDERLABEL="243"><METS:fptr FILEID="00000257"/>
					</METS:div>
					<METS:div TYPE="Chapter" LABEL="11.2.5网页设计软件Frontpage" ORDERLABEL="245"><METS:fptr FILEID="00000259"/>
					</METS:div>
				</METS:div>
				<METS:div TYPE="Chapter" LABEL="11.3Web站点" ORDERLABEL="246"><METS:fptr FILEID="00000260"/>
					<METS:div TYPE="Chapter" LABEL="11.3.1IIS 5.0服务器" ORDERLABEL="246"><METS:fptr FILEID="00000260"/>
					</METS:div>
					<METS:div TYPE="Chapter" LABEL="11.3.2 Web站点简介" ORDERLABEL="248"><METS:fptr FILEID="00000262"/>
					</METS:div>
					<METS:div TYPE="Chapter" LABEL="11.3.3新建Web站点" ORDERLABEL="251"><METS:fptr FILEID="00000265"/>
					</METS:div>
					<METS:div TYPE="Chapter" LABEL="11.3.4新建虚拟目录" ORDERLABEL="253"><METS:fptr FILEID="00000267"/>
					</METS:div>
					<METS:div TYPE="Chapter" LABEL="11.3.5Web应用" ORDERLABEL="253"><METS:fptr FILEID="00000267"/>
					</METS:div>
				</METS:div>
				<METS:div TYPE="Chapter" LABEL="11.4FTP站点" ORDERLABEL="255"><METS:fptr FILEID="00000269"/>
					<METS:div TYPE="Chapter" LABEL="11.4.1默认站点" ORDERLABEL="255"><METS:fptr FILEID="00000269"/>
					</METS:div>
					<METS:div TYPE="Chapter" LABEL="11.4.2新建站点及目录" ORDERLABEL="256"><METS:fptr FILEID="00000270"/>
					</METS:div>
					<METS:div TYPE="Chapter" LABEL="11.4.3FTP访问" ORDERLABEL="258"><METS:fptr FILEID="00000272"/>
					</METS:div>
				</METS:div>
				<METS:div TYPE="Chapter" LABEL="11.5邮件服务器" ORDERLABEL="259"><METS:fptr FILEID="00000273"/>
					<METS:div TYPE="Chapter" LABEL="11.5.1邮件服务器设置" ORDERLABEL="259"><METS:fptr FILEID="00000273"/>
					</METS:div>
					<METS:div TYPE="Chapter" LABEL="11.5.2邮件客户软件的设置" ORDERLABEL="260"><METS:fptr FILEID="00000274"/>
					</METS:div>
					<METS:div TYPE="Chapter" LABEL="11.5.3Web模式应用" ORDERLABEL="262"><METS:fptr FILEID="00000276"/>
					</METS:div>
				</METS:div>
				<METS:div TYPE="Chapter" LABEL="思考题" ORDERLABEL="263"><METS:fptr FILEID="00000277"/>
				</METS:div>
			</METS:div>
		</METS:div>
	</METS:structMap>
</METS:mets>
