<?xml version="1.0" encoding="utf-8"?>
<METS:mets xmlns:METS="http://www.loc.gov/METS/" xmlns:xsi="http://www.w3.org/2001/XMLSchema-instance" xmlns:gdm="http://sunsite.berkeley.edu/GDM/" xmlns:xlink="http://www.w3.org/TR/xlink" xsi:schemalocation="http://www.loc.gov/METS/http://www.loc.gov/standards/mets/mets.xsd" LABEL="Zhejiang University.jdl.China-America digital library project" TYPE="Section">
	<METS:structMap TYPE="Catalog">
		<METS:div TYPE="Chapter" LABEL="第一章 概论" ORDERLABEL="1"><METS:fptr FILEID="00000011"/>
			<METS:div TYPE="Chapter" LABEL="一、复习要求" ORDERLABEL="1"><METS:fptr FILEID="00000011"/>
			</METS:div>
			<METS:div TYPE="Chapter" LABEL="二、内容提要" ORDERLABEL="1"><METS:fptr FILEID="00000011"/>
			</METS:div>
			<METS:div TYPE="Chapter" LABEL="三、例题分析" ORDERLABEL="7"><METS:fptr FILEID="00000017"/>
			</METS:div>
			<METS:div TYPE="Chapter" LABEL="四、习题" ORDERLABEL="9"><METS:fptr FILEID="00000019"/>
			</METS:div>
			<METS:div TYPE="Chapter" LABEL="五、解题指导与习题解答" ORDERLABEL="9"><METS:fptr FILEID="00000019"/>
			</METS:div>
		</METS:div>
		<METS:div TYPE="Chapter" LABEL="第二章 计算机网络体系结构" ORDERLABEL="11"><METS:fptr FILEID="00000021"/>
			<METS:div TYPE="Chapter" LABEL="一、复习要求" ORDERLABEL="11"><METS:fptr FILEID="00000021"/>
			</METS:div>
			<METS:div TYPE="Chapter" LABEL="二、内容提要" ORDERLABEL="11"><METS:fptr FILEID="00000021"/>
			</METS:div>
			<METS:div TYPE="Chapter" LABEL="三、例题分析" ORDERLABEL="32"><METS:fptr FILEID="00000042"/>
			</METS:div>
			<METS:div TYPE="Chapter" LABEL="四、习题" ORDERLABEL="33"><METS:fptr FILEID="00000043"/>
			</METS:div>
			<METS:div TYPE="Chapter" LABEL="五、解题指导与习题解答" ORDERLABEL="34"><METS:fptr FILEID="00000044"/>
			</METS:div>
		</METS:div>
		<METS:div TYPE="Chapter" LABEL="第三章 数据通信基础" ORDERLABEL="37"><METS:fptr FILEID="00000047"/>
			<METS:div TYPE="Chapter" LABEL="一、复习要求" ORDERLABEL="37"><METS:fptr FILEID="00000047"/>
			</METS:div>
			<METS:div TYPE="Chapter" LABEL="二、内容提要" ORDERLABEL="37"><METS:fptr FILEID="00000047"/>
			</METS:div>
			<METS:div TYPE="Chapter" LABEL="三、例题分析" ORDERLABEL="58"><METS:fptr FILEID="00000068"/>
			</METS:div>
			<METS:div TYPE="Chapter" LABEL="四、习题" ORDERLABEL="59"><METS:fptr FILEID="00000069"/>
			</METS:div>
			<METS:div TYPE="Chapter" LABEL="五、解题指导与习题解答" ORDERLABEL="60"><METS:fptr FILEID="00000070"/>
			</METS:div>
		</METS:div>
		<METS:div TYPE="Chapter" LABEL="第四章 OSI下三层" ORDERLABEL="63"><METS:fptr FILEID="00000073"/>
			<METS:div TYPE="Chapter" LABEL="一、复习要求" ORDERLABEL="63"><METS:fptr FILEID="00000073"/>
			</METS:div>
			<METS:div TYPE="Chapter" LABEL="二、内容提要" ORDERLABEL="63"><METS:fptr FILEID="00000073"/>
			</METS:div>
			<METS:div TYPE="Chapter" LABEL="三、例题分析" ORDERLABEL="89"><METS:fptr FILEID="00000099"/>
			</METS:div>
			<METS:div TYPE="Chapter" LABEL="四、习题" ORDERLABEL="90"><METS:fptr FILEID="00000100"/>
			</METS:div>
			<METS:div TYPE="Chapter" LABEL="五、解题指导与习题解答" ORDERLABEL="92"><METS:fptr FILEID="00000102"/>
			</METS:div>
		</METS:div>
		<METS:div TYPE="Chapter" LABEL="第五章 运输层" ORDERLABEL="95"><METS:fptr FILEID="00000105"/>
			<METS:div TYPE="Chapter" LABEL="一、复习要求" ORDERLABEL="95"><METS:fptr FILEID="00000105"/>
			</METS:div>
			<METS:div TYPE="Chapter" LABEL="二、内容提要" ORDERLABEL="95"><METS:fptr FILEID="00000105"/>
			</METS:div>
			<METS:div TYPE="Chapter" LABEL="三、例题分析" ORDERLABEL="108"><METS:fptr FILEID="00000118"/>
			</METS:div>
			<METS:div TYPE="Chapter" LABEL="四、习题" ORDERLABEL="110"><METS:fptr FILEID="00000120"/>
			</METS:div>
			<METS:div TYPE="Chapter" LABEL="五、解题指导与习题解答" ORDERLABEL="111"><METS:fptr FILEID="00000121"/>
			</METS:div>
		</METS:div>
		<METS:div TYPE="Chapter" LABEL="第六章 OSI高三层协议" ORDERLABEL="114"><METS:fptr FILEID="00000124"/>
			<METS:div TYPE="Chapter" LABEL="一、复习要求" ORDERLABEL="114"><METS:fptr FILEID="00000124"/>
			</METS:div>
			<METS:div TYPE="Chapter" LABEL="二、内容提要" ORDERLABEL="114"><METS:fptr FILEID="00000124"/>
			</METS:div>
			<METS:div TYPE="Chapter" LABEL="三、例题分析" ORDERLABEL="144"><METS:fptr FILEID="00000154"/>
			</METS:div>
			<METS:div TYPE="Chapter" LABEL="四、习题" ORDERLABEL="146"><METS:fptr FILEID="00000156"/>
			</METS:div>
			<METS:div TYPE="Chapter" LABEL="五、解题指导与习题解答" ORDERLABEL="147"><METS:fptr FILEID="00000157"/>
			</METS:div>
		</METS:div>
		<METS:div TYPE="Chapter" LABEL="第七章 TCP/IP和因特网" ORDERLABEL="152"><METS:fptr FILEID="00000162"/>
			<METS:div TYPE="Chapter" LABEL="一、复习要求" ORDERLABEL="152"><METS:fptr FILEID="00000162"/>
			</METS:div>
			<METS:div TYPE="Chapter" LABEL="二、内容提要" ORDERLABEL="152"><METS:fptr FILEID="00000162"/>
			</METS:div>
			<METS:div TYPE="Chapter" LABEL="三、例题分析" ORDERLABEL="184"><METS:fptr FILEID="00000194"/>
			</METS:div>
			<METS:div TYPE="Chapter" LABEL="四、习题" ORDERLABEL="188"><METS:fptr FILEID="00000198"/>
			</METS:div>
			<METS:div TYPE="Chapter" LABEL="五、解题指导与习题解答" ORDERLABEL="189"><METS:fptr FILEID="00000199"/>
			</METS:div>
		</METS:div>
		<METS:div TYPE="Chapter" LABEL="第八章 局域网" ORDERLABEL="193"><METS:fptr FILEID="00000203"/>
			<METS:div TYPE="Chapter" LABEL="一、复习要求" ORDERLABEL="193"><METS:fptr FILEID="00000203"/>
			</METS:div>
			<METS:div TYPE="Chapter" LABEL="二、内容提要" ORDERLABEL="193"><METS:fptr FILEID="00000203"/>
			</METS:div>
			<METS:div TYPE="Chapter" LABEL="三、例题分析" ORDERLABEL="225"><METS:fptr FILEID="00000235"/>
			</METS:div>
			<METS:div TYPE="Chapter" LABEL="四、习题" ORDERLABEL="229"><METS:fptr FILEID="00000239"/>
			</METS:div>
			<METS:div TYPE="Chapter" LABEL="五、解题指导与习题解答" ORDERLABEL="230"><METS:fptr FILEID="00000240"/>
			</METS:div>
		</METS:div>
		<METS:div TYPE="Chapter" LABEL="第九章 广域网与接入网技术" ORDERLABEL="238"><METS:fptr FILEID="00000248"/>
			<METS:div TYPE="Chapter" LABEL="一、复习要求" ORDERLABEL="238"><METS:fptr FILEID="00000248"/>
			</METS:div>
			<METS:div TYPE="Chapter" LABEL="二、内容提要" ORDERLABEL="238"><METS:fptr FILEID="00000248"/>
			</METS:div>
			<METS:div TYPE="Chapter" LABEL="三、例题分析" ORDERLABEL="269"><METS:fptr FILEID="00000279"/>
			</METS:div>
			<METS:div TYPE="Chapter" LABEL="四、习题" ORDERLABEL="272"><METS:fptr FILEID="00000282"/>
			</METS:div>
			<METS:div TYPE="Chapter" LABEL="五、解题指导与习题解答" ORDERLABEL="272"><METS:fptr FILEID="00000282"/>
			</METS:div>
		</METS:div>
		<METS:div TYPE="Chapter" LABEL="第十章 网络管理与安全" ORDERLABEL="276"><METS:fptr FILEID="00000286"/>
			<METS:div TYPE="Chapter" LABEL="一、复习要求" ORDERLABEL="276"><METS:fptr FILEID="00000286"/>
			</METS:div>
			<METS:div TYPE="Chapter" LABEL="二、内容提要" ORDERLABEL="276"><METS:fptr FILEID="00000286"/>
			</METS:div>
			<METS:div TYPE="Chapter" LABEL="三、例题分析" ORDERLABEL="313"><METS:fptr FILEID="00000323"/>
			</METS:div>
			<METS:div TYPE="Chapter" LABEL="四、习题" ORDERLABEL="316"><METS:fptr FILEID="00000326"/>
			</METS:div>
			<METS:div TYPE="Chapter" LABEL="五、解题指导与习题解答" ORDERLABEL="318"><METS:fptr FILEID="00000328"/>
			</METS:div>
		</METS:div>
	</METS:structMap>
</METS:mets>
