<?xml version="1.0" encoding="utf-8"?>
<METS:mets xmlns:METS="http://www.loc.gov/METS/" xmlns:xsi="http://www.w3.org/2001/XMLSchema-instance" xmlns:gdm="http://sunsite.berkeley.edu/GDM/" xmlns:xlink="http://www.w3.org/TR/xlink" xsi:schemalocation="http://www.loc.gov/METS/http://www.loc.gov/standards/mets/mets.xsd" LABEL="Zhejiang University.jdl.China-America digital library project" TYPE="Section">
	<METS:structMap TYPE="Catalog">
		<METS:div TYPE="Chapter" LABEL="第1章 计算机网络的基本概念" ORDERLABEL="1"><METS:fptr FILEID="00000012"/>
			<METS:div TYPE="Chapter" LABEL="1．1 计算机网络及其分类" ORDERLABEL="1"><METS:fptr FILEID="00000012"/>
				<METS:div TYPE="Chapter" LABEL="1．1．1 计算机网络的概念" ORDERLABEL="1"><METS:fptr FILEID="00000012"/>
				</METS:div>
				<METS:div TYPE="Chapter" LABEL="1．1．2 计算机网络分类" ORDERLABEL="2"><METS:fptr FILEID="00000013"/>
				</METS:div>
			</METS:div>
			<METS:div TYPE="Chapter" LABEL="1．2 计算机网络组成" ORDERLABEL="5"><METS:fptr FILEID="00000016"/>
				<METS:div TYPE="Chapter" LABEL="1．2．1 通信介质" ORDERLABEL="5"><METS:fptr FILEID="00000016"/>
				</METS:div>
				<METS:div TYPE="Chapter" LABEL="1．2．2 计算机--服务器与工作站" ORDERLABEL="10"><METS:fptr FILEID="00000021"/>
				</METS:div>
				<METS:div TYPE="Chapter" LABEL="1．2．3 协议、网卡与网络操作系统" ORDERLABEL="11"><METS:fptr FILEID="00000022"/>
				</METS:div>
				<METS:div TYPE="Chapter" LABEL="1．2．4 网络连接设备" ORDERLABEL="16"><METS:fptr FILEID="00000027"/>
				</METS:div>
				<METS:div TYPE="Chapter" LABEL="1．2．5 网络用户" ORDERLABEL="17"><METS:fptr FILEID="00000028"/>
				</METS:div>
			</METS:div>
			<METS:div TYPE="Chapter" LABEL="1．3 计算机网络模型和体系结构" ORDERLABEL="17"><METS:fptr FILEID="00000028"/>
				<METS:div TYPE="Chapter" LABEL="1．3．1 两级模型：通信子网与资源子网" ORDERLABEL="18"><METS:fptr FILEID="00000029"/>
				</METS:div>
				<METS:div TYPE="Chapter" LABEL="1．3．2 四层模型：传送层一业务层一接人层一用户层" ORDERLABEL="20"><METS:fptr FILEID="00000031"/>
				</METS:div>
				<METS:div TYPE="Chapter" LABEL="1．3．3 ISO／OSI／RM" ORDERLABEL="21"><METS:fptr FILEID="00000032"/>
				</METS:div>
				<METS:div TYPE="Chapter" LABEL="1．3．4 TCP／IP体系结构" ORDERLABEL="26"><METS:fptr FILEID="00000037"/>
				</METS:div>
				<METS:div TYPE="Chapter" LABEL="1．3．5 IEEE 802模型" ORDERLABEL="31"><METS:fptr FILEID="00000042"/>
				</METS:div>
			</METS:div>
			<METS:div TYPE="Chapter" LABEL="习题" ORDERLABEL="33"><METS:fptr FILEID="00000044"/>
			</METS:div>
		</METS:div>
		<METS:div TYPE="Chapter" LABEL="第2章 数据传送技术" ORDERLABEL="34"><METS:fptr FILEID="00000045"/>
			<METS:div TYPE="Chapter" LABEL="2．1 数据信号及其传输" ORDERLABEL="34"><METS:fptr FILEID="00000045"/>
				<METS:div TYPE="Chapter" LABEL="2．1．1 数据信号的频率特性" ORDERLABEL="34"><METS:fptr FILEID="00000045"/>
				</METS:div>
				<METS:div TYPE="Chapter" LABEL="2．1．2 数字信号的模拟调制" ORDERLABEL="38"><METS:fptr FILEID="00000049"/>
				</METS:div>
				<METS:div TYPE="Chapter" LABEL="2．1．3 模拟信号的数字编码--脉冲编码调制技术" ORDERLABEL="39"><METS:fptr FILEID="00000050"/>
				</METS:div>
				<METS:div TYPE="Chapter" LABEL="2．1．4 数字编码" ORDERLABEL="41"><METS:fptr FILEID="00000052"/>
				</METS:div>
			</METS:div>
			<METS:div TYPE="Chapter" LABEL="2．2 信道及其传输特性" ORDERLABEL="43"><METS:fptr FILEID="00000054"/>
				<METS:div TYPE="Chapter" LABEL="2．2．1 信道及其主要性能参数" ORDERLABEL="43"><METS:fptr FILEID="00000054"/>
				</METS:div>
				<METS:div TYPE="Chapter" LABEL="2．2．2 信道的传输模式" ORDERLABEL="47"><METS:fptr FILEID="00000058"/>
				</METS:div>
				<METS:div TYPE="Chapter" LABEL="2．2．3 串行通信中的同步控制" ORDERLABEL="48"><METS:fptr FILEID="00000059"/>
				</METS:div>
			</METS:div>
			<METS:div TYPE="Chapter" LABEL="2．3 信道的多路复用技术" ORDERLABEL="51"><METS:fptr FILEID="00000062"/>
				<METS:div TYPE="Chapter" LABEL="2．3．1 频分多路复用 FDM技术" ORDERLABEL="51"><METS:fptr FILEID="00000062"/>
				</METS:div>
				<METS:div TYPE="Chapter" LABEL="2．3．2 时分多路复用 TDM技术" ORDERLABEL="52"><METS:fptr FILEID="00000063"/>
				</METS:div>
				<METS:div TYPE="Chapter" LABEL="2．3．3 光波分多路复用WDM技术" ORDERLABEL="65"><METS:fptr FILEID="00000076"/>
				</METS:div>
			</METS:div>
			<METS:div TYPE="Chapter" LABEL="2．4 介质的多点共享访问控制" ORDERLABEL="68"><METS:fptr FILEID="00000079"/>
				<METS:div TYPE="Chapter" LABEL="2．4．1 载波侦听多路访问方法与以大网" ORDERLABEL="68"><METS:fptr FILEID="00000079"/>
				</METS:div>
				<METS:div TYPE="Chapter" LABEL="2．4．2 令牌访问法" ORDERLABEL="72"><METS:fptr FILEID="00000083"/>
				</METS:div>
				<METS:div TYPE="Chapter" LABEL="2．4．3 光纤分布式数据接口" ORDERLABEL="76"><METS:fptr FILEID="00000087"/>
				</METS:div>
			</METS:div>
			<METS:div TYPE="Chapter" LABEL="2．5 差错控制" ORDERLABEL="77"><METS:fptr FILEID="00000088"/>
				<METS:div TYPE="Chapter" LABEL="2．5．1 差错产生的原因与基本对策" ORDERLABEL="77"><METS:fptr FILEID="00000088"/>
				</METS:div>
				<METS:div TYPE="Chapter" LABEL="2．5．2 循环冗余码" ORDERLABEL="79"><METS:fptr FILEID="00000090"/>
				</METS:div>
				<METS:div TYPE="Chapter" LABEL="2．5．3 差错控制协议" ORDERLABEL="81"><METS:fptr FILEID="00000092"/>
				</METS:div>
			</METS:div>
			<METS:div TYPE="Chapter" LABEL="2．6 流量控制" ORDERLABEL="83"><METS:fptr FILEID="00000094"/>
				<METS:div TYPE="Chapter" LABEL="2．6．1 流量控制概述" ORDERLABEL="83"><METS:fptr FILEID="00000094"/>
				</METS:div>
				<METS:div TYPE="Chapter" LABEL="2．6．2 滑动窗口协议" ORDERLABEL="85"><METS:fptr FILEID="00000096"/>
				</METS:div>
			</METS:div>
			<METS:div TYPE="Chapter" LABEL="2．7 高级数据链路控制协议HDLC" ORDERLABEL="87"><METS:fptr FILEID="00000098"/>
				<METS:div TYPE="Chapter" LABEL="2．7．1 数据链路连接管理方式" ORDERLABEL="87"><METS:fptr FILEID="00000098"/>
				</METS:div>
				<METS:div TYPE="Chapter" LABEL="2．7．2 HDLC配置和数据传输工作方式" ORDERLABEL="88"><METS:fptr FILEID="00000099"/>
				</METS:div>
				<METS:div TYPE="Chapter" LABEL="2．7．3 HDLC帧格式" ORDERLABEL="90"><METS:fptr FILEID="00000101"/>
				</METS:div>
			</METS:div>
			<METS:div TYPE="Chapter" LABEL="习题" ORDERLABEL="91"><METS:fptr FILEID="00000102"/>
			</METS:div>
		</METS:div>
		<METS:div TYPE="Chapter" LABEL="第3章 数据交换技本" ORDERLABEL="94"><METS:fptr FILEID="00000105"/>
			<METS:div TYPE="Chapter" LABEL="3．1 数据交换的概念" ORDERLABEL="94"><METS:fptr FILEID="00000105"/>
				<METS:div TYPE="Chapter" LABEL="3．1．1 线路交换与存储转发交换" ORDERLABEL="95"><METS:fptr FILEID="00000106"/>
				</METS:div>
				<METS:div TYPE="Chapter" LABEL="3．1．2 虚电路和数据报" ORDERLABEL="96"><METS:fptr FILEID="00000107"/>
				</METS:div>
				<METS:div TYPE="Chapter" LABEL="3．1．3 路由选择" ORDERLABEL="100"><METS:fptr FILEID="00000111"/>
				</METS:div>
			</METS:div>
			<METS:div TYPE="Chapter" LABEL="3．2 分组交换公共数据网" ORDERLABEL="101"><METS:fptr FILEID="00000112"/>
				<METS:div TYPE="Chapter" LABEL="3．2．1 二 概述" ORDERLABEL="101"><METS:fptr FILEID="00000112"/>
				</METS:div>
				<METS:div TYPE="Chapter" LABEL="3．2．2 X．25建议" ORDERLABEL="105"><METS:fptr FILEID="00000116"/>
				</METS:div>
				<METS:div TYPE="Chapter" LABEL="3．2．3 帧中继" ORDERLABEL="111"><METS:fptr FILEID="00000122"/>
				</METS:div>
			</METS:div>
			<METS:div TYPE="Chapter" LABEL="3．3 ATM网络" ORDERLABEL="115"><METS:fptr FILEID="00000126"/>
				<METS:div TYPE="Chapter" LABEL="3．3．1 ATM基本原理" ORDERLABEL="115"><METS:fptr FILEID="00000126"/>
				</METS:div>
				<METS:div TYPE="Chapter" LABEL="3．3．2 ATM协议参考模型" ORDERLABEL="118"><METS:fptr FILEID="00000129"/>
				</METS:div>
				<METS:div TYPE="Chapter" LABEL="3．3．3 ATM交换机" ORDERLABEL="123"><METS:fptr FILEID="00000134"/>
				</METS:div>
				<METS:div TYPE="Chapter" LABEL="3．3．4 服务质量" ORDERLABEL="126"><METS:fptr FILEID="00000137"/>
				</METS:div>
			</METS:div>
			<METS:div TYPE="Chapter" LABEL="3．4 IP技术" ORDERLABEL="127"><METS:fptr FILEID="00000138"/>
				<METS:div TYPE="Chapter" LABEL="3．4．1 IP在TCP／IP模型中的位置" ORDERLABEL="127"><METS:fptr FILEID="00000138"/>
				</METS:div>
				<METS:div TYPE="Chapter" LABEL="3．4．2 IP地址与地址解析" ORDERLABEL="129"><METS:fptr FILEID="00000140"/>
				</METS:div>
				<METS:div TYPE="Chapter" LABEL="3．4．3 IP数据报格式" ORDERLABEL="133"><METS:fptr FILEID="00000144"/>
				</METS:div>
				<METS:div TYPE="Chapter" LABEL="3．4．4 网际控制报文协议" ORDERLABEL="135"><METS:fptr FILEID="00000146"/>
				</METS:div>
			</METS:div>
			<METS:div TYPE="Chapter" LABEL="3．5 路由器" ORDERLABEL="136"><METS:fptr FILEID="00000147"/>
				<METS:div TYPE="Chapter" LABEL="3．5．1 路由器及其功能" ORDERLABEL="136"><METS:fptr FILEID="00000147"/>
				</METS:div>
				<METS:div TYPE="Chapter" LABEL="3．5．2 路由器的工作过程" ORDERLABEL="139"><METS:fptr FILEID="00000150"/>
				</METS:div>
				<METS:div TYPE="Chapter" LABEL="3．5．3 路由器的基本结构" ORDERLABEL="142"><METS:fptr FILEID="00000153"/>
				</METS:div>
				<METS:div TYPE="Chapter" LABEL="3．5．4 路由器协议" ORDERLABEL="145"><METS:fptr FILEID="00000156"/>
				</METS:div>
				<METS:div TYPE="Chapter" LABEL="3．5．5 路由器性能与分类" ORDERLABEL="146"><METS:fptr FILEID="00000157"/>
				</METS:div>
			</METS:div>
			<METS:div TYPE="Chapter" LABEL="3．6 宽带Internet技术" ORDERLABEL="151"><METS:fptr FILEID="00000162"/>
				<METS:div TYPE="Chapter" LABEL="3．6．1 第三层交换" ORDERLABEL="151"><METS:fptr FILEID="00000162"/>
				</METS:div>
				<METS:div TYPE="Chapter" LABEL="3．6．2 IP over ATM" ORDERLABEL="156"><METS:fptr FILEID="00000167"/>
				</METS:div>
				<METS:div TYPE="Chapter" LABEL="3．6．3 IP over SDH与IP over DWDM" ORDERLABEL="157"><METS:fptr FILEID="00000168"/>
				</METS:div>
			</METS:div>
			<METS:div TYPE="Chapter" LABEL="3．7 局域网中的交换技术" ORDERLABEL="160"><METS:fptr FILEID="00000171"/>
				<METS:div TYPE="Chapter" LABEL="3．7．1 交换式局域网" ORDERLABEL="160"><METS:fptr FILEID="00000171"/>
				</METS:div>
				<METS:div TYPE="Chapter" LABEL="3．7．2 ATM局域网仿真" ORDERLABEL="166"><METS:fptr FILEID="00000177"/>
				</METS:div>
				<METS:div TYPE="Chapter" LABEL="3．7．3 虚拟局域网" ORDERLABEL="172"><METS:fptr FILEID="00000183"/>
				</METS:div>
			</METS:div>
			<METS:div TYPE="Chapter" LABEL="习题" ORDERLABEL="174"><METS:fptr FILEID="00000185"/>
			</METS:div>
		</METS:div>
		<METS:div TYPE="Chapter" LABEL="第4章 传输服务与网络应用" ORDERLABEL="175"><METS:fptr FILEID="00000186"/>
			<METS:div TYPE="Chapter" LABEL="4．1 传输层模型与传输服务" ORDERLABEL="175"><METS:fptr FILEID="00000186"/>
				<METS:div TYPE="Chapter" LABEL="4．1．1 传输层模型及其设计思想" ORDERLABEL="175"><METS:fptr FILEID="00000186"/>
				</METS:div>
				<METS:div TYPE="Chapter" LABEL="4．1．2 传输服务原语" ORDERLABEL="179"><METS:fptr FILEID="00000190"/>
				</METS:div>
				<METS:div TYPE="Chapter" LABEL="4．1．3 传输服务过程" ORDERLABEL="182"><METS:fptr FILEID="00000193"/>
				</METS:div>
				<METS:div TYPE="Chapter" LABEL="4．1．4 UDP协议" ORDERLABEL="188"><METS:fptr FILEID="00000199"/>
				</METS:div>
				<METS:div TYPE="Chapter" LABEL="4．1．5 TCP协议" ORDERLABEL="189"><METS:fptr FILEID="00000200"/>
				</METS:div>
				<METS:div TYPE="Chapter" LABEL="4．1．6 TCP／UDP端口号的分配方法" ORDERLABEL="193"><METS:fptr FILEID="00000204"/>
				</METS:div>
			</METS:div>
			<METS:div TYPE="Chapter" LABEL="4．2 客户机／服务器计算模式" ORDERLABEL="195"><METS:fptr FILEID="00000206"/>
				<METS:div TYPE="Chapter" LABEL="4．2．1 客户机／服务器计算模式的概念" ORDERLABEL="195"><METS:fptr FILEID="00000206"/>
				</METS:div>
				<METS:div TYPE="Chapter" LABEL="4．2．2 客户机／服务器应用方式" ORDERLABEL="197"><METS:fptr FILEID="00000208"/>
				</METS:div>
				<METS:div TYPE="Chapter" LABEL="4．2．3 TCP／UDP服务器的并发处理" ORDERLABEL="198"><METS:fptr FILEID="00000209"/>
				</METS:div>
			</METS:div>
			<METS:div TYPE="Chapter" LABEL="4．3 套接字编程" ORDERLABEL="204"><METS:fptr FILEID="00000215"/>
				<METS:div TYPE="Chapter" LABEL="4．3．1 中间件" ORDERLABEL="204"><METS:fptr FILEID="00000215"/>
				</METS:div>
				<METS:div TYPE="Chapter" LABEL="4．3．2 套接字API" ORDERLABEL="207"><METS:fptr FILEID="00000218"/>
				</METS:div>
				<METS:div TYPE="Chapter" LABEL="4．3．3 基本socket调用" ORDERLABEL="208"><METS:fptr FILEID="00000219"/>
				</METS:div>
				<METS:div TYPE="Chapter" LABEL="4．3．4 客户机/服务器编程初步" ORDERLABEL="215"><METS:fptr FILEID="00000226"/>
				</METS:div>
			</METS:div>
			<METS:div TYPE="Chapter" LABEL="4．4 应用层协议" ORDERLABEL="220"><METS:fptr FILEID="00000231"/>
				<METS:div TYPE="Chapter" LABEL="4．4．1 域名系统" ORDERLABEL="221"><METS:fptr FILEID="00000232"/>
				</METS:div>
				<METS:div TYPE="Chapter" LABEL="4．4．2 文件传输协议" ORDERLABEL="225"><METS:fptr FILEID="00000236"/>
				</METS:div>
				<METS:div TYPE="Chapter" LABEL="4．4．3 远程登录TELNET" ORDERLABEL="228"><METS:fptr FILEID="00000239"/>
				</METS:div>
				<METS:div TYPE="Chapter" LABEL="4．4．4 电子邮件" ORDERLABEL="228"><METS:fptr FILEID="00000239"/>
				</METS:div>
				<METS:div TYPE="Chapter" LABEL="4．4．5 超文本传输协议" ORDERLABEL="234"><METS:fptr FILEID="00000245"/>
				</METS:div>
			</METS:div>
			<METS:div TYPE="Chapter" LABEL="4．5 网络存储" ORDERLABEL="240"><METS:fptr FILEID="00000251"/>
				<METS:div TYPE="Chapter" LABEL="4．5．1 SAS和NAS" ORDERLABEL="240"><METS:fptr FILEID="00000251"/>
				</METS:div>
				<METS:div TYPE="Chapter" LABEL="4．5．2 SAN存储结构" ORDERLABEL="242"><METS:fptr FILEID="00000253"/>
				</METS:div>
			</METS:div>
			<METS:div TYPE="Chapter" LABEL="4．6 计算机网络操作系统" ORDERLABEL="244"><METS:fptr FILEID="00000255"/>
				<METS:div TYPE="Chapter" LABEL="4．6．1 网络操作系统概述" ORDERLABEL="244"><METS:fptr FILEID="00000255"/>
				</METS:div>
				<METS:div TYPE="Chapter" LABEL="4．6．2 UNIX／Linux" ORDERLABEL="248"><METS:fptr FILEID="00000259"/>
				</METS:div>
				<METS:div TYPE="Chapter" LABEL="4．6．3 Windows 2000／XP" ORDERLABEL="252"><METS:fptr FILEID="00000263"/>
				</METS:div>
			</METS:div>
			<METS:div TYPE="Chapter" LABEL="4．7 Intranet与Extranet" ORDERLABEL="261"><METS:fptr FILEID="00000272"/>
				<METS:div TYPE="Chapter" LABEL="4．7．1 内联网（Intranet）" ORDERLABEL="261"><METS:fptr FILEID="00000272"/>
				</METS:div>
				<METS:div TYPE="Chapter" LABEL="4．7．2 外联网（Extranet）" ORDERLABEL="264"><METS:fptr FILEID="00000275"/>
				</METS:div>
			</METS:div>
			<METS:div TYPE="Chapter" LABEL="习题" ORDERLABEL="266"><METS:fptr FILEID="00000277"/>
			</METS:div>
		</METS:div>
		<METS:div TYPE="Chapter" LABEL="第5章 接入技术" ORDERLABEL="268"><METS:fptr FILEID="00000279"/>
			<METS:div TYPE="Chapter" LABEL="5．1 接入概述" ORDERLABEL="268"><METS:fptr FILEID="00000279"/>
				<METS:div TYPE="Chapter" LABEL="5．1．1 接入网的概念" ORDERLABEL="268"><METS:fptr FILEID="00000279"/>
				</METS:div>
				<METS:div TYPE="Chapter" LABEL="5．1．2 VS接口" ORDERLABEL="271"><METS:fptr FILEID="00000282"/>
				</METS:div>
				<METS:div TYPE="Chapter" LABEL="5．1．3 Internet服务提供商" ORDERLABEL="273"><METS:fptr FILEID="00000284"/>
				</METS:div>
			</METS:div>
			<METS:div TYPE="Chapter" LABEL="5．2 铜线接入" ORDERLABEL="276"><METS:fptr FILEID="00000287"/>
				<METS:div TYPE="Chapter" LABEL="5．2．1 公共电话交换网（PSTN）" ORDERLABEL="276"><METS:fptr FILEID="00000287"/>
				</METS:div>
				<METS:div TYPE="Chapter" LABEL="5．2．2 综合业务数字网（ISDN）" ORDERLABEL="278"><METS:fptr FILEID="00000289"/>
				</METS:div>
				<METS:div TYPE="Chapter" LABEL="5．2．3 数字用户线路（xDSL）" ORDERLABEL="282"><METS:fptr FILEID="00000293"/>
				</METS:div>
			</METS:div>
			<METS:div TYPE="Chapter" LABEL="5．3 光纤接入" ORDERLABEL="287"><METS:fptr FILEID="00000298"/>
				<METS:div TYPE="Chapter" LABEL="5．3．1 光纤接人网概述" ORDERLABEL="287"><METS:fptr FILEID="00000298"/>
				</METS:div>
				<METS:div TYPE="Chapter" LABEL="5．3．2 有源光纤网络技术" ORDERLABEL="289"><METS:fptr FILEID="00000300"/>
				</METS:div>
				<METS:div TYPE="Chapter" LABEL="5．3．3 无源光纤网络技术" ORDERLABEL="290"><METS:fptr FILEID="00000301"/>
				</METS:div>
			</METS:div>
			<METS:div TYPE="Chapter" LABEL="5．4 光纤/铜线混合接入网（HFC）" ORDERLABEL="293"><METS:fptr FILEID="00000304"/>
				<METS:div TYPE="Chapter" LABEL="5．4．1 HFC工作原理" ORDERLABEL="293"><METS:fptr FILEID="00000304"/>
				</METS:div>
				<METS:div TYPE="Chapter" LABEL="5．4．2 Cable Modem" ORDERLABEL="296"><METS:fptr FILEID="00000307"/>
				</METS:div>
			</METS:div>
			<METS:div TYPE="Chapter" LABEL="5．5 无线接入" ORDERLABEL="298"><METS:fptr FILEID="00000309"/>
				<METS:div TYPE="Chapter" LABEL="5．5．1 无线接入概述" ORDERLABEL="298"><METS:fptr FILEID="00000309"/>
				</METS:div>
				<METS:div TYPE="Chapter" LABEL="5．5．2 卫星通信" ORDERLABEL="300"><METS:fptr FILEID="00000311"/>
				</METS:div>
				<METS:div TYPE="Chapter" LABEL="5．5．3 数字微波通信" ORDERLABEL="304"><METS:fptr FILEID="00000315"/>
				</METS:div>
				<METS:div TYPE="Chapter" LABEL="5．5．4 移动通信系统" ORDERLABEL="306"><METS:fptr FILEID="00000317"/>
				</METS:div>
			</METS:div>
			<METS:div TYPE="Chapter" LABEL="习题" ORDERLABEL="310"><METS:fptr FILEID="00000321"/>
			</METS:div>
		</METS:div>
		<METS:div TYPE="Chapter" LABEL="第6章 计算机网络安全与管理" ORDERLABEL="311"><METS:fptr FILEID="00000322"/>
			<METS:div TYPE="Chapter" LABEL="6．1 计算机网络的安全问题" ORDERLABEL="311"><METS:fptr FILEID="00000322"/>
				<METS:div TYPE="Chapter" LABEL="6．1．1 计算机网络遭受的威胁" ORDERLABEL="311"><METS:fptr FILEID="00000322"/>
				</METS:div>
				<METS:div TYPE="Chapter" LABEL="6．1．2 网络安全的基本对策" ORDERLABEL="317"><METS:fptr FILEID="00000328"/>
				</METS:div>
			</METS:div>
			<METS:div TYPE="Chapter" LABEL="6．2 数据加密与隐藏技术" ORDERLABEL="318"><METS:fptr FILEID="00000329"/>
				<METS:div TYPE="Chapter" LABEL="6．2．1 加密／解密算法和密钥" ORDERLABEL="319"><METS:fptr FILEID="00000330"/>
				</METS:div>
				<METS:div TYPE="Chapter" LABEL="6．2．2 密码体制" ORDERLABEL="321"><METS:fptr FILEID="00000332"/>
				</METS:div>
				<METS:div TYPE="Chapter" LABEL="6．2．3 数字签名" ORDERLABEL="324"><METS:fptr FILEID="00000335"/>
				</METS:div>
				<METS:div TYPE="Chapter" LABEL="6．2．4 密钥分配" ORDERLABEL="327"><METS:fptr FILEID="00000338"/>
				</METS:div>
				<METS:div TYPE="Chapter" LABEL="6．2．5 数字证书与认证中心" ORDERLABEL="328"><METS:fptr FILEID="00000339"/>
				</METS:div>
				<METS:div TYPE="Chapter" LABEL="6．2．6 数据隐藏技术" ORDERLABEL="330"><METS:fptr FILEID="00000341"/>
				</METS:div>
			</METS:div>
			<METS:div TYPE="Chapter" LABEL="6．3 防火墙技术" ORDERLABEL="331"><METS:fptr FILEID="00000342"/>
				<METS:div TYPE="Chapter" LABEL="6．3．1 防火墙及其功能" ORDERLABEL="331"><METS:fptr FILEID="00000342"/>
				</METS:div>
				<METS:div TYPE="Chapter" LABEL="6．3．2 防火墙的基本技术" ORDERLABEL="333"><METS:fptr FILEID="00000344"/>
				</METS:div>
				<METS:div TYPE="Chapter" LABEL="6．3．3 防火墙的配置与体系结构" ORDERLABEL="336"><METS:fptr FILEID="00000347"/>
				</METS:div>
				<METS:div TYPE="Chapter" LABEL="6．3．4 防火墙的选择原则" ORDERLABEL="338"><METS:fptr FILEID="00000349"/>
				</METS:div>
			</METS:div>
			<METS:div TYPE="Chapter" LABEL="6．4 入侵防范" ORDERLABEL="341"><METS:fptr FILEID="00000352"/>
				<METS:div TYPE="Chapter" LABEL="6．4．1 黑客的常用入侵手段" ORDERLABEL="341"><METS:fptr FILEID="00000352"/>
				</METS:div>
				<METS:div TYPE="Chapter" LABEL="6．4．2 入侵检测与安全预警" ORDERLABEL="345"><METS:fptr FILEID="00000356"/>
				</METS:div>
				<METS:div TYPE="Chapter" LABEL="6．4．3 网络病毒及其防治" ORDERLABEL="346"><METS:fptr FILEID="00000357"/>
				</METS:div>
			</METS:div>
			<METS:div TYPE="Chapter" LABEL="6．5 虚拟专用网（VPN）技术" ORDERLABEL="347"><METS:fptr FILEID="00000358"/>
				<METS:div TYPE="Chapter" LABEL="6．5．1 VPN及其基本原理" ORDERLABEL="347"><METS:fptr FILEID="00000358"/>
				</METS:div>
				<METS:div TYPE="Chapter" LABEL="6．5．2 隧道技术" ORDERLABEL="348"><METS:fptr FILEID="00000359"/>
				</METS:div>
			</METS:div>
			<METS:div TYPE="Chapter" LABEL="6．6 网络管理" ORDERLABEL="351"><METS:fptr FILEID="00000362"/>
				<METS:div TYPE="Chapter" LABEL="6．6．1 网络管理的基本概念" ORDERLABEL="351"><METS:fptr FILEID="00000362"/>
				</METS:div>
				<METS:div TYPE="Chapter" LABEL="6．6．2 网络管理的功能与基本构成" ORDERLABEL="352"><METS:fptr FILEID="00000363"/>
				</METS:div>
				<METS:div TYPE="Chapter" LABEL="6．6．3 简单网络管理协议SNMP" ORDERLABEL="354"><METS:fptr FILEID="00000365"/>
				</METS:div>
			</METS:div>
			<METS:div TYPE="Chapter" LABEL="6．7 计算机网络安全的法律与道德规范" ORDERLABEL="355"><METS:fptr FILEID="00000366"/>
			</METS:div>
			<METS:div TYPE="Chapter" LABEL="习题" ORDERLABEL="357"><METS:fptr FILEID="00000368"/>
			</METS:div>
		</METS:div>
	</METS:structMap>
</METS:mets>
