<?xml version="1.0" encoding="utf-8"?>
<METS:mets xmlns:METS="http://www.loc.gov/METS/" xmlns:xsi="http://www.w3.org/2001/XMLSchema-instance" xmlns:gdm="http://sunsite.berkeley.edu/GDM/" xmlns:xlink="http://www.w3.org/TR/xlink" xsi:schemalocation="http://www.loc.gov/METS/http://www.loc.gov/standards/mets/mets.xsd" LABEL="Zhejiang University.jdl.China-America digital library project" TYPE="Section">
	<METS:structMap TYPE="Catalog">
		<METS:div TYPE="Chapter" LABEL="第1章 计算机网络概论" ORDERLABEL="1"><METS:fptr FILEID="00000011"/>
			<METS:div TYPE="Chapter" LABEL="1.1 计算机网络概述" ORDERLABEL="1"><METS:fptr FILEID="00000011"/>
				<METS:div TYPE="Chapter" LABEL="1.1.1 计算机网络的定义" ORDERLABEL="1"><METS:fptr FILEID="00000011"/>
				</METS:div>
				<METS:div TYPE="Chapter" LABEL="1.1.2 计算机网络的功能" ORDERLABEL="2"><METS:fptr FILEID="00000012"/>
				</METS:div>
				<METS:div TYPE="Chapter" LABEL="1.1.3 计算机网络的应用" ORDERLABEL="4"><METS:fptr FILEID="00000014"/>
				</METS:div>
			</METS:div>
			<METS:div TYPE="Chapter" LABEL="1.2 计算机网络的产生与发展" ORDERLABEL="4"><METS:fptr FILEID="00000014"/>
				<METS:div TYPE="Chapter" LABEL="1.2.1 面向终端的计算机通信网络" ORDERLABEL="5"><METS:fptr FILEID="00000015"/>
				</METS:div>
				<METS:div TYPE="Chapter" LABEL="1.2.2 以共享资源为目标的计算机网络" ORDERLABEL="6"><METS:fptr FILEID="00000016"/>
				</METS:div>
				<METS:div TYPE="Chapter" LABEL="1.2.3 标准化网络" ORDERLABEL="7"><METS:fptr FILEID="00000017"/>
				</METS:div>
				<METS:div TYPE="Chapter" LABEL="1.2.4 互联网" ORDERLABEL="8"><METS:fptr FILEID="00000018"/>
				</METS:div>
				<METS:div TYPE="Chapter" LABEL="1.2.5 广域网的发展" ORDERLABEL="9"><METS:fptr FILEID="00000019"/>
				</METS:div>
				<METS:div TYPE="Chapter" LABEL="1.2.6 局域网的发展" ORDERLABEL="10"><METS:fptr FILEID="00000020"/>
				</METS:div>
			</METS:div>
			<METS:div TYPE="Chapter" LABEL="1.3 计算机网络的基本组成与逻辑结构" ORDERLABEL="10"><METS:fptr FILEID="00000020"/>
				<METS:div TYPE="Chapter" LABEL="1.3.1 计算机网络的基本组成" ORDERLABEL="10"><METS:fptr FILEID="00000020"/>
				</METS:div>
				<METS:div TYPE="Chapter" LABEL="1.3.2 计算机网络的逻辑结构" ORDERLABEL="12"><METS:fptr FILEID="00000022"/>
				</METS:div>
			</METS:div>
			<METS:div TYPE="Chapter" LABEL="1.4 计算机网络的拓扑结构" ORDERLABEL="13"><METS:fptr FILEID="00000023"/>
				<METS:div TYPE="Chapter" LABEL="1.4.1 星状拓扑结构" ORDERLABEL="13"><METS:fptr FILEID="00000023"/>
				</METS:div>
				<METS:div TYPE="Chapter" LABEL="1.4.2 总线状拓扑结构" ORDERLABEL="13"><METS:fptr FILEID="00000023"/>
				</METS:div>
				<METS:div TYPE="Chapter" LABEL="1.4.3 环状拓扑结构" ORDERLABEL="14"><METS:fptr FILEID="00000024"/>
				</METS:div>
				<METS:div TYPE="Chapter" LABEL="1.4.4 树状拓扑结构" ORDERLABEL="14"><METS:fptr FILEID="00000024"/>
				</METS:div>
				<METS:div TYPE="Chapter" LABEL="1.4.5 网状拓扑结构" ORDERLABEL="15"><METS:fptr FILEID="00000025"/>
				</METS:div>
				<METS:div TYPE="Chapter" LABEL="1.4.6 混合状拓扑结构" ORDERLABEL="15"><METS:fptr FILEID="00000025"/>
				</METS:div>
			</METS:div>
			<METS:div TYPE="Chapter" LABEL="1.5 计算机网络的分类" ORDERLABEL="15"><METS:fptr FILEID="00000025"/>
				<METS:div TYPE="Chapter" LABEL="1.5.1 按网络覆盖的地理范围分类" ORDERLABEL="16"><METS:fptr FILEID="00000026"/>
				</METS:div>
				<METS:div TYPE="Chapter" LABEL="1.5.2 按网络的拓扑结构分类" ORDERLABEL="17"><METS:fptr FILEID="00000027"/>
				</METS:div>
				<METS:div TYPE="Chapter" LABEL="1.5.3 按局域网标准协议分类" ORDERLABEL="17"><METS:fptr FILEID="00000027"/>
				</METS:div>
				<METS:div TYPE="Chapter" LABEL="1.5.4 按使用的传输介质分类" ORDERLABEL="17"><METS:fptr FILEID="00000027"/>
				</METS:div>
				<METS:div TYPE="Chapter" LABEL="1.5.5 按使用的网络操作系统分类" ORDERLABEL="18"><METS:fptr FILEID="00000028"/>
				</METS:div>
				<METS:div TYPE="Chapter" LABEL="1.5.6 按传输技术分类" ORDERLABEL="18"><METS:fptr FILEID="00000028"/>
				</METS:div>
			</METS:div>
			<METS:div TYPE="Chapter" LABEL="小结" ORDERLABEL="18"><METS:fptr FILEID="00000028"/>
			</METS:div>
			<METS:div TYPE="Chapter" LABEL="习题" ORDERLABEL="18"><METS:fptr FILEID="00000028"/>
			</METS:div>
		</METS:div>
		<METS:div TYPE="Chapter" LABEL="第2章 计算机网络体系结构" ORDERLABEL="20"><METS:fptr FILEID="00000030"/>
			<METS:div TYPE="Chapter" LABEL="2.1 网络体系结构" ORDERLABEL="20"><METS:fptr FILEID="00000030"/>
				<METS:div TYPE="Chapter" LABEL="2.1.1 协议" ORDERLABEL="20"><METS:fptr FILEID="00000030"/>
				</METS:div>
				<METS:div TYPE="Chapter" LABEL="2.1.2 分层设计" ORDERLABEL="21"><METS:fptr FILEID="00000031"/>
				</METS:div>
				<METS:div TYPE="Chapter" LABEL="2.1.3 相关概念" ORDERLABEL="21"><METS:fptr FILEID="00000031"/>
				</METS:div>
			</METS:div>
			<METS:div TYPE="Chapter" LABEL="2.2 开放系统互连参考模型" ORDERLABEL="23"><METS:fptr FILEID="00000033"/>
				<METS:div TYPE="Chapter" LABEL="2.2.1 概述" ORDERLABEL="23"><METS:fptr FILEID="00000033"/>
				</METS:div>
				<METS:div TYPE="Chapter" LABEL="2.2.2 物理层" ORDERLABEL="24"><METS:fptr FILEID="00000034"/>
				</METS:div>
				<METS:div TYPE="Chapter" LABEL="2.2.3 数据链路层" ORDERLABEL="28"><METS:fptr FILEID="00000038"/>
				</METS:div>
				<METS:div TYPE="Chapter" LABEL="2.2.4 网络层" ORDERLABEL="30"><METS:fptr FILEID="00000040"/>
				</METS:div>
				<METS:div TYPE="Chapter" LABEL="2.2.5 传输层" ORDERLABEL="31"><METS:fptr FILEID="00000041"/>
				</METS:div>
				<METS:div TYPE="Chapter" LABEL="2.2.6 会话层" ORDERLABEL="31"><METS:fptr FILEID="00000041"/>
				</METS:div>
				<METS:div TYPE="Chapter" LABEL="2.2.7 表示层" ORDERLABEL="33"><METS:fptr FILEID="00000043"/>
				</METS:div>
				<METS:div TYPE="Chapter" LABEL="2.2.8 应用层" ORDERLABEL="34"><METS:fptr FILEID="00000044"/>
				</METS:div>
				<METS:div TYPE="Chapter" LABEL="2.2.9 OSI参考模型中的数据传输" ORDERLABEL="34"><METS:fptr FILEID="00000044"/>
				</METS:div>
			</METS:div>
			<METS:div TYPE="Chapter" LABEL="2.3 TCP／IP参考模型" ORDERLABEL="36"><METS:fptr FILEID="00000046"/>
				<METS:div TYPE="Chapter" LABEL="2.3.1 网络接口层" ORDERLABEL="36"><METS:fptr FILEID="00000046"/>
				</METS:div>
				<METS:div TYPE="Chapter" LABEL="2.3.2 网络互连层" ORDERLABEL="37"><METS:fptr FILEID="00000047"/>
				</METS:div>
				<METS:div TYPE="Chapter" LABEL="2.3.3 传输层" ORDERLABEL="37"><METS:fptr FILEID="00000047"/>
				</METS:div>
				<METS:div TYPE="Chapter" LABEL="2.3.4 应用层" ORDERLABEL="37"><METS:fptr FILEID="00000047"/>
				</METS:div>
			</METS:div>
			<METS:div TYPE="Chapter" LABEL="2.4 OSI与TCP／IP参考模型的比较" ORDERLABEL="38"><METS:fptr FILEID="00000048"/>
				<METS:div TYPE="Chapter" LABEL="2.4.1 OSI与TCP/IP参考模型的对照关系" ORDERLABEL="38"><METS:fptr FILEID="00000048"/>
				</METS:div>
				<METS:div TYPE="Chapter" LABEL="2.4.2 OSI与TCP／IP参考模型的差异" ORDERLABEL="39"><METS:fptr FILEID="00000049"/>
				</METS:div>
			</METS:div>
			<METS:div TYPE="Chapter" LABEL="小结" ORDERLABEL="39"><METS:fptr FILEID="00000049"/>
			</METS:div>
			<METS:div TYPE="Chapter" LABEL="习题" ORDERLABEL="39"><METS:fptr FILEID="00000049"/>
			</METS:div>
		</METS:div>
		<METS:div TYPE="Chapter" LABEL="第3章 数据通信基础" ORDERLABEL="41"><METS:fptr FILEID="00000051"/>
			<METS:div TYPE="Chapter" LABEL="3.1 通信系统和数据通信系统" ORDERLABEL="41"><METS:fptr FILEID="00000051"/>
				<METS:div TYPE="Chapter" LABEL="3.1.1 概述" ORDERLABEL="41"><METS:fptr FILEID="00000051"/>
				</METS:div>
				<METS:div TYPE="Chapter" LABEL="3.1.2 通信系统的性能指标" ORDERLABEL="44"><METS:fptr FILEID="00000054"/>
				</METS:div>
				<METS:div TYPE="Chapter" LABEL="3.1.3 信道容量" ORDERLABEL="44"><METS:fptr FILEID="00000054"/>
				</METS:div>
			</METS:div>
			<METS:div TYPE="Chapter" LABEL="3.2 数据通信方式" ORDERLABEL="48"><METS:fptr FILEID="00000058"/>
				<METS:div TYPE="Chapter" LABEL="3.2.1 并行与串行传输" ORDERLABEL="48"><METS:fptr FILEID="00000058"/>
				</METS:div>
				<METS:div TYPE="Chapter" LABEL="3.2.2 异步传输与同步传输" ORDERLABEL="48"><METS:fptr FILEID="00000058"/>
				</METS:div>
				<METS:div TYPE="Chapter" LABEL="3.2.3 连接方式" ORDERLABEL="50"><METS:fptr FILEID="00000060"/>
				</METS:div>
				<METS:div TYPE="Chapter" LABEL="3.2.4 基带与频带传输" ORDERLABEL="50"><METS:fptr FILEID="00000060"/>
				</METS:div>
			</METS:div>
			<METS:div TYPE="Chapter" LABEL="3.3 传输介质" ORDERLABEL="51"><METS:fptr FILEID="00000061"/>
				<METS:div TYPE="Chapter" LABEL="3.3.1 同轴电缆" ORDERLABEL="51"><METS:fptr FILEID="00000061"/>
				</METS:div>
				<METS:div TYPE="Chapter" LABEL="3.3.2 双绞线" ORDERLABEL="52"><METS:fptr FILEID="00000062"/>
				</METS:div>
				<METS:div TYPE="Chapter" LABEL="3.3.3 光纤线缆" ORDERLABEL="52"><METS:fptr FILEID="00000062"/>
				</METS:div>
				<METS:div TYPE="Chapter" LABEL="3.3.4 无线传输介质" ORDERLABEL="54"><METS:fptr FILEID="00000064"/>
				</METS:div>
				<METS:div TYPE="Chapter" LABEL="3.3.5 几种传输介质的比较" ORDERLABEL="54"><METS:fptr FILEID="00000064"/>
				</METS:div>
			</METS:div>
			<METS:div TYPE="Chapter" LABEL="3.4 数据编码技术" ORDERLABEL="55"><METS:fptr FILEID="00000065"/>
				<METS:div TYPE="Chapter" LABEL="3.4.1 数字数据的调制编码" ORDERLABEL="55"><METS:fptr FILEID="00000065"/>
				</METS:div>
				<METS:div TYPE="Chapter" LABEL="3.4.2 数字数据的数字信号编码" ORDERLABEL="57"><METS:fptr FILEID="00000067"/>
				</METS:div>
				<METS:div TYPE="Chapter" LABEL="3.4.3 模拟数据的采样编码" ORDERLABEL="58"><METS:fptr FILEID="00000068"/>
				</METS:div>
			</METS:div>
			<METS:div TYPE="Chapter" LABEL="3.5 数据复用技术" ORDERLABEL="60"><METS:fptr FILEID="00000070"/>
				<METS:div TYPE="Chapter" LABEL="3.5.1 频分复用" ORDERLABEL="60"><METS:fptr FILEID="00000070"/>
				</METS:div>
				<METS:div TYPE="Chapter" LABEL="3.5.2 时分复用" ORDERLABEL="61"><METS:fptr FILEID="00000071"/>
				</METS:div>
				<METS:div TYPE="Chapter" LABEL="3.5.3 统计时分复用" ORDERLABEL="63"><METS:fptr FILEID="00000073"/>
				</METS:div>
				<METS:div TYPE="Chapter" LABEL="3.5.4 波分复用" ORDERLABEL="63"><METS:fptr FILEID="00000073"/>
				</METS:div>
			</METS:div>
			<METS:div TYPE="Chapter" LABEL="3.6 数据交换技术" ORDERLABEL="64"><METS:fptr FILEID="00000074"/>
				<METS:div TYPE="Chapter" LABEL="3.6.1 线路交换" ORDERLABEL="64"><METS:fptr FILEID="00000074"/>
				</METS:div>
				<METS:div TYPE="Chapter" LABEL="3.6.2 报文交换" ORDERLABEL="65"><METS:fptr FILEID="00000075"/>
				</METS:div>
				<METS:div TYPE="Chapter" LABEL="3.6.3 分组交换" ORDERLABEL="65"><METS:fptr FILEID="00000075"/>
				</METS:div>
			</METS:div>
			<METS:div TYPE="Chapter" LABEL="3.7 数据通信服务" ORDERLABEL="66"><METS:fptr FILEID="00000076"/>
				<METS:div TYPE="Chapter" LABEL="3.7.1 数字数据网" ORDERLABEL="66"><METS:fptr FILEID="00000076"/>
				</METS:div>
				<METS:div TYPE="Chapter" LABEL="3.7.2 X.25" ORDERLABEL="67"><METS:fptr FILEID="00000077"/>
				</METS:div>
				<METS:div TYPE="Chapter" LABEL="3.7.3 帧中继" ORDERLABEL="68"><METS:fptr FILEID="00000078"/>
				</METS:div>
				<METS:div TYPE="Chapter" LABEL="3.7.4 ISDN和ATM" ORDERLABEL="69"><METS:fptr FILEID="00000079"/>
				</METS:div>
			</METS:div>
			<METS:div TYPE="Chapter" LABEL="小结" ORDERLABEL="71"><METS:fptr FILEID="00000081"/>
			</METS:div>
			<METS:div TYPE="Chapter" LABEL="习题" ORDERLABEL="71"><METS:fptr FILEID="00000081"/>
			</METS:div>
		</METS:div>
		<METS:div TYPE="Chapter" LABEL="第4章 局域网技术" ORDERLABEL="73"><METS:fptr FILEID="00000083"/>
			<METS:div TYPE="Chapter" LABEL="4.1 局域网概述" ORDERLABEL="73"><METS:fptr FILEID="00000083"/>
				<METS:div TYPE="Chapter" LABEL="4.1.1 局域网的产生和发展" ORDERLABEL="73"><METS:fptr FILEID="00000083"/>
				</METS:div>
				<METS:div TYPE="Chapter" LABEL="4.1.2 局域网的特点" ORDERLABEL="74"><METS:fptr FILEID="00000084"/>
				</METS:div>
				<METS:div TYPE="Chapter" LABEL="4.1.3 局域网的基本组成" ORDERLABEL="75"><METS:fptr FILEID="00000085"/>
				</METS:div>
				<METS:div TYPE="Chapter" LABEL="4.1.4 局域网体系结构与IEEE802标准" ORDERLABEL="81"><METS:fptr FILEID="00000091"/>
				</METS:div>
				<METS:div TYPE="Chapter" LABEL="4.1.5 介质访问控制方法" ORDERLABEL="86"><METS:fptr FILEID="00000096"/>
				</METS:div>
			</METS:div>
			<METS:div TYPE="Chapter" LABEL="4.2 以太网" ORDERLABEL="90"><METS:fptr FILEID="00000100"/>
				<METS:div TYPE="Chapter" LABEL="4.2.1 以太网的技术特性" ORDERLABEL="90"><METS:fptr FILEID="00000100"/>
				</METS:div>
				<METS:div TYPE="Chapter" LABEL="4.2.2 IEEE802.3以太网的体系结构" ORDERLABEL="91"><METS:fptr FILEID="00000101"/>
				</METS:div>
				<METS:div TYPE="Chapter" LABEL="4.2.3 10Mbps以太网" ORDERLABEL="92"><METS:fptr FILEID="00000102"/>
				</METS:div>
			</METS:div>
			<METS:div TYPE="Chapter" LABEL="4.3 快速以太网" ORDERLABEL="98"><METS:fptr FILEID="00000108"/>
				<METS:div TYPE="Chapter" LABEL="4.3.1 IEEE802.3u快速以太网" ORDERLABEL="98"><METS:fptr FILEID="00000108"/>
				</METS:div>
				<METS:div TYPE="Chapter" LABEL="4.3.2 100VG-AnyLAN" ORDERLABEL="101"><METS:fptr FILEID="00000111"/>
				</METS:div>
			</METS:div>
			<METS:div TYPE="Chapter" LABEL="4.4 光纤分布式数据接口" ORDERLABEL="101"><METS:fptr FILEID="00000111"/>
				<METS:div TYPE="Chapter" LABEL="4.4.1 FDDI的双环结构" ORDERLABEL="101"><METS:fptr FILEID="00000111"/>
				</METS:div>
				<METS:div TYPE="Chapter" LABEL="4.4.2 FDDI标准" ORDERLABEL="102"><METS:fptr FILEID="00000112"/>
				</METS:div>
				<METS:div TYPE="Chapter" LABEL="4 4.3 FDDI站点的物理连接" ORDERLABEL="104"><METS:fptr FILEID="00000114"/>
				</METS:div>
			</METS:div>
			<METS:div TYPE="Chapter" LABEL="4.5 交换式以太网" ORDERLABEL="104"><METS:fptr FILEID="00000114"/>
				<METS:div TYPE="Chapter" LABEL="4.5.1 共享式局域网存在的问题" ORDERLABEL="105"><METS:fptr FILEID="00000115"/>
				</METS:div>
				<METS:div TYPE="Chapter" LABEL="4.5.2 交换式局域网的特点" ORDERLABEL="106"><METS:fptr FILEID="00000116"/>
				</METS:div>
				<METS:div TYPE="Chapter" LABEL="4.5.3 以太网交换机" ORDERLABEL="107"><METS:fptr FILEID="00000117"/>
				</METS:div>
				<METS:div TYPE="Chapter" LABEL="4.5.4 VLAN" ORDERLABEL="110"><METS:fptr FILEID="00000120"/>
				</METS:div>
				<METS:div TYPE="Chapter" LABEL="4.5.5 交换以太网应用实例" ORDERLABEL="112"><METS:fptr FILEID="00000122"/>
				</METS:div>
			</METS:div>
			<METS:div TYPE="Chapter" LABEL="4.6 千兆以太网" ORDERLABEL="112"><METS:fptr FILEID="00000122"/>
				<METS:div TYPE="Chapter" LABEL="4.6.1 千兆以太网的技术特点" ORDERLABEL="113"><METS:fptr FILEID="00000123"/>
				</METS:div>
				<METS:div TYPE="Chapter" LABEL="4.6.2 千兆以太网的体系结构" ORDERLABEL="113"><METS:fptr FILEID="00000123"/>
				</METS:div>
				<METS:div TYPE="Chapter" LABEL="4.6.3 IEEE802.3z千兆以大网标准" ORDERLABEL="114"><METS:fptr FILEID="00000124"/>
				</METS:div>
				<METS:div TYPE="Chapter" LABEL="4.6.4 IEEM02.3ab千兆以太同标准" ORDERLABEL="115"><METS:fptr FILEID="00000125"/>
				</METS:div>
				<METS:div TYPE="Chapter" LABEL="4.6.5 千兆以太同应用实例" ORDERLABEL="116"><METS:fptr FILEID="00000126"/>
				</METS:div>
			</METS:div>
			<METS:div TYPE="Chapter" LABEL="4.7 万兆以太网" ORDERLABEL="117"><METS:fptr FILEID="00000127"/>
				<METS:div TYPE="Chapter" LABEL="4.7.1 万兆以太网的技术特性" ORDERLABEL="117"><METS:fptr FILEID="00000127"/>
				</METS:div>
				<METS:div TYPE="Chapter" LABEL="4.7.2 万兆以太网标准IEEE802.3ae" ORDERLABEL="117"><METS:fptr FILEID="00000127"/>
				</METS:div>
			</METS:div>
			<METS:div TYPE="Chapter" LABEL="4.8 异步传输模式" ORDERLABEL="119"><METS:fptr FILEID="00000129"/>
				<METS:div TYPE="Chapter" LABEL="4.8.1 ATM的特点" ORDERLABEL="120"><METS:fptr FILEID="00000130"/>
				</METS:div>
				<METS:div TYPE="Chapter" LABEL="4.8.2 ATM的基本技术" ORDERLABEL="120"><METS:fptr FILEID="00000130"/>
				</METS:div>
				<METS:div TYPE="Chapter" LABEL="4.8.3 ATM的体系结构" ORDERLABEL="121"><METS:fptr FILEID="00000131"/>
				</METS:div>
				<METS:div TYPE="Chapter" LABEL="4.8.4 局域网仿真" ORDERLABEL="123"><METS:fptr FILEID="00000133"/>
				</METS:div>
			</METS:div>
			<METS:div TYPE="Chapter" LABEL="小结" ORDERLABEL="126"><METS:fptr FILEID="00000136"/>
			</METS:div>
			<METS:div TYPE="Chapter" LABEL="习题" ORDERLABEL="127"><METS:fptr FILEID="00000137"/>
			</METS:div>
		</METS:div>
		<METS:div TYPE="Chapter" LABEL="第5章 网络互连" ORDERLABEL="129"><METS:fptr FILEID="00000139"/>
			<METS:div TYPE="Chapter" LABEL="5.1 网络互连概述" ORDERLABEL="129"><METS:fptr FILEID="00000139"/>
				<METS:div TYPE="Chapter" LABEL="5.1.1 计算机网络互连的应用需求" ORDERLABEL="129"><METS:fptr FILEID="00000139"/>
				</METS:div>
				<METS:div TYPE="Chapter" LABEL="5.1.2 网络互连模型" ORDERLABEL="131"><METS:fptr FILEID="00000141"/>
				</METS:div>
				<METS:div TYPE="Chapter" LABEL="5.1.3 网络互连的几种形式" ORDERLABEL="132"><METS:fptr FILEID="00000142"/>
				</METS:div>
				<METS:div TYPE="Chapter" LABEL="5.1.4 网络互连的基本要求" ORDERLABEL="132"><METS:fptr FILEID="00000142"/>
				</METS:div>
			</METS:div>
			<METS:div TYPE="Chapter" LABEL="5.2 网络互连设备" ORDERLABEL="134"><METS:fptr FILEID="00000144"/>
				<METS:div TYPE="Chapter" LABEL="5.2.1 中继器" ORDERLABEL="134"><METS:fptr FILEID="00000144"/>
				</METS:div>
				<METS:div TYPE="Chapter" LABEL="5.2.2 网桥" ORDERLABEL="135"><METS:fptr FILEID="00000145"/>
				</METS:div>
				<METS:div TYPE="Chapter" LABEL="5.2.3 路由器" ORDERLABEL="139"><METS:fptr FILEID="00000149"/>
				</METS:div>
				<METS:div TYPE="Chapter" LABEL="5.2.4 网关" ORDERLABEL="145"><METS:fptr FILEID="00000155"/>
				</METS:div>
			</METS:div>
			<METS:div TYPE="Chapter" LABEL="5.3 路由选择算法与路由协议" ORDERLABEL="146"><METS:fptr FILEID="00000156"/>
				<METS:div TYPE="Chapter" LABEL="5.3.1 静态路由和动态路由" ORDERLABEL="146"><METS:fptr FILEID="00000156"/>
				</METS:div>
				<METS:div TYPE="Chapter" LABEL="5.3.2 路由选择算法" ORDERLABEL="147"><METS:fptr FILEID="00000157"/>
				</METS:div>
				<METS:div TYPE="Chapter" LABEL="5.3.3 路由协议" ORDERLABEL="149"><METS:fptr FILEID="00000159"/>
				</METS:div>
			</METS:div>
			<METS:div TYPE="Chapter" LABEL="5.4 广域网技术" ORDERLABEL="152"><METS:fptr FILEID="00000162"/>
				<METS:div TYPE="Chapter" LABEL="5.4.1 广域网参考模型" ORDERLABEL="153"><METS:fptr FILEID="00000163"/>
				</METS:div>
				<METS:div TYPE="Chapter" LABEL="5.4.2 广域网的标准协议" ORDERLABEL="153"><METS:fptr FILEID="00000163"/>
				</METS:div>
				<METS:div TYPE="Chapter" LABEL="5.4.3 广域网连接方法" ORDERLABEL="155"><METS:fptr FILEID="00000165"/>
				</METS:div>
			</METS:div>
			<METS:div TYPE="Chapter" LABEL="小结" ORDERLABEL="163"><METS:fptr FILEID="00000173"/>
			</METS:div>
			<METS:div TYPE="Chapter" LABEL="习题" ORDERLABEL="164"><METS:fptr FILEID="00000174"/>
			</METS:div>
		</METS:div>
		<METS:div TYPE="Chapter" LABEL="第6章 网络互连协议TCP/IP" ORDERLABEL="166"><METS:fptr FILEID="00000176"/>
			<METS:div TYPE="Chapter" LABEL="6.1 TCP/IP协议簇" ORDERLABEL="166"><METS:fptr FILEID="00000176"/>
				<METS:div TYPE="Chapter" LABEL="6.1.1 网络接口层协议" ORDERLABEL="167"><METS:fptr FILEID="00000177"/>
				</METS:div>
				<METS:div TYPE="Chapter" LABEL="6.1.2 网络互连层协议" ORDERLABEL="168"><METS:fptr FILEID="00000178"/>
				</METS:div>
				<METS:div TYPE="Chapter" LABEL="6.1.3 传输层协议" ORDERLABEL="168"><METS:fptr FILEID="00000178"/>
				</METS:div>
				<METS:div TYPE="Chapter" LABEL="6.1.4 应用层协议" ORDERLABEL="168"><METS:fptr FILEID="00000178"/>
				</METS:div>
			</METS:div>
			<METS:div TYPE="Chapter" LABEL="6.2 网络互连协议IP" ORDERLABEL="168"><METS:fptr FILEID="00000178"/>
				<METS:div TYPE="Chapter" LABEL="6.2.1 IP数据包的报文格式" ORDERLABEL="169"><METS:fptr FILEID="00000179"/>
				</METS:div>
				<METS:div TYPE="Chapter" LABEL="6.2.2 IP数据包的转发过程" ORDERLABEL="173"><METS:fptr FILEID="00000183"/>
				</METS:div>
				<METS:div TYPE="Chapter" LABEL="6.2.3 数据包寻径" ORDERLABEL="174"><METS:fptr FILEID="00000184"/>
				</METS:div>
				<METS:div TYPE="Chapter" LABEL="6.2.4 IP数据包的封装、分段与重组" ORDERLABEL="177"><METS:fptr FILEID="00000187"/>
				</METS:div>
			</METS:div>
			<METS:div TYPE="Chapter" LABEL="6.3 Internet地址" ORDERLABEL="179"><METS:fptr FILEID="00000189"/>
				<METS:div TYPE="Chapter" LABEL="6.3.1 IP地址的表示和分类" ORDERLABEL="179"><METS:fptr FILEID="00000189"/>
				</METS:div>
				<METS:div TYPE="Chapter" LABEL="6.3.2 子网和掩码" ORDERLABEL="180"><METS:fptr FILEID="00000190"/>
				</METS:div>
				<METS:div TYPE="Chapter" LABEL="6.3.3 特殊的IP地址" ORDERLABEL="182"><METS:fptr FILEID="00000192"/>
				</METS:div>
			</METS:div>
			<METS:div TYPE="Chapter" LABEL="6.4 地址解析协议与反向地址解析协议" ORDERLABEL="183"><METS:fptr FILEID="00000193"/>
				<METS:div TYPE="Chapter" LABEL="6.4.1 地址解析协议" ORDERLABEL="183"><METS:fptr FILEID="00000193"/>
				</METS:div>
				<METS:div TYPE="Chapter" LABEL="6.4.2 反向地址解析协议" ORDERLABEL="186"><METS:fptr FILEID="00000196"/>
				</METS:div>
			</METS:div>
			<METS:div TYPE="Chapter" LABEL="6.5 控制报文协议" ORDERLABEL="186"><METS:fptr FILEID="00000196"/>
				<METS:div TYPE="Chapter" LABEL="6.5.1 概述" ORDERLABEL="187"><METS:fptr FILEID="00000197"/>
				</METS:div>
				<METS:div TYPE="Chapter" LABEL="6.5.2 ICMP数据包的传输" ORDERLABEL="189"><METS:fptr FILEID="00000199"/>
				</METS:div>
			</METS:div>
			<METS:div TYPE="Chapter" LABEL="6.6 UDP协议" ORDERLABEL="189"><METS:fptr FILEID="00000199"/>
				<METS:div TYPE="Chapter" LABEL="6.6.1 协议端口" ORDERLABEL="190"><METS:fptr FILEID="00000200"/>
				</METS:div>
				<METS:div TYPE="Chapter" LABEL="6.6.2 UDP数据包格式" ORDERLABEL="191"><METS:fptr FILEID="00000201"/>
				</METS:div>
				<METS:div TYPE="Chapter" LABEL="6.6.3 伪包头与校验和" ORDERLABEL="192"><METS:fptr FILEID="00000202"/>
				</METS:div>
			</METS:div>
			<METS:div TYPE="Chapter" LABEL="6.7 TCP协议" ORDERLABEL="192"><METS:fptr FILEID="00000202"/>
				<METS:div TYPE="Chapter" LABEL="6.7.1 TCP协议的功能特性" ORDERLABEL="192"><METS:fptr FILEID="00000202"/>
				</METS:div>
				<METS:div TYPE="Chapter" LABEL="6.7.2 TCP数据报格式" ORDERLABEL="194"><METS:fptr FILEID="00000204"/>
				</METS:div>
				<METS:div TYPE="Chapter" LABEL="6.7.3 TCP连接" ORDERLABEL="196"><METS:fptr FILEID="00000206"/>
				</METS:div>
				<METS:div TYPE="Chapter" LABEL="6.7.4 套接字" ORDERLABEL="197"><METS:fptr FILEID="00000207"/>
				</METS:div>
				<METS:div TYPE="Chapter" LABEL="6.7.5 TCP传输中的流量控制" ORDERLABEL="199"><METS:fptr FILEID="00000209"/>
				</METS:div>
				<METS:div TYPE="Chapter" LABEL="6.7.6 TCP连接管理有限状态机" ORDERLABEL="200"><METS:fptr FILEID="00000210"/>
				</METS:div>
			</METS:div>
			<METS:div TYPE="Chapter" LABEL="小结" ORDERLABEL="202"><METS:fptr FILEID="00000212"/>
			</METS:div>
			<METS:div TYPE="Chapter" LABEL="习题" ORDERLABEL="202"><METS:fptr FILEID="00000212"/>
			</METS:div>
		</METS:div>
		<METS:div TYPE="Chapter" LABEL="第7章 Internet及应用" ORDERLABEL="205"><METS:fptr FILEID="00000215"/>
			<METS:div TYPE="Chapter" LABEL="7.1 Internet概述" ORDERLABEL="205"><METS:fptr FILEID="00000215"/>
				<METS:div TYPE="Chapter" LABEL="7.1.1 什么是Internet" ORDERLABEL="205"><METS:fptr FILEID="00000215"/>
				</METS:div>
				<METS:div TYPE="Chapter" LABEL="7.1.2 Internet的起源与发展" ORDERLABEL="206"><METS:fptr FILEID="00000216"/>
				</METS:div>
				<METS:div TYPE="Chapter" LABEL="7.1.3 Internet的管理" ORDERLABEL="207"><METS:fptr FILEID="00000217"/>
				</METS:div>
				<METS:div TYPE="Chapter" LABEL="7.1.4 Internet的主要功能" ORDERLABEL="208"><METS:fptr FILEID="00000218"/>
				</METS:div>
			</METS:div>
			<METS:div TYPE="Chapter" LABEL="7.2 Internet在中国的发展" ORDERLABEL="209"><METS:fptr FILEID="00000219"/>
				<METS:div TYPE="Chapter" LABEL="7.2.1 Internet在中国的发展历程" ORDERLABEL="209"><METS:fptr FILEID="00000219"/>
				</METS:div>
				<METS:div TYPE="Chapter" LABEL="7.2.2 国内四大骨干网简介" ORDERLABEL="212"><METS:fptr FILEID="00000222"/>
				</METS:div>
			</METS:div>
			<METS:div TYPE="Chapter" LABEL="7.3 Internet的信息服务" ORDERLABEL="213"><METS:fptr FILEID="00000223"/>
				<METS:div TYPE="Chapter" LABEL="7.3.1 客户-服务器模式" ORDERLABEL="214"><METS:fptr FILEID="00000224"/>
				</METS:div>
				<METS:div TYPE="Chapter" LABEL="7.3.2 DNS域名服务" ORDERLABEL="214"><METS:fptr FILEID="00000224"/>
				</METS:div>
				<METS:div TYPE="Chapter" LABEL="7.3.3 WWW信息浏览" ORDERLABEL="218"><METS:fptr FILEID="00000228"/>
				</METS:div>
				<METS:div TYPE="Chapter" LABEL="7.3.4 电子邮件" ORDERLABEL="221"><METS:fptr FILEID="00000231"/>
				</METS:div>
				<METS:div TYPE="Chapter" LABEL="7.3.5 文件传输" ORDERLABEL="225"><METS:fptr FILEID="00000235"/>
				</METS:div>
				<METS:div TYPE="Chapter" LABEL="7.3.6 远程登录" ORDERLABEL="227"><METS:fptr FILEID="00000237"/>
				</METS:div>
				<METS:div TYPE="Chapter" LABEL="7.3.7 电子公告牌" ORDERLABEL="228"><METS:fptr FILEID="00000238"/>
				</METS:div>
				<METS:div TYPE="Chapter" LABEL="7.3.8 网络新闻服务" ORDERLABEL="230"><METS:fptr FILEID="00000240"/>
				</METS:div>
			</METS:div>
			<METS:div TYPE="Chapter" LABEL="7.4 Internet网络管理" ORDERLABEL="231"><METS:fptr FILEID="00000241"/>
				<METS:div TYPE="Chapter" LABEL="7.4.1 什么是网络管理" ORDERLABEL="231"><METS:fptr FILEID="00000241"/>
				</METS:div>
				<METS:div TYPE="Chapter" LABEL="7.4.2 网络管理体系结构" ORDERLABEL="232"><METS:fptr FILEID="00000242"/>
				</METS:div>
				<METS:div TYPE="Chapter" LABEL="7.4.3 管理信息库" ORDERLABEL="234"><METS:fptr FILEID="00000244"/>
				</METS:div>
				<METS:div TYPE="Chapter" LABEL="7.4.4 管理信息的结构及表达方式" ORDERLABEL="235"><METS:fptr FILEID="00000245"/>
				</METS:div>
				<METS:div TYPE="Chapter" LABEL="7.4.5 简单网络管理协议" ORDERLABEL="236"><METS:fptr FILEID="00000246"/>
				</METS:div>
			</METS:div>
			<METS:div TYPE="Chapter" LABEL="7.5 Internet网络安全" ORDERLABEL="237"><METS:fptr FILEID="00000247"/>
				<METS:div TYPE="Chapter" LABEL="7.5.1 什么是 Internet网络安全" ORDERLABEL="237"><METS:fptr FILEID="00000247"/>
				</METS:div>
				<METS:div TYPE="Chapter" LABEL="7.5.2 信息加密原理" ORDERLABEL="239"><METS:fptr FILEID="00000249"/>
				</METS:div>
				<METS:div TYPE="Chapter" LABEL="7.5.3 防火墙" ORDERLABEL="241"><METS:fptr FILEID="00000251"/>
				</METS:div>
			</METS:div>
			<METS:div TYPE="Chapter" LABEL="小结" ORDERLABEL="244"><METS:fptr FILEID="00000254"/>
			</METS:div>
			<METS:div TYPE="Chapter" LABEL="习题" ORDERLABEL="245"><METS:fptr FILEID="00000255"/>
			</METS:div>
		</METS:div>
		<METS:div TYPE="Chapter" LABEL="第8章 网络实践" ORDERLABEL="246"><METS:fptr FILEID="00000256"/>
			<METS:div TYPE="Chapter" LABEL="8.1 Windows NT系统的网络配置" ORDERLABEL="246"><METS:fptr FILEID="00000256"/>
				<METS:div TYPE="Chapter" LABEL="8.1.1 Windows NT概述" ORDERLABEL="246"><METS:fptr FILEID="00000256"/>
				</METS:div>
				<METS:div TYPE="Chapter" LABEL="8.1.2 Windows NT的网络安装和配置" ORDERLABEL="248"><METS:fptr FILEID="00000258"/>
				</METS:div>
			</METS:div>
			<METS:div TYPE="Chapter" LABEL="8.2 Windows 95／98系统的网络配置" ORDERLABEL="252"><METS:fptr FILEID="00000262"/>
				<METS:div TYPE="Chapter" LABEL="8.2.1 实验简介" ORDERLABEL="252"><METS:fptr FILEID="00000262"/>
				</METS:div>
				<METS:div TYPE="Chapter" LABEL="8.2.2 安装与配置网卡" ORDERLABEL="252"><METS:fptr FILEID="00000262"/>
				</METS:div>
				<METS:div TYPE="Chapter" LABEL="8.2.3 安装与配置TCP/IP软件" ORDERLABEL="253"><METS:fptr FILEID="00000263"/>
				</METS:div>
				<METS:div TYPE="Chapter" LABEL="8.2.4 安装与配置拨号上网软件" ORDERLABEL="254"><METS:fptr FILEID="00000264"/>
				</METS:div>
			</METS:div>
			<METS:div TYPE="Chapter" LABEL="8.3 Windows系统的网络测试工具" ORDERLABEL="258"><METS:fptr FILEID="00000268"/>
				<METS:div TYPE="Chapter" LABEL="8.3.1 IP配置命令" ORDERLABEL="258"><METS:fptr FILEID="00000268"/>
				</METS:div>
				<METS:div TYPE="Chapter" LABEL="8.3.2 netstat命令" ORDERLABEL="259"><METS:fptr FILEID="00000269"/>
				</METS:div>
				<METS:div TYPE="Chapter" LABEL="8.3.3 nbtstat命令" ORDERLABEL="260"><METS:fptr FILEID="00000270"/>
				</METS:div>
				<METS:div TYPE="Chapter" LABEL="8.3.4 ping命令" ORDERLABEL="261"><METS:fptr FILEID="00000271"/>
				</METS:div>
				<METS:div TYPE="Chapter" LABEL="8.3.5 tracert命令" ORDERLABEL="262"><METS:fptr FILEID="00000272"/>
				</METS:div>
			</METS:div>
			<METS:div TYPE="Chapter" LABEL="8.4 UNIX系统的网络配置和管理" ORDERLABEL="264"><METS:fptr FILEID="00000274"/>
				<METS:div TYPE="Chapter" LABEL="8.4.1 UNIX系统简介" ORDERLABEL="264"><METS:fptr FILEID="00000274"/>
				</METS:div>
				<METS:div TYPE="Chapter" LABEL="8.4.2 实验简介" ORDERLABEL="265"><METS:fptr FILEID="00000275"/>
				</METS:div>
				<METS:div TYPE="Chapter" LABEL="8.4.3 网络基本配置" ORDERLABEL="265"><METS:fptr FILEID="00000275"/>
				</METS:div>
				<METS:div TYPE="Chapter" LABEL="8.4.4 网络故障诊断" ORDERLABEL="268"><METS:fptr FILEID="00000278"/>
				</METS:div>
				<METS:div TYPE="Chapter" LABEL="8.4.5 高级网络管理" ORDERLABEL="269"><METS:fptr FILEID="00000279"/>
				</METS:div>
			</METS:div>
			<METS:div TYPE="Chapter" LABEL="小结" ORDERLABEL="273"><METS:fptr FILEID="00000283"/>
			</METS:div>
		</METS:div>
	</METS:structMap>
</METS:mets>
