<?xml version="1.0" encoding="utf-8"?>
<METS:mets xmlns:METS="http://www.loc.gov/METS/" xmlns:xsi="http://www.w3.org/2001/XMLSchema-instance" xmlns:gdm="http://sunsite.berkeley.edu/GDM/" xmlns:xlink="http://www.w3.org/TR/xlink" xsi:schemalocation="http://www.loc.gov/METS/http://www.loc.gov/standards/mets/mets.xsd" LABEL="Zhejiang University.jdl.China-America digital library project" TYPE="Section">
	<METS:structMap TYPE="Catalog">
		<METS:div TYPE="Chapter" LABEL="第一章  网络概论" ORDERLABEL="1"><METS:fptr FILEID="00000009"/>
			<METS:div TYPE="Chapter" LABEL="§1.1网络的定义" ORDERLABEL="1"><METS:fptr FILEID="00000009"/>
			</METS:div>
			<METS:div TYPE="Chapter" LABEL="§1.2网络的发展历程" ORDERLABEL="2"><METS:fptr FILEID="00000010"/>
			</METS:div>
			<METS:div TYPE="Chapter" LABEL="§1.3网络的意义" ORDERLABEL="3"><METS:fptr FILEID="00000011"/>
			</METS:div>
			<METS:div TYPE="Chapter" LABEL="§1.4网络技术" ORDERLABEL="5"><METS:fptr FILEID="00000013"/>
			</METS:div>
			<METS:div TYPE="Chapter" LABEL="〔思考题〕" ORDERLABEL="8"><METS:fptr FILEID="00000016"/>
			</METS:div>
		</METS:div>
		<METS:div TYPE="Chapter" LABEL="第二章  数据通信技术" ORDERLABEL="9"><METS:fptr FILEID="00000017"/>
			<METS:div TYPE="Chapter" LABEL="§2.1数据传输介质" ORDERLABEL="9"><METS:fptr FILEID="00000017"/>
			</METS:div>
			<METS:div TYPE="Chapter" LABEL="§2.2数据传输设备modem" ORDERLABEL="11"><METS:fptr FILEID="00000019"/>
			</METS:div>
			<METS:div TYPE="Chapter" LABEL="§2.3数字传输" ORDERLABEL="15"><METS:fptr FILEID="00000023"/>
			</METS:div>
			<METS:div TYPE="Chapter" LABEL="§2.4数据通信的有关技术" ORDERLABEL="17"><METS:fptr FILEID="00000025"/>
			</METS:div>
			<METS:div TYPE="Chapter" LABEL="§2.5数据交换技术" ORDERLABEL="21"><METS:fptr FILEID="00000029"/>
			</METS:div>
			<METS:div TYPE="Chapter" LABEL="§2.6流量控制与路径选择" ORDERLABEL="24"><METS:fptr FILEID="00000032"/>
			</METS:div>
			<METS:div TYPE="Chapter" LABEL="§2.7差错控制" ORDERLABEL="26"><METS:fptr FILEID="00000034"/>
			</METS:div>
			<METS:div TYPE="Chapter" LABEL="〔思考题〕" ORDERLABEL="28"><METS:fptr FILEID="00000036"/>
			</METS:div>
		</METS:div>
		<METS:div TYPE="Chapter" LABEL="第三章  网络协议与体系结构" ORDERLABEL="30"><METS:fptr FILEID="00000038"/>
			<METS:div TYPE="Chapter" LABEL="§3.1物理层" ORDERLABEL="31"><METS:fptr FILEID="00000039"/>
			</METS:div>
			<METS:div TYPE="Chapter" LABEL="§3.2数据链路层" ORDERLABEL="33"><METS:fptr FILEID="00000041"/>
			</METS:div>
			<METS:div TYPE="Chapter" LABEL="§3.3网络层" ORDERLABEL="39"><METS:fptr FILEID="00000047"/>
			</METS:div>
			<METS:div TYPE="Chapter" LABEL="§3.4传输层" ORDERLABEL="41"><METS:fptr FILEID="00000049"/>
			</METS:div>
			<METS:div TYPE="Chapter" LABEL="§3.5高层协议" ORDERLABEL="42"><METS:fptr FILEID="00000050"/>
			</METS:div>
			<METS:div TYPE="Chapter" LABEL="〔思考题〕" ORDERLABEL="44"><METS:fptr FILEID="00000052"/>
			</METS:div>
		</METS:div>
		<METS:div TYPE="Chapter" LABEL="第四章  局域网体系结构与协议" ORDERLABEL="46"><METS:fptr FILEID="00000054"/>
			<METS:div TYPE="Chapter" LABEL="§4.1网络的拓扑结构" ORDERLABEL="46"><METS:fptr FILEID="00000054"/>
			</METS:div>
			<METS:div TYPE="Chapter" LABEL="§4.2介质访问控制方法" ORDERLABEL="48"><METS:fptr FILEID="00000056"/>
			</METS:div>
			<METS:div TYPE="Chapter" LABEL="§4.3什么是IEEE802标准" ORDERLABEL="54"><METS:fptr FILEID="00000062"/>
			</METS:div>
			<METS:div TYPE="Chapter" LABEL="§4.4逻辑链路控制子层LLC" ORDERLABEL="58"><METS:fptr FILEID="00000066"/>
			</METS:div>
			<METS:div TYPE="Chapter" LABEL="§4.5 CSMA/CD的体系结构与协议" ORDERLABEL="65"><METS:fptr FILEID="00000073"/>
			</METS:div>
			<METS:div TYPE="Chapter" LABEL="§4.6令牌环介质访问控制协议" ORDERLABEL="71"><METS:fptr FILEID="00000079"/>
			</METS:div>
			<METS:div TYPE="Chapter" LABEL="§4.7剑桥环的高层通信规程" ORDERLABEL="74"><METS:fptr FILEID="00000082"/>
			</METS:div>
			<METS:div TYPE="Chapter" LABEL="〔思考题〕" ORDERLABEL="80"><METS:fptr FILEID="00000088"/>
			</METS:div>
		</METS:div>
		<METS:div TYPE="Chapter" LABEL="第五章  局域网的扩展" ORDERLABEL="81"><METS:fptr FILEID="00000089"/>
			<METS:div TYPE="Chapter" LABEL="§5.1网际互联设备" ORDERLABEL="81"><METS:fptr FILEID="00000089"/>
			</METS:div>
			<METS:div TYPE="Chapter" LABEL="§5.2交换式局域网技术" ORDERLABEL="87"><METS:fptr FILEID="00000095"/>
			</METS:div>
			<METS:div TYPE="Chapter" LABEL="§5.3TCP/IP" ORDERLABEL="96"><METS:fptr FILEID="00000104"/>
			</METS:div>
			<METS:div TYPE="Chapter" LABEL="〔思考题〕" ORDERLABEL="107"><METS:fptr FILEID="00000115"/>
			</METS:div>
		</METS:div>
		<METS:div TYPE="Chapter" LABEL="第六章  NOVELL网络系统" ORDERLABEL="108"><METS:fptr FILEID="00000116"/>
			<METS:div TYPE="Chapter" LABEL="§6.1NOVELL网的发展概况" ORDERLABEL="108"><METS:fptr FILEID="00000116"/>
			</METS:div>
			<METS:div TYPE="Chapter" LABEL="§6.2 NOVELL网的物理构成" ORDERLABEL="109"><METS:fptr FILEID="00000117"/>
			</METS:div>
			<METS:div TYPE="Chapter" LABEL="§6.3 Netware的软件构成" ORDERLABEL="116"><METS:fptr FILEID="00000124"/>
			</METS:div>
			<METS:div TYPE="Chapter" LABEL="§6.4数据安全性" ORDERLABEL="120"><METS:fptr FILEID="00000128"/>
			</METS:div>
			<METS:div TYPE="Chapter" LABEL="§6.5高效率的硬盘存储管理" ORDERLABEL="121"><METS:fptr FILEID="00000129"/>
			</METS:div>
			<METS:div TYPE="Chapter" LABEL="〔思考题〕" ORDERLABEL="122"><METS:fptr FILEID="00000130"/>
			</METS:div>
		</METS:div>
		<METS:div TYPE="Chapter" LABEL="第七章  怎样登入NOVELL网" ORDERLABEL="124"><METS:fptr FILEID="00000132"/>
			<METS:div TYPE="Chapter" LABEL="§7.1入网须知" ORDERLABEL="124"><METS:fptr FILEID="00000132"/>
			</METS:div>
			<METS:div TYPE="Chapter" LABEL="§7.2入网的基本操作命令" ORDERLABEL="126"><METS:fptr FILEID="00000134"/>
			</METS:div>
			<METS:div TYPE="Chapter" LABEL="§7.3用户界面" ORDERLABEL="128"><METS:fptr FILEID="00000136"/>
			</METS:div>
			<METS:div TYPE="Chapter" LABEL="〔思考题〕" ORDERLABEL="129"><METS:fptr FILEID="00000137"/>
			</METS:div>
		</METS:div>
		<METS:div TYPE="Chapter" LABEL="第八章  Netware的安全保密系统" ORDERLABEL="131"><METS:fptr FILEID="00000139"/>
			<METS:div TYPE="Chapter" LABEL="§8.1 Netware的四级保密制度" ORDERLABEL="131"><METS:fptr FILEID="00000139"/>
			</METS:div>
			<METS:div TYPE="Chapter" LABEL="§8.2用户记账管理" ORDERLABEL="134"><METS:fptr FILEID="00000142"/>
			</METS:div>
			<METS:div TYPE="Chapter" LABEL="§8.3安全性命令" ORDERLABEL="135"><METS:fptr FILEID="00000143"/>
			</METS:div>
			<METS:div TYPE="Chapter" LABEL="〔思考题〕" ORDERLABEL="136"><METS:fptr FILEID="00000144"/>
			</METS:div>
		</METS:div>
		<METS:div TYPE="Chapter" LABEL="第九章  Netware命令" ORDERLABEL="138"><METS:fptr FILEID="00000146"/>
			<METS:div TYPE="Chapter" LABEL="§9.1目录命令" ORDERLABEL="138"><METS:fptr FILEID="00000146"/>
			</METS:div>
			<METS:div TYPE="Chapter" LABEL="§9.2文件命令" ORDERLABEL="140"><METS:fptr FILEID="00000148"/>
			</METS:div>
			<METS:div TYPE="Chapter" LABEL="§9.3用户信息命令" ORDERLABEL="142"><METS:fptr FILEID="00000150"/>
			</METS:div>
			<METS:div TYPE="Chapter" LABEL="〔思考题〕" ORDERLABEL="143"><METS:fptr FILEID="00000151"/>
			</METS:div>
		</METS:div>
		<METS:div TYPE="Chapter" LABEL="第十章  Netware的菜单SYSCON" ORDERLABEL="145"><METS:fptr FILEID="00000153"/>
			<METS:div TYPE="Chapter" LABEL="§10.1 Netware菜单的操作功能键" ORDERLABEL="145"><METS:fptr FILEID="00000153"/>
			</METS:div>
			<METS:div TYPE="Chapter" LABEL="§10.2 SYSCON主菜单" ORDERLABEL="146"><METS:fptr FILEID="00000154"/>
			</METS:div>
			<METS:div TYPE="Chapter" LABEL="§10.3 Netware记账系统的安装" ORDERLABEL="156"><METS:fptr FILEID="00000164"/>
			</METS:div>
			<METS:div TYPE="Chapter" LABEL="§10.4 User Information子菜单中另2项" ORDERLABEL="158"><METS:fptr FILEID="00000166"/>
			</METS:div>
			<METS:div TYPE="Chapter" LABEL="〔思考题〕" ORDERLABEL="159"><METS:fptr FILEID="00000167"/>
			</METS:div>
		</METS:div>
		<METS:div TYPE="Chapter" LABEL="第十一章  Login Scripts和Makeuser" ORDERLABEL="161"><METS:fptr FILEID="00000169"/>
			<METS:div TYPE="Chapter" LABEL="§11.1注册文件Login Scripts" ORDERLABEL="161"><METS:fptr FILEID="00000169"/>
			</METS:div>
			<METS:div TYPE="Chapter" LABEL="§11.2整批建、删用户的MAKEUSER" ORDERLABEL="170"><METS:fptr FILEID="00000178"/>
			</METS:div>
			<METS:div TYPE="Chapter" LABEL="〔思考题〕" ORDERLABEL="172"><METS:fptr FILEID="00000180"/>
			</METS:div>
		</METS:div>
		<METS:div TYPE="Chapter" LABEL="第十二章  Netware 4.x" ORDERLABEL="174"><METS:fptr FILEID="00000182"/>
			<METS:div TYPE="Chapter" LABEL="§1 2.1 Netware 4.x的目录服务" ORDERLABEL="174"><METS:fptr FILEID="00000182"/>
			</METS:div>
			<METS:div TYPE="Chapter" LABEL="§1 2.2目录树的建设" ORDERLABEL="177"><METS:fptr FILEID="00000185"/>
			</METS:div>
			<METS:div TYPE="Chapter" LABEL="§1 2.3 FILER" ORDERLABEL="181"><METS:fptr FILEID="00000189"/>
			</METS:div>
			<METS:div TYPE="Chapter" LABEL="§1 2.4目录服务数据库的管理" ORDERLABEL="183"><METS:fptr FILEID="00000191"/>
			</METS:div>
			<METS:div TYPE="Chapter" LABEL="§1 2.5 NETUSER" ORDERLABEL="186"><METS:fptr FILEID="00000194"/>
			</METS:div>
			<METS:div TYPE="Chapter" LABEL="§1 2.6 NLIST命令" ORDERLABEL="188"><METS:fptr FILEID="00000196"/>
			</METS:div>
		</METS:div>
		<METS:div TYPE="Chapter" LABEL="第十三章  Windows NT4.0" ORDERLABEL="192"><METS:fptr FILEID="00000200"/>
			<METS:div TYPE="Chapter" LABEL="§1 3.1安全性" ORDERLABEL="192"><METS:fptr FILEID="00000200"/>
			</METS:div>
			<METS:div TYPE="Chapter" LABEL="§1 3.2网络构成" ORDERLABEL="199"><METS:fptr FILEID="00000207"/>
			</METS:div>
		</METS:div>
		<METS:div TYPE="Chapter" LABEL="第十四章  Windows 2000与活动目录" ORDERLABEL="205"><METS:fptr FILEID="00000213"/>
			<METS:div TYPE="Chapter" LABEL="§14.1逻辑结构" ORDERLABEL="205"><METS:fptr FILEID="00000213"/>
			</METS:div>
			<METS:div TYPE="Chapter" LABEL="§14.2有关概念" ORDERLABEL="206"><METS:fptr FILEID="00000214"/>
			</METS:div>
			<METS:div TYPE="Chapter" LABEL="§14.3操作实例" ORDERLABEL="208"><METS:fptr FILEID="00000216"/>
			</METS:div>
		</METS:div>
	</METS:structMap>
</METS:mets>
