<?xml version="1.0" encoding="utf-8"?>
<METS:mets xmlns:METS="http://www.loc.gov/METS/" xmlns:xsi="http://www.w3.org/2001/XMLSchema-instance" xmlns:gdm="http://sunsite.berkeley.edu/GDM/" xmlns:xlink="http://www.w3.org/TR/xlink" xsi:schemalocation="http://www.loc.gov/METS/http://www.loc.gov/standards/mets/mets.xsd" LABEL="Zhejiang University.jdl.China-America digital library project" TYPE="Section">
	<METS:structMap TYPE="Catalog">
		<METS:div TYPE="Chapter" LABEL="第1章 计算机网络基础" ORDERLABEL="5"><METS:fptr FILEID="00000016"/>
			<METS:div TYPE="Chapter" LABEL="1.1 计算机网络概述" ORDERLABEL="5"><METS:fptr FILEID="00000016"/>
				<METS:div TYPE="Chapter" LABEL="1.1.1 计算机网络的概念" ORDERLABEL="5"><METS:fptr FILEID="00000016"/>
				</METS:div>
				<METS:div TYPE="Chapter" LABEL="1.1.2 计算机网络系统与联机多用户系统、分布式计算机系统之间的关系" ORDERLABEL="6"><METS:fptr FILEID="00000017"/>
				</METS:div>
				<METS:div TYPE="Chapter" LABEL="1.1.3 计算机网络的分类" ORDERLABEL="7"><METS:fptr FILEID="00000018"/>
				</METS:div>
			</METS:div>
			<METS:div TYPE="Chapter" LABEL="1.2 计算机网络资源共享" ORDERLABEL="9"><METS:fptr FILEID="00000020"/>
				<METS:div TYPE="Chapter" LABEL="1.2.1 硬件资源共享" ORDERLABEL="9"><METS:fptr FILEID="00000020"/>
				</METS:div>
				<METS:div TYPE="Chapter" LABEL="1.2.2 软件资源共享" ORDERLABEL="10"><METS:fptr FILEID="00000021"/>
				</METS:div>
				<METS:div TYPE="Chapter" LABEL="1.2.3 数据资源共享" ORDERLABEL="10"><METS:fptr FILEID="00000021"/>
				</METS:div>
				<METS:div TYPE="Chapter" LABEL="1.2.4 通信信道资源共享" ORDERLABEL="11"><METS:fptr FILEID="00000022"/>
				</METS:div>
			</METS:div>
			<METS:div TYPE="Chapter" LABEL="1.3 计算机网络系统的结构" ORDERLABEL="12"><METS:fptr FILEID="00000023"/>
				<METS:div TYPE="Chapter" LABEL="1.3.1 计算机网络系统的基本结构" ORDERLABEL="12"><METS:fptr FILEID="00000023"/>
				</METS:div>
				<METS:div TYPE="Chapter" LABEL="1.3.2 通信子网与资源子网结构" ORDERLABEL="13"><METS:fptr FILEID="00000024"/>
				</METS:div>
				<METS:div TYPE="Chapter" LABEL="1.3.3 计算机网络的拓扑结构" ORDERLABEL="15"><METS:fptr FILEID="00000026"/>
				</METS:div>
				<METS:div TYPE="Chapter" LABEL="1.3.4 计算机网络的体系结构" ORDERLABEL="18"><METS:fptr FILEID="00000029"/>
				</METS:div>
			</METS:div>
			<METS:div TYPE="Chapter" LABEL="1.4 计算机网络的硬件系统和软件系统" ORDERLABEL="20"><METS:fptr FILEID="00000031"/>
				<METS:div TYPE="Chapter" LABEL="1.4.1 计算机网络的硬件系统" ORDERLABEL="20"><METS:fptr FILEID="00000031"/>
				</METS:div>
				<METS:div TYPE="Chapter" LABEL="1.4.2 计算机网络的软件系统" ORDERLABEL="20"><METS:fptr FILEID="00000031"/>
				</METS:div>
			</METS:div>
		</METS:div>
		<METS:div TYPE="Chapter" LABEL="第2章 数据通信技术" ORDERLABEL="22"><METS:fptr FILEID="00000033"/>
			<METS:div TYPE="Chapter" LABEL="2.1 模拟数据与数字数据" ORDERLABEL="22"><METS:fptr FILEID="00000033"/>
				<METS:div TYPE="Chapter" LABEL="2.1.1 数据、信息和信号" ORDERLABEL="22"><METS:fptr FILEID="00000033"/>
				</METS:div>
				<METS:div TYPE="Chapter" LABEL="2.1.2 信息处理和数据处理" ORDERLABEL="23"><METS:fptr FILEID="00000034"/>
				</METS:div>
				<METS:div TYPE="Chapter" LABEL="2.1.3 模拟数据和数字数据" ORDERLABEL="23"><METS:fptr FILEID="00000034"/>
				</METS:div>
			</METS:div>
			<METS:div TYPE="Chapter" LABEL="2.2 数据通信系统" ORDERLABEL="23"><METS:fptr FILEID="00000034"/>
				<METS:div TYPE="Chapter" LABEL="2.2.1 数据通信的概念" ORDERLABEL="23"><METS:fptr FILEID="00000034"/>
				</METS:div>
				<METS:div TYPE="Chapter" LABEL="2.2.2 模拟通信系统和数字通信系统" ORDERLABEL="26"><METS:fptr FILEID="00000037"/>
				</METS:div>
				<METS:div TYPE="Chapter" LABEL="2.2.3 基带传输与频带传输" ORDERLABEL="27"><METS:fptr FILEID="00000038"/>
				</METS:div>
			</METS:div>
			<METS:div TYPE="Chapter" LABEL="2.3 数据传输方式" ORDERLABEL="28"><METS:fptr FILEID="00000039"/>
				<METS:div TYPE="Chapter" LABEL="2.3.1 并行传输与串行传输" ORDERLABEL="28"><METS:fptr FILEID="00000039"/>
				</METS:div>
				<METS:div TYPE="Chapter" LABEL="2.3.2 同步传输与异步传输" ORDERLABEL="28"><METS:fptr FILEID="00000039"/>
				</METS:div>
				<METS:div TYPE="Chapter" LABEL="2.3.3 单工、半双工和全双工通信" ORDERLABEL="30"><METS:fptr FILEID="00000041"/>
				</METS:div>
				<METS:div TYPE="Chapter" LABEL="2.3.4 多路复用传输" ORDERLABEL="33"><METS:fptr FILEID="00000044"/>
				</METS:div>
				<METS:div TYPE="Chapter" LABEL="2.3.5 多路复用器和集中器" ORDERLABEL="35"><METS:fptr FILEID="00000046"/>
				</METS:div>
				<METS:div TYPE="Chapter" LABEL="2.3.6 点对点和多点线路连接" ORDERLABEL="35"><METS:fptr FILEID="00000046"/>
				</METS:div>
			</METS:div>
			<METS:div TYPE="Chapter" LABEL="2.4 数据通信的主要指标" ORDERLABEL="36"><METS:fptr FILEID="00000047"/>
				<METS:div TYPE="Chapter" LABEL="2.4.1 数据的代码、编码和码元" ORDERLABEL="36"><METS:fptr FILEID="00000047"/>
				</METS:div>
				<METS:div TYPE="Chapter" LABEL="2.4.2 数据传输速率" ORDERLABEL="38"><METS:fptr FILEID="00000049"/>
				</METS:div>
				<METS:div TYPE="Chapter" LABEL="2.4.3 带宽与数据传输速率" ORDERLABEL="39"><METS:fptr FILEID="00000050"/>
				</METS:div>
			</METS:div>
			<METS:div TYPE="Chapter" LABEL="2.5 数据编码" ORDERLABEL="39"><METS:fptr FILEID="00000050"/>
				<METS:div TYPE="Chapter" LABEL="2.5.1 数字数据的数字信号编码" ORDERLABEL="39"><METS:fptr FILEID="00000050"/>
				</METS:div>
				<METS:div TYPE="Chapter" LABEL="2.5.2 数字数据的模拟信号编码" ORDERLABEL="42"><METS:fptr FILEID="00000053"/>
				</METS:div>
				<METS:div TYPE="Chapter" LABEL="2.5.3 模拟数据的数字信号编码" ORDERLABEL="43"><METS:fptr FILEID="00000054"/>
				</METS:div>
				<METS:div TYPE="Chapter" LABEL="2.5.4 信号转换设备调制解调器" ORDERLABEL="43"><METS:fptr FILEID="00000054"/>
				</METS:div>
			</METS:div>
			<METS:div TYPE="Chapter" LABEL="2.6 数据交换技术" ORDERLABEL="47"><METS:fptr FILEID="00000058"/>
				<METS:div TYPE="Chapter" LABEL="2.6.1 电路交换" ORDERLABEL="47"><METS:fptr FILEID="00000058"/>
				</METS:div>
				<METS:div TYPE="Chapter" LABEL="2.6.2 报文交换方式" ORDERLABEL="49"><METS:fptr FILEID="00000060"/>
				</METS:div>
				<METS:div TYPE="Chapter" LABEL="2.6.3 报文分组交换" ORDERLABEL="50"><METS:fptr FILEID="00000061"/>
				</METS:div>
			</METS:div>
			<METS:div TYPE="Chapter" LABEL="2.7 高速交换技术" ORDERLABEL="50"><METS:fptr FILEID="00000061"/>
				<METS:div TYPE="Chapter" LABEL="2.7.1 帧中继交换" ORDERLABEL="50"><METS:fptr FILEID="00000061"/>
				</METS:div>
				<METS:div TYPE="Chapter" LABEL="2.7.2 交换多比特数据业务（SMDS）" ORDERLABEL="52"><METS:fptr FILEID="00000063"/>
				</METS:div>
				<METS:div TYPE="Chapter" LABEL="2.7.3 ATM交换" ORDERLABEL="55"><METS:fptr FILEID="00000066"/>
				</METS:div>
				<METS:div TYPE="Chapter" LABEL="2.7.4 交换设备" ORDERLABEL="59"><METS:fptr FILEID="00000070"/>
				</METS:div>
			</METS:div>
			<METS:div TYPE="Chapter" LABEL="2.8 数据传输的路径选择算法" ORDERLABEL="62"><METS:fptr FILEID="00000073"/>
				<METS:div TYPE="Chapter" LABEL="2.8.1 静态路径选择算法" ORDERLABEL="62"><METS:fptr FILEID="00000073"/>
				</METS:div>
				<METS:div TYPE="Chapter" LABEL="2.8.2 动态路径选择算法" ORDERLABEL="64"><METS:fptr FILEID="00000075"/>
				</METS:div>
			</METS:div>
			<METS:div TYPE="Chapter" LABEL="2.9 差错控制与差错检测方法" ORDERLABEL="66"><METS:fptr FILEID="00000077"/>
				<METS:div TYPE="Chapter" LABEL="2.9.1 概述" ORDERLABEL="66"><METS:fptr FILEID="00000077"/>
				</METS:div>
				<METS:div TYPE="Chapter" LABEL="2.9.2 差错控制方法" ORDERLABEL="67"><METS:fptr FILEID="00000078"/>
				</METS:div>
				<METS:div TYPE="Chapter" LABEL="2.9.3 差错检测方法" ORDERLABEL="68"><METS:fptr FILEID="00000079"/>
				</METS:div>
			</METS:div>
			<METS:div TYPE="Chapter" LABEL="2.10 通信控制设备" ORDERLABEL="71"><METS:fptr FILEID="00000082"/>
				<METS:div TYPE="Chapter" LABEL="2.10.1 通信控制设备的基本功能" ORDERLABEL="71"><METS:fptr FILEID="00000082"/>
				</METS:div>
				<METS:div TYPE="Chapter" LABEL="2.10.2 典型和常用的通信控制设备" ORDERLABEL="72"><METS:fptr FILEID="00000083"/>
				</METS:div>
			</METS:div>
		</METS:div>
		<METS:div TYPE="Chapter" LABEL="第3章 ISO体系结构" ORDERLABEL="75"><METS:fptr FILEID="00000086"/>
			<METS:div TYPE="Chapter" LABEL="3.1 ISO体系结构概述" ORDERLABEL="75"><METS:fptr FILEID="00000086"/>
			</METS:div>
			<METS:div TYPE="Chapter" LABEL="3.2 物理层" ORDERLABEL="76"><METS:fptr FILEID="00000087"/>
				<METS:div TYPE="Chapter" LABEL="3.2.1 物理层的概念" ORDERLABEL="76"><METS:fptr FILEID="00000087"/>
				</METS:div>
				<METS:div TYPE="Chapter" LABEL="3.2.2 物理层需要解决的问题和功能" ORDERLABEL="76"><METS:fptr FILEID="00000087"/>
				</METS:div>
				<METS:div TYPE="Chapter" LABEL="3.2.3 物理层的标准" ORDERLABEL="77"><METS:fptr FILEID="00000088"/>
				</METS:div>
				<METS:div TYPE="Chapter" LABEL="3.2.4 物理层的特性" ORDERLABEL="77"><METS:fptr FILEID="00000088"/>
				</METS:div>
				<METS:div TYPE="Chapter" LABEL="3.2.5 几种常用的物理层标准" ORDERLABEL="80"><METS:fptr FILEID="00000091"/>
				</METS:div>
			</METS:div>
			<METS:div TYPE="Chapter" LABEL="3.3 数据链路层" ORDERLABEL="82"><METS:fptr FILEID="00000093"/>
				<METS:div TYPE="Chapter" LABEL="3.3.1 链路与数据链路" ORDERLABEL="83"><METS:fptr FILEID="00000094"/>
				</METS:div>
				<METS:div TYPE="Chapter" LABEL="3.3.2 帧与报文" ORDERLABEL="83"><METS:fptr FILEID="00000094"/>
				</METS:div>
				<METS:div TYPE="Chapter" LABEL="3.3.3 信息数据单元" ORDERLABEL="85"><METS:fptr FILEID="00000096"/>
				</METS:div>
				<METS:div TYPE="Chapter" LABEL="3.3.4 数据链路层的功能" ORDERLABEL="87"><METS:fptr FILEID="00000098"/>
				</METS:div>
				<METS:div TYPE="Chapter" LABEL="3.3.5 同步协议与异步协议" ORDERLABEL="89"><METS:fptr FILEID="00000100"/>
				</METS:div>
				<METS:div TYPE="Chapter" LABEL="3.3.6 HDLC协议" ORDERLABEL="89"><METS:fptr FILEID="00000100"/>
				</METS:div>
				<METS:div TYPE="Chapter" LABEL="3.3.7 BSC协议" ORDERLABEL="92"><METS:fptr FILEID="00000103"/>
				</METS:div>
			</METS:div>
			<METS:div TYPE="Chapter" LABEL="3.4 网络层" ORDERLABEL="92"><METS:fptr FILEID="00000103"/>
				<METS:div TYPE="Chapter" LABEL="3.4.1 网络层概述" ORDERLABEL="93"><METS:fptr FILEID="00000104"/>
				</METS:div>
				<METS:div TYPE="Chapter" LABEL="3.4.2 数据报与虚电路服务" ORDERLABEL="93"><METS:fptr FILEID="00000104"/>
				</METS:div>
				<METS:div TYPE="Chapter" LABEL="3.4.3 路径选择" ORDERLABEL="95"><METS:fptr FILEID="00000106"/>
				</METS:div>
				<METS:div TYPE="Chapter" LABEL="3.4.4 流量控制与死锁" ORDERLABEL="95"><METS:fptr FILEID="00000106"/>
				</METS:div>
				<METS:div TYPE="Chapter" LABEL="3.4.5 流量控制的实现" ORDERLABEL="97"><METS:fptr FILEID="00000108"/>
				</METS:div>
				<METS:div TYPE="Chapter" LABEL="3.4.6 网络层协议" ORDERLABEL="98"><METS:fptr FILEID="00000109"/>
				</METS:div>
			</METS:div>
			<METS:div TYPE="Chapter" LABEL="3.5 运输层" ORDERLABEL="100"><METS:fptr FILEID="00000111"/>
				<METS:div TYPE="Chapter" LABEL="3.5.1 运输层的概念" ORDERLABEL="100"><METS:fptr FILEID="00000111"/>
				</METS:div>
				<METS:div TYPE="Chapter" LABEL="3.5.2 运输层协议的分类" ORDERLABEL="101"><METS:fptr FILEID="00000112"/>
				</METS:div>
				<METS:div TYPE="Chapter" LABEL="3.5.3 运输层服务" ORDERLABEL="102"><METS:fptr FILEID="00000113"/>
				</METS:div>
				<METS:div TYPE="Chapter" LABEL="3.5.4 传输控制协议" ORDERLABEL="102"><METS:fptr FILEID="00000113"/>
				</METS:div>
			</METS:div>
			<METS:div TYPE="Chapter" LABEL="3.6 高层" ORDERLABEL="103"><METS:fptr FILEID="00000114"/>
				<METS:div TYPE="Chapter" LABEL="3.6.1 会话层" ORDERLABEL="103"><METS:fptr FILEID="00000114"/>
				</METS:div>
				<METS:div TYPE="Chapter" LABEL="3.6.2 表示层" ORDERLABEL="104"><METS:fptr FILEID="00000115"/>
				</METS:div>
				<METS:div TYPE="Chapter" LABEL="3.6.3 应用层" ORDERLABEL="107"><METS:fptr FILEID="00000118"/>
				</METS:div>
			</METS:div>
		</METS:div>
		<METS:div TYPE="Chapter" LABEL="第4章 局域网" ORDERLABEL="108"><METS:fptr FILEID="00000119"/>
			<METS:div TYPE="Chapter" LABEL="4.1 局域网概述" ORDERLABEL="108"><METS:fptr FILEID="00000119"/>
				<METS:div TYPE="Chapter" LABEL="4.1.1 局域网与计算机局域网" ORDERLABEL="108"><METS:fptr FILEID="00000119"/>
				</METS:div>
				<METS:div TYPE="Chapter" LABEL="4.1.2 局域网技术要求" ORDERLABEL="108"><METS:fptr FILEID="00000119"/>
				</METS:div>
				<METS:div TYPE="Chapter" LABEL="4.1.3 局域网标准IEEE 802" ORDERLABEL="109"><METS:fptr FILEID="00000120"/>
				</METS:div>
			</METS:div>
			<METS:div TYPE="Chapter" LABEL="4.2 局域网类型" ORDERLABEL="110"><METS:fptr FILEID="00000121"/>
				<METS:div TYPE="Chapter" LABEL="4.2.1 总线型结构、星型结构、树型结构和环型结构局域网" ORDERLABEL="110"><METS:fptr FILEID="00000121"/>
				</METS:div>
				<METS:div TYPE="Chapter" LABEL="4.2.2 有线局域网和无线局域网" ORDERLABEL="111"><METS:fptr FILEID="00000122"/>
				</METS:div>
				<METS:div TYPE="Chapter" LABEL="4.2.3 对等局域网和客户机/服务器结构局域网" ORDERLABEL="114"><METS:fptr FILEID="00000125"/>
				</METS:div>
				<METS:div TYPE="Chapter" LABEL="4.2.4 共享媒体局域网、交换局域网和虚拟局域网" ORDERLABEL="115"><METS:fptr FILEID="00000126"/>
				</METS:div>
			</METS:div>
			<METS:div TYPE="Chapter" LABEL="4.3 局域网的基本硬件" ORDERLABEL="118"><METS:fptr FILEID="00000129"/>
				<METS:div TYPE="Chapter" LABEL="4.3.1 通信媒体" ORDERLABEL="119"><METS:fptr FILEID="00000130"/>
				</METS:div>
				<METS:div TYPE="Chapter" LABEL="4.3.2 服务器与工作站" ORDERLABEL="123"><METS:fptr FILEID="00000134"/>
				</METS:div>
				<METS:div TYPE="Chapter" LABEL="4.3.3 网卡" ORDERLABEL="125"><METS:fptr FILEID="00000136"/>
				</METS:div>
			</METS:div>
			<METS:div TYPE="Chapter" LABEL="4.4 局域网操作系统" ORDERLABEL="128"><METS:fptr FILEID="00000139"/>
				<METS:div TYPE="Chapter" LABEL="4.4.1 网络操作系统的概念与基本原理" ORDERLABEL="128"><METS:fptr FILEID="00000139"/>
				</METS:div>
				<METS:div TYPE="Chapter" LABEL="4.4.2 网络操作系统的功能和特点" ORDERLABEL="130"><METS:fptr FILEID="00000141"/>
				</METS:div>
				<METS:div TYPE="Chapter" LABEL="4.4.3 网络操作系统的基本组成及分类" ORDERLABEL="130"><METS:fptr FILEID="00000141"/>
				</METS:div>
				<METS:div TYPE="Chapter" LABEL="4.4.4 NetWare网络操作系统" ORDERLABEL="131"><METS:fptr FILEID="00000142"/>
				</METS:div>
				<METS:div TYPE="Chapter" LABEL="4.4.5 Windows NT网络操作系统" ORDERLABEL="133"><METS:fptr FILEID="00000144"/>
				</METS:div>
				<METS:div TYPE="Chapter" LABEL="4.4.6 UNIX网络操作系统" ORDERLABEL="136"><METS:fptr FILEID="00000147"/>
				</METS:div>
			</METS:div>
			<METS:div TYPE="Chapter" LABEL="4.5 媒体访问控制方法与局域网" ORDERLABEL="137"><METS:fptr FILEID="00000148"/>
				<METS:div TYPE="Chapter" LABEL="4.5.1 媒体访问控制方法" ORDERLABEL="137"><METS:fptr FILEID="00000148"/>
				</METS:div>
				<METS:div TYPE="Chapter" LABEL="4.5.2 IEEE 802标准与局域网络" ORDERLABEL="138"><METS:fptr FILEID="00000149"/>
				</METS:div>
			</METS:div>
			<METS:div TYPE="Chapter" LABEL="4.6 以太网介绍" ORDERLABEL="141"><METS:fptr FILEID="00000152"/>
				<METS:div TYPE="Chapter" LABEL="4.6.1 以太网10Base—5" ORDERLABEL="141"><METS:fptr FILEID="00000152"/>
				</METS:div>
				<METS:div TYPE="Chapter" LABEL="4.6.2 以太网10Base—２" ORDERLABEL="142"><METS:fptr FILEID="00000153"/>
				</METS:div>
				<METS:div TYPE="Chapter" LABEL="4.6.3 以太网10Base—T" ORDERLABEL="142"><METS:fptr FILEID="00000153"/>
				</METS:div>
				<METS:div TYPE="Chapter" LABEL="4.6.4 光缆以太网10Base—F" ORDERLABEL="144"><METS:fptr FILEID="00000155"/>
				</METS:div>
				<METS:div TYPE="Chapter" LABEL="4.6.5 100Base—T快速以太网" ORDERLABEL="144"><METS:fptr FILEID="00000155"/>
				</METS:div>
				<METS:div TYPE="Chapter" LABEL="4.6.6 交换以太网" ORDERLABEL="145"><METS:fptr FILEID="00000156"/>
				</METS:div>
				<METS:div TYPE="Chapter" LABEL="4.6.7 千兆位以太网" ORDERLABEL="147"><METS:fptr FILEID="00000158"/>
				</METS:div>
			</METS:div>
			<METS:div TYPE="Chapter" LABEL="4.7 局域网应用技术" ORDERLABEL="149"><METS:fptr FILEID="00000160"/>
				<METS:div TYPE="Chapter" LABEL="4.7.1 专用服务器结构" ORDERLABEL="149"><METS:fptr FILEID="00000160"/>
				</METS:div>
				<METS:div TYPE="Chapter" LABEL="4.7.2 客户机/服务器结构(Client/Server)" ORDERLABEL="150"><METS:fptr FILEID="00000161"/>
				</METS:div>
			</METS:div>
			<METS:div TYPE="Chapter" LABEL="4.8 局域网的容错技术" ORDERLABEL="152"><METS:fptr FILEID="00000163"/>
			</METS:div>
			<METS:div TYPE="Chapter" LABEL="4.9 光纤分布数据接口FDDI" ORDERLABEL="154"><METS:fptr FILEID="00000165"/>
				<METS:div TYPE="Chapter" LABEL="4.9.1 FDDI特性" ORDERLABEL="154"><METS:fptr FILEID="00000165"/>
				</METS:div>
				<METS:div TYPE="Chapter" LABEL="4.9.2 FDDI的协议结构" ORDERLABEL="155"><METS:fptr FILEID="00000166"/>
				</METS:div>
				<METS:div TYPE="Chapter" LABEL="4.9.3 FDDI网络的构成" ORDERLABEL="156"><METS:fptr FILEID="00000167"/>
				</METS:div>
			</METS:div>
			<METS:div TYPE="Chapter" LABEL="4.10 智能大厦与结构化布线" ORDERLABEL="158"><METS:fptr FILEID="00000169"/>
				<METS:div TYPE="Chapter" LABEL="4.10.1 智能大厦的概念" ORDERLABEL="158"><METS:fptr FILEID="00000169"/>
				</METS:div>
				<METS:div TYPE="Chapter" LABEL="4.10.2 智能大厦的基本组成" ORDERLABEL="160"><METS:fptr FILEID="00000171"/>
				</METS:div>
				<METS:div TYPE="Chapter" LABEL="4.10.3 结构化布线" ORDERLABEL="161"><METS:fptr FILEID="00000172"/>
				</METS:div>
			</METS:div>
		</METS:div>
		<METS:div TYPE="Chapter" LABEL="第5章 通信网技术" ORDERLABEL="163"><METS:fptr FILEID="00000174"/>
			<METS:div TYPE="Chapter" LABEL="5.1 通信网概述" ORDERLABEL="163"><METS:fptr FILEID="00000174"/>
			</METS:div>
			<METS:div TYPE="Chapter" LABEL="5.2 电话通信网" ORDERLABEL="164"><METS:fptr FILEID="00000175"/>
				<METS:div TYPE="Chapter" LABEL="5.2.1 电话通信网的基本组成" ORDERLABEL="164"><METS:fptr FILEID="00000175"/>
				</METS:div>
				<METS:div TYPE="Chapter" LABEL="5.2.2 市话通信网" ORDERLABEL="164"><METS:fptr FILEID="00000175"/>
				</METS:div>
				<METS:div TYPE="Chapter" LABEL="5.2.3 长途电话通信网" ORDERLABEL="166"><METS:fptr FILEID="00000177"/>
				</METS:div>
				<METS:div TYPE="Chapter" LABEL="5.2.4 国际电话通信网" ORDERLABEL="168"><METS:fptr FILEID="00000179"/>
				</METS:div>
			</METS:div>
			<METS:div TYPE="Chapter" LABEL="5.3 移动通信网" ORDERLABEL="169"><METS:fptr FILEID="00000180"/>
				<METS:div TYPE="Chapter" LABEL="5.3.1 移动通信网概述" ORDERLABEL="169"><METS:fptr FILEID="00000180"/>
				</METS:div>
				<METS:div TYPE="Chapter" LABEL="5.3.2 公共移动通信网" ORDERLABEL="170"><METS:fptr FILEID="00000181"/>
				</METS:div>
				<METS:div TYPE="Chapter" LABEL="5.3.3 数字蜂窝网" ORDERLABEL="171"><METS:fptr FILEID="00000182"/>
				</METS:div>
			</METS:div>
			<METS:div TYPE="Chapter" LABEL="5.4 卫星通信网" ORDERLABEL="177"><METS:fptr FILEID="00000188"/>
				<METS:div TYPE="Chapter" LABEL="5.4.1 概述" ORDERLABEL="177"><METS:fptr FILEID="00000188"/>
				</METS:div>
				<METS:div TYPE="Chapter" LABEL="5.4.2 卫星通信网的类型" ORDERLABEL="178"><METS:fptr FILEID="00000189"/>
				</METS:div>
				<METS:div TYPE="Chapter" LABEL="5.4.3 HEO移动通信系统介绍" ORDERLABEL="179"><METS:fptr FILEID="00000190"/>
				</METS:div>
				<METS:div TYPE="Chapter" LABEL="5.4.4 MEO、LEO移动通信系统介绍" ORDERLABEL="182"><METS:fptr FILEID="00000193"/>
				</METS:div>
				<METS:div TYPE="Chapter" LABEL="5.4.5 VSAT概念" ORDERLABEL="185"><METS:fptr FILEID="00000196"/>
				</METS:div>
			</METS:div>
			<METS:div TYPE="Chapter" LABEL="5.5 数字数据网" ORDERLABEL="185"><METS:fptr FILEID="00000196"/>
				<METS:div TYPE="Chapter" LABEL="5.5.1 数字数据网的概念" ORDERLABEL="185"><METS:fptr FILEID="00000196"/>
				</METS:div>
				<METS:div TYPE="Chapter" LABEL="5.5.2 数字数据网的基本组成和结构" ORDERLABEL="186"><METS:fptr FILEID="00000197"/>
				</METS:div>
				<METS:div TYPE="Chapter" LABEL="5.5.3 数字数据网的管理控制和业务" ORDERLABEL="187"><METS:fptr FILEID="00000198"/>
				</METS:div>
			</METS:div>
			<METS:div TYPE="Chapter" LABEL="5.6 电话拨号网与X.25网" ORDERLABEL="188"><METS:fptr FILEID="00000199"/>
				<METS:div TYPE="Chapter" LABEL="5.6.1 电话拨号网" ORDERLABEL="188"><METS:fptr FILEID="00000199"/>
				</METS:div>
				<METS:div TYPE="Chapter" LABEL="5.6.2 X.25网" ORDERLABEL="189"><METS:fptr FILEID="00000200"/>
				</METS:div>
			</METS:div>
			<METS:div TYPE="Chapter" LABEL="5.7 ISDN" ORDERLABEL="190"><METS:fptr FILEID="00000201"/>
				<METS:div TYPE="Chapter" LABEL="5.7.1 ISDN概述" ORDERLABEL="191"><METS:fptr FILEID="00000202"/>
				</METS:div>
				<METS:div TYPE="Chapter" LABEL="5.7.2 ISDN结构" ORDERLABEL="194"><METS:fptr FILEID="00000205"/>
				</METS:div>
				<METS:div TYPE="Chapter" LABEL="5.7.3 ISDN接口" ORDERLABEL="196"><METS:fptr FILEID="00000207"/>
				</METS:div>
				<METS:div TYPE="Chapter" LABEL="5.7.4 ISDN传输方式" ORDERLABEL="198"><METS:fptr FILEID="00000209"/>
				</METS:div>
			</METS:div>
			<METS:div TYPE="Chapter" LABEL="5.8 帧中继网与ATM网" ORDERLABEL="198"><METS:fptr FILEID="00000209"/>
				<METS:div TYPE="Chapter" LABEL="5.8.1 帧中继网概述" ORDERLABEL="198"><METS:fptr FILEID="00000209"/>
				</METS:div>
				<METS:div TYPE="Chapter" LABEL="5.8.2 帧中继网的应用" ORDERLABEL="198"><METS:fptr FILEID="00000209"/>
				</METS:div>
				<METS:div TYPE="Chapter" LABEL="5.8.3 ATM网" ORDERLABEL="200"><METS:fptr FILEID="00000211"/>
				</METS:div>
			</METS:div>
			<METS:div TYPE="Chapter" LABEL="5.9 宽带网" ORDERLABEL="203"><METS:fptr FILEID="00000214"/>
				<METS:div TYPE="Chapter" LABEL="5.9.1 宽带接入技术概述" ORDERLABEL="203"><METS:fptr FILEID="00000214"/>
				</METS:div>
				<METS:div TYPE="Chapter" LABEL="5.9.2 B—ISDN网" ORDERLABEL="204"><METS:fptr FILEID="00000215"/>
				</METS:div>
			</METS:div>
		</METS:div>
		<METS:div TYPE="Chapter" LABEL="第6章 因特网" ORDERLABEL="206"><METS:fptr FILEID="00000217"/>
			<METS:div TYPE="Chapter" LABEL="6.1 因特网概述" ORDERLABEL="206"><METS:fptr FILEID="00000217"/>
				<METS:div TYPE="Chapter" LABEL="6.1.1 因特网基本知识" ORDERLABEL="206"><METS:fptr FILEID="00000217"/>
				</METS:div>
				<METS:div TYPE="Chapter" LABEL="6.1.2 因特网关键技术和需要解决的问题" ORDERLABEL="209"><METS:fptr FILEID="00000220"/>
				</METS:div>
				<METS:div TYPE="Chapter" LABEL="6.1.3 因特网管理机构" ORDERLABEL="209"><METS:fptr FILEID="00000220"/>
				</METS:div>
			</METS:div>
			<METS:div TYPE="Chapter" LABEL="6.2 因特网协议——TCP/IP协议簇" ORDERLABEL="210"><METS:fptr FILEID="00000221"/>
				<METS:div TYPE="Chapter" LABEL="6.2.1 TCP/IP的产生与发展" ORDERLABEL="210"><METS:fptr FILEID="00000221"/>
				</METS:div>
				<METS:div TYPE="Chapter" LABEL="6.2.2 TCP/IP的体系结构" ORDERLABEL="211"><METS:fptr FILEID="00000222"/>
				</METS:div>
				<METS:div TYPE="Chapter" LABEL="6.2.3 TCP/IP的应用" ORDERLABEL="214"><METS:fptr FILEID="00000225"/>
				</METS:div>
			</METS:div>
			<METS:div TYPE="Chapter" LABEL="6.3 网络互联设备" ORDERLABEL="214"><METS:fptr FILEID="00000225"/>
				<METS:div TYPE="Chapter" LABEL="6.3.1 中继器" ORDERLABEL="214"><METS:fptr FILEID="00000225"/>
				</METS:div>
				<METS:div TYPE="Chapter" LABEL="6.3.2 集线器" ORDERLABEL="215"><METS:fptr FILEID="00000226"/>
				</METS:div>
				<METS:div TYPE="Chapter" LABEL="6.3.3 网桥" ORDERLABEL="218"><METS:fptr FILEID="00000229"/>
				</METS:div>
				<METS:div TYPE="Chapter" LABEL="6.3.4 路由器" ORDERLABEL="221"><METS:fptr FILEID="00000232"/>
				</METS:div>
				<METS:div TYPE="Chapter" LABEL="6.3.5 网关" ORDERLABEL="222"><METS:fptr FILEID="00000233"/>
				</METS:div>
			</METS:div>
			<METS:div TYPE="Chapter" LABEL="6.4 地址和域名" ORDERLABEL="223"><METS:fptr FILEID="00000234"/>
				<METS:div TYPE="Chapter" LABEL="6.4.1 IP地址原理" ORDERLABEL="223"><METS:fptr FILEID="00000234"/>
				</METS:div>
				<METS:div TYPE="Chapter" LABEL="6.4.2 域名" ORDERLABEL="224"><METS:fptr FILEID="00000235"/>
				</METS:div>
				<METS:div TYPE="Chapter" LABEL="6.4.3 域名解析" ORDERLABEL="225"><METS:fptr FILEID="00000236"/>
				</METS:div>
			</METS:div>
			<METS:div TYPE="Chapter" LABEL="6.5 因特网的连接" ORDERLABEL="226"><METS:fptr FILEID="00000237"/>
			</METS:div>
			<METS:div TYPE="Chapter" LABEL="6.6 因特网的基本功能" ORDERLABEL="228"><METS:fptr FILEID="00000239"/>
				<METS:div TYPE="Chapter" LABEL="6.6.1 电子邮件E—mail功能" ORDERLABEL="228"><METS:fptr FILEID="00000239"/>
				</METS:div>
				<METS:div TYPE="Chapter" LABEL="6.6.2 远程登录Telnet功能" ORDERLABEL="232"><METS:fptr FILEID="00000243"/>
				</METS:div>
				<METS:div TYPE="Chapter" LABEL="6.6.3 文件传输FTP功能" ORDERLABEL="232"><METS:fptr FILEID="00000243"/>
				</METS:div>
				<METS:div TYPE="Chapter" LABEL="6.6.4 WWW超文本链接" ORDERLABEL="233"><METS:fptr FILEID="00000244"/>
				</METS:div>
				<METS:div TYPE="Chapter" LABEL="6.6.5 因特网其他功能" ORDERLABEL="235"><METS:fptr FILEID="00000246"/>
				</METS:div>
			</METS:div>
			<METS:div TYPE="Chapter" LABEL="6.7 Chinanet" ORDERLABEL="236"><METS:fptr FILEID="00000247"/>
				<METS:div TYPE="Chapter" LABEL="6.7.1 Chinanet的构成" ORDERLABEL="236"><METS:fptr FILEID="00000247"/>
				</METS:div>
				<METS:div TYPE="Chapter" LABEL="6.7.2 Chinanet的基础设施" ORDERLABEL="237"><METS:fptr FILEID="00000248"/>
				</METS:div>
				<METS:div TYPE="Chapter" LABEL="6.7.3 Chinanet服务" ORDERLABEL="239"><METS:fptr FILEID="00000250"/>
				</METS:div>
			</METS:div>
			<METS:div TYPE="Chapter" LABEL="6.8 因特网应用技术" ORDERLABEL="239"><METS:fptr FILEID="00000250"/>
				<METS:div TYPE="Chapter" LABEL="6.8.1 Intranet/ Extranet" ORDERLABEL="239"><METS:fptr FILEID="00000250"/>
				</METS:div>
				<METS:div TYPE="Chapter" LABEL="6.8.2 电子数据交换技术与电子商务系统" ORDERLABEL="242"><METS:fptr FILEID="00000253"/>
				</METS:div>
				<METS:div TYPE="Chapter" LABEL="6.8.3 视频会议系统" ORDERLABEL="244"><METS:fptr FILEID="00000255"/>
				</METS:div>
				<METS:div TYPE="Chapter" LABEL="6.8.4 IP电话系统" ORDERLABEL="245"><METS:fptr FILEID="00000256"/>
				</METS:div>
			</METS:div>
		</METS:div>
		<METS:div TYPE="Chapter" LABEL="第7章 网络管理与网络安全" ORDERLABEL="247"><METS:fptr FILEID="00000258"/>
			<METS:div TYPE="Chapter" LABEL="7.1 网络管理的概述" ORDERLABEL="247"><METS:fptr FILEID="00000258"/>
				<METS:div TYPE="Chapter" LABEL="7.1.1 网络管理的概念" ORDERLABEL="247"><METS:fptr FILEID="00000258"/>
				</METS:div>
				<METS:div TYPE="Chapter" LABEL="7.1.2 网络管理的基本内容" ORDERLABEL="247"><METS:fptr FILEID="00000258"/>
				</METS:div>
				<METS:div TYPE="Chapter" LABEL="7.1.3 网络管理系统的基本模型" ORDERLABEL="248"><METS:fptr FILEID="00000259"/>
				</METS:div>
			</METS:div>
			<METS:div TYPE="Chapter" LABEL="7.2 OSI网络管理标准" ORDERLABEL="249"><METS:fptr FILEID="00000260"/>
				<METS:div TYPE="Chapter" LABEL="7.2.1 故障管理" ORDERLABEL="249"><METS:fptr FILEID="00000260"/>
				</METS:div>
				<METS:div TYPE="Chapter" LABEL="7.2.2 配置管理" ORDERLABEL="249"><METS:fptr FILEID="00000260"/>
				</METS:div>
				<METS:div TYPE="Chapter" LABEL="7.2.3 性能管理" ORDERLABEL="249"><METS:fptr FILEID="00000260"/>
				</METS:div>
				<METS:div TYPE="Chapter" LABEL="7.2.4 安全管理" ORDERLABEL="250"><METS:fptr FILEID="00000261"/>
				</METS:div>
				<METS:div TYPE="Chapter" LABEL="7.2.5 记账管理" ORDERLABEL="250"><METS:fptr FILEID="00000261"/>
				</METS:div>
			</METS:div>
			<METS:div TYPE="Chapter" LABEL="7.3 简单网络管理协议 SNMP" ORDERLABEL="250"><METS:fptr FILEID="00000261"/>
				<METS:div TYPE="Chapter" LABEL="7.3.1 SNMP的概念" ORDERLABEL="250"><METS:fptr FILEID="00000261"/>
				</METS:div>
				<METS:div TYPE="Chapter" LABEL="7.3.2 SNMP的基本组成" ORDERLABEL="251"><METS:fptr FILEID="00000262"/>
				</METS:div>
			</METS:div>
			<METS:div TYPE="Chapter" LABEL="7.4 计算机网络安全概述" ORDERLABEL="252"><METS:fptr FILEID="00000263"/>
				<METS:div TYPE="Chapter" LABEL="7.4.1 计算机网络安全的有关概念" ORDERLABEL="252"><METS:fptr FILEID="00000263"/>
				</METS:div>
				<METS:div TYPE="Chapter" LABEL="7.4.2 网络不安全因素的产生" ORDERLABEL="253"><METS:fptr FILEID="00000264"/>
				</METS:div>
				<METS:div TYPE="Chapter" LABEL="7.4.3 保护网络系统的基本要素" ORDERLABEL="254"><METS:fptr FILEID="00000265"/>
				</METS:div>
				<METS:div TYPE="Chapter" LABEL="7.4.4 网络安全策略" ORDERLABEL="255"><METS:fptr FILEID="00000266"/>
				</METS:div>
				<METS:div TYPE="Chapter" LABEL="7.4.5 网络系统安全保护功能" ORDERLABEL="257"><METS:fptr FILEID="00000268"/>
				</METS:div>
			</METS:div>
			<METS:div TYPE="Chapter" LABEL="7.5 防火墙技术" ORDERLABEL="257"><METS:fptr FILEID="00000268"/>
				<METS:div TYPE="Chapter" LABEL="7.5.1 防火墙的概念" ORDERLABEL="257"><METS:fptr FILEID="00000268"/>
				</METS:div>
				<METS:div TYPE="Chapter" LABEL="7.5.2 防火墙的功能" ORDERLABEL="258"><METS:fptr FILEID="00000269"/>
				</METS:div>
				<METS:div TYPE="Chapter" LABEL="7.5.3 防火墙的优势和主要缺陷" ORDERLABEL="258"><METS:fptr FILEID="00000269"/>
				</METS:div>
				<METS:div TYPE="Chapter" LABEL="7.5.4 防火墙的关键技术" ORDERLABEL="259"><METS:fptr FILEID="00000270"/>
				</METS:div>
				<METS:div TYPE="Chapter" LABEL="7.5.5 防火墙的体系结构" ORDERLABEL="263"><METS:fptr FILEID="00000274"/>
				</METS:div>
				<METS:div TYPE="Chapter" LABEL="7.5.6 防火墙的设计" ORDERLABEL="266"><METS:fptr FILEID="00000277"/>
				</METS:div>
			</METS:div>
			<METS:div TYPE="Chapter" LABEL="7.6 安全风险" ORDERLABEL="271"><METS:fptr FILEID="00000282"/>
				<METS:div TYPE="Chapter" LABEL="7.6.1 安全风险的特点" ORDERLABEL="271"><METS:fptr FILEID="00000282"/>
				</METS:div>
				<METS:div TYPE="Chapter" LABEL="7.6.2 常见的风险" ORDERLABEL="271"><METS:fptr FILEID="00000282"/>
				</METS:div>
				<METS:div TYPE="Chapter" LABEL="7.6.3 风险管理的基本内容" ORDERLABEL="272"><METS:fptr FILEID="00000283"/>
				</METS:div>
			</METS:div>
			<METS:div TYPE="Chapter" LABEL="7.7 保密技术" ORDERLABEL="273"><METS:fptr FILEID="00000284"/>
				<METS:div TYPE="Chapter" LABEL="7.7.1 代换密码法" ORDERLABEL="273"><METS:fptr FILEID="00000284"/>
				</METS:div>
				<METS:div TYPE="Chapter" LABEL="7.7.2 转换密码法" ORDERLABEL="274"><METS:fptr FILEID="00000285"/>
				</METS:div>
				<METS:div TYPE="Chapter" LABEL="7.7.3 DES加密标准" ORDERLABEL="275"><METS:fptr FILEID="00000286"/>
				</METS:div>
			</METS:div>
			<METS:div TYPE="Chapter" LABEL="7.8 加密方式" ORDERLABEL="275"><METS:fptr FILEID="00000286"/>
				<METS:div TYPE="Chapter" LABEL="7.8.1 通信加密" ORDERLABEL="276"><METS:fptr FILEID="00000287"/>
				</METS:div>
				<METS:div TYPE="Chapter" LABEL="7.8.2 访问保护" ORDERLABEL="277"><METS:fptr FILEID="00000288"/>
				</METS:div>
			</METS:div>
			<METS:div TYPE="Chapter" LABEL="7.9 计算机病毒" ORDERLABEL="278"><METS:fptr FILEID="00000289"/>
				<METS:div TYPE="Chapter" LABEL="7.9.1 计算机病毒的基本特性" ORDERLABEL="278"><METS:fptr FILEID="00000289"/>
				</METS:div>
				<METS:div TYPE="Chapter" LABEL="7.9.2 计算机病毒的分类" ORDERLABEL="279"><METS:fptr FILEID="00000290"/>
				</METS:div>
				<METS:div TYPE="Chapter" LABEL="7.9.3 计算机病毒的破坏过程及传播" ORDERLABEL="280"><METS:fptr FILEID="00000291"/>
				</METS:div>
				<METS:div TYPE="Chapter" LABEL="7.9.4 计算机病毒的传播途径" ORDERLABEL="282"><METS:fptr FILEID="00000293"/>
				</METS:div>
				<METS:div TYPE="Chapter" LABEL="7.9.5 计算机病毒现象" ORDERLABEL="282"><METS:fptr FILEID="00000293"/>
				</METS:div>
			</METS:div>
		</METS:div>
	</METS:structMap>
</METS:mets>
