<?xml version="1.0" encoding="utf-8"?>
<METS:mets xmlns:METS="http://www.loc.gov/METS/" xmlns:xsi="http://www.w3.org/2001/XMLSchema-instance" xmlns:gdm="http://sunsite.berkeley.edu/GDM/" xmlns:xlink="http://www.w3.org/TR/xlink" xsi:schemalocation="http://www.loc.gov/METS/http://www.loc.gov/standards/mets/mets.xsd" LABEL="Zhejiang University.jdl.China-America digital library project" TYPE="Section">
	<METS:structMap TYPE="Catalog">
		<METS:div TYPE="Chapter" LABEL="第1章 计算机网络技术基础" ORDERLABEL="1"><METS:fptr FILEID="00000011"/>
			<METS:div TYPE="Chapter" LABEL="1.1 计算机网络拓扑结构" ORDERLABEL="1"><METS:fptr FILEID="00000011"/>
				<METS:div TYPE="Chapter" LABEL="1.1.1 星型" ORDERLABEL="1"><METS:fptr FILEID="00000011"/>
				</METS:div>
				<METS:div TYPE="Chapter" LABEL="1.1.2 环型" ORDERLABEL="1"><METS:fptr FILEID="00000011"/>
				</METS:div>
				<METS:div TYPE="Chapter" LABEL="1.1.3 总线型" ORDERLABEL="1"><METS:fptr FILEID="00000011"/>
				</METS:div>
				<METS:div TYPE="Chapter" LABEL="1.1.4 树型" ORDERLABEL="2"><METS:fptr FILEID="00000012"/>
				</METS:div>
			</METS:div>
			<METS:div TYPE="Chapter" LABEL="1.2 计算机网络分类" ORDERLABEL="2"><METS:fptr FILEID="00000012"/>
				<METS:div TYPE="Chapter" LABEL="1.2.1 局域网" ORDERLABEL="3"><METS:fptr FILEID="00000013"/>
				</METS:div>
				<METS:div TYPE="Chapter" LABEL="1.2.2 广域网" ORDERLABEL="3"><METS:fptr FILEID="00000013"/>
				</METS:div>
				<METS:div TYPE="Chapter" LABEL="1.2.3 城域网" ORDERLABEL="3"><METS:fptr FILEID="00000013"/>
				</METS:div>
				<METS:div TYPE="Chapter" LABEL="1.2.4 互联网" ORDERLABEL="4"><METS:fptr FILEID="00000014"/>
				</METS:div>
			</METS:div>
			<METS:div TYPE="Chapter" LABEL="1.3 网络体系结构" ORDERLABEL="4"><METS:fptr FILEID="00000014"/>
				<METS:div TYPE="Chapter" LABEL="1.3.1 体系结构的含义" ORDERLABEL="4"><METS:fptr FILEID="00000014"/>
				</METS:div>
				<METS:div TYPE="Chapter" LABEL="1.3.2 协议的含义" ORDERLABEL="4"><METS:fptr FILEID="00000014"/>
				</METS:div>
				<METS:div TYPE="Chapter" LABEL="1.3.3 OSI/RM协议参考模型" ORDERLABEL="5"><METS:fptr FILEID="00000015"/>
				</METS:div>
				<METS:div TYPE="Chapter" LABEL="1.3.4 TCP/IP模型" ORDERLABEL="8"><METS:fptr FILEID="00000018"/>
				</METS:div>
			</METS:div>
			<METS:div TYPE="Chapter" LABEL="1.4 TCP／IP协议" ORDERLABEL="10"><METS:fptr FILEID="00000020"/>
				<METS:div TYPE="Chapter" LABEL="1.4.1 IP协议" ORDERLABEL="10"><METS:fptr FILEID="00000020"/>
				</METS:div>
				<METS:div TYPE="Chapter" LABEL="1.4.2 TCP协议" ORDERLABEL="18"><METS:fptr FILEID="00000028"/>
				</METS:div>
			</METS:div>
			<METS:div TYPE="Chapter" LABEL="1.5 网络技术分类" ORDERLABEL="21"><METS:fptr FILEID="00000031"/>
				<METS:div TYPE="Chapter" LABEL="1.5.1 计算机网络技术的含义" ORDERLABEL="21"><METS:fptr FILEID="00000031"/>
				</METS:div>
				<METS:div TYPE="Chapter" LABEL="1.5.2 计算机网络技术分类" ORDERLABEL="22"><METS:fptr FILEID="00000032"/>
				</METS:div>
			</METS:div>
			<METS:div TYPE="Chapter" LABEL="1.6 小结" ORDERLABEL="24"><METS:fptr FILEID="00000034"/>
			</METS:div>
			<METS:div TYPE="Chapter" LABEL="1.7 思考题" ORDERLABEL="24"><METS:fptr FILEID="00000034"/>
			</METS:div>
		</METS:div>
		<METS:div TYPE="Chapter" LABEL="第2章 计算机网络通信基础" ORDERLABEL="26"><METS:fptr FILEID="00000036"/>
			<METS:div TYPE="Chapter" LABEL="2.1 数据传输的编码基础" ORDERLABEL="26"><METS:fptr FILEID="00000036"/>
				<METS:div TYPE="Chapter" LABEL="2.1.1 有线和无线通信码型" ORDERLABEL="26"><METS:fptr FILEID="00000036"/>
				</METS:div>
				<METS:div TYPE="Chapter" LABEL="2.1.2 光纤通信码型" ORDERLABEL="30"><METS:fptr FILEID="00000040"/>
				</METS:div>
				<METS:div TYPE="Chapter" LABEL="2.1.3 频率、频谱和带宽" ORDERLABEL="32"><METS:fptr FILEID="00000042"/>
				</METS:div>
			</METS:div>
			<METS:div TYPE="Chapter" LABEL="2.2 数据传输的电子学基础" ORDERLABEL="34"><METS:fptr FILEID="00000044"/>
				<METS:div TYPE="Chapter" LABEL="2.2.1 概述" ORDERLABEL="34"><METS:fptr FILEID="00000044"/>
				</METS:div>
				<METS:div TYPE="Chapter" LABEL="2.2.2 数字传输中的常见电子标准" ORDERLABEL="35"><METS:fptr FILEID="00000045"/>
				</METS:div>
				<METS:div TYPE="Chapter" LABEL="2.2.3 数字传输基础" ORDERLABEL="37"><METS:fptr FILEID="00000047"/>
				</METS:div>
				<METS:div TYPE="Chapter" LABEL="2.2.4 模拟传输基础" ORDERLABEL="41"><METS:fptr FILEID="00000051"/>
				</METS:div>
				<METS:div TYPE="Chapter" LABEL="2.2.5 复用技术" ORDERLABEL="42"><METS:fptr FILEID="00000052"/>
				</METS:div>
				<METS:div TYPE="Chapter" LABEL="2.2.6 光纤通信的基本原理" ORDERLABEL="44"><METS:fptr FILEID="00000054"/>
				</METS:div>
			</METS:div>
			<METS:div TYPE="Chapter" LABEL="2.3 数字数据交换技术" ORDERLABEL="45"><METS:fptr FILEID="00000055"/>
				<METS:div TYPE="Chapter" LABEL="2.3.1 电路交换" ORDERLABEL="46"><METS:fptr FILEID="00000056"/>
				</METS:div>
				<METS:div TYPE="Chapter" LABEL="2.3.2 报文交换" ORDERLABEL="52"><METS:fptr FILEID="00000062"/>
				</METS:div>
				<METS:div TYPE="Chapter" LABEL="2.3.3 分组交换" ORDERLABEL="55"><METS:fptr FILEID="00000065"/>
				</METS:div>
			</METS:div>
			<METS:div TYPE="Chapter" LABEL="2.4 差错控制" ORDERLABEL="58"><METS:fptr FILEID="00000068"/>
				<METS:div TYPE="Chapter" LABEL="2.4.1 差错控制方法和特征" ORDERLABEL="58"><METS:fptr FILEID="00000068"/>
				</METS:div>
				<METS:div TYPE="Chapter" LABEL="2.4.2 纠检错码基本概念" ORDERLABEL="59"><METS:fptr FILEID="00000069"/>
				</METS:div>
				<METS:div TYPE="Chapter" LABEL="2.4.3 常用的检错码" ORDERLABEL="59"><METS:fptr FILEID="00000069"/>
				</METS:div>
			</METS:div>
			<METS:div TYPE="Chapter" LABEL="2.5 流量控制" ORDERLABEL="63"><METS:fptr FILEID="00000073"/>
				<METS:div TYPE="Chapter" LABEL="2.5.1 网络拥挤和死锁" ORDERLABEL="63"><METS:fptr FILEID="00000073"/>
				</METS:div>
				<METS:div TYPE="Chapter" LABEL="2.5.2 流量控制的含义和目的" ORDERLABEL="66"><METS:fptr FILEID="00000076"/>
				</METS:div>
				<METS:div TYPE="Chapter" LABEL="2.5.3 流量控制方法" ORDERLABEL="66"><METS:fptr FILEID="00000076"/>
				</METS:div>
				<METS:div TYPE="Chapter" LABEL="2.5.4 流量控制方法的综合应用" ORDERLABEL="70"><METS:fptr FILEID="00000080"/>
				</METS:div>
			</METS:div>
			<METS:div TYPE="Chapter" LABEL="2.6 移动通信技术简介" ORDERLABEL="71"><METS:fptr FILEID="00000081"/>
				<METS:div TYPE="Chapter" LABEL="2.6.1 第一代移动通信系统" ORDERLABEL="71"><METS:fptr FILEID="00000081"/>
				</METS:div>
				<METS:div TYPE="Chapter" LABEL="2.6.2 第二代移动通信系统" ORDERLABEL="71"><METS:fptr FILEID="00000081"/>
				</METS:div>
				<METS:div TYPE="Chapter" LABEL="2.6.3 第二代移动通信系统" ORDERLABEL="72"><METS:fptr FILEID="00000082"/>
				</METS:div>
			</METS:div>
			<METS:div TYPE="Chapter" LABEL="2.7 通信技术新发展——三网合一" ORDERLABEL="73"><METS:fptr FILEID="00000083"/>
				<METS:div TYPE="Chapter" LABEL="2.7.1 三网合一的含义" ORDERLABEL="73"><METS:fptr FILEID="00000083"/>
				</METS:div>
				<METS:div TYPE="Chapter" LABEL="2.7.2 三网合一实现中的问题" ORDERLABEL="74"><METS:fptr FILEID="00000084"/>
				</METS:div>
			</METS:div>
			<METS:div TYPE="Chapter" LABEL="2.8 小结" ORDERLABEL="75"><METS:fptr FILEID="00000085"/>
			</METS:div>
			<METS:div TYPE="Chapter" LABEL="2.9 思考题" ORDERLABEL="75"><METS:fptr FILEID="00000085"/>
			</METS:div>
		</METS:div>
		<METS:div TYPE="Chapter" LABEL="第3章 10G以太网技术" ORDERLABEL="76"><METS:fptr FILEID="00000086"/>
			<METS:div TYPE="Chapter" LABEL="3.1 以太网" ORDERLABEL="76"><METS:fptr FILEID="00000086"/>
				<METS:div TYPE="Chapter" LABEL="3.1.1 以太网层次结构" ORDERLABEL="76"><METS:fptr FILEID="00000086"/>
				</METS:div>
				<METS:div TYPE="Chapter" LABEL="3.1.2 以太网的帧格式" ORDERLABEL="76"><METS:fptr FILEID="00000086"/>
				</METS:div>
				<METS:div TYPE="Chapter" LABEL="3.1.3 以太网工作原理" ORDERLABEL="77"><METS:fptr FILEID="00000087"/>
				</METS:div>
				<METS:div TYPE="Chapter" LABEL="3.1.4 以太网物理层标准" ORDERLABEL="78"><METS:fptr FILEID="00000088"/>
				</METS:div>
				<METS:div TYPE="Chapter" LABEL="3.1.5 5-4-3规则" ORDERLABEL="80"><METS:fptr FILEID="00000090"/>
				</METS:div>
			</METS:div>
			<METS:div TYPE="Chapter" LABEL="3.2 快速以大网" ORDERLABEL="81"><METS:fptr FILEID="00000091"/>
				<METS:div TYPE="Chapter" LABEL="3.2.1 快速以太网的层次结构" ORDERLABEL="81"><METS:fptr FILEID="00000091"/>
				</METS:div>
				<METS:div TYPE="Chapter" LABEL="3.2.2 快速以太网的工作原理" ORDERLABEL="81"><METS:fptr FILEID="00000091"/>
				</METS:div>
				<METS:div TYPE="Chapter" LABEL="3.2.3 快速以太网对以太网的改进" ORDERLABEL="83"><METS:fptr FILEID="00000093"/>
				</METS:div>
				<METS:div TYPE="Chapter" LABEL="3.2.4 快速以太网工程指标" ORDERLABEL="84"><METS:fptr FILEID="00000094"/>
				</METS:div>
			</METS:div>
			<METS:div TYPE="Chapter" LABEL="3.3 千兆以太网" ORDERLABEL="84"><METS:fptr FILEID="00000094"/>
				<METS:div TYPE="Chapter" LABEL="3.3.1 千兆以太网层次结构" ORDERLABEL="84"><METS:fptr FILEID="00000094"/>
				</METS:div>
				<METS:div TYPE="Chapter" LABEL="3.3.2 千兆以太网工作原理" ORDERLABEL="84"><METS:fptr FILEID="00000094"/>
				</METS:div>
				<METS:div TYPE="Chapter" LABEL="3.3.3 千兆以太网的物理拓扑" ORDERLABEL="86"><METS:fptr FILEID="00000096"/>
				</METS:div>
				<METS:div TYPE="Chapter" LABEL="3.3.4 千兆以太网的主要改进" ORDERLABEL="87"><METS:fptr FILEID="00000097"/>
				</METS:div>
			</METS:div>
			<METS:div TYPE="Chapter" LABEL="3.4 10G以太网" ORDERLABEL="88"><METS:fptr FILEID="00000098"/>
				<METS:div TYPE="Chapter" LABEL="3.4.1 1OG以太网发展背景" ORDERLABEL="88"><METS:fptr FILEID="00000098"/>
				</METS:div>
				<METS:div TYPE="Chapter" LABEL="3.4.2 10G以太网目标" ORDERLABEL="88"><METS:fptr FILEID="00000098"/>
				</METS:div>
				<METS:div TYPE="Chapter" LABEL="3.4.3 10G以太网的主要差异" ORDERLABEL="89"><METS:fptr FILEID="00000099"/>
				</METS:div>
				<METS:div TYPE="Chapter" LABEL="3.4.4 10G以太网物理层" ORDERLABEL="89"><METS:fptr FILEID="00000099"/>
				</METS:div>
				<METS:div TYPE="Chapter" LABEL="3.4.5 10G以太网MAC层" ORDERLABEL="91"><METS:fptr FILEID="00000101"/>
				</METS:div>
				<METS:div TYPE="Chapter" LABEL="3.4.6 帧格式" ORDERLABEL="92"><METS:fptr FILEID="00000102"/>
				</METS:div>
				<METS:div TYPE="Chapter" LABEL="3.4.7 LAN与WAN的速率适配" ORDERLABEL="93"><METS:fptr FILEID="00000103"/>
				</METS:div>
				<METS:div TYPE="Chapter" LABEL="3.4.8 10G以太网的研发与前景" ORDERLABEL="94"><METS:fptr FILEID="00000104"/>
				</METS:div>
				<METS:div TYPE="Chapter" LABEL="3.4.9 10G以太网优势" ORDERLABEL="95"><METS:fptr FILEID="00000105"/>
				</METS:div>
			</METS:div>
			<METS:div TYPE="Chapter" LABEL="3.5 以大网技术指标比较" ORDERLABEL="95"><METS:fptr FILEID="00000105"/>
			</METS:div>
			<METS:div TYPE="Chapter" LABEL="3.6 小结" ORDERLABEL="96"><METS:fptr FILEID="00000106"/>
			</METS:div>
			<METS:div TYPE="Chapter" LABEL="3.7 思考题" ORDERLABEL="97"><METS:fptr FILEID="00000107"/>
			</METS:div>
		</METS:div>
		<METS:div TYPE="Chapter" LABEL="第4章 宽带ISDN技术" ORDERLABEL="98"><METS:fptr FILEID="00000108"/>
			<METS:div TYPE="Chapter" LABEL="4.1 ISDN" ORDERLABEL="98"><METS:fptr FILEID="00000108"/>
				<METS:div TYPE="Chapter" LABEL="4.1.1 ISDN的含义" ORDERLABEL="98"><METS:fptr FILEID="00000108"/>
				</METS:div>
				<METS:div TYPE="Chapter" LABEL="4.1.2 ISDN的基本特点" ORDERLABEL="98"><METS:fptr FILEID="00000108"/>
				</METS:div>
				<METS:div TYPE="Chapter" LABEL="4.1.3 ISDN的功能" ORDERLABEL="98"><METS:fptr FILEID="00000108"/>
				</METS:div>
				<METS:div TYPE="Chapter" LABEL="4.1.4 ISDN支撑业务" ORDERLABEL="99"><METS:fptr FILEID="00000109"/>
				</METS:div>
				<METS:div TYPE="Chapter" LABEL="4.1.5 ISDN的体系结构" ORDERLABEL="100"><METS:fptr FILEID="00000110"/>
				</METS:div>
				<METS:div TYPE="Chapter" LABEL="4.1.6 ISDN用户＼网络接口UNI" ORDERLABEL="100"><METS:fptr FILEID="00000110"/>
				</METS:div>
				<METS:div TYPE="Chapter" LABEL="4.1.7 ISDN的发展方向——宽带ISDN" ORDERLABEL="102"><METS:fptr FILEID="00000112"/>
				</METS:div>
			</METS:div>
			<METS:div TYPE="Chapter" LABEL="4.2 帧中继" ORDERLABEL="103"><METS:fptr FILEID="00000113"/>
				<METS:div TYPE="Chapter" LABEL="4.2.1 技术背景" ORDERLABEL="103"><METS:fptr FILEID="00000113"/>
				</METS:div>
				<METS:div TYPE="Chapter" LABEL="4.2.2 帧中继定义" ORDERLABEL="103"><METS:fptr FILEID="00000113"/>
				</METS:div>
				<METS:div TYPE="Chapter" LABEL="4.2.3 帧中继网络组成" ORDERLABEL="104"><METS:fptr FILEID="00000114"/>
				</METS:div>
				<METS:div TYPE="Chapter" LABEL="4.2.4 帧中继适用场合" ORDERLABEL="104"><METS:fptr FILEID="00000114"/>
				</METS:div>
				<METS:div TYPE="Chapter" LABEL="4.2.5 帧中继帧格式" ORDERLABEL="104"><METS:fptr FILEID="00000114"/>
				</METS:div>
				<METS:div TYPE="Chapter" LABEL="4.2.6 帧中继数据传输协议" ORDERLABEL="105"><METS:fptr FILEID="00000115"/>
				</METS:div>
				<METS:div TYPE="Chapter" LABEL="4.2.7 帧中继工作原理" ORDERLABEL="106"><METS:fptr FILEID="00000116"/>
				</METS:div>
				<METS:div TYPE="Chapter" LABEL="4.2.8 阻塞控制" ORDERLABEL="107"><METS:fptr FILEID="00000117"/>
				</METS:div>
			</METS:div>
			<METS:div TYPE="Chapter" LABEL="4.3 ATM" ORDERLABEL="108"><METS:fptr FILEID="00000118"/>
				<METS:div TYPE="Chapter" LABEL="4.3.1 ATM的诞生与发展" ORDERLABEL="108"><METS:fptr FILEID="00000118"/>
				</METS:div>
				<METS:div TYPE="Chapter" LABEL="4.3.2 ATM的含义" ORDERLABEL="111"><METS:fptr FILEID="00000121"/>
				</METS:div>
				<METS:div TYPE="Chapter" LABEL="4.3.3 ATM网络元素" ORDERLABEL="111"><METS:fptr FILEID="00000121"/>
				</METS:div>
				<METS:div TYPE="Chapter" LABEL="4.3.4 ATM服务类别" ORDERLABEL="112"><METS:fptr FILEID="00000122"/>
				</METS:div>
				<METS:div TYPE="Chapter" LABEL="4.3.5 ATM服务的5个种类" ORDERLABEL="112"><METS:fptr FILEID="00000122"/>
				</METS:div>
				<METS:div TYPE="Chapter" LABEL="4.3.6 ATM协议模型" ORDERLABEL="113"><METS:fptr FILEID="00000123"/>
				</METS:div>
				<METS:div TYPE="Chapter" LABEL="4.3.7 ATM信元结构" ORDERLABEL="115"><METS:fptr FILEID="00000125"/>
				</METS:div>
				<METS:div TYPE="Chapter" LABEL="4.3.8 ATM工作原理" ORDERLABEL="116"><METS:fptr FILEID="00000126"/>
				</METS:div>
				<METS:div TYPE="Chapter" LABEL="4.3.9 ATM适配层AAL" ORDERLABEL="119"><METS:fptr FILEID="00000129"/>
				</METS:div>
				<METS:div TYPE="Chapter" LABEL="4.3.10 AAL协议" ORDERLABEL="120"><METS:fptr FILEID="00000130"/>
				</METS:div>
			</METS:div>
			<METS:div TYPE="Chapter" LABEL="4.4 小结" ORDERLABEL="123"><METS:fptr FILEID="00000133"/>
			</METS:div>
			<METS:div TYPE="Chapter" LABEL="4.5 思考题" ORDERLABEL="123"><METS:fptr FILEID="00000133"/>
			</METS:div>
		</METS:div>
		<METS:div TYPE="Chapter" LABEL="第5章 计算机网络路由" ORDERLABEL="124"><METS:fptr FILEID="00000134"/>
			<METS:div TYPE="Chapter" LABEL="5.1 路由的概念" ORDERLABEL="124"><METS:fptr FILEID="00000134"/>
				<METS:div TYPE="Chapter" LABEL="5.1.1 路由选择及其算法" ORDERLABEL="124"><METS:fptr FILEID="00000134"/>
				</METS:div>
				<METS:div TYPE="Chapter" LABEL="5.1.2 常见的路由选择方法" ORDERLABEL="124"><METS:fptr FILEID="00000134"/>
				</METS:div>
				<METS:div TYPE="Chapter" LABEL="5.1.3 路由算法分类" ORDERLABEL="125"><METS:fptr FILEID="00000135"/>
				</METS:div>
				<METS:div TYPE="Chapter" LABEL="5.1.4 路由算法应该满足的要求" ORDERLABEL="126"><METS:fptr FILEID="00000136"/>
				</METS:div>
			</METS:div>
			<METS:div TYPE="Chapter" LABEL="5.2 路由算法简介" ORDERLABEL="126"><METS:fptr FILEID="00000136"/>
				<METS:div TYPE="Chapter" LABEL="5.2.1 固定式路由选择算法" ORDERLABEL="126"><METS:fptr FILEID="00000136"/>
				</METS:div>
				<METS:div TYPE="Chapter" LABEL="5.2.2 自适应式路由选择算法" ORDERLABEL="129"><METS:fptr FILEID="00000139"/>
				</METS:div>
				<METS:div TYPE="Chapter" LABEL="5.2.3 分层式路由选择" ORDERLABEL="131"><METS:fptr FILEID="00000141"/>
				</METS:div>
			</METS:div>
			<METS:div TYPE="Chapter" LABEL="5.3 Internet路由技术" ORDERLABEL="132"><METS:fptr FILEID="00000142"/>
				<METS:div TYPE="Chapter" LABEL="5.3.1 Internet路由协议分类" ORDERLABEL="132"><METS:fptr FILEID="00000142"/>
				</METS:div>
				<METS:div TYPE="Chapter" LABEL="5.3.2 路由信息协议RIP" ORDERLABEL="133"><METS:fptr FILEID="00000143"/>
				</METS:div>
				<METS:div TYPE="Chapter" LABEL="5.3.3 开放最短通路优先协议OSPF" ORDERLABEL="136"><METS:fptr FILEID="00000146"/>
				</METS:div>
				<METS:div TYPE="Chapter" LABEL="5.3.4 BGP协议" ORDERLABEL="138"><METS:fptr FILEID="00000148"/>
				</METS:div>
			</METS:div>
			<METS:div TYPE="Chapter" LABEL="5.4 路由器关键技术" ORDERLABEL="140"><METS:fptr FILEID="00000150"/>
				<METS:div TYPE="Chapter" LABEL="5.4.1 路由器的2大功能" ORDERLABEL="140"><METS:fptr FILEID="00000150"/>
				</METS:div>
				<METS:div TYPE="Chapter" LABEL="5.4.2 路由器的关键技术问题" ORDERLABEL="141"><METS:fptr FILEID="00000151"/>
				</METS:div>
				<METS:div TYPE="Chapter" LABEL="5.4.3 路由器应用展望" ORDERLABEL="145"><METS:fptr FILEID="00000155"/>
				</METS:div>
			</METS:div>
			<METS:div TYPE="Chapter" LABEL="5.5 小结" ORDERLABEL="145"><METS:fptr FILEID="00000155"/>
			</METS:div>
			<METS:div TYPE="Chapter" LABEL="5.6 思考题" ORDERLABEL="146"><METS:fptr FILEID="00000156"/>
			</METS:div>
		</METS:div>
		<METS:div TYPE="Chapter" LABEL="第6章 计算机网络寻址" ORDERLABEL="146"><METS:fptr FILEID="00000156"/>
			<METS:div TYPE="Chapter" LABEL="6.1 主机寻址信息" ORDERLABEL="146"><METS:fptr FILEID="00000156"/>
			</METS:div>
			<METS:div TYPE="Chapter" LABEL="6.2 主机寻址过程" ORDERLABEL="146"><METS:fptr FILEID="00000156"/>
			</METS:div>
			<METS:div TYPE="Chapter" LABEL="6.3 子网（局域网）寻址" ORDERLABEL="147"><METS:fptr FILEID="00000157"/>
				<METS:div TYPE="Chapter" LABEL="6.3.1 广播式信道寻址" ORDERLABEL="148"><METS:fptr FILEID="00000158"/>
				</METS:div>
				<METS:div TYPE="Chapter" LABEL="6.3.2 点到点信道寻址" ORDERLABEL="148"><METS:fptr FILEID="00000158"/>
				</METS:div>
			</METS:div>
			<METS:div TYPE="Chapter" LABEL="6.4 广域网寻址" ORDERLABEL="149"><METS:fptr FILEID="00000159"/>
			</METS:div>
			<METS:div TYPE="Chapter" LABEL="6.5 地址的封装" ORDERLABEL="150"><METS:fptr FILEID="00000160"/>
			</METS:div>
			<METS:div TYPE="Chapter" LABEL="6.6 域名解析系统DNS" ORDERLABEL="154"><METS:fptr FILEID="00000164"/>
				<METS:div TYPE="Chapter" LABEL="6.6.1 为什么需要DNS" ORDERLABEL="154"><METS:fptr FILEID="00000164"/>
				</METS:div>
				<METS:div TYPE="Chapter" LABEL="6.6.2 域名系统解决的问题" ORDERLABEL="155"><METS:fptr FILEID="00000165"/>
				</METS:div>
				<METS:div TYPE="Chapter" LABEL="6.6.3 TCP／IP互联网域名" ORDERLABEL="155"><METS:fptr FILEID="00000165"/>
				</METS:div>
				<METS:div TYPE="Chapter" LABEL="6.6.4 域名解析" ORDERLABEL="157"><METS:fptr FILEID="00000167"/>
				</METS:div>
				<METS:div TYPE="Chapter" LABEL="6.6.5 域服务器报文" ORDERLABEL="160"><METS:fptr FILEID="00000170"/>
				</METS:div>
			</METS:div>
			<METS:div TYPE="Chapter" LABEL="6.7 地址解析ARP／RARP" ORDERLABEL="162"><METS:fptr FILEID="00000172"/>
				<METS:div TYPE="Chapter" LABEL="6.7.1 什么是地址解析" ORDERLABEL="162"><METS:fptr FILEID="00000172"/>
				</METS:div>
				<METS:div TYPE="Chapter" LABEL="6.7.2 从互联网地址到物理地址映射" ORDERLABEL="163"><METS:fptr FILEID="00000173"/>
				</METS:div>
				<METS:div TYPE="Chapter" LABEL="6.7.3 从物理地址到互联网地址" ORDERLABEL="164"><METS:fptr FILEID="00000174"/>
				</METS:div>
				<METS:div TYPE="Chapter" LABEL="6.7.4 地址解析报文" ORDERLABEL="165"><METS:fptr FILEID="00000175"/>
				</METS:div>
			</METS:div>
			<METS:div TYPE="Chapter" LABEL="6.8 小结" ORDERLABEL="166"><METS:fptr FILEID="00000176"/>
			</METS:div>
			<METS:div TYPE="Chapter" LABEL="6.9 思考题" ORDERLABEL="166"><METS:fptr FILEID="00000176"/>
			</METS:div>
		</METS:div>
		<METS:div TYPE="Chapter" LABEL="第7章 IP交换" ORDERLABEL="167"><METS:fptr FILEID="00000177"/>
			<METS:div TYPE="Chapter" LABEL="7.1 概述" ORDERLABEL="167"><METS:fptr FILEID="00000177"/>
				<METS:div TYPE="Chapter" LABEL="7.1.1 传统的Internet技术面临挑战" ORDERLABEL="167"><METS:fptr FILEID="00000177"/>
				</METS:div>
				<METS:div TYPE="Chapter" LABEL="7.1.2 IP技术与ATM技术结合的难点" ORDERLABEL="168"><METS:fptr FILEID="00000178"/>
				</METS:div>
				<METS:div TYPE="Chapter" LABEL="7.1.3 IP＋ATM技术简介" ORDERLABEL="168"><METS:fptr FILEID="00000178"/>
				</METS:div>
				<METS:div TYPE="Chapter" LABEL="7.1.4 IP与ATM结合的模型" ORDERLABEL="168"><METS:fptr FILEID="00000178"/>
				</METS:div>
				<METS:div TYPE="Chapter" LABEL="7.1.5 标准和产品" ORDERLABEL="170"><METS:fptr FILEID="00000180"/>
				</METS:div>
				<METS:div TYPE="Chapter" LABEL="7.1.6 应用情况" ORDERLABEL="171"><METS:fptr FILEID="00000181"/>
				</METS:div>
			</METS:div>
			<METS:div TYPE="Chapter" LABEL="7.2 ATM局域网仿真" ORDERLABEL="172"><METS:fptr FILEID="00000182"/>
				<METS:div TYPE="Chapter" LABEL="7.2.1 概述" ORDERLABEL="172"><METS:fptr FILEID="00000182"/>
				</METS:div>
				<METS:div TYPE="Chapter" LABEL="7.2.2 局域网仿真的配置结构" ORDERLABEL="173"><METS:fptr FILEID="00000183"/>
				</METS:div>
				<METS:div TYPE="Chapter" LABEL="7.2.3 局域网仿真的协议结构" ORDERLABEL="174"><METS:fptr FILEID="00000184"/>
				</METS:div>
				<METS:div TYPE="Chapter" LABEL="7.2.4 LANE帧格式" ORDERLABEL="175"><METS:fptr FILEID="00000185"/>
				</METS:div>
				<METS:div TYPE="Chapter" LABEL="7.2.5 AFM仿真局域网中的连接" ORDERLABEL="176"><METS:fptr FILEID="00000186"/>
				</METS:div>
				<METS:div TYPE="Chapter" LABEL="7.2.6 局域网仿真的工作过程" ORDERLABEL="176"><METS:fptr FILEID="00000186"/>
				</METS:div>
				<METS:div TYPE="Chapter" LABEL="7.2.7 LANE的网络连接" ORDERLABEL="177"><METS:fptr FILEID="00000187"/>
				</METS:div>
				<METS:div TYPE="Chapter" LABEL="7.2.8 LANE存在的问题" ORDERLABEL="178"><METS:fptr FILEID="00000188"/>
				</METS:div>
			</METS:div>
			<METS:div TYPE="Chapter" LABEL="7.3 ATM支持的IP技术" ORDERLABEL="178"><METS:fptr FILEID="00000188"/>
				<METS:div TYPE="Chapter" LABEL="7.3.1 概述" ORDERLABEL="178"><METS:fptr FILEID="00000188"/>
				</METS:div>
				<METS:div TYPE="Chapter" LABEL="7.3.2 IPOA的配置" ORDERLABEL="179"><METS:fptr FILEID="00000189"/>
				</METS:div>
				<METS:div TYPE="Chapter" LABEL="7.3.3 IPOA的协议结构" ORDERLABEL="180"><METS:fptr FILEID="00000190"/>
				</METS:div>
				<METS:div TYPE="Chapter" LABEL="7.3.4 IPOA的地址解析" ORDERLABEL="181"><METS:fptr FILEID="00000191"/>
				</METS:div>
				<METS:div TYPE="Chapter" LABEL="7.3.5 IPOA的网络连接" ORDERLABEL="182"><METS:fptr FILEID="00000192"/>
				</METS:div>
				<METS:div TYPE="Chapter" LABEL="7.3.6 IPOA的优缺点" ORDERLABEL="182"><METS:fptr FILEID="00000192"/>
				</METS:div>
				<METS:div TYPE="Chapter" LABEL="7.3.7 IPOA与LANE的比较" ORDERLABEL="183"><METS:fptr FILEID="00000193"/>
				</METS:div>
			</METS:div>
			<METS:div TYPE="Chapter" LABEL="7.4 IP交换" ORDERLABEL="184"><METS:fptr FILEID="00000194"/>
				<METS:div TYPE="Chapter" LABEL="7.4.1 IP交换机" ORDERLABEL="184"><METS:fptr FILEID="00000194"/>
				</METS:div>
				<METS:div TYPE="Chapter" LABEL="7.4.2 IP交换机内部协议" ORDERLABEL="184"><METS:fptr FILEID="00000194"/>
				</METS:div>
				<METS:div TYPE="Chapter" LABEL="7.4.3 流的分类与处理" ORDERLABEL="185"><METS:fptr FILEID="00000195"/>
				</METS:div>
				<METS:div TYPE="Chapter" LABEL="7.4.4 工作原理" ORDERLABEL="186"><METS:fptr FILEID="00000196"/>
				</METS:div>
				<METS:div TYPE="Chapter" LABEL="7.4.5 IP交换网" ORDERLABEL="187"><METS:fptr FILEID="00000197"/>
				</METS:div>
				<METS:div TYPE="Chapter" LABEL="7.4.6 IP交换的优缺点" ORDERLABEL="188"><METS:fptr FILEID="00000198"/>
				</METS:div>
			</METS:div>
			<METS:div TYPE="Chapter" LABEL="7.5 ATM上的多协议规范" ORDERLABEL="189"><METS:fptr FILEID="00000199"/>
				<METS:div TYPE="Chapter" LABEL="7.5.1 概述" ORDERLABEL="189"><METS:fptr FILEID="00000199"/>
				</METS:div>
				<METS:div TYPE="Chapter" LABEL="7.5.2 组成" ORDERLABEL="192"><METS:fptr FILEID="00000202"/>
				</METS:div>
				<METS:div TYPE="Chapter" LABEL="7.5.3 工作原理" ORDERLABEL="194"><METS:fptr FILEID="00000204"/>
				</METS:div>
				<METS:div TYPE="Chapter" LABEL="7.5.4 MPOA与IP比较" ORDERLABEL="196"><METS:fptr FILEID="00000206"/>
				</METS:div>
			</METS:div>
			<METS:div TYPE="Chapter" LABEL="7.6 标记交换" ORDERLABEL="197"><METS:fptr FILEID="00000207"/>
				<METS:div TYPE="Chapter" LABEL="7.6.1 概述" ORDERLABEL="197"><METS:fptr FILEID="00000207"/>
				</METS:div>
				<METS:div TYPE="Chapter" LABEL="7.6.2 标记" ORDERLABEL="197"><METS:fptr FILEID="00000207"/>
				</METS:div>
				<METS:div TYPE="Chapter" LABEL="7.6.3 标记交换网络组成" ORDERLABEL="198"><METS:fptr FILEID="00000208"/>
				</METS:div>
				<METS:div TYPE="Chapter" LABEL="7.6.4 工作原理" ORDERLABEL="198"><METS:fptr FILEID="00000208"/>
				</METS:div>
				<METS:div TYPE="Chapter" LABEL="7.6.5 标记交换的优缺点" ORDERLABEL="201"><METS:fptr FILEID="00000211"/>
				</METS:div>
				<METS:div TYPE="Chapter" LABEL="7.6.6 标记交换与IP交换的比较" ORDERLABEL="201"><METS:fptr FILEID="00000211"/>
				</METS:div>
			</METS:div>
			<METS:div TYPE="Chapter" LABEL="7.7 MPLS标准化新进展" ORDERLABEL="202"><METS:fptr FILEID="00000212"/>
				<METS:div TYPE="Chapter" LABEL="7.7.1 概述" ORDERLABEL="202"><METS:fptr FILEID="00000212"/>
				</METS:div>
				<METS:div TYPE="Chapter" LABEL="7.7.2 MPLS的相关概念" ORDERLABEL="203"><METS:fptr FILEID="00000213"/>
				</METS:div>
				<METS:div TYPE="Chapter" LABEL="7.7.3 MPLS网络结构" ORDERLABEL="204"><METS:fptr FILEID="00000214"/>
				</METS:div>
				<METS:div TYPE="Chapter" LABEL="7.7.4 MPLS的标签" ORDERLABEL="205"><METS:fptr FILEID="00000215"/>
				</METS:div>
				<METS:div TYPE="Chapter" LABEL="7.7.5 标签分发与处理" ORDERLABEL="206"><METS:fptr FILEID="00000216"/>
				</METS:div>
				<METS:div TYPE="Chapter" LABEL="7.7.6 MPLS数据包的传送流程" ORDERLABEL="207"><METS:fptr FILEID="00000217"/>
				</METS:div>
			</METS:div>
			<METS:div TYPE="Chapter" LABEL="7.8 小结" ORDERLABEL="207"><METS:fptr FILEID="00000217"/>
			</METS:div>
			<METS:div TYPE="Chapter" LABEL="7.9 思考题" ORDERLABEL="208"><METS:fptr FILEID="00000218"/>
			</METS:div>
		</METS:div>
		<METS:div TYPE="Chapter" LABEL="第8章 虚拟局域网VLAN" ORDERLABEL="209"><METS:fptr FILEID="00000219"/>
			<METS:div TYPE="Chapter" LABEL="8.1 VLAN的含义" ORDERLABEL="209"><METS:fptr FILEID="00000219"/>
			</METS:div>
			<METS:div TYPE="Chapter" LABEL="8.2 为什么需要VLAN" ORDERLABEL="209"><METS:fptr FILEID="00000219"/>
				<METS:div TYPE="Chapter" LABEL="8.2.1 需求驱动" ORDERLABEL="210"><METS:fptr FILEID="00000220"/>
				</METS:div>
				<METS:div TYPE="Chapter" LABEL="8.2.2 技术驱动" ORDERLABEL="210"><METS:fptr FILEID="00000220"/>
				</METS:div>
			</METS:div>
			<METS:div TYPE="Chapter" LABEL="8.3 VLAN的种类" ORDERLABEL="211"><METS:fptr FILEID="00000221"/>
				<METS:div TYPE="Chapter" LABEL="8.3.1 基于端口分组的VLAN" ORDERLABEL="211"><METS:fptr FILEID="00000221"/>
				</METS:div>
				<METS:div TYPE="Chapter" LABEL="8.3.2 基于MAC地址分组的VLAN" ORDERLABEL="212"><METS:fptr FILEID="00000222"/>
				</METS:div>
				<METS:div TYPE="Chapter" LABEL="8.3.3 基于协议的VLAN" ORDERLABEL="213"><METS:fptr FILEID="00000223"/>
				</METS:div>
				<METS:div TYPE="Chapter" LABEL="8.3.4 基于IP的VLAN" ORDERLABEL="214"><METS:fptr FILEID="00000224"/>
				</METS:div>
				<METS:div TYPE="Chapter" LABEL="8.3.5 将IP组播组作为VLAN" ORDERLABEL="215"><METS:fptr FILEID="00000225"/>
				</METS:div>
				<METS:div TYPE="Chapter" LABEL="8.3.6 VLAN的组合" ORDERLABEL="216"><METS:fptr FILEID="00000226"/>
				</METS:div>
				<METS:div TYPE="Chapter" LABEL="8.3.7 基于策略的VLAN" ORDERLABEL="217"><METS:fptr FILEID="00000227"/>
				</METS:div>
				<METS:div TYPE="Chapter" LABEL="8.3.8 VLAN与DHCP" ORDERLABEL="218"><METS:fptr FILEID="00000228"/>
				</METS:div>
			</METS:div>
			<METS:div TYPE="Chapter" LABEL="8.4 VLAN成员之间信息通信" ORDERLABEL="218"><METS:fptr FILEID="00000228"/>
				<METS:div TYPE="Chapter" LABEL="8.4.1 第二层VLAN成员间的通信" ORDERLABEL="218"><METS:fptr FILEID="00000228"/>
				</METS:div>
				<METS:div TYPE="Chapter" LABEL="8.4.2 第三层VLAN成员间的通信" ORDERLABEL="220"><METS:fptr FILEID="00000230"/>
				</METS:div>
				<METS:div TYPE="Chapter" LABEL="8.4.3 ATM骨干间的VLAN通信" ORDERLABEL="221"><METS:fptr FILEID="00000231"/>
				</METS:div>
				<METS:div TYPE="Chapter" LABEL="8.4.4 LANE" ORDERLABEL="223"><METS:fptr FILEID="00000233"/>
				</METS:div>
			</METS:div>
			<METS:div TYPE="Chapter" LABEL="8.5 VLAN标准" ORDERLABEL="223"><METS:fptr FILEID="00000233"/>
				<METS:div TYPE="Chapter" LABEL="8.5.1 IEEE802.1D" ORDERLABEL="224"><METS:fptr FILEID="00000234"/>
				</METS:div>
				<METS:div TYPE="Chapter" LABEL="8.5.2 IEEE802.1p" ORDERLABEL="226"><METS:fptr FILEID="00000236"/>
				</METS:div>
				<METS:div TYPE="Chapter" LABEL="8.5.3 IEEE802.1Q" ORDERLABEL="229"><METS:fptr FILEID="00000239"/>
				</METS:div>
				<METS:div TYPE="Chapter" LABEL="8.5.4 IEEE802.10" ORDERLABEL="233"><METS:fptr FILEID="00000243"/>
				</METS:div>
			</METS:div>
			<METS:div TYPE="Chapter" LABEL="8.6 配置VLAN实例" ORDERLABEL="233"><METS:fptr FILEID="00000243"/>
			</METS:div>
			<METS:div TYPE="Chapter" LABEL="8.7 小结" ORDERLABEL="235"><METS:fptr FILEID="00000245"/>
			</METS:div>
			<METS:div TYPE="Chapter" LABEL="8.8 思考题" ORDERLABEL="235"><METS:fptr FILEID="00000245"/>
			</METS:div>
		</METS:div>
		<METS:div TYPE="Chapter" LABEL="第9章 无线网络技术" ORDERLABEL="236"><METS:fptr FILEID="00000246"/>
			<METS:div TYPE="Chapter" LABEL="9.1 无线网络原理及标准" ORDERLABEL="236"><METS:fptr FILEID="00000246"/>
				<METS:div TYPE="Chapter" LABEL="9.1.1 无线网络的配置方式" ORDERLABEL="236"><METS:fptr FILEID="00000246"/>
				</METS:div>
				<METS:div TYPE="Chapter" LABEL="9.1.2 无线网络的传输技术" ORDERLABEL="236"><METS:fptr FILEID="00000246"/>
				</METS:div>
				<METS:div TYPE="Chapter" LABEL="9.1.3 无线局域网标准" ORDERLABEL="236"><METS:fptr FILEID="00000246"/>
				</METS:div>
				<METS:div TYPE="Chapter" LABEL="9.1.4 无线应用协议WAP" ORDERLABEL="237"><METS:fptr FILEID="00000247"/>
				</METS:div>
				<METS:div TYPE="Chapter" LABEL="9.1.5 宽带无线网" ORDERLABEL="237"><METS:fptr FILEID="00000247"/>
				</METS:div>
				<METS:div TYPE="Chapter" LABEL="9.1.6 无线网络技术前景展望" ORDERLABEL="238"><METS:fptr FILEID="00000248"/>
				</METS:div>
			</METS:div>
			<METS:div TYPE="Chapter" LABEL="9.2 无线局域网" ORDERLABEL="238"><METS:fptr FILEID="00000248"/>
				<METS:div TYPE="Chapter" LABEL="9.2.1 标准" ORDERLABEL="238"><METS:fptr FILEID="00000248"/>
				</METS:div>
				<METS:div TYPE="Chapter" LABEL="9.2.2 无线局域网组成" ORDERLABEL="240"><METS:fptr FILEID="00000250"/>
				</METS:div>
			</METS:div>
			<METS:div TYPE="Chapter" LABEL="9.3 WAP" ORDERLABEL="241"><METS:fptr FILEID="00000251"/>
				<METS:div TYPE="Chapter" LABEL="9.3.1 WAP简介" ORDERLABEL="241"><METS:fptr FILEID="00000251"/>
				</METS:div>
				<METS:div TYPE="Chapter" LABEL="9.3.2 WAP技术" ORDERLABEL="242"><METS:fptr FILEID="00000252"/>
				</METS:div>
				<METS:div TYPE="Chapter" LABEL="9.3.3 WAP手机上网流程" ORDERLABEL="243"><METS:fptr FILEID="00000253"/>
				</METS:div>
			</METS:div>
			<METS:div TYPE="Chapter" LABEL="9.4 Hiper LAN" ORDERLABEL="243"><METS:fptr FILEID="00000253"/>
				<METS:div TYPE="Chapter" LABEL="9.4.1 网络结构" ORDERLABEL="244"><METS:fptr FILEID="00000254"/>
				</METS:div>
				<METS:div TYPE="Chapter" LABEL="9.4.2 主要特征" ORDERLABEL="244"><METS:fptr FILEID="00000254"/>
				</METS:div>
				<METS:div TYPE="Chapter" LABEL="9.4.3 HIPERLAN2的协议栈结构" ORDERLABEL="246"><METS:fptr FILEID="00000256"/>
				</METS:div>
				<METS:div TYPE="Chapter" LABEL="9.4.4 与802.11的比较" ORDERLABEL="247"><METS:fptr FILEID="00000257"/>
				</METS:div>
			</METS:div>
			<METS:div TYPE="Chapter" LABEL="9.5 蓝牙" ORDERLABEL="247"><METS:fptr FILEID="00000257"/>
				<METS:div TYPE="Chapter" LABEL="9.5.1 蓝牙协议结构" ORDERLABEL="247"><METS:fptr FILEID="00000257"/>
				</METS:div>
				<METS:div TYPE="Chapter" LABEL="9.5.2 蓝牙通信系统" ORDERLABEL="248"><METS:fptr FILEID="00000258"/>
				</METS:div>
				<METS:div TYPE="Chapter" LABEL="9.5.3 相关技术比较" ORDERLABEL="249"><METS:fptr FILEID="00000259"/>
				</METS:div>
			</METS:div>
			<METS:div TYPE="Chapter" LABEL="9.6 小结" ORDERLABEL="250"><METS:fptr FILEID="00000260"/>
			</METS:div>
			<METS:div TYPE="Chapter" LABEL="9.7 思考题" ORDERLABEL="250"><METS:fptr FILEID="00000260"/>
			</METS:div>
		</METS:div>
		<METS:div TYPE="Chapter" LABEL="第10章 宽带IP网" ORDERLABEL="251"><METS:fptr FILEID="00000261"/>
			<METS:div TYPE="Chapter" LABEL="10.1 宽带IP网的结构" ORDERLABEL="251"><METS:fptr FILEID="00000261"/>
				<METS:div TYPE="Chapter" LABEL="10.1.1 什么是宽带IP网" ORDERLABEL="251"><METS:fptr FILEID="00000261"/>
				</METS:div>
				<METS:div TYPE="Chapter" LABEL="10.1.2 宽带IP网的平面结构" ORDERLABEL="251"><METS:fptr FILEID="00000261"/>
				</METS:div>
				<METS:div TYPE="Chapter" LABEL="10.1.3 宽带IP网的层次结构" ORDERLABEL="252"><METS:fptr FILEID="00000262"/>
				</METS:div>
			</METS:div>
			<METS:div TYPE="Chapter" LABEL="10.2 SDH和DWDM" ORDERLABEL="253"><METS:fptr FILEID="00000263"/>
				<METS:div TYPE="Chapter" LABEL="10.2.1 SDH含义" ORDERLABEL="253"><METS:fptr FILEID="00000263"/>
				</METS:div>
				<METS:div TYPE="Chapter" LABEL="10.2.2 SDH的产生" ORDERLABEL="253"><METS:fptr FILEID="00000263"/>
				</METS:div>
				<METS:div TYPE="Chapter" LABEL="10.2.3 SONET与SDH的比较" ORDERLABEL="255"><METS:fptr FILEID="00000265"/>
				</METS:div>
				<METS:div TYPE="Chapter" LABEL="10.2.4 SDH的特点" ORDERLABEL="256"><METS:fptr FILEID="00000266"/>
				</METS:div>
				<METS:div TYPE="Chapter" LABEL="10.2.5 SDH原理" ORDERLABEL="256"><METS:fptr FILEID="00000266"/>
				</METS:div>
				<METS:div TYPE="Chapter" LABEL="10.2.6 DWDM原理" ORDERLABEL="259"><METS:fptr FILEID="00000269"/>
				</METS:div>
			</METS:div>
			<METS:div TYPE="Chapter" LABEL="10.3 宽带IP网络技术" ORDERLABEL="261"><METS:fptr FILEID="00000271"/>
				<METS:div TYPE="Chapter" LABEL="10.3.1 主要的宽带IP网技术" ORDERLABEL="261"><METS:fptr FILEID="00000271"/>
				</METS:div>
				<METS:div TYPE="Chapter" LABEL="10.3.2 IP over ATM" ORDERLABEL="261"><METS:fptr FILEID="00000271"/>
				</METS:div>
				<METS:div TYPE="Chapter" LABEL="10.3.3 IP over SDH" ORDERLABEL="262"><METS:fptr FILEID="00000272"/>
				</METS:div>
				<METS:div TYPE="Chapter" LABEL="10.3.4 IP over WDM" ORDERLABEL="263"><METS:fptr FILEID="00000273"/>
				</METS:div>
				<METS:div TYPE="Chapter" LABEL="10.3.5 总结" ORDERLABEL="264"><METS:fptr FILEID="00000274"/>
				</METS:div>
			</METS:div>
			<METS:div TYPE="Chapter" LABEL="10.4 CATV宽带技术" ORDERLABEL="265"><METS:fptr FILEID="00000275"/>
				<METS:div TYPE="Chapter" LABEL="10.4.1 CATV宽带综合服务网的特点" ORDERLABEL="265"><METS:fptr FILEID="00000275"/>
				</METS:div>
				<METS:div TYPE="Chapter" LABEL="10.4.2 CATV宽带综合服务网的一般组成方案" ORDERLABEL="265"><METS:fptr FILEID="00000275"/>
				</METS:div>
				<METS:div TYPE="Chapter" LABEL="10.4.3 CATV宽带综合网的各种模式及功能发展" ORDERLABEL="269"><METS:fptr FILEID="00000279"/>
				</METS:div>
				<METS:div TYPE="Chapter" LABEL="10.4.4 CATV宽带综合网的发展方向--从“濒分”到“时分”" ORDERLABEL="270"><METS:fptr FILEID="00000280"/>
				</METS:div>
			</METS:div>
			<METS:div TYPE="Chapter" LABEL="10.5 接入网" ORDERLABEL="272"><METS:fptr FILEID="00000282"/>
				<METS:div TYPE="Chapter" LABEL="10.5.1 接入网在电信网中的位置" ORDERLABEL="272"><METS:fptr FILEID="00000282"/>
				</METS:div>
				<METS:div TYPE="Chapter" LABEL="10.5.2 接入网定义" ORDERLABEL="272"><METS:fptr FILEID="00000282"/>
				</METS:div>
				<METS:div TYPE="Chapter" LABEL="10.5.3 接入网的功能" ORDERLABEL="273"><METS:fptr FILEID="00000283"/>
				</METS:div>
				<METS:div TYPE="Chapter" LABEL="10.5.4 接入网分类" ORDERLABEL="273"><METS:fptr FILEID="00000283"/>
				</METS:div>
				<METS:div TYPE="Chapter" LABEL="10.5.5 基于SDH的宽带接入技术" ORDERLABEL="279"><METS:fptr FILEID="00000289"/>
				</METS:div>
			</METS:div>
			<METS:div TYPE="Chapter" LABEL="10.6 流媒体技术" ORDERLABEL="282"><METS:fptr FILEID="00000292"/>
				<METS:div TYPE="Chapter" LABEL="10.6.1 流媒体含义" ORDERLABEL="282"><METS:fptr FILEID="00000292"/>
				</METS:div>
				<METS:div TYPE="Chapter" LABEL="10.6.2 流媒体技术主要解决的问题" ORDERLABEL="282"><METS:fptr FILEID="00000292"/>
				</METS:div>
				<METS:div TYPE="Chapter" LABEL="10.6.3 流媒体技术方式" ORDERLABEL="282"><METS:fptr FILEID="00000292"/>
				</METS:div>
			</METS:div>
			<METS:div TYPE="Chapter" LABEL="10.7 小结" ORDERLABEL="286"><METS:fptr FILEID="00000296"/>
			</METS:div>
			<METS:div TYPE="Chapter" LABEL="10.8 思考题" ORDERLABEL="286"><METS:fptr FILEID="00000296"/>
			</METS:div>
		</METS:div>
		<METS:div TYPE="Chapter" LABEL="第11章 VPN网络技术" ORDERLABEL="287"><METS:fptr FILEID="00000297"/>
			<METS:div TYPE="Chapter" LABEL="11.1 VPN概述" ORDERLABEL="287"><METS:fptr FILEID="00000297"/>
				<METS:div TYPE="Chapter" LABEL="11.1.1 VPN是什么" ORDERLABEL="287"><METS:fptr FILEID="00000297"/>
				</METS:div>
				<METS:div TYPE="Chapter" LABEL="11.1.2 为什么需要VPN" ORDERLABEL="287"><METS:fptr FILEID="00000297"/>
				</METS:div>
				<METS:div TYPE="Chapter" LABEL="11.1.3 VPN的分类" ORDERLABEL="287"><METS:fptr FILEID="00000297"/>
				</METS:div>
				<METS:div TYPE="Chapter" LABEL="11.1.4 VPN应用在哪里" ORDERLABEL="290"><METS:fptr FILEID="00000300"/>
				</METS:div>
			</METS:div>
			<METS:div TYPE="Chapter" LABEL="11.2 IP Sec" ORDERLABEL="291"><METS:fptr FILEID="00000301"/>
				<METS:div TYPE="Chapter" LABEL="11.2.1 认证首部AH" ORDERLABEL="291"><METS:fptr FILEID="00000301"/>
				</METS:div>
				<METS:div TYPE="Chapter" LABEL="11.2.2 负载安全封装ESP" ORDERLABEL="293"><METS:fptr FILEID="00000303"/>
				</METS:div>
				<METS:div TYPE="Chapter" LABEL="11.2.3 为什么有2个协议" ORDERLABEL="295"><METS:fptr FILEID="00000305"/>
				</METS:div>
				<METS:div TYPE="Chapter" LABEL="11.2.4 因特网密钥交换IKE" ORDERLABEL="297"><METS:fptr FILEID="00000307"/>
				</METS:div>
			</METS:div>
			<METS:div TYPE="Chapter" LABEL="11.3 VPN典型应用设计" ORDERLABEL="297"><METS:fptr FILEID="00000307"/>
				<METS:div TYPE="Chapter" LABEL="11.3.1 适用的场合" ORDERLABEL="297"><METS:fptr FILEID="00000307"/>
				</METS:div>
				<METS:div TYPE="Chapter" LABEL="11.3.2 设计要点" ORDERLABEL="298"><METS:fptr FILEID="00000308"/>
				</METS:div>
				<METS:div TYPE="Chapter" LABEL="11.3.3 设计原则" ORDERLABEL="299"><METS:fptr FILEID="00000309"/>
				</METS:div>
			</METS:div>
			<METS:div TYPE="Chapter" LABEL="11.4 小结" ORDERLABEL="299"><METS:fptr FILEID="00000309"/>
			</METS:div>
			<METS:div TYPE="Chapter" LABEL="11.5 思考题" ORDERLABEL="299"><METS:fptr FILEID="00000309"/>
			</METS:div>
		</METS:div>
		<METS:div TYPE="Chapter" LABEL="第12章 QoS技术" ORDERLABEL="300"><METS:fptr FILEID="00000310"/>
			<METS:div TYPE="Chapter" LABEL="12.1 什么是QoS技术" ORDERLABEL="300"><METS:fptr FILEID="00000310"/>
				<METS:div TYPE="Chapter" LABEL="12.1.1 服务的含义" ORDERLABEL="300"><METS:fptr FILEID="00000310"/>
				</METS:div>
				<METS:div TYPE="Chapter" LABEL="12.1.2 服务的类型" ORDERLABEL="300"><METS:fptr FILEID="00000310"/>
				</METS:div>
				<METS:div TYPE="Chapter" LABEL="12.1.3 服务质量的含义" ORDERLABEL="301"><METS:fptr FILEID="00000311"/>
				</METS:div>
				<METS:div TYPE="Chapter" LABEL="12.1.4 什么是QoS技术" ORDERLABEL="301"><METS:fptr FILEID="00000311"/>
				</METS:div>
			</METS:div>
			<METS:div TYPE="Chapter" LABEL="12.2 为什么需要QoS技术" ORDERLABEL="301"><METS:fptr FILEID="00000311"/>
				<METS:div TYPE="Chapter" LABEL="12.2.1 需要QoS的原因" ORDERLABEL="301"><METS:fptr FILEID="00000311"/>
				</METS:div>
				<METS:div TYPE="Chapter" LABEL="12.2.2 QOS解决的问题" ORDERLABEL="302"><METS:fptr FILEID="00000312"/>
				</METS:div>
				<METS:div TYPE="Chapter" LABEL="12.2.3 QoS技术的目标" ORDERLABEL="302"><METS:fptr FILEID="00000312"/>
				</METS:div>
				<METS:div TYPE="Chapter" LABEL="12.2.4 QoS技术原则" ORDERLABEL="302"><METS:fptr FILEID="00000312"/>
				</METS:div>
			</METS:div>
			<METS:div TYPE="Chapter" LABEL="12.3 QoS技术的类型" ORDERLABEL="302"><METS:fptr FILEID="00000312"/>
				<METS:div TYPE="Chapter" LABEL="12.3.1 按资源分配的方式分类" ORDERLABEL="302"><METS:fptr FILEID="00000312"/>
				</METS:div>
				<METS:div TYPE="Chapter" LABEL="12.3.2 按流分类" ORDERLABEL="302"><METS:fptr FILEID="00000312"/>
				</METS:div>
				<METS:div TYPE="Chapter" LABEL="12.3.3 QoS协议和技术" ORDERLABEL="303"><METS:fptr FILEID="00000313"/>
				</METS:div>
			</METS:div>
			<METS:div TYPE="Chapter" LABEL="12.4 RSVP资源预留" ORDERLABEL="304"><METS:fptr FILEID="00000314"/>
				<METS:div TYPE="Chapter" LABEL="12.4.1 预留建立过程" ORDERLABEL="304"><METS:fptr FILEID="00000314"/>
				</METS:div>
				<METS:div TYPE="Chapter" LABEL="12.4.2 RSVP集成服务的基本类型" ORDERLABEL="305"><METS:fptr FILEID="00000315"/>
				</METS:div>
				<METS:div TYPE="Chapter" LABEL="12.4.3 RSVP QoS参数" ORDERLABEL="305"><METS:fptr FILEID="00000315"/>
				</METS:div>
				<METS:div TYPE="Chapter" LABEL="12.4.4 RSVP协议机制总结" ORDERLABEL="306"><METS:fptr FILEID="00000316"/>
				</METS:div>
			</METS:div>
			<METS:div TYPE="Chapter" LABEL="12.5 区分服务" ORDERLABEL="307"><METS:fptr FILEID="00000317"/>
				<METS:div TYPE="Chapter" LABEL="12.5.1 区分服务的分类" ORDERLABEL="307"><METS:fptr FILEID="00000317"/>
				</METS:div>
				<METS:div TYPE="Chapter" LABEL="12.5.2 DiffServ原理" ORDERLABEL="307"><METS:fptr FILEID="00000317"/>
				</METS:div>
			</METS:div>
			<METS:div TYPE="Chapter" LABEL="12.6 MPLS" ORDERLABEL="308"><METS:fptr FILEID="00000318"/>
				<METS:div TYPE="Chapter" LABEL="12.6.1 MPLS QoS的特点" ORDERLABEL="308"><METS:fptr FILEID="00000318"/>
				</METS:div>
				<METS:div TYPE="Chapter" LABEL="12.6.2 MPLS QoS原理" ORDERLABEL="309"><METS:fptr FILEID="00000319"/>
				</METS:div>
			</METS:div>
			<METS:div TYPE="Chapter" LABEL="12.7 子网带宽管理SBM" ORDERLABEL="310"><METS:fptr FILEID="00000320"/>
				<METS:div TYPE="Chapter" LABEL="12.7.1 SBM的作用" ORDERLABEL="310"><METS:fptr FILEID="00000320"/>
				</METS:div>
				<METS:div TYPE="Chapter" LABEL="12.7.2 SBM组成" ORDERLABEL="310"><METS:fptr FILEID="00000320"/>
				</METS:div>
				<METS:div TYPE="Chapter" LABEL="12.7.3 SBM原理" ORDERLABEL="311"><METS:fptr FILEID="00000321"/>
				</METS:div>
			</METS:div>
			<METS:div TYPE="Chapter" LABEL="12.8 QoS体系结构" ORDERLABEL="312"><METS:fptr FILEID="00000322"/>
				<METS:div TYPE="Chapter" LABEL="12.8.1 QOS体系结构的含义" ORDERLABEL="312"><METS:fptr FILEID="00000322"/>
				</METS:div>
				<METS:div TYPE="Chapter" LABEL="12.8.2 RSVP和DiffServ端到端模型" ORDERLABEL="313"><METS:fptr FILEID="00000323"/>
				</METS:div>
				<METS:div TYPE="Chapter" LABEL="12.8.3 RSVP DCLASS对象" ORDERLABEL="314"><METS:fptr FILEID="00000324"/>
				</METS:div>
				<METS:div TYPE="Chapter" LABEL="12.8.4 RSW对聚合的预留" ORDERLABEL="314"><METS:fptr FILEID="00000324"/>
				</METS:div>
				<METS:div TYPE="Chapter" LABEL="12.8.5 支持RSVP的MPLS" ORDERLABEL="314"><METS:fptr FILEID="00000324"/>
				</METS:div>
				<METS:div TYPE="Chapter" LABEL="12.8.6 支持DiffServ的MPLS" ORDERLABEL="315"><METS:fptr FILEID="00000325"/>
				</METS:div>
			</METS:div>
			<METS:div TYPE="Chapter" LABEL="12.9 支持组播的QoS" ORDERLABEL="315"><METS:fptr FILEID="00000325"/>
				<METS:div TYPE="Chapter" LABEL="12.9.1 支持组播的RSVP" ORDERLABEL="315"><METS:fptr FILEID="00000325"/>
				</METS:div>
				<METS:div TYPE="Chapter" LABEL="12.9.2 支持组播的DiffServ" ORDERLABEL="315"><METS:fptr FILEID="00000325"/>
				</METS:div>
				<METS:div TYPE="Chapter" LABEL="12.9.3 支持组播的MPLS" ORDERLABEL="315"><METS:fptr FILEID="00000325"/>
				</METS:div>
				<METS:div TYPE="Chapter" LABEL="12.9.4 支持组播的SBM" ORDERLABEL="316"><METS:fptr FILEID="00000326"/>
				</METS:div>
			</METS:div>
			<METS:div TYPE="Chapter" LABEL="12.10 支持策略的QoS" ORDERLABEL="316"><METS:fptr FILEID="00000326"/>
			</METS:div>
			<METS:div TYPE="Chapter" LABEL="12.11 小结" ORDERLABEL="316"><METS:fptr FILEID="00000326"/>
			</METS:div>
			<METS:div TYPE="Chapter" LABEL="12.12 思考题" ORDERLABEL="317"><METS:fptr FILEID="00000327"/>
			</METS:div>
		</METS:div>
	</METS:structMap>
</METS:mets>
