<?xml version="1.0" encoding="utf-8"?>
<METS:mets xmlns:METS="http://www.loc.gov/METS/" xmlns:xsi="http://www.w3.org/2001/XMLSchema-instance" xmlns:gdm="http://sunsite.berkeley.edu/GDM/" xmlns:xlink="http://www.w3.org/TR/xlink" xsi:schemalocation="http://www.loc.gov/METS/http://www.loc.gov/standards/mets/mets.xsd" LABEL="Zhejiang University.jdl.China-America digital library project" TYPE="Section">
	<METS:structMap TYPE="Catalog">
		<METS:div TYPE="Chapter" LABEL="第1章 计算机网络基础" ORDERLABEL="1"><METS:fptr FILEID="00000009"/>
			<METS:div TYPE="Chapter" LABEL="1.1 计算机网络的发展" ORDERLABEL="1"><METS:fptr FILEID="00000009"/>
			</METS:div>
			<METS:div TYPE="Chapter" LABEL="1.2 计算机网络组成和基本要素" ORDERLABEL="5"><METS:fptr FILEID="00000013"/>
				<METS:div TYPE="Chapter" LABEL="1.2.1 计算机网络组成" ORDERLABEL="6"><METS:fptr FILEID="00000014"/>
				</METS:div>
				<METS:div TYPE="Chapter" LABEL="1.2.2 计算机网络有关的基本术语" ORDERLABEL="6"><METS:fptr FILEID="00000014"/>
				</METS:div>
			</METS:div>
			<METS:div TYPE="Chapter" LABEL="1.3 网络的分类" ORDERLABEL="10"><METS:fptr FILEID="00000018"/>
				<METS:div TYPE="Chapter" LABEL="1.3.1 广播式网络和点到点网络" ORDERLABEL="10"><METS:fptr FILEID="00000018"/>
				</METS:div>
				<METS:div TYPE="Chapter" LABEL="1.3.2 局域网、城域网和广域网" ORDERLABEL="11"><METS:fptr FILEID="00000019"/>
				</METS:div>
			</METS:div>
			<METS:div TYPE="Chapter" LABEL="1.4 ISO/OSI开放系统互连参考模型" ORDERLABEL="12"><METS:fptr FILEID="00000020"/>
			</METS:div>
			<METS:div TYPE="Chapter" LABEL="1.5 Internet网络体系结构" ORDERLABEL="13"><METS:fptr FILEID="00000021"/>
			</METS:div>
			<METS:div TYPE="Chapter" LABEL="1.6 网络的拓扑结构" ORDERLABEL="15"><METS:fptr FILEID="00000023"/>
			</METS:div>
		</METS:div>
		<METS:div TYPE="Chapter" LABEL="第2章 网络传输技术及网络互连设备" ORDERLABEL="20"><METS:fptr FILEID="00000028"/>
			<METS:div TYPE="Chapter" LABEL="2.1 传输媒介" ORDERLABEL="20"><METS:fptr FILEID="00000028"/>
				<METS:div TYPE="Chapter" LABEL="2.1.1 有线通信媒介" ORDERLABEL="20"><METS:fptr FILEID="00000028"/>
				</METS:div>
				<METS:div TYPE="Chapter" LABEL="2.1.2 无线通信媒介" ORDERLABEL="25"><METS:fptr FILEID="00000033"/>
				</METS:div>
				<METS:div TYPE="Chapter" LABEL="2.1.3 传输媒介与拓扑结构的关系" ORDERLABEL="26"><METS:fptr FILEID="00000034"/>
				</METS:div>
			</METS:div>
			<METS:div TYPE="Chapter" LABEL="2.2 传输（通信）方式及原理" ORDERLABEL="27"><METS:fptr FILEID="00000035"/>
			</METS:div>
			<METS:div TYPE="Chapter" LABEL="2.3 网络互联设备" ORDERLABEL="29"><METS:fptr FILEID="00000037"/>
			</METS:div>
			<METS:div TYPE="Chapter" LABEL="2.4 网络设备选型分析" ORDERLABEL="40"><METS:fptr FILEID="00000048"/>
			</METS:div>
		</METS:div>
		<METS:div TYPE="Chapter" LABEL="第3章 实用高速网" ORDERLABEL="43"><METS:fptr FILEID="00000051"/>
			<METS:div TYPE="Chapter" LABEL="3.1 光纤分布式数据接口（FDDI）" ORDERLABEL="43"><METS:fptr FILEID="00000051"/>
			</METS:div>
			<METS:div TYPE="Chapter" LABEL="3.2 高速以太网" ORDERLABEL="44"><METS:fptr FILEID="00000052"/>
			</METS:div>
			<METS:div TYPE="Chapter" LABEL="3.3 数字数据（DDN）" ORDERLABEL="50"><METS:fptr FILEID="00000058"/>
			</METS:div>
			<METS:div TYPE="Chapter" LABEL="3.4 综合业务数字网（ISDN）" ORDERLABEL="54"><METS:fptr FILEID="00000062"/>
			</METS:div>
			<METS:div TYPE="Chapter" LABEL="3.5 同步光纤网络（SONET）" ORDERLABEL="56"><METS:fptr FILEID="00000064"/>
			</METS:div>
			<METS:div TYPE="Chapter" LABEL="3.6 宽带IP网" ORDERLABEL="56"><METS:fptr FILEID="00000064"/>
			</METS:div>
			<METS:div TYPE="Chapter" LABEL="3.7 ATM网" ORDERLABEL="58"><METS:fptr FILEID="00000066"/>
			</METS:div>
		</METS:div>
		<METS:div TYPE="Chapter" LABEL="第4章 综合布线系统" ORDERLABEL="62"><METS:fptr FILEID="00000070"/>
			<METS:div TYPE="Chapter" LABEL="4.1 综合布线系统的组成" ORDERLABEL="62"><METS:fptr FILEID="00000070"/>
				<METS:div TYPE="Chapter" LABEL="4.1.1 工作区子系统" ORDERLABEL="62"><METS:fptr FILEID="00000070"/>
				</METS:div>
				<METS:div TYPE="Chapter" LABEL="4.1.2 水平布线子系统" ORDERLABEL="62"><METS:fptr FILEID="00000070"/>
				</METS:div>
				<METS:div TYPE="Chapter" LABEL="4.1.3 干线子系统" ORDERLABEL="63"><METS:fptr FILEID="00000071"/>
				</METS:div>
				<METS:div TYPE="Chapter" LABEL="4.1.4 管理子系统" ORDERLABEL="65"><METS:fptr FILEID="00000073"/>
				</METS:div>
				<METS:div TYPE="Chapter" LABEL="4.1.5 设备间子系统" ORDERLABEL="66"><METS:fptr FILEID="00000074"/>
				</METS:div>
				<METS:div TYPE="Chapter" LABEL="4.1.6 建筑群子系统" ORDERLABEL="66"><METS:fptr FILEID="00000074"/>
				</METS:div>
			</METS:div>
			<METS:div TYPE="Chapter" LABEL="4.2 布线标准" ORDERLABEL="66"><METS:fptr FILEID="00000074"/>
				<METS:div TYPE="Chapter" LABEL="4.2.1 EIA/TIA标准" ORDERLABEL="66"><METS:fptr FILEID="00000074"/>
				</METS:div>
				<METS:div TYPE="Chapter" LABEL="4.2.2 100BASE-T布线标准" ORDERLABEL="68"><METS:fptr FILEID="00000076"/>
				</METS:div>
				<METS:div TYPE="Chapter" LABEL="4.2.3 千兆网布线标准" ORDERLABEL="68"><METS:fptr FILEID="00000076"/>
				</METS:div>
			</METS:div>
			<METS:div TYPE="Chapter" LABEL="4.3 智能大厦" ORDERLABEL="70"><METS:fptr FILEID="00000078"/>
				<METS:div TYPE="Chapter" LABEL="4.3.1 智能大厦的组成" ORDERLABEL="70"><METS:fptr FILEID="00000078"/>
				</METS:div>
				<METS:div TYPE="Chapter" LABEL="4.3.2 智能大厦与综合布线系统" ORDERLABEL="71"><METS:fptr FILEID="00000079"/>
				</METS:div>
			</METS:div>
		</METS:div>
		<METS:div TYPE="Chapter" LABEL="第5章 网络工程设计" ORDERLABEL="73"><METS:fptr FILEID="00000081"/>
			<METS:div TYPE="Chapter" LABEL="5.1 网络工程系统的设计" ORDERLABEL="73"><METS:fptr FILEID="00000081"/>
				<METS:div TYPE="Chapter" LABEL="5.1.1 明确网络工程范围" ORDERLABEL="73"><METS:fptr FILEID="00000081"/>
				</METS:div>
				<METS:div TYPE="Chapter" LABEL="5.1.2 网络工程的分析与设计" ORDERLABEL="75"><METS:fptr FILEID="00000083"/>
				</METS:div>
			</METS:div>
			<METS:div TYPE="Chapter" LABEL="5.2 网络设计" ORDERLABEL="76"><METS:fptr FILEID="00000084"/>
				<METS:div TYPE="Chapter" LABEL="5.2.1 网络拓扑结构的设计" ORDERLABEL="76"><METS:fptr FILEID="00000084"/>
				</METS:div>
				<METS:div TYPE="Chapter" LABEL="5.2.2 传输介质选择" ORDERLABEL="76"><METS:fptr FILEID="00000084"/>
				</METS:div>
				<METS:div TYPE="Chapter" LABEL="5.2.3 网络接口板的选择" ORDERLABEL="80"><METS:fptr FILEID="00000088"/>
				</METS:div>
				<METS:div TYPE="Chapter" LABEL="5.2.4 路由器的选择" ORDERLABEL="81"><METS:fptr FILEID="00000089"/>
				</METS:div>
				<METS:div TYPE="Chapter" LABEL="5.2.5 交换机的选择" ORDERLABEL="84"><METS:fptr FILEID="00000092"/>
				</METS:div>
				<METS:div TYPE="Chapter" LABEL="5.2.6 园区网的Catalyst交换解决方案" ORDERLABEL="86"><METS:fptr FILEID="00000094"/>
				</METS:div>
				<METS:div TYPE="Chapter" LABEL="5.2.7 网络操作系统的选择" ORDERLABEL="91"><METS:fptr FILEID="00000099"/>
				</METS:div>
			</METS:div>
			<METS:div TYPE="Chapter" LABEL="5.3 布线设计" ORDERLABEL="92"><METS:fptr FILEID="00000100"/>
				<METS:div TYPE="Chapter" LABEL="5.3.1 设备间设计" ORDERLABEL="92"><METS:fptr FILEID="00000100"/>
				</METS:div>
				<METS:div TYPE="Chapter" LABEL="5.3.2 水平布线设计" ORDERLABEL="93"><METS:fptr FILEID="00000101"/>
				</METS:div>
				<METS:div TYPE="Chapter" LABEL="5.3.3 干线设计" ORDERLABEL="94"><METS:fptr FILEID="00000102"/>
				</METS:div>
				<METS:div TYPE="Chapter" LABEL="5.3.4 管理子系统的设计" ORDERLABEL="94"><METS:fptr FILEID="00000102"/>
				</METS:div>
				<METS:div TYPE="Chapter" LABEL="5.3.5 建筑群子系统设计" ORDERLABEL="101"><METS:fptr FILEID="00000109"/>
				</METS:div>
				<METS:div TYPE="Chapter" LABEL="5.3.6 布线产品的选择" ORDERLABEL="107"><METS:fptr FILEID="00000115"/>
				</METS:div>
				<METS:div TYPE="Chapter" LABEL="5.3.7 园区风设计示例" ORDERLABEL="109"><METS:fptr FILEID="00000117"/>
				</METS:div>
				<METS:div TYPE="Chapter" LABEL="5.3.8 3Com千兆以太网的企业网设计实例" ORDERLABEL="113"><METS:fptr FILEID="00000121"/>
				</METS:div>
			</METS:div>
		</METS:div>
		<METS:div TYPE="Chapter" LABEL="第6章 网络工程实施" ORDERLABEL="117"><METS:fptr FILEID="00000125"/>
			<METS:div TYPE="Chapter" LABEL="6.1 工程施工要求" ORDERLABEL="117"><METS:fptr FILEID="00000125"/>
				<METS:div TYPE="Chapter" LABEL="6.1.1 工程开工前的工作" ORDERLABEL="117"><METS:fptr FILEID="00000125"/>
				</METS:div>
				<METS:div TYPE="Chapter" LABEL="6.1.2 施工过程中要注意的项目" ORDERLABEL="118"><METS:fptr FILEID="00000126"/>
				</METS:div>
				<METS:div TYPE="Chapter" LABEL="6.1.3 工程施工结束时注意事项" ORDERLABEL="119"><METS:fptr FILEID="00000127"/>
				</METS:div>
			</METS:div>
			<METS:div TYPE="Chapter" LABEL="6.2 综合布线实施" ORDERLABEL="119"><METS:fptr FILEID="00000127"/>
				<METS:div TYPE="Chapter" LABEL="6.2.1 线路铺设建议" ORDERLABEL="119"><METS:fptr FILEID="00000127"/>
				</METS:div>
				<METS:div TYPE="Chapter" LABEL="6.2.2 信息模块的压接" ORDERLABEL="120"><METS:fptr FILEID="00000128"/>
				</METS:div>
				<METS:div TYPE="Chapter" LABEL="6.2.3 双绞线与RJ45头的连接" ORDERLABEL="121"><METS:fptr FILEID="00000129"/>
				</METS:div>
			</METS:div>
			<METS:div TYPE="Chapter" LABEL="6.3 网络布线系统测试方法、手段和测试验收标准" ORDERLABEL="122"><METS:fptr FILEID="00000130"/>
				<METS:div TYPE="Chapter" LABEL="6.3.1 测试原因" ORDERLABEL="122"><METS:fptr FILEID="00000130"/>
				</METS:div>
				<METS:div TYPE="Chapter" LABEL="6.3.2 测试条件" ORDERLABEL="123"><METS:fptr FILEID="00000131"/>
				</METS:div>
				<METS:div TYPE="Chapter" LABEL="6.3.3 测试范围" ORDERLABEL="123"><METS:fptr FILEID="00000131"/>
				</METS:div>
				<METS:div TYPE="Chapter" LABEL="6.3.4 测试步骤" ORDERLABEL="124"><METS:fptr FILEID="00000132"/>
				</METS:div>
				<METS:div TYPE="Chapter" LABEL="6.3.5 双绞线系统的测试" ORDERLABEL="124"><METS:fptr FILEID="00000132"/>
				</METS:div>
				<METS:div TYPE="Chapter" LABEL="6.3.6 光缆系统的测试" ORDERLABEL="126"><METS:fptr FILEID="00000134"/>
				</METS:div>
			</METS:div>
			<METS:div TYPE="Chapter" LABEL="6.4 测试工具" ORDERLABEL="127"><METS:fptr FILEID="00000135"/>
				<METS:div TYPE="Chapter" LABEL="6.4.1 NetTool网络万用表" ORDERLABEL="127"><METS:fptr FILEID="00000135"/>
				</METS:div>
				<METS:div TYPE="Chapter" LABEL="6.4.2 OneTouch网络故障一点通" ORDERLABEL="128"><METS:fptr FILEID="00000136"/>
				</METS:div>
				<METS:div TYPE="Chapter" LABEL="6.4.3 OptiView网络综合协议分析仪" ORDERLABEL="129"><METS:fptr FILEID="00000137"/>
				</METS:div>
				<METS:div TYPE="Chapter" LABEL="6.4.4 620局域网电缆测试仪" ORDERLABEL="129"><METS:fptr FILEID="00000137"/>
				</METS:div>
			</METS:div>
		</METS:div>
		<METS:div TYPE="Chapter" LABEL="第7章 网络设备配置" ORDERLABEL="130"><METS:fptr FILEID="00000138"/>
			<METS:div TYPE="Chapter" LABEL="7.1 交换机配置" ORDERLABEL="130"><METS:fptr FILEID="00000138"/>
				<METS:div TYPE="Chapter" LABEL="7.1.1 Catalyst 3500系列交换机基本配置" ORDERLABEL="130"><METS:fptr FILEID="00000138"/>
				</METS:div>
				<METS:div TYPE="Chapter" LABEL="7.1.2 CISCO Catalyst 1912交换机VLAN配置" ORDERLABEL="133"><METS:fptr FILEID="00000141"/>
				</METS:div>
			</METS:div>
			<METS:div TYPE="Chapter" LABEL="7.2 Cisco路由器简明配置" ORDERLABEL="138"><METS:fptr FILEID="00000146"/>
				<METS:div TYPE="Chapter" LABEL="7.2.1 预备知识" ORDERLABEL="138"><METS:fptr FILEID="00000146"/>
				</METS:div>
				<METS:div TYPE="Chapter" LABEL="7.2.2 广域网协议设置" ORDERLABEL="144"><METS:fptr FILEID="00000152"/>
				</METS:div>
				<METS:div TYPE="Chapter" LABEL="7.2.3 路由协议设置" ORDERLABEL="151"><METS:fptr FILEID="00000159"/>
				</METS:div>
				<METS:div TYPE="Chapter" LABEL="7.2.4 服务质量及访问控制" ORDERLABEL="154"><METS:fptr FILEID="00000162"/>
				</METS:div>
			</METS:div>
			<METS:div TYPE="Chapter" LABEL="7.3 服务软件配置示例" ORDERLABEL="157"><METS:fptr FILEID="00000165"/>
				<METS:div TYPE="Chapter" LABEL="7.3.1 DNS服务器配置" ORDERLABEL="157"><METS:fptr FILEID="00000165"/>
				</METS:div>
				<METS:div TYPE="Chapter" LABEL="7.3.2 WEB服务器配置" ORDERLABEL="163"><METS:fptr FILEID="00000171"/>
				</METS:div>
				<METS:div TYPE="Chapter" LABEL="7.3.3 邮件服务器配置" ORDERLABEL="174"><METS:fptr FILEID="00000182"/>
				</METS:div>
				<METS:div TYPE="Chapter" LABEL="7.3.4 代理服务器配置" ORDERLABEL="187"><METS:fptr FILEID="00000195"/>
				</METS:div>
			</METS:div>
		</METS:div>
		<METS:div TYPE="Chapter" LABEL="第8章 网络工程实施实例" ORDERLABEL="191"><METS:fptr FILEID="00000199"/>
			<METS:div TYPE="Chapter" LABEL="8.1 智能小区布线系统工程案例" ORDERLABEL="191"><METS:fptr FILEID="00000199"/>
			</METS:div>
			<METS:div TYPE="Chapter" LABEL="8.2 校园网工程实例分析" ORDERLABEL="195"><METS:fptr FILEID="00000203"/>
			</METS:div>
		</METS:div>
	</METS:structMap>
</METS:mets>
