<?xml version="1.0" encoding="utf-8"?>
<METS:mets xmlns:METS="http://www.loc.gov/METS/" xmlns:xsi="http://www.w3.org/2001/XMLSchema-instance" xmlns:gdm="http://sunsite.berkeley.edu/GDM/" xmlns:xlink="http://www.w3.org/TR/xlink" xsi:schemalocation="http://www.loc.gov/METS/http://www.loc.gov/standards/mets/mets.xsd" LABEL="Zhejiang University.jdl.China-America digital library project" TYPE="Section">
	<METS:structMap TYPE="Catalog">
		<METS:div TYPE="Chapter" LABEL="第一篇 计算机网络的基本理论和实用技术" ORDERLABEL="3"><METS:fptr FILEID="00000006"/>
			<METS:div TYPE="Chapter" LABEL="第1章 计算机网络概述" ORDERLABEL="3"><METS:fptr FILEID="00000008"/>
				<METS:div TYPE="Chapter" LABEL="1.1 计算机网络的定义" ORDERLABEL="3"><METS:fptr FILEID="00000008"/>
					<METS:div TYPE="Chapter" LABEL="1.1.1 计算机网络的定义" ORDERLABEL="3"><METS:fptr FILEID="00000008"/>
					</METS:div>
					<METS:div TYPE="Chapter" LABEL="1.1.2 计算机网络的三个基本特征" ORDERLABEL="3"><METS:fptr FILEID="00000008"/>
					</METS:div>
				</METS:div>
				<METS:div TYPE="Chapter" LABEL="1.2 计算机网络的产生和发展" ORDERLABEL="4"><METS:fptr FILEID="00000009"/>
					<METS:div TYPE="Chapter" LABEL="1.2.1 计算机网络互联的初期" ORDERLABEL="4"><METS:fptr FILEID="00000009"/>
					</METS:div>
					<METS:div TYPE="Chapter" LABEL="1.2.2 计算机网络发展的高级阶段:ARPAnet网的诞生" ORDERLABEL="4"><METS:fptr FILEID="00000009"/>
					</METS:div>
					<METS:div TYPE="Chapter" LABEL="1.2.3 NSFnet网的建立" ORDERLABEL="4"><METS:fptr FILEID="00000009"/>
					</METS:div>
					<METS:div TYPE="Chapter" LABEL="1.2.4 计算机网络的发展经历" ORDERLABEL="5"><METS:fptr FILEID="00000010"/>
					</METS:div>
				</METS:div>
				<METS:div TYPE="Chapter" LABEL="1.3 计算机网络的结构与组成" ORDERLABEL="5"><METS:fptr FILEID="00000010"/>
					<METS:div TYPE="Chapter" LABEL="1.3.1 资源子网" ORDERLABEL="5"><METS:fptr FILEID="00000010"/>
					</METS:div>
					<METS:div TYPE="Chapter" LABEL="1.3.2 通信子网" ORDERLABEL="6"><METS:fptr FILEID="00000011"/>
					</METS:div>
				</METS:div>
				<METS:div TYPE="Chapter" LABEL="1.4 计算机网络的分类" ORDERLABEL="7"><METS:fptr FILEID="00000012"/>
					<METS:div TYPE="Chapter" LABEL="1.4.1 局域网(LAN, local area network)" ORDERLABEL="7"><METS:fptr FILEID="00000012"/>
					</METS:div>
					<METS:div TYPE="Chapter" LABEL="1.4.2 城域网(man, metropolitan area network)" ORDERLABEL="7"><METS:fptr FILEID="00000012"/>
					</METS:div>
					<METS:div TYPE="Chapter" LABEL="1.4.3 广域网(WAN, wide area network)" ORDERLABEL="7"><METS:fptr FILEID="00000012"/>
					</METS:div>
				</METS:div>
			</METS:div>
			<METS:div TYPE="Chapter" LABEL="第2章 计算机网络技术基础" ORDERLABEL="9"><METS:fptr FILEID="00000014"/>
				<METS:div TYPE="Chapter" LABEL="2.1 数据通信的基本概念" ORDERLABEL="10"><METS:fptr FILEID="00000015"/>
					<METS:div TYPE="Chapter" LABEL="2.1.1 信息、数据和信号" ORDERLABEL="10"><METS:fptr FILEID="00000015"/>
					</METS:div>
					<METS:div TYPE="Chapter" LABEL="2.1.2 信道及信道的分类" ORDERLABEL="10"><METS:fptr FILEID="00000015"/>
					</METS:div>
					<METS:div TYPE="Chapter" LABEL="2.1.3 信道容量" ORDERLABEL="11"><METS:fptr FILEID="00000016"/>
					</METS:div>
					<METS:div TYPE="Chapter" LABEL="2.1.4 码元和码字" ORDERLABEL="11"><METS:fptr FILEID="00000016"/>
					</METS:div>
					<METS:div TYPE="Chapter" LABEL="2.1.5 数据通信系统主要技术指标" ORDERLABEL="11"><METS:fptr FILEID="00000016"/>
					</METS:div>
					<METS:div TYPE="Chapter" LABEL="2.1.6 带宽与数据传输速率" ORDERLABEL="12"><METS:fptr FILEID="00000017"/>
					</METS:div>
				</METS:div>
				<METS:div TYPE="Chapter" LABEL="2.2 数据传输类型" ORDERLABEL="13"><METS:fptr FILEID="00000018"/>
					<METS:div TYPE="Chapter" LABEL="2.2.1 基带传输" ORDERLABEL="13"><METS:fptr FILEID="00000018"/>
					</METS:div>
					<METS:div TYPE="Chapter" LABEL="2.2.2 频带传输" ORDERLABEL="13"><METS:fptr FILEID="00000018"/>
					</METS:div>
					<METS:div TYPE="Chapter" LABEL="2.2.3 数据通信的重要设备——调制解调器" ORDERLABEL="15"><METS:fptr FILEID="00000020"/>
					</METS:div>
				</METS:div>
				<METS:div TYPE="Chapter" LABEL="2.3 数据传输方式" ORDERLABEL="17"><METS:fptr FILEID="00000022"/>
					<METS:div TYPE="Chapter" LABEL="2.3.1 串行传输与并行传输" ORDERLABEL="17"><METS:fptr FILEID="00000022"/>
					</METS:div>
					<METS:div TYPE="Chapter" LABEL="2.3.2 异步传输与同步传输" ORDERLABEL="19"><METS:fptr FILEID="00000024"/>
					</METS:div>
					<METS:div TYPE="Chapter" LABEL="2.3.3 多路复用技术" ORDERLABEL="20"><METS:fptr FILEID="00000025"/>
					</METS:div>
				</METS:div>
				<METS:div TYPE="Chapter" LABEL="2.4 数据交换技术" ORDERLABEL="21"><METS:fptr FILEID="00000026"/>
					<METS:div TYPE="Chapter" LABEL="2.4.1 线路交换" ORDERLABEL="21"><METS:fptr FILEID="00000026"/>
					</METS:div>
					<METS:div TYPE="Chapter" LABEL="2.4.2 报文交换" ORDERLABEL="21"><METS:fptr FILEID="00000026"/>
					</METS:div>
					<METS:div TYPE="Chapter" LABEL="2.4.3 分组交换" ORDERLABEL="22"><METS:fptr FILEID="00000027"/>
					</METS:div>
				</METS:div>
				<METS:div TYPE="Chapter" LABEL="2.5 差错检验与校正" ORDERLABEL="22"><METS:fptr FILEID="00000027"/>
				</METS:div>
				<METS:div TYPE="Chapter" LABEL="2.6 计算机网络的拓扑结构" ORDERLABEL="23"><METS:fptr FILEID="00000028"/>
					<METS:div TYPE="Chapter" LABEL="2.6.1 拓扑结构" ORDERLABEL="23"><METS:fptr FILEID="00000028"/>
					</METS:div>
					<METS:div TYPE="Chapter" LABEL="2.6.2 网络拓扑结构类型" ORDERLABEL="23"><METS:fptr FILEID="00000028"/>
					</METS:div>
				</METS:div>
				<METS:div TYPE="Chapter" LABEL="2.7 计算机网络的标准化组织和通信标准" ORDERLABEL="23"><METS:fptr FILEID="00000028"/>
					<METS:div TYPE="Chapter" LABEL="2.7.1 网络的分层体系结构和协议" ORDERLABEL="23"><METS:fptr FILEID="00000028"/>
					</METS:div>
					<METS:div TYPE="Chapter" LABEL="2.7.2 网络的3个著名标准化组织" ORDERLABEL="24"><METS:fptr FILEID="00000029"/>
					</METS:div>
					<METS:div TYPE="Chapter" LABEL="2.7.3 ISO七层参考模型" ORDERLABEL="24"><METS:fptr FILEID="00000029"/>
					</METS:div>
					<METS:div TYPE="Chapter" LABEL="2.7.4 IEEE 802通信标准" ORDERLABEL="27"><METS:fptr FILEID="00000032"/>
					</METS:div>
					<METS:div TYPE="Chapter" LABEL="2.7.5 TCP/IP通信标准" ORDERLABEL="28"><METS:fptr FILEID="00000033"/>
					</METS:div>
				</METS:div>
			</METS:div>
			<METS:div TYPE="Chapter" LABEL="第3章 计算机局域网技术基础" ORDERLABEL="30"><METS:fptr FILEID="00000035"/>
				<METS:div TYPE="Chapter" LABEL="3.1 局域网特点和功能" ORDERLABEL="30"><METS:fptr FILEID="00000035"/>
					<METS:div TYPE="Chapter" LABEL="3.1.1 局域网特点" ORDERLABEL="30"><METS:fptr FILEID="00000035"/>
					</METS:div>
					<METS:div TYPE="Chapter" LABEL="3.1.2 局域网的主要功能" ORDERLABEL="30"><METS:fptr FILEID="00000035"/>
					</METS:div>
				</METS:div>
				<METS:div TYPE="Chapter" LABEL="3.2 局域网的拓扑结构" ORDERLABEL="31"><METS:fptr FILEID="00000036"/>
					<METS:div TYPE="Chapter" LABEL="3.2.1 总线型拓扑" ORDERLABEL="31"><METS:fptr FILEID="00000036"/>
					</METS:div>
					<METS:div TYPE="Chapter" LABEL="3.2.2 环型拓扑" ORDERLABEL="32"><METS:fptr FILEID="00000037"/>
					</METS:div>
					<METS:div TYPE="Chapter" LABEL="3.2.3 星型拓扑" ORDERLABEL="33"><METS:fptr FILEID="00000038"/>
					</METS:div>
				</METS:div>
				<METS:div TYPE="Chapter" LABEL="3.3 组成局域网的主要硬件设备" ORDERLABEL="34"><METS:fptr FILEID="00000039"/>
					<METS:div TYPE="Chapter" LABEL="3.3.1 网络服务器" ORDERLABEL="34"><METS:fptr FILEID="00000039"/>
					</METS:div>
					<METS:div TYPE="Chapter" LABEL="3.3.2工作站" ORDERLABEL="35"><METS:fptr FILEID="00000040"/>
					</METS:div>
					<METS:div TYPE="Chapter" LABEL="3.3.3 网卡" ORDERLABEL="35"><METS:fptr FILEID="00000040"/>
					</METS:div>
					<METS:div TYPE="Chapter" LABEL="3.3.4 传输介质" ORDERLABEL="36"><METS:fptr FILEID="00000041"/>
					</METS:div>
					<METS:div TYPE="Chapter" LABEL="3.3.5 传输介质连接配件" ORDERLABEL="38"><METS:fptr FILEID="00000043"/>
					</METS:div>
				</METS:div>
				<METS:div TYPE="Chapter" LABEL="3.4 局域网的传输介质访问控制方式（通信方式）" ORDERLABEL="38"><METS:fptr FILEID="00000043"/>
					<METS:div TYPE="Chapter" LABEL="3.4.1 访问控制方式及分类" ORDERLABEL="38"><METS:fptr FILEID="00000043"/>
					</METS:div>
					<METS:div TYPE="Chapter" LABEL="3.4.2 CSMA/CD访问控制" ORDERLABEL="39"><METS:fptr FILEID="00000044"/>
					</METS:div>
					<METS:div TYPE="Chapter" LABEL="3.4.3 令牌环访问控制" ORDERLABEL="40"><METS:fptr FILEID="00000045"/>
					</METS:div>
				</METS:div>
				<METS:div TYPE="Chapter" LABEL="3.5 局域网的典型实现技术" ORDERLABEL="41"><METS:fptr FILEID="00000046"/>
					<METS:div TYPE="Chapter" LABEL="3.5.1 常见以太网" ORDERLABEL="41"><METS:fptr FILEID="00000046"/>
					</METS:div>
					<METS:div TYPE="Chapter" LABEL="3.5.2 典型的高速局域网组网技术" ORDERLABEL="48"><METS:fptr FILEID="00000053"/>
					</METS:div>
				</METS:div>
				<METS:div TYPE="Chapter" LABEL="3.6 计算机局域网的网间互联" ORDERLABEL="52"><METS:fptr FILEID="00000057"/>
					<METS:div TYPE="Chapter" LABEL="3.6.1 网间互联的分类" ORDERLABEL="52"><METS:fptr FILEID="00000057"/>
					</METS:div>
					<METS:div TYPE="Chapter" LABEL="3.6.2 局域网互联需要解决的主要问题" ORDERLABEL="53"><METS:fptr FILEID="00000058"/>
					</METS:div>
					<METS:div TYPE="Chapter" LABEL="3.6.3 网络互联的硬件设备" ORDERLABEL="53"><METS:fptr FILEID="00000058"/>
					</METS:div>
				</METS:div>
				<METS:div TYPE="Chapter" LABEL="3.7 计算机局域网的系统结构" ORDERLABEL="59"><METS:fptr FILEID="00000064"/>
					<METS:div TYPE="Chapter" LABEL="3.7.1 专用服务器结构" ORDERLABEL="59"><METS:fptr FILEID="00000064"/>
					</METS:div>
					<METS:div TYPE="Chapter" LABEL="3.7.2 客户机/服务器结构" ORDERLABEL="61"><METS:fptr FILEID="00000066"/>
					</METS:div>
					<METS:div TYPE="Chapter" LABEL="3.7.3 对等式网络结构" ORDERLABEL="62"><METS:fptr FILEID="00000067"/>
					</METS:div>
				</METS:div>
				<METS:div TYPE="Chapter" LABEL="3.8 网络操作系统简介" ORDERLABEL="64"><METS:fptr FILEID="00000069"/>
					<METS:div TYPE="Chapter" LABEL="3.8.1 UNIX网络操作系统" ORDERLABEL="64"><METS:fptr FILEID="00000069"/>
					</METS:div>
					<METS:div TYPE="Chapter" LABEL="3.8.2 Novell公司的网络操作系统" ORDERLABEL="64"><METS:fptr FILEID="00000069"/>
					</METS:div>
					<METS:div TYPE="Chapter" LABEL="3.8.3 Microsoft公司的网络操作系统" ORDERLABEL="65"><METS:fptr FILEID="00000070"/>
					</METS:div>
					<METS:div TYPE="Chapter" LABEL="3.8.4 网络操作系统的选择" ORDERLABEL="65"><METS:fptr FILEID="00000070"/>
					</METS:div>
				</METS:div>
			</METS:div>
		</METS:div>
		<METS:div TYPE="Chapter" LABEL="第二篇 Windows NT4.0的系统特征和网络管理及应用" ORDERLABEL="73"><METS:fptr FILEID="00000076"/>
			<METS:div TYPE="Chapter" LABEL="第4章 Windows NT网络操作系统" ORDERLABEL="73"><METS:fptr FILEID="00000078"/>
				<METS:div TYPE="Chapter" LABEL="4.1 Windows NT4.0功能特点" ORDERLABEL="73"><METS:fptr FILEID="00000078"/>
					<METS:div TYPE="Chapter" LABEL="4.1.1 良好的操作环境" ORDERLABEL="73"><METS:fptr FILEID="00000078"/>
					</METS:div>
					<METS:div TYPE="Chapter" LABEL="4.1.2 Windows NT4.0功能特点" ORDERLABEL="73"><METS:fptr FILEID="00000078"/>
					</METS:div>
				</METS:div>
				<METS:div TYPE="Chapter" LABEL="4.2  Windows NT4.0的文件系统" ORDERLABEL="74"><METS:fptr FILEID="00000079"/>
					<METS:div TYPE="Chapter" LABEL="4.2.1 FAT(file Allocation Table)文件系统" ORDERLABEL="74"><METS:fptr FILEID="00000079"/>
					</METS:div>
					<METS:div TYPE="Chapter" LABEL="4.2.2 NTFS(NT File System)系统" ORDERLABEL="74"><METS:fptr FILEID="00000079"/>
					</METS:div>
					<METS:div TYPE="Chapter" LABEL="4.2.3 Windows NT 4.0与Windows 95的区别" ORDERLABEL="74"><METS:fptr FILEID="00000079"/>
					</METS:div>
				</METS:div>
				<METS:div TYPE="Chapter" LABEL="4.3 Windows NT 网络的基本概念" ORDERLABEL="75"><METS:fptr FILEID="00000080"/>
					<METS:div TYPE="Chapter" LABEL="4.3.1 工作组" ORDERLABEL="75"><METS:fptr FILEID="00000080"/>
					</METS:div>
					<METS:div TYPE="Chapter" LABEL="4.3.2 工作组的分类" ORDERLABEL="75"><METS:fptr FILEID="00000080"/>
					</METS:div>
					<METS:div TYPE="Chapter" LABEL="4.3.3 域" ORDERLABEL="75"><METS:fptr FILEID="00000080"/>
					</METS:div>
					<METS:div TYPE="Chapter" LABEL="4.3.4 目录数据库" ORDERLABEL="77"><METS:fptr FILEID="00000082"/>
					</METS:div>
					<METS:div TYPE="Chapter" LABEL="4.3.5 信任关系" ORDERLABEL="77"><METS:fptr FILEID="00000082"/>
					</METS:div>
					<METS:div TYPE="Chapter" LABEL="4.3.6  用户账号" ORDERLABEL="77"><METS:fptr FILEID="00000082"/>
					</METS:div>
					<METS:div TYPE="Chapter" LABEL="4.3.7 用户权限" ORDERLABEL="77"><METS:fptr FILEID="00000082"/>
					</METS:div>
				</METS:div>
				<METS:div TYPE="Chapter" LABEL="4.4 Windows NT安装的基本操作" ORDERLABEL="77"><METS:fptr FILEID="00000082"/>
					<METS:div TYPE="Chapter" LABEL="4.4.1 硬件要求" ORDERLABEL="77"><METS:fptr FILEID="00000082"/>
					</METS:div>
					<METS:div TYPE="Chapter" LABEL="4.4.2 安装方式的选择" ORDERLABEL="77"><METS:fptr FILEID="00000082"/>
					</METS:div>
					<METS:div TYPE="Chapter" LABEL="4.4.3 安装Windows NT Server所需要的基本信息" ORDERLABEL="78"><METS:fptr FILEID="00000083"/>
					</METS:div>
					<METS:div TYPE="Chapter" LABEL="4.4.4 安装其他外部设备" ORDERLABEL="78"><METS:fptr FILEID="00000083"/>
					</METS:div>
					<METS:div TYPE="Chapter" LABEL="4.4.5 安装过程中的注意事项" ORDERLABEL="79"><METS:fptr FILEID="00000084"/>
					</METS:div>
					<METS:div TYPE="Chapter" LABEL="4.4.6 安装过程" ORDERLABEL="79"><METS:fptr FILEID="00000084"/>
					</METS:div>
					<METS:div TYPE="Chapter" LABEL="4.4.7 Windows NT删除的基本操作" ORDERLABEL="85"><METS:fptr FILEID="00000090"/>
					</METS:div>
				</METS:div>
				<METS:div TYPE="Chapter" LABEL="4.5 组建自己的Windows NT网络" ORDERLABEL="85"><METS:fptr FILEID="00000090"/>
					<METS:div TYPE="Chapter" LABEL="4.5.1 交换式以太网的网络实体" ORDERLABEL="85"><METS:fptr FILEID="00000090"/>
					</METS:div>
					<METS:div TYPE="Chapter" LABEL="4.5.2 10BASE2网络的架设" ORDERLABEL="86"><METS:fptr FILEID="00000091"/>
					</METS:div>
					<METS:div TYPE="Chapter" LABEL="4.5.3 10/100BASE网络的架设" ORDERLABEL="87"><METS:fptr FILEID="00000092"/>
					</METS:div>
					<METS:div TYPE="Chapter" LABEL="4.5.4 Windows NT局域网络硬件的基本要求" ORDERLABEL="88"><METS:fptr FILEID="00000093"/>
					</METS:div>
					<METS:div TYPE="Chapter" LABEL="4.5.5 网络适配器的连接和设置" ORDERLABEL="89"><METS:fptr FILEID="00000094"/>
					</METS:div>
				</METS:div>
			</METS:div>
			<METS:div TYPE="Chapter" LABEL="第5章Windows NT网络工作站的连接" ORDERLABEL="91"><METS:fptr FILEID="00000096"/>
				<METS:div TYPE="Chapter" LABEL="5.1 在DOS下安装、配置和检测网卡" ORDERLABEL="91"><METS:fptr FILEID="00000096"/>
					<METS:div TYPE="Chapter" LABEL="5.1.1 网瞳" ORDERLABEL="91"><METS:fptr FILEID="00000096"/>
					</METS:div>
					<METS:div TYPE="Chapter" LABEL="5.1.2 网卡的参数设置" ORDERLABEL="91"><METS:fptr FILEID="00000096"/>
					</METS:div>
					<METS:div TYPE="Chapter" LABEL="5.1.3 如何设置网卡的参数" ORDERLABEL="94"><METS:fptr FILEID="00000099"/>
					</METS:div>
					<METS:div TYPE="Chapter" LABEL="5.1.4 网卡安装、测试程序的使用范例" ORDERLABEL="95"><METS:fptr FILEID="00000100"/>
					</METS:div>
				</METS:div>
				<METS:div TYPE="Chapter" LABEL="5.2 Windows NT中的TCP/P" ORDERLABEL="96"><METS:fptr FILEID="00000101"/>
					<METS:div TYPE="Chapter" LABEL="5.2.1 TCP/IP协议基础" ORDERLABEL="96"><METS:fptr FILEID="00000101"/>
					</METS:div>
					<METS:div TYPE="Chapter" LABEL="5.2.2 Windows NT Server提供的TCP/IP服务" ORDERLABEL="96"><METS:fptr FILEID="00000101"/>
					</METS:div>
					<METS:div TYPE="Chapter" LABEL="5.2.3 TCP/IP实用程序" ORDERLABEL="96"><METS:fptr FILEID="00000101"/>
					</METS:div>
					<METS:div TYPE="Chapter" LABEL="5.2.4 Windows NT4.0中的TCP/IP协议的安装和配置" ORDERLABEL="97"><METS:fptr FILEID="00000102"/>
					</METS:div>
				</METS:div>
				<METS:div TYPE="Chapter" LABEL="5.3 Windows NT Server4.0与Windows 95工作站的互联" ORDERLABEL="101"><METS:fptr FILEID="00000106"/>
					<METS:div TYPE="Chapter" LABEL="5.3.1 联网硬件" ORDERLABEL="101"><METS:fptr FILEID="00000106"/>
					</METS:div>
					<METS:div TYPE="Chapter" LABEL="5.3.2 购买和安装网卡" ORDERLABEL="101"><METS:fptr FILEID="00000106"/>
					</METS:div>
					<METS:div TYPE="Chapter" LABEL="5.3.3 设置网卡" ORDERLABEL="101"><METS:fptr FILEID="00000106"/>
					</METS:div>
					<METS:div TYPE="Chapter" LABEL="5.3.4 联接网卡" ORDERLABEL="101"><METS:fptr FILEID="00000106"/>
					</METS:div>
					<METS:div TYPE="Chapter" LABEL="5.3.5 选择用户操作类型" ORDERLABEL="104"><METS:fptr FILEID="00000109"/>
					</METS:div>
					<METS:div TYPE="Chapter" LABEL="5.3.6 由Windows 95登至少到Windows NT域" ORDERLABEL="104"><METS:fptr FILEID="00000109"/>
					</METS:div>
					<METS:div TYPE="Chapter" LABEL="5.3.7 选择和设置网络通信协议" ORDERLABEL="105"><METS:fptr FILEID="00000110"/>
					</METS:div>
					<METS:div TYPE="Chapter" LABEL="5.3.8 设置网络环境与网络互联" ORDERLABEL="107"><METS:fptr FILEID="00000112"/>
					</METS:div>
					<METS:div TYPE="Chapter" LABEL="5.3.9 断开网络驱动器" ORDERLABEL="112"><METS:fptr FILEID="00000117"/>
					</METS:div>
				</METS:div>
				<METS:div TYPE="Chapter" LABEL="5.4 Windows NT Server与Windows NT Workstation互联" ORDERLABEL="112"><METS:fptr FILEID="00000117"/>
					<METS:div TYPE="Chapter" LABEL="5.4.1 检查Windows NT-WS的硬件要求和所需的基本信息" ORDERLABEL="112"><METS:fptr FILEID="00000117"/>
					</METS:div>
					<METS:div TYPE="Chapter" LABEL="5.4.2 检查基本信息、连接网卡、安装其他外部设备" ORDERLABEL="113"><METS:fptr FILEID="00000118"/>
					</METS:div>
					<METS:div TYPE="Chapter" LABEL="5.4.3 选择和设置网络通信协议" ORDERLABEL="114"><METS:fptr FILEID="00000119"/>
					</METS:div>
					<METS:div TYPE="Chapter" LABEL="5.4.4 由Windows NT工作站登录到Windows NT域" ORDERLABEL="116"><METS:fptr FILEID="00000121"/>
					</METS:div>
				</METS:div>
				<METS:div TYPE="Chapter" LABEL="5.5 DOS工作站与Windows NT Server的连接" ORDERLABEL="117"><METS:fptr FILEID="00000122"/>
					<METS:div TYPE="Chapter" LABEL="5.5.1 由MS Network Client工作站登录到Windows NT域" ORDERLABEL="117"><METS:fptr FILEID="00000122"/>
					</METS:div>
					<METS:div TYPE="Chapter" LABEL="5.5.2 由LAN Manager工作站登录到Windows NT域" ORDERLABEL="125"><METS:fptr FILEID="00000130"/>
					</METS:div>
					<METS:div TYPE="Chapter" LABEL="5.5.3 由DOS磁盘启动并登录到Windows NT Server" ORDERLABEL="127"><METS:fptr FILEID="00000132"/>
					</METS:div>
				</METS:div>
			</METS:div>
			<METS:div TYPE="Chapter" LABEL="第6章 Windows NT 网络系统的组织与帐户管理" ORDERLABEL="135"><METS:fptr FILEID="00000140"/>
				<METS:div TYPE="Chapter" LABEL="6.1 Windows NT中网络系统的组织与目录数据库" ORDERLABEL="135"><METS:fptr FILEID="00000140"/>
					<METS:div TYPE="Chapter" LABEL="6.1.1 域和目录数据库的概念" ORDERLABEL="135"><METS:fptr FILEID="00000140"/>
					</METS:div>
					<METS:div TYPE="Chapter" LABEL="6.1.2 工作组" ORDERLABEL="137"><METS:fptr FILEID="00000142"/>
					</METS:div>
					<METS:div TYPE="Chapter" LABEL="6.1.3 Windows NT如何识别域" ORDERLABEL="139"><METS:fptr FILEID="00000144"/>
					</METS:div>
				</METS:div>
				<METS:div TYPE="Chapter" LABEL="6.2 用户账号与组的建立和管理" ORDERLABEL="140"><METS:fptr FILEID="00000145"/>
					<METS:div TYPE="Chapter" LABEL="6.2.1 用户及用户账号和密码" ORDERLABEL="140"><METS:fptr FILEID="00000145"/>
					</METS:div>
					<METS:div TYPE="Chapter" LABEL="6.2.2 Windows NT服务器（或工作站）中的内置用户账号" ORDERLABEL="140"><METS:fptr FILEID="00000145"/>
					</METS:div>
					<METS:div TYPE="Chapter" LABEL="6.2.3 建立（添加）用户账号" ORDERLABEL="141"><METS:fptr FILEID="00000146"/>
					</METS:div>
					<METS:div TYPE="Chapter" LABEL="6.2.4 管理用户账号" ORDERLABEL="143"><METS:fptr FILEID="00000148"/>
					</METS:div>
					<METS:div TYPE="Chapter" LABEL="6.2.5 利用组管理用户账号" ORDERLABEL="146"><METS:fptr FILEID="00000151"/>
					</METS:div>
				</METS:div>
				<METS:div TYPE="Chapter" LABEL="6.3 安全规则" ORDERLABEL="148"><METS:fptr FILEID="00000153"/>
					<METS:div TYPE="Chapter" LABEL="6.3.1 账号规则" ORDERLABEL="148"><METS:fptr FILEID="00000153"/>
					</METS:div>
					<METS:div TYPE="Chapter" LABEL="6.3.2 用户权限规则" ORDERLABEL="150"><METS:fptr FILEID="00000155"/>
					</METS:div>
					<METS:div TYPE="Chapter" LABEL="6.3.3 审核规则" ORDERLABEL="150"><METS:fptr FILEID="00000155"/>
					</METS:div>
				</METS:div>
				<METS:div TYPE="Chapter" LABEL="6.4 用户工作环境的管理" ORDERLABEL="15"><METS:fptr FILEID="00000020"/>
					<METS:div TYPE="Chapter" LABEL="6.4.1 用户环境配置文件" ORDERLABEL="2152"><METS:fptr FILEID="00002157"/>
					</METS:div>
					<METS:div TYPE="Chapter" LABEL="6.4.2 登录底稿" ORDERLABEL="153"><METS:fptr FILEID="00000158"/>
					</METS:div>
					<METS:div TYPE="Chapter" LABEL="6.4.3 宿主目录" ORDERLABEL="154"><METS:fptr FILEID="00000159"/>
					</METS:div>
				</METS:div>
				<METS:div TYPE="Chapter" LABEL="6.5 管理向导的使用" ORDERLABEL="155"><METS:fptr FILEID="00000160"/>
					<METS:div TYPE="Chapter" LABEL="6.5.1 “管理向导”的启用" ORDERLABEL="155"><METS:fptr FILEID="00000160"/>
					</METS:div>
					<METS:div TYPE="Chapter" LABEL="6.5.2 “添加用户账号”向导的使用" ORDERLABEL="155"><METS:fptr FILEID="00000160"/>
					</METS:div>
				</METS:div>
			</METS:div>
			<METS:div TYPE="Chapter" LABEL="第7章Windows NT网络服务器的管理" ORDERLABEL="165"><METS:fptr FILEID="00000170"/>
				<METS:div TYPE="Chapter" LABEL="7.1 启动Windows NT服务器管理器" ORDERLABEL="165"><METS:fptr FILEID="00000170"/>
					<METS:div TYPE="Chapter" LABEL="7.1.1 什么是服务器管理器" ORDERLABEL="165"><METS:fptr FILEID="00000170"/>
					</METS:div>
					<METS:div TYPE="Chapter" LABEL="7.1.2 使用服务器管理器的对象" ORDERLABEL="165"><METS:fptr FILEID="00000170"/>
					</METS:div>
					<METS:div TYPE="Chapter" LABEL="7.1.3 启动服务器管理器" ORDERLABEL="166"><METS:fptr FILEID="00000171"/>
					</METS:div>
				</METS:div>
				<METS:div TYPE="Chapter" LABEL="7.2 服务器管理器的查看" ORDERLABEL="167"><METS:fptr FILEID="00000172"/>
					<METS:div TYPE="Chapter" LABEL="7.2.1 选定域" ORDERLABEL="167"><METS:fptr FILEID="00000172"/>
					</METS:div>
					<METS:div TYPE="Chapter" LABEL="7.2.2 显示服务器、工作站或二者均显示" ORDERLABEL="168"><METS:fptr FILEID="00000173"/>
					</METS:div>
					<METS:div TYPE="Chapter" LABEL="7.2.3 删除筛选并显示所有的计算机" ORDERLABEL="169"><METS:fptr FILEID="00000174"/>
					</METS:div>
					<METS:div TYPE="Chapter" LABEL="7.2.4 刷新视图" ORDERLABEL="169"><METS:fptr FILEID="00000174"/>
					</METS:div>
					<METS:div TYPE="Chapter" LABEL="7.2.5 使用慢速连接" ORDERLABEL="169"><METS:fptr FILEID="00000174"/>
					</METS:div>
				</METS:div>
				<METS:div TYPE="Chapter" LABEL="7.3 服务器管理器的属性" ORDERLABEL="170"><METS:fptr FILEID="00000175"/>
					<METS:div TYPE="Chapter" LABEL="7.3.1 管理服务器的属性" ORDERLABEL="170"><METS:fptr FILEID="00000175"/>
					</METS:div>
					<METS:div TYPE="Chapter" LABEL="7.3.2 查看用户会话" ORDERLABEL="170"><METS:fptr FILEID="00000175"/>
					</METS:div>
					<METS:div TYPE="Chapter" LABEL="7.3.3 查看和管理共享资源" ORDERLABEL="171"><METS:fptr FILEID="00000176"/>
					</METS:div>
					<METS:div TYPE="Chapter" LABEL="7.3.4 查看和管理使用中的资源" ORDERLABEL="172"><METS:fptr FILEID="00000177"/>
					</METS:div>
					<METS:div TYPE="Chapter" LABEL="7.3.5 使用系统管理警报" ORDERLABEL="173"><METS:fptr FILEID="00000178"/>
					</METS:div>
				</METS:div>
				<METS:div TYPE="Chapter" LABEL="7.4 共享目录的管理" ORDERLABEL="174"><METS:fptr FILEID="00000179"/>
					<METS:div TYPE="Chapter" LABEL="7.4.1 查看和管理共享目录" ORDERLABEL="174"><METS:fptr FILEID="00000179"/>
					</METS:div>
					<METS:div TYPE="Chapter" LABEL="7.4.2 管理共享目录" ORDERLABEL="174"><METS:fptr FILEID="00000179"/>
					</METS:div>
				</METS:div>
				<METS:div TYPE="Chapter" LABEL="7.5 给某计算机上已连接用户发送信息" ORDERLABEL="177"><METS:fptr FILEID="00000182"/>
					<METS:div TYPE="Chapter" LABEL="7.5.1 给某计算机上已连接用户发送信息" ORDERLABEL="177"><METS:fptr FILEID="00000182"/>
					</METS:div>
					<METS:div TYPE="Chapter" LABEL="7.5.2 启动计算机上的信使功能" ORDERLABEL="177"><METS:fptr FILEID="00000182"/>
					</METS:div>
				</METS:div>
				<METS:div TYPE="Chapter" LABEL="7.6 管理域" ORDERLABEL="180"><METS:fptr FILEID="00000185"/>
					<METS:div TYPE="Chapter" LABEL="7.6.1 将备份域控制器升级到主域控制器" ORDERLABEL="180"><METS:fptr FILEID="00000185"/>
					</METS:div>
					<METS:div TYPE="Chapter" LABEL="7.6.2 将主域控制器降级为备份域控制器" ORDERLABEL="181"><METS:fptr FILEID="00000186"/>
					</METS:div>
					<METS:div TYPE="Chapter" LABEL="7.6.3 同步主域控制器的备份域控制器" ORDERLABEL="181"><METS:fptr FILEID="00000186"/>
					</METS:div>
					<METS:div TYPE="Chapter" LABEL="7.6.4 同步域的所有服务器" ORDERLABEL="181"><METS:fptr FILEID="00000186"/>
					</METS:div>
					<METS:div TYPE="Chapter" LABEL="7.6.5 将计算机添加到域" ORDERLABEL="181"><METS:fptr FILEID="00000186"/>
					</METS:div>
					<METS:div TYPE="Chapter" LABEL="7.6.6 从域中删除计算机" ORDERLABEL="182"><METS:fptr FILEID="00000187"/>
					</METS:div>
				</METS:div>
				<METS:div TYPE="Chapter" LABEL="7.7 控制面板内的服务器管理工具" ORDERLABEL="182"><METS:fptr FILEID="00000187"/>
				</METS:div>
				<METS:div TYPE="Chapter" LABEL="7.8 恢复或修复Windows NT系统" ORDERLABEL="183"><METS:fptr FILEID="00000188"/>
					<METS:div TYPE="Chapter" LABEL="7.8.1 利用“上一次的正确系统配置”的环境恢复Windows NT系统" ORDERLABEL="183"><METS:fptr FILEID="00000188"/>
					</METS:div>
					<METS:div TYPE="Chapter" LABEL="7.8.2 利用“紧急处修复磁盘”修复被损坏的Windows NT系统" ORDERLABEL="184"><METS:fptr FILEID="00000189"/>
					</METS:div>
					<METS:div TYPE="Chapter" LABEL="7.8.3 利用“Windows NT启动磁盘”修复被损坏的Windows NT系统" ORDERLABEL="185"><METS:fptr FILEID="00000190"/>
					</METS:div>
				</METS:div>
			</METS:div>
			<METS:div TYPE="Chapter" LABEL="第8章 Windows NT网络上的远程访问系统" ORDERLABEL="188"><METS:fptr FILEID="00000193"/>
				<METS:div TYPE="Chapter" LABEL="8.1 Windows NT网络上的远程访问服务" ORDERLABEL="188"><METS:fptr FILEID="00000193"/>
					<METS:div TYPE="Chapter" LABEL="8.1.1 什么是远程访问" ORDERLABEL="188"><METS:fptr FILEID="00000193"/>
					</METS:div>
					<METS:div TYPE="Chapter" LABEL="8.1.2 远程访问服务器的设计" ORDERLABEL="189"><METS:fptr FILEID="00000194"/>
					</METS:div>
					<METS:div TYPE="Chapter" LABEL="8.1.3 连接RAS客户和RAS服务器的方式" ORDERLABEL="190"><METS:fptr FILEID="00000195"/>
					</METS:div>
					<METS:div TYPE="Chapter" LABEL="8.1.4 连接RAS客户和RAS服务器的远程访问协议" ORDERLABEL="191"><METS:fptr FILEID="00000196"/>
					</METS:div>
					<METS:div TYPE="Chapter" LABEL="8.1.5 RAS的主要特点" ORDERLABEL="192"><METS:fptr FILEID="00000197"/>
					</METS:div>
				</METS:div>
				<METS:div TYPE="Chapter" LABEL="8.2 安装和配置RAS服务器" ORDERLABEL="192"><METS:fptr FILEID="00000197"/>
					<METS:div TYPE="Chapter" LABEL="8.2.1 安装之前的准备工作" ORDERLABEL="192"><METS:fptr FILEID="00000197"/>
					</METS:div>
					<METS:div TYPE="Chapter" LABEL="8.2.2 安装Windows NT RAS服务器的步骤" ORDERLABEL="192"><METS:fptr FILEID="00000197"/>
					</METS:div>
				</METS:div>
				<METS:div TYPE="Chapter" LABEL="8.3 安装和装置Windows NT RAS客户端" ORDERLABEL="197"><METS:fptr FILEID="00000202"/>
					<METS:div TYPE="Chapter" LABEL="8.3.1 安装Windows NT RAS客户调制解调器" ORDERLABEL="197"><METS:fptr FILEID="00000202"/>
					</METS:div>
					<METS:div TYPE="Chapter" LABEL="8.3.2 安装和配置Windows NT客户端拨号网络" ORDERLABEL="198"><METS:fptr FILEID="00000203"/>
					</METS:div>
				</METS:div>
				<METS:div TYPE="Chapter" LABEL="8.4 RAS服务器的管理" ORDERLABEL="201"><METS:fptr FILEID="00000206"/>
					<METS:div TYPE="Chapter" LABEL="8.4.1 RAS服务器管理员的职责*" ORDERLABEL="201"><METS:fptr FILEID="00000206"/>
					</METS:div>
					<METS:div TYPE="Chapter" LABEL="8.4.2 RAS服务器上的“远程访问管理器”" ORDERLABEL="201"><METS:fptr FILEID="00000206"/>
					</METS:div>
				</METS:div>
				<METS:div TYPE="Chapter" LABEL="8.5 从各种工作站上连入RAS服务器" ORDERLABEL="205"><METS:fptr FILEID="00000210"/>
					<METS:div TYPE="Chapter" LABEL="8.5.1 从Windows NT工作站上边入RAS服务器" ORDERLABEL="205"><METS:fptr FILEID="00000210"/>
					</METS:div>
					<METS:div TYPE="Chapter" LABEL="8.5.2 从Windows 95工作站上连入RAS服务器" ORDERLABEL="205"><METS:fptr FILEID="00000210"/>
					</METS:div>
					<METS:div TYPE="Chapter" LABEL="8.5.3 从Windows NT 4.0服务器上连入RAS服务器" ORDERLABEL="207"><METS:fptr FILEID="00000212"/>
					</METS:div>
				</METS:div>
			</METS:div>
			<METS:div TYPE="Chapter" LABEL="第9章Windows NT网络打印管理" ORDERLABEL="210"><METS:fptr FILEID="00000215"/>
				<METS:div TYPE="Chapter" LABEL="9.1 Windows NT网络打印管理的基本概念" ORDERLABEL="210"><METS:fptr FILEID="00000215"/>
					<METS:div TYPE="Chapter" LABEL="9.1.1 打印设备和打印机" ORDERLABEL="210"><METS:fptr FILEID="00000215"/>
						<METS:div TYPE="Chapter" LABEL="9.1.2 打印服务器" ORDERLABEL="211"><METS:fptr FILEID="00000216"/>
						</METS:div>
					</METS:div>
					<METS:div TYPE="Chapter" LABEL="9.1.3 打印机和打印队列" ORDERLABEL="211"><METS:fptr FILEID="00000216"/>
					</METS:div>
					<METS:div TYPE="Chapter" LABEL="9.1.4 物理打印端口和逻辑打印端口" ORDERLABEL="211"><METS:fptr FILEID="00000216"/>
					</METS:div>
					<METS:div TYPE="Chapter" LABEL="9.1.5 本地及远程打印机和打印设备" ORDERLABEL="211"><METS:fptr FILEID="00000216"/>
					</METS:div>
					<METS:div TYPE="Chapter" LABEL="9.1.6 打印机池" ORDERLABEL="211"><METS:fptr FILEID="00000216"/>
					</METS:div>
					<METS:div TYPE="Chapter" LABEL="9.1.7 打印驱动器" ORDERLABEL="212"><METS:fptr FILEID="00000217"/>
					</METS:div>
					<METS:div TYPE="Chapter" LABEL="9.1.8 打印假脱机" ORDERLABEL="212"><METS:fptr FILEID="00000217"/>
					</METS:div>
					<METS:div TYPE="Chapter" LABEL="9.1.9 打印监视器" ORDERLABEL="212"><METS:fptr FILEID="00000217"/>
					</METS:div>
				</METS:div>
				<METS:div TYPE="Chapter" LABEL="9.2 网络打印机的连接方式" ORDERLABEL="213"><METS:fptr FILEID="00000218"/>
				</METS:div>
				<METS:div TYPE="Chapter" LABEL="9.3 打印机的添加与管理" ORDERLABEL="213"><METS:fptr FILEID="00000218"/>
				</METS:div>
				<METS:div TYPE="Chapter" LABEL="9.4 打印机的属性" ORDERLABEL="217"><METS:fptr FILEID="00000222"/>
					<METS:div TYPE="Chapter" LABEL="9.4.1 打印机属性的设置" ORDERLABEL="217"><METS:fptr FILEID="00000222"/>
					</METS:div>
					<METS:div TYPE="Chapter" LABEL="9.4.2 打印机属性选项卡" ORDERLABEL="218"><METS:fptr FILEID="00000223"/>
					</METS:div>
				</METS:div>
				<METS:div TYPE="Chapter" LABEL="9.5  从各工作站上使用网络打印机" ORDERLABEL="221"><METS:fptr FILEID="00000226"/>
					<METS:div TYPE="Chapter" LABEL="9.5.1 从Windows 95工作站或其中的DOS环境下打印文件" ORDERLABEL="221"><METS:fptr FILEID="00000226"/>
					</METS:div>
					<METS:div TYPE="Chapter" LABEL="9.5.2 从 Windows NT服务器和工作站上打印文件" ORDERLABEL="222"><METS:fptr FILEID="00000227"/>
					</METS:div>
				</METS:div>
				<METS:div TYPE="Chapter" LABEL="9.6 打印设置与管理" ORDERLABEL="225"><METS:fptr FILEID="00000230"/>
					<METS:div TYPE="Chapter" LABEL="9.6.1 打印作业的设置" ORDERLABEL="225"><METS:fptr FILEID="00000230"/>
					</METS:div>
					<METS:div TYPE="Chapter" LABEL="9.6.2 打印作业的管理" ORDERLABEL="225"><METS:fptr FILEID="00000230"/>
					</METS:div>
				</METS:div>
				<METS:div TYPE="Chapter" LABEL="9.7 打印中常见问题的处理" ORDERLABEL="227"><METS:fptr FILEID="00000232"/>
					<METS:div TYPE="Chapter" LABEL="9.7.1 处理打印中经常遇到的问题" ORDERLABEL="227"><METS:fptr FILEID="00000232"/>
					</METS:div>
					<METS:div TYPE="Chapter" LABEL="9.7.2 常见打印故障问题及处理示例" ORDERLABEL="227"><METS:fptr FILEID="00000232"/>
					</METS:div>
				</METS:div>
			</METS:div>
		</METS:div>
		<METS:div TYPE="Chapter" LABEL="第三篇 Internet网络基础" ORDERLABEL="233"><METS:fptr FILEID="00000236"/>
			<METS:div TYPE="Chapter" LABEL="第10章Internet网络" ORDERLABEL="233"><METS:fptr FILEID="00000238"/>
				<METS:div TYPE="Chapter" LABEL="10.1 Internet的基本结构" ORDERLABEL="233"><METS:fptr FILEID="00000238"/>
					<METS:div TYPE="Chapter" LABEL="10.1.1 计算机网络" ORDERLABEL="233"><METS:fptr FILEID="00000238"/>
					</METS:div>
					<METS:div TYPE="Chapter" LABEL="10.1.2 什么是Internet" ORDERLABEL="233"><METS:fptr FILEID="00000238"/>
					</METS:div>
					<METS:div TYPE="Chapter" LABEL="10.1.3 Internet的发展" ORDERLABEL="234"><METS:fptr FILEID="00000239"/>
					</METS:div>
					<METS:div TYPE="Chapter" LABEL="10.1.4 Internet的组成部分" ORDERLABEL="236"><METS:fptr FILEID="00000241"/>
					</METS:div>
				</METS:div>
				<METS:div TYPE="Chapter" LABEL="10.2 Internet的组织与管理" ORDERLABEL="237"><METS:fptr FILEID="00000242"/>
					<METS:div TYPE="Chapter" LABEL="10.2.1 Internet的管理者" ORDERLABEL="237"><METS:fptr FILEID="00000242"/>
					</METS:div>
					<METS:div TYPE="Chapter" LABEL="10.2.2 我国Internet的管理者" ORDERLABEL="237"><METS:fptr FILEID="00000242"/>
					</METS:div>
				</METS:div>
				<METS:div TYPE="Chapter" LABEL="10.3 Internet通信协议——TCP/IP" ORDERLABEL="238"><METS:fptr FILEID="00000243"/>
					<METS:div TYPE="Chapter" LABEL="10.3.1 IP协议与IP地址" ORDERLABEL="238"><METS:fptr FILEID="00000243"/>
					</METS:div>
					<METS:div TYPE="Chapter" LABEL="10.3.2 域名与域名服务" ORDERLABEL="240"><METS:fptr FILEID="00000245"/>
					</METS:div>
				</METS:div>
				<METS:div TYPE="Chapter" LABEL="10.4 电子邮件服务" ORDERLABEL="242"><METS:fptr FILEID="00000247"/>
					<METS:div TYPE="Chapter" LABEL="10.4.1 什么是电子邮件服务" ORDERLABEL="242"><METS:fptr FILEID="00000247"/>
					</METS:div>
					<METS:div TYPE="Chapter" LABEL="10.4.2 电子邮件服务的工作过程" ORDERLABEL="242"><METS:fptr FILEID="00000247"/>
					</METS:div>
					<METS:div TYPE="Chapter" LABEL="10.4.3 电子邮件应用程序" ORDERLABEL="243"><METS:fptr FILEID="00000248"/>
					</METS:div>
					<METS:div TYPE="Chapter" LABEL="10.4.4 电子邮件的格式" ORDERLABEL="244"><METS:fptr FILEID="00000249"/>
					</METS:div>
				</METS:div>
				<METS:div TYPE="Chapter" LABEL="10.5 远程登录服务" ORDERLABEL="244"><METS:fptr FILEID="00000249"/>
					<METS:div TYPE="Chapter" LABEL="10.5.1 什么是远程登录" ORDERLABEL="244"><METS:fptr FILEID="00000249"/>
					</METS:div>
					<METS:div TYPE="Chapter" LABEL="10.5.2 远程登录协议" ORDERLABEL="245"><METS:fptr FILEID="00000250"/>
					</METS:div>
					<METS:div TYPE="Chapter" LABEL="10.5.3 远程登录的工作原理" ORDERLABEL="245"><METS:fptr FILEID="00000250"/>
					</METS:div>
					<METS:div TYPE="Chapter" LABEL="10.5.4 如何使用远程登录" ORDERLABEL="246"><METS:fptr FILEID="00000251"/>
					</METS:div>
				</METS:div>
				<METS:div TYPE="Chapter" LABEL="10.6 文件传输服务" ORDERLABEL="246"><METS:fptr FILEID="00000251"/>
					<METS:div TYPE="Chapter" LABEL="10.6.1 什么是文件传输" ORDERLABEL="246"><METS:fptr FILEID="00000251"/>
					</METS:div>
					<METS:div TYPE="Chapter" LABEL="10.6.2 FIP服务的工作过程" ORDERLABEL="246"><METS:fptr FILEID="00000251"/>
					</METS:div>
					<METS:div TYPE="Chapter" LABEL="10.6.3 匿名FIP服务" ORDERLABEL="247"><METS:fptr FILEID="00000252"/>
					</METS:div>
					<METS:div TYPE="Chapter" LABEL="10.6.4 FTP客户端程序" ORDERLABEL="247"><METS:fptr FILEID="00000252"/>
					</METS:div>
				</METS:div>
				<METS:div TYPE="Chapter" LABEL="10.7 WWW服务" ORDERLABEL="248"><METS:fptr FILEID="00000253"/>
					<METS:div TYPE="Chapter" LABEL="10.7.1 超文本与超媒体" ORDERLABEL="248"><METS:fptr FILEID="00000253"/>
					</METS:div>
					<METS:div TYPE="Chapter" LABEL="10.7.2 什么是WWW" ORDERLABEL="249"><METS:fptr FILEID="00000254"/>
					</METS:div>
					<METS:div TYPE="Chapter" LABEL="10.7.3 什么是主页" ORDERLABEL="250"><METS:fptr FILEID="00000255"/>
					</METS:div>
					<METS:div TYPE="Chapter" LABEL="10.7.4 URL与信息定位" ORDERLABEL="251"><METS:fptr FILEID="00000256"/>
					</METS:div>
					<METS:div TYPE="Chapter" LABEL="10.7.5 WWW浏览器" ORDERLABEL="251"><METS:fptr FILEID="00000256"/>
					</METS:div>
				</METS:div>
				<METS:div TYPE="Chapter" LABEL="10.8 Internet新闻与公告类服务" ORDERLABEL="252"><METS:fptr FILEID="00000257"/>
					<METS:div TYPE="Chapter" LABEL="10.8.1 网络新闻" ORDERLABEL="252"><METS:fptr FILEID="00000257"/>
					</METS:div>
					<METS:div TYPE="Chapter" LABEL="10.8.2 电子公告牌" ORDERLABEL="253"><METS:fptr FILEID="00000258"/>
					</METS:div>
				</METS:div>
				<METS:div TYPE="Chapter" LABEL="10.9 接入Internet" ORDERLABEL="253"><METS:fptr FILEID="00000258"/>
					<METS:div TYPE="Chapter" LABEL="10.9.1 ISP的作用" ORDERLABEL="253"><METS:fptr FILEID="00000258"/>
					</METS:div>
					<METS:div TYPE="Chapter" LABEL="10.9.2 通过局域网接入Internet" ORDERLABEL="254"><METS:fptr FILEID="00000259"/>
					</METS:div>
					<METS:div TYPE="Chapter" LABEL="10.9.3 通过局域网接入Internet" ORDERLABEL="255"><METS:fptr FILEID="00000260"/>
					</METS:div>
				</METS:div>
				<METS:div TYPE="Chapter" LABEL="10.10 选择ISP" ORDERLABEL="256"><METS:fptr FILEID="00000261"/>
					<METS:div TYPE="Chapter" LABEL="10.10.1 选择ISP的标准" ORDERLABEL="256"><METS:fptr FILEID="00000261"/>
					</METS:div>
					<METS:div TYPE="Chapter" LABEL="10.10.2 我国主要的ISP" ORDERLABEL="256"><METS:fptr FILEID="00000261"/>
					</METS:div>
				</METS:div>
				<METS:div TYPE="Chapter" LABEL="10.11 Internet的访问速率与费用" ORDERLABEL="257"><METS:fptr FILEID="00000262"/>
					<METS:div TYPE="Chapter" LABEL="10.11.1 Internet的访问速率" ORDERLABEL="257"><METS:fptr FILEID="00000262"/>
					</METS:div>
					<METS:div TYPE="Chapter" LABEL="10.11.2 Internet的访问费用" ORDERLABEL="257"><METS:fptr FILEID="00000262"/>
					</METS:div>
					<METS:div TYPE="Chapter" LABEL="10.12 向ISP申请帐号" ORDERLABEL="257"><METS:fptr FILEID="00000262"/>
					</METS:div>
				</METS:div>
			</METS:div>
		</METS:div>
	</METS:structMap>
</METS:mets>
