<?xml version="1.0" encoding="utf-8"?>
<METS:mets xmlns:METS="http://www.loc.gov/METS/" xmlns:xsi="http://www.w3.org/2001/XMLSchema-instance" xmlns:gdm="http://sunsite.berkeley.edu/GDM/" xmlns:xlink="http://www.w3.org/TR/xlink" xsi:schemalocation="http://www.loc.gov/METS/http://www.loc.gov/standards/mets/mets.xsd" LABEL="Zhejiang University.jdl.China-America digital library project" TYPE="Section">
	<METS:structMap TYPE="Catalog">
		<METS:div TYPE="Chapter" LABEL="第一章 计算机网络概述" ORDERLABEL="1"><METS:fptr FILEID="00000005"/>
			<METS:div TYPE="Chapter" LABEL="1.1 计算机网络的产生和发展" ORDERLABEL="1"><METS:fptr FILEID="00000005"/>
				<METS:div TYPE="Chapter" LABEL="1.1.1 计算机网络的产生" ORDERLABEL="1"><METS:fptr FILEID="00000005"/>
				</METS:div>
				<METS:div TYPE="Chapter" LABEL="1.1.2 计算机网络的发展" ORDERLABEL="2"><METS:fptr FILEID="00000006"/>
				</METS:div>
				<METS:div TYPE="Chapter" LABEL="1.1.3 我国计算机网络发展状况" ORDERLABEL="3"><METS:fptr FILEID="00000007"/>
				</METS:div>
			</METS:div>
			<METS:div TYPE="Chapter" LABEL="1.2 计算机网络的定义和特点" ORDERLABEL="4"><METS:fptr FILEID="00000008"/>
				<METS:div TYPE="Chapter" LABEL="1.2.1 计算机网络的定义" ORDERLABEL="4"><METS:fptr FILEID="00000008"/>
				</METS:div>
				<METS:div TYPE="Chapter" LABEL="1.2.2 计算机网络的组成" ORDERLABEL="4"><METS:fptr FILEID="00000008"/>
				</METS:div>
				<METS:div TYPE="Chapter" LABEL="1.2.3 计算机网络的特点" ORDERLABEL="5"><METS:fptr FILEID="00000009"/>
				</METS:div>
			</METS:div>
			<METS:div TYPE="Chapter" LABEL="1.3 计算机网络的分类" ORDERLABEL="5"><METS:fptr FILEID="00000009"/>
				<METS:div TYPE="Chapter" LABEL="1.3.1 局域网LAN" ORDERLABEL="6"><METS:fptr FILEID="00000010"/>
				</METS:div>
				<METS:div TYPE="Chapter" LABEL="1.3.2 城域网MAN" ORDERLABEL="6"><METS:fptr FILEID="00000010"/>
				</METS:div>
				<METS:div TYPE="Chapter" LABEL="1.3.3 广域网" ORDERLABEL="6"><METS:fptr FILEID="00000010"/>
				</METS:div>
			</METS:div>
			<METS:div TYPE="Chapter" LABEL="1.4 流行的网络操作系统" ORDERLABEL="6"><METS:fptr FILEID="00000010"/>
				<METS:div TYPE="Chapter" LABEL="1.4.1 NetWare网络操作系统" ORDERLABEL="7"><METS:fptr FILEID="00000011"/>
				</METS:div>
				<METS:div TYPE="Chapter" LABEL="1.4.2 Windows NT网络操作系统" ORDERLABEL="9"><METS:fptr FILEID="00000013"/>
				</METS:div>
			</METS:div>
			<METS:div TYPE="Chapter" LABEL="1.5 数据通信的基本概念" ORDERLABEL="11"><METS:fptr FILEID="00000015"/>
				<METS:div TYPE="Chapter" LABEL="1.5.1 数据通信" ORDERLABEL="11"><METS:fptr FILEID="00000015"/>
				</METS:div>
				<METS:div TYPE="Chapter" LABEL="1.5.2 数据通信中的几个技术指标" ORDERLABEL="12"><METS:fptr FILEID="00000016"/>
				</METS:div>
				<METS:div TYPE="Chapter" LABEL="1.5.3 数据传输" ORDERLABEL="12"><METS:fptr FILEID="00000016"/>
				</METS:div>
				<METS:div TYPE="Chapter" LABEL="1.5.4 数据同步" ORDERLABEL="14"><METS:fptr FILEID="00000018"/>
				</METS:div>
				<METS:div TYPE="Chapter" LABEL="1.5.5 多路复用技术" ORDERLABEL="15"><METS:fptr FILEID="00000019"/>
				</METS:div>
			</METS:div>
			<METS:div TYPE="Chapter" LABEL="小结" ORDERLABEL="16"><METS:fptr FILEID="00000020"/>
			</METS:div>
			<METS:div TYPE="Chapter" LABEL="习题" ORDERLABEL="17"><METS:fptr FILEID="00000021"/>
			</METS:div>
		</METS:div>
		<METS:div TYPE="Chapter" LABEL="第二章 Windows 98网络的使用" ORDERLABEL="18"><METS:fptr FILEID="00000022"/>
			<METS:div TYPE="Chapter" LABEL="2.1 Windows 98中的登录与注销" ORDERLABEL="18"><METS:fptr FILEID="00000022"/>
			</METS:div>
			<METS:div TYPE="Chapter" LABEL="2.2 网上共享资源" ORDERLABEL="18"><METS:fptr FILEID="00000022"/>
				<METS:div TYPE="Chapter" LABEL="2.2.1 设置共享" ORDERLABEL="19"><METS:fptr FILEID="00000023"/>
				</METS:div>
				<METS:div TYPE="Chapter" LABEL="2.2.2 查看共享" ORDERLABEL="19"><METS:fptr FILEID="00000023"/>
				</METS:div>
				<METS:div TYPE="Chapter" LABEL="2.2.3 共享磁盘和CD" ORDERLABEL="19"><METS:fptr FILEID="00000023"/>
				</METS:div>
			</METS:div>
			<METS:div TYPE="Chapter" LABEL="2.3 Windows 98口令存储" ORDERLABEL="26"><METS:fptr FILEID="00000030"/>
			</METS:div>
			<METS:div TYPE="Chapter" LABEL="2.4 安装网络打印机" ORDERLABEL="26"><METS:fptr FILEID="00000030"/>
				<METS:div TYPE="Chapter" LABEL="2.4.1 安装打印机" ORDERLABEL="26"><METS:fptr FILEID="00000030"/>
				</METS:div>
				<METS:div TYPE="Chapter" LABEL="2.4.2 设置网络打印机" ORDERLABEL="28"><METS:fptr FILEID="00000032"/>
				</METS:div>
			</METS:div>
			<METS:div TYPE="Chapter" LABEL="2.5 使用网络打印机" ORDERLABEL="29"><METS:fptr FILEID="00000033"/>
			</METS:div>
			<METS:div TYPE="Chapter" LABEL="小结" ORDERLABEL="30"><METS:fptr FILEID="00000034"/>
			</METS:div>
			<METS:div TYPE="Chapter" LABEL="习题" ORDERLABEL="30"><METS:fptr FILEID="00000034"/>
			</METS:div>
		</METS:div>
		<METS:div TYPE="Chapter" LABEL="第三章 Windows 98网络的安装" ORDERLABEL="31"><METS:fptr FILEID="00000035"/>
			<METS:div TYPE="Chapter" LABEL="3.1 网卡的安装" ORDERLABEL="31"><METS:fptr FILEID="00000035"/>
				<METS:div TYPE="Chapter" LABEL="3.1.1 网卡的安装方法" ORDERLABEL="31"><METS:fptr FILEID="00000035"/>
				</METS:div>
				<METS:div TYPE="Chapter" LABEL="3.1.2 网卡参数配置" ORDERLABEL="33"><METS:fptr FILEID="00000037"/>
				</METS:div>
			</METS:div>
			<METS:div TYPE="Chapter" LABEL="3.2 网络组件的安装" ORDERLABEL="34"><METS:fptr FILEID="00000038"/>
				<METS:div TYPE="Chapter" LABEL="3.2.1 网络客户的配置" ORDERLABEL="35"><METS:fptr FILEID="00000039"/>
				</METS:div>
				<METS:div TYPE="Chapter" LABEL="3.2.2 网络协议安装" ORDERLABEL="35"><METS:fptr FILEID="00000039"/>
				</METS:div>
				<METS:div TYPE="Chapter" LABEL="3.2.3 对等网络的安装" ORDERLABEL="36"><METS:fptr FILEID="00000040"/>
				</METS:div>
				<METS:div TYPE="Chapter" LABEL="3.2.4 Microsoft网络客户登录的配置" ORDERLABEL="37"><METS:fptr FILEID="00000041"/>
				</METS:div>
			</METS:div>
			<METS:div TYPE="Chapter" LABEL="3.3 网络连通测试" ORDERLABEL="38"><METS:fptr FILEID="00000042"/>
				<METS:div TYPE="Chapter" LABEL="3.3.1 网卡检查" ORDERLABEL="38"><METS:fptr FILEID="00000042"/>
				</METS:div>
				<METS:div TYPE="Chapter" LABEL="3.3.2 系统检查" ORDERLABEL="38"><METS:fptr FILEID="00000042"/>
				</METS:div>
			</METS:div>
			<METS:div TYPE="Chapter" LABEL="小结" ORDERLABEL="39"><METS:fptr FILEID="00000043"/>
			</METS:div>
			<METS:div TYPE="Chapter" LABEL="习题" ORDERLABEL="39"><METS:fptr FILEID="00000043"/>
			</METS:div>
		</METS:div>
		<METS:div TYPE="Chapter" LABEL="第四章 网络体系结构" ORDERLABEL="40"><METS:fptr FILEID="00000044"/>
			<METS:div TYPE="Chapter" LABEL="4.1 网络体系结构概述" ORDERLABEL="40"><METS:fptr FILEID="00000044"/>
				<METS:div TYPE="Chapter" LABEL="4.1.1 协议的分层结构" ORDERLABEL="40"><METS:fptr FILEID="00000044"/>
				</METS:div>
				<METS:div TYPE="Chapter" LABEL="4.1.2 几种流行的参考模型" ORDERLABEL="41"><METS:fptr FILEID="00000045"/>
				</METS:div>
			</METS:div>
			<METS:div TYPE="Chapter" LABEL="4.2 OSI参考模型" ORDERLABEL="42"><METS:fptr FILEID="00000046"/>
				<METS:div TYPE="Chapter" LABEL="4.2.1 物理层" ORDERLABEL="43"><METS:fptr FILEID="00000047"/>
				</METS:div>
				<METS:div TYPE="Chapter" LABEL="4.2.2 数据链路层" ORDERLABEL="43"><METS:fptr FILEID="00000047"/>
				</METS:div>
				<METS:div TYPE="Chapter" LABEL="4.2.3 网络层" ORDERLABEL="43"><METS:fptr FILEID="00000047"/>
				</METS:div>
				<METS:div TYPE="Chapter" LABEL="4.2.4 传输层" ORDERLABEL="44"><METS:fptr FILEID="00000048"/>
				</METS:div>
				<METS:div TYPE="Chapter" LABEL="4.2.5 高层协议" ORDERLABEL="45"><METS:fptr FILEID="00000049"/>
				</METS:div>
			</METS:div>
			<METS:div TYPE="Chapter" LABEL="4.3 LAN参考模型" ORDERLABEL="46"><METS:fptr FILEID="00000050"/>
				<METS:div TYPE="Chapter" LABEL="4.3.1 IEEE 802.3标准" ORDERLABEL="47"><METS:fptr FILEID="00000051"/>
				</METS:div>
				<METS:div TYPE="Chapter" LABEL="4.3.2 IEEE 802.4标准" ORDERLABEL="49"><METS:fptr FILEID="00000053"/>
				</METS:div>
				<METS:div TYPE="Chapter" LABEL="4.3.3 IEEE 802.5标准" ORDERLABEL="50"><METS:fptr FILEID="00000054"/>
				</METS:div>
			</METS:div>
			<METS:div TYPE="Chapter" LABEL="4.4 TCP/IP参考模型" ORDERLABEL="52"><METS:fptr FILEID="00000056"/>
				<METS:div TYPE="Chapter" LABEL="4.4.1 TCP/IP协议的分层结构" ORDERLABEL="52"><METS:fptr FILEID="00000056"/>
				</METS:div>
				<METS:div TYPE="Chapter" LABEL="4.4.2 IP协议与功能" ORDERLABEL="52"><METS:fptr FILEID="00000056"/>
				</METS:div>
				<METS:div TYPE="Chapter" LABEL="4.4.3 TCP协议与功能" ORDERLABEL="53"><METS:fptr FILEID="00000057"/>
				</METS:div>
			</METS:div>
			<METS:div TYPE="Chapter" LABEL="小结" ORDERLABEL="54"><METS:fptr FILEID="00000058"/>
			</METS:div>
			<METS:div TYPE="Chapter" LABEL="习题" ORDERLABEL="55"><METS:fptr FILEID="00000059"/>
			</METS:div>
		</METS:div>
		<METS:div TYPE="Chapter" LABEL="第五章 局域网" ORDERLABEL="56"><METS:fptr FILEID="00000060"/>
			<METS:div TYPE="Chapter" LABEL="5.1 传输介质" ORDERLABEL="56"><METS:fptr FILEID="00000060"/>
				<METS:div TYPE="Chapter" LABEL="5.1.1 概述" ORDERLABEL="56"><METS:fptr FILEID="00000060"/>
				</METS:div>
				<METS:div TYPE="Chapter" LABEL="5.1.2 同轴电缆" ORDERLABEL="57"><METS:fptr FILEID="00000061"/>
				</METS:div>
				<METS:div TYPE="Chapter" LABEL="5.1.3 双绞线" ORDERLABEL="58"><METS:fptr FILEID="00000062"/>
				</METS:div>
				<METS:div TYPE="Chapter" LABEL="5.1.4 光纤" ORDERLABEL="60"><METS:fptr FILEID="00000064"/>
				</METS:div>
				<METS:div TYPE="Chapter" LABEL="5.1.5 无线电波" ORDERLABEL="61"><METS:fptr FILEID="00000065"/>
				</METS:div>
				<METS:div TYPE="Chapter" LABEL="5.1.6 微波" ORDERLABEL="63"><METS:fptr FILEID="00000067"/>
				</METS:div>
				<METS:div TYPE="Chapter" LABEL="5.1.7 红外系统" ORDERLABEL="64"><METS:fptr FILEID="00000068"/>
				</METS:div>
			</METS:div>
			<METS:div TYPE="Chapter" LABEL="5.2 拓扑结构" ORDERLABEL="66"><METS:fptr FILEID="00000070"/>
				<METS:div TYPE="Chapter" LABEL="5.2.1 总线结构" ORDERLABEL="66"><METS:fptr FILEID="00000070"/>
				</METS:div>
				<METS:div TYPE="Chapter" LABEL="5.2.2 星型拓扑结构" ORDERLABEL="67"><METS:fptr FILEID="00000071"/>
				</METS:div>
				<METS:div TYPE="Chapter" LABEL="5.2.3 环形拓扑结构" ORDERLABEL="68"><METS:fptr FILEID="00000072"/>
				</METS:div>
				<METS:div TYPE="Chapter" LABEL="5.2.4 星型总线结构与星型环型混合结构" ORDERLABEL="68"><METS:fptr FILEID="00000072"/>
				</METS:div>
			</METS:div>
			<METS:div TYPE="Chapter" LABEL="5.3 LAN协议的工作原理" ORDERLABEL="69"><METS:fptr FILEID="00000073"/>
				<METS:div TYPE="Chapter" LABEL="5.3.1 IEEE 802.3标准:CSMA/CD" ORDERLABEL="69"><METS:fptr FILEID="00000073"/>
				</METS:div>
				<METS:div TYPE="Chapter" LABEL="5.3.2 IEEE 802.5标准:令牌环局域网" ORDERLABEL="69"><METS:fptr FILEID="00000073"/>
				</METS:div>
				<METS:div TYPE="Chapter" LABEL="5.3.3 IEEE 802.4标准:令牌总线局域网" ORDERLABEL="71"><METS:fptr FILEID="00000075"/>
				</METS:div>
			</METS:div>
			<METS:div TYPE="Chapter" LABEL="5.4 交换式局域网" ORDERLABEL="72"><METS:fptr FILEID="00000076"/>
				<METS:div TYPE="Chapter" LABEL="5.4.1 交换式以太网" ORDERLABEL="72"><METS:fptr FILEID="00000076"/>
				</METS:div>
				<METS:div TYPE="Chapter" LABEL="5.4.2 虚拟局域网(VLAN)" ORDERLABEL="74"><METS:fptr FILEID="00000078"/>
				</METS:div>
			</METS:div>
			<METS:div TYPE="Chapter" LABEL="5.5 高速局域网" ORDERLABEL="75"><METS:fptr FILEID="00000079"/>
				<METS:div TYPE="Chapter" LABEL="5.5.1 光纤分布式数据接口FDDI" ORDERLABEL="75"><METS:fptr FILEID="00000079"/>
				</METS:div>
				<METS:div TYPE="Chapter" LABEL="5.5.2 100兆以太网" ORDERLABEL="76"><METS:fptr FILEID="00000080"/>
				</METS:div>
				<METS:div TYPE="Chapter" LABEL="5.5.3 千兆以太网" ORDERLABEL="76"><METS:fptr FILEID="00000080"/>
				</METS:div>
			</METS:div>
			<METS:div TYPE="Chapter" LABEL="小结" ORDERLABEL="77"><METS:fptr FILEID="00000081"/>
			</METS:div>
			<METS:div TYPE="Chapter" LABEL="习题" ORDERLABEL="77"><METS:fptr FILEID="00000081"/>
			</METS:div>
		</METS:div>
		<METS:div TYPE="Chapter" LABEL="第六章 网络互连" ORDERLABEL="78"><METS:fptr FILEID="00000082"/>
			<METS:div TYPE="Chapter" LABEL="6.1 网络互连概述" ORDERLABEL="78"><METS:fptr FILEID="00000082"/>
				<METS:div TYPE="Chapter" LABEL="6.1.1 概述" ORDERLABEL="78"><METS:fptr FILEID="00000082"/>
				</METS:div>
				<METS:div TYPE="Chapter" LABEL="6.1.2 TCP/IP体系结构" ORDERLABEL="78"><METS:fptr FILEID="00000082"/>
				</METS:div>
				<METS:div TYPE="Chapter" LABEL="6.1.3 SNA体系结构" ORDERLABEL="79"><METS:fptr FILEID="00000083"/>
				</METS:div>
				<METS:div TYPE="Chapter" LABEL="6.1.4 DNA体系结构" ORDERLABEL="80"><METS:fptr FILEID="00000084"/>
				</METS:div>
			</METS:div>
			<METS:div TYPE="Chapter" LABEL="6.2 类型和层次" ORDERLABEL="80"><METS:fptr FILEID="00000084"/>
				<METS:div TYPE="Chapter" LABEL="6.2.1 网络互连的要求" ORDERLABEL="80"><METS:fptr FILEID="00000084"/>
				</METS:div>
				<METS:div TYPE="Chapter" LABEL="6.2.2 网络互连结构方案" ORDERLABEL="81"><METS:fptr FILEID="00000085"/>
				</METS:div>
			</METS:div>
			<METS:div TYPE="Chapter" LABEL="6.3 网络互连设备" ORDERLABEL="81"><METS:fptr FILEID="00000085"/>
				<METS:div TYPE="Chapter" LABEL="6.3.1 中继器" ORDERLABEL="81"><METS:fptr FILEID="00000085"/>
				</METS:div>
				<METS:div TYPE="Chapter" LABEL="6.3.2 集线器" ORDERLABEL="82"><METS:fptr FILEID="00000086"/>
				</METS:div>
				<METS:div TYPE="Chapter" LABEL="6.3.3 网桥" ORDERLABEL="83"><METS:fptr FILEID="00000087"/>
				</METS:div>
				<METS:div TYPE="Chapter" LABEL="6.3.4 路由器" ORDERLABEL="85"><METS:fptr FILEID="00000089"/>
				</METS:div>
				<METS:div TYPE="Chapter" LABEL="6.3.5 交换机和网关" ORDERLABEL="86"><METS:fptr FILEID="00000090"/>
				</METS:div>
			</METS:div>
			<METS:div TYPE="Chapter" LABEL="6.4 广域网" ORDERLABEL="86"><METS:fptr FILEID="00000090"/>
				<METS:div TYPE="Chapter" LABEL="6.4.1 概述" ORDERLABEL="86"><METS:fptr FILEID="00000090"/>
				</METS:div>
				<METS:div TYPE="Chapter" LABEL="6.4.2 广域网的构成" ORDERLABEL="87"><METS:fptr FILEID="00000091"/>
				</METS:div>
				<METS:div TYPE="Chapter" LABEL="6.4.3 广域网的物理地址" ORDERLABEL="88"><METS:fptr FILEID="00000092"/>
				</METS:div>
				<METS:div TYPE="Chapter" LABEL="6.4.4 广域网技术实例" ORDERLABEL="89"><METS:fptr FILEID="00000093"/>
				</METS:div>
			</METS:div>
			<METS:div TYPE="Chapter" LABEL="6.5 跨广域网的互连" ORDERLABEL="92"><METS:fptr FILEID="00000096"/>
			</METS:div>
			<METS:div TYPE="Chapter" LABEL="小结" ORDERLABEL="92"><METS:fptr FILEID="00000096"/>
			</METS:div>
			<METS:div TYPE="Chapter" LABEL="习题" ORDERLABEL="93"><METS:fptr FILEID="00000097"/>
			</METS:div>
		</METS:div>
		<METS:div TYPE="Chapter" LABEL="第七章 局域网的规划和组网方法" ORDERLABEL="94"><METS:fptr FILEID="00000098"/>
			<METS:div TYPE="Chapter" LABEL="7.1 局域网的规划和实施" ORDERLABEL="94"><METS:fptr FILEID="00000098"/>
				<METS:div TYPE="Chapter" LABEL="7.1.1 网络规模" ORDERLABEL="94"><METS:fptr FILEID="00000098"/>
				</METS:div>
				<METS:div TYPE="Chapter" LABEL="7.1.2 数据链路层与传输介质" ORDERLABEL="99"><METS:fptr FILEID="00000103"/>
				</METS:div>
			</METS:div>
			<METS:div TYPE="Chapter" LABEL="7.2 结构化布线基础" ORDERLABEL="103"><METS:fptr FILEID="00000107"/>
				<METS:div TYPE="Chapter" LABEL="7.2.1 概述" ORDERLABEL="103"><METS:fptr FILEID="00000107"/>
				</METS:div>
				<METS:div TYPE="Chapter" LABEL="7.2.2 智能化大厦概念" ORDERLABEL="104"><METS:fptr FILEID="00000108"/>
				</METS:div>
				<METS:div TYPE="Chapter" LABEL="7.2.3 结构化布线系统" ORDERLABEL="104"><METS:fptr FILEID="00000108"/>
				</METS:div>
				<METS:div TYPE="Chapter" LABEL="7.2.4 结构化布线标准简介" ORDERLABEL="108"><METS:fptr FILEID="00000112"/>
				</METS:div>
			</METS:div>
			<METS:div TYPE="Chapter" LABEL="7.3 网络规划实例" ORDERLABEL="108"><METS:fptr FILEID="00000112"/>
				<METS:div TYPE="Chapter" LABEL="7.3.1 网络拓扑结构设计" ORDERLABEL="108"><METS:fptr FILEID="00000112"/>
				</METS:div>
				<METS:div TYPE="Chapter" LABEL="7.3.2 传输介质的选取与结构化综合布线" ORDERLABEL="109"><METS:fptr FILEID="00000113"/>
				</METS:div>
			</METS:div>
			<METS:div TYPE="Chapter" LABEL="小结" ORDERLABEL="110"><METS:fptr FILEID="00000114"/>
			</METS:div>
			<METS:div TYPE="Chapter" LABEL="习题" ORDERLABEL="110"><METS:fptr FILEID="00000114"/>
			</METS:div>
		</METS:div>
		<METS:div TYPE="Chapter" LABEL="第八章 Windows NT Server的管理" ORDERLABEL="111"><METS:fptr FILEID="00000115"/>
			<METS:div TYPE="Chapter" LABEL="8.1 基本概念" ORDERLABEL="111"><METS:fptr FILEID="00000115"/>
				<METS:div TYPE="Chapter" LABEL="8.1.1 Windows NT简介" ORDERLABEL="111"><METS:fptr FILEID="00000115"/>
				</METS:div>
				<METS:div TYPE="Chapter" LABEL="8.1.2 域和工作组" ORDERLABEL="112"><METS:fptr FILEID="00000116"/>
				</METS:div>
				<METS:div TYPE="Chapter" LABEL="8.1.3 主域控制器、备份或控制器及服务器的区别" ORDERLABEL="114"><METS:fptr FILEID="00000118"/>
				</METS:div>
				<METS:div TYPE="Chapter" LABEL="8.1.4 Windows NT的文件系统" ORDERLABEL="117"><METS:fptr FILEID="00000121"/>
				</METS:div>
			</METS:div>
			<METS:div TYPE="Chapter" LABEL="8.2 Windows NT Server的安装设置" ORDERLABEL="119"><METS:fptr FILEID="00000123"/>
				<METS:div TYPE="Chapter" LABEL="8.2.1 准备好硬件设备" ORDERLABEL="119"><METS:fptr FILEID="00000123"/>
				</METS:div>
				<METS:div TYPE="Chapter" LABEL="8.2.2 安装前的注意事项" ORDERLABEL="120"><METS:fptr FILEID="00000124"/>
				</METS:div>
				<METS:div TYPE="Chapter" LABEL="8.2.3 中文版Windows NT Server 4.0的安装" ORDERLABEL="120"><METS:fptr FILEID="00000124"/>
				</METS:div>
			</METS:div>
			<METS:div TYPE="Chapter" LABEL="8.3 用户管理" ORDERLABEL="124"><METS:fptr FILEID="00000128"/>
				<METS:div TYPE="Chapter" LABEL="8.3.1 建立用户账号" ORDERLABEL="124"><METS:fptr FILEID="00000128"/>
				</METS:div>
				<METS:div TYPE="Chapter" LABEL="8.3.2 建立用户组" ORDERLABEL="125"><METS:fptr FILEID="00000129"/>
				</METS:div>
				<METS:div TYPE="Chapter" LABEL="8.3.3 建立委托关系" ORDERLABEL="128"><METS:fptr FILEID="00000132"/>
				</METS:div>
				<METS:div TYPE="Chapter" LABEL="8.3.4 安全规则" ORDERLABEL="129"><METS:fptr FILEID="00000133"/>
				</METS:div>
			</METS:div>
			<METS:div TYPE="Chapter" LABEL="8.4 资源管理" ORDERLABEL="136"><METS:fptr FILEID="00000140"/>
				<METS:div TYPE="Chapter" LABEL="8.4.1 共享资源的设置" ORDERLABEL="136"><METS:fptr FILEID="00000140"/>
				</METS:div>
				<METS:div TYPE="Chapter" LABEL="8.4.2 Windows NT 共享资源的安全" ORDERLABEL="141"><METS:fptr FILEID="00000145"/>
				</METS:div>
			</METS:div>
			<METS:div TYPE="Chapter" LABEL="小结" ORDERLABEL="146"><METS:fptr FILEID="00000150"/>
			</METS:div>
			<METS:div TYPE="Chapter" LABEL="习题" ORDERLABEL="146"><METS:fptr FILEID="00000150"/>
			</METS:div>
		</METS:div>
		<METS:div TYPE="Chapter" LABEL="第九章 TCP/IP协议" ORDERLABEL="147"><METS:fptr FILEID="00000151"/>
			<METS:div TYPE="Chapter" LABEL="9.1 IP地址与子网掩码" ORDERLABEL="147"><METS:fptr FILEID="00000151"/>
				<METS:div TYPE="Chapter" LABEL="9.1.1 IP地址" ORDERLABEL="147"><METS:fptr FILEID="00000151"/>
				</METS:div>
				<METS:div TYPE="Chapter" LABEL="9.1.2 子网掩码" ORDERLABEL="148"><METS:fptr FILEID="00000152"/>
				</METS:div>
				<METS:div TYPE="Chapter" LABEL="9.1.3 IP地址分类" ORDERLABEL="148"><METS:fptr FILEID="00000152"/>
				</METS:div>
				<METS:div TYPE="Chapter" LABEL="9.1.4 用子网掩码进一步划分子网" ORDERLABEL="149"><METS:fptr FILEID="00000153"/>
				</METS:div>
				<METS:div TYPE="Chapter" LABEL="9.1.5 缺省网关" ORDERLABEL="150"><METS:fptr FILEID="00000154"/>
				</METS:div>
			</METS:div>
			<METS:div TYPE="Chapter" LABEL="9.2 DNS域名系统主机名称、计算机名称与IP地址的对照" ORDERLABEL="151"><METS:fptr FILEID="00000155"/>
			</METS:div>
			<METS:div TYPE="Chapter" LABEL="9.3 TCP/IP的工作过程IP路由" ORDERLABEL="153"><METS:fptr FILEID="00000157"/>
			</METS:div>
			<METS:div TYPE="Chapter" LABEL="小结" ORDERLABEL="157"><METS:fptr FILEID="00000161"/>
			</METS:div>
			<METS:div TYPE="Chapter" LABEL="习题" ORDERLABEL="157"><METS:fptr FILEID="00000161"/>
			</METS:div>
		</METS:div>
		<METS:div TYPE="Chapter" LABEL="第十章 Windows NT Server上的TCP/IP" ORDERLABEL="158"><METS:fptr FILEID="00000162"/>
			<METS:div TYPE="Chapter" LABEL="10.1 安装与设置TCP/IP协议" ORDERLABEL="158"><METS:fptr FILEID="00000162"/>
				<METS:div TYPE="Chapter" LABEL="10.1.1 安装TCP/IP协议" ORDERLABEL="158"><METS:fptr FILEID="00000162"/>
				</METS:div>
				<METS:div TYPE="Chapter" LABEL="10.1.2 测试TCP/IP协议" ORDERLABEL="159"><METS:fptr FILEID="00000163"/>
				</METS:div>
			</METS:div>
			<METS:div TYPE="Chapter" LABEL="10.2 DHCP动态主机地址分配协议" ORDERLABEL="161"><METS:fptr FILEID="00000165"/>
				<METS:div TYPE="Chapter" LABEL="10.2.1 DHCP所提供的功能及工作原理" ORDERLABEL="161"><METS:fptr FILEID="00000165"/>
				</METS:div>
				<METS:div TYPE="Chapter" LABEL="10.2.2 安装DHCP服务器" ORDERLABEL="163"><METS:fptr FILEID="00000167"/>
				</METS:div>
				<METS:div TYPE="Chapter" LABEL="10.2.3 设置DHCP服务器" ORDERLABEL="164"><METS:fptr FILEID="00000168"/>
				</METS:div>
				<METS:div TYPE="Chapter" LABEL="10.2.4 设置DHCP客户" ORDERLABEL="165"><METS:fptr FILEID="00000169"/>
				</METS:div>
			</METS:div>
			<METS:div TYPE="Chapter" LABEL="10.3 WINS" ORDERLABEL="166"><METS:fptr FILEID="00000170"/>
				<METS:div TYPE="Chapter" LABEL="10.3.1 WINS的工作原理" ORDERLABEL="166"><METS:fptr FILEID="00000170"/>
				</METS:div>
				<METS:div TYPE="Chapter" LABEL="10.3.2 安装WINS的服务器" ORDERLABEL="167"><METS:fptr FILEID="00000171"/>
				</METS:div>
				<METS:div TYPE="Chapter" LABEL="10.3.3 设置WINS服务器" ORDERLABEL="168"><METS:fptr FILEID="00000172"/>
				</METS:div>
				<METS:div TYPE="Chapter" LABEL="10.3.4 测试WINS工作是否正常" ORDERLABEL="169"><METS:fptr FILEID="00000173"/>
				</METS:div>
			</METS:div>
			<METS:div TYPE="Chapter" LABEL="10.4 DNS" ORDERLABEL="170"><METS:fptr FILEID="00000174"/>
				<METS:div TYPE="Chapter" LABEL="10.4.1 DNS的工作原理" ORDERLABEL="170"><METS:fptr FILEID="00000174"/>
				</METS:div>
				<METS:div TYPE="Chapter" LABEL="10.4.2 安装DNS服务器" ORDERLABEL="171"><METS:fptr FILEID="00000175"/>
				</METS:div>
				<METS:div TYPE="Chapter" LABEL="10.4.3 设置DNS服务器" ORDERLABEL="72"><METS:fptr FILEID="00000076"/>
				</METS:div>
				<METS:div TYPE="Chapter" LABEL="10.4.4 测试DNS工作是否正常" ORDERLABEL="176"><METS:fptr FILEID="00000180"/>
				</METS:div>
			</METS:div>
			<METS:div TYPE="Chapter" LABEL="小结" ORDERLABEL="176"><METS:fptr FILEID="00000180"/>
			</METS:div>
			<METS:div TYPE="Chapter" LABEL="习题" ORDERLABEL="176"><METS:fptr FILEID="00000180"/>
			</METS:div>
		</METS:div>
		<METS:div TYPE="Chapter" LABEL="第十一章 Internet与Intranet" ORDERLABEL="177"><METS:fptr FILEID="00000181"/>
			<METS:div TYPE="Chapter" LABEL="11.1 Internet(因特网)" ORDERLABEL="177"><METS:fptr FILEID="00000181"/>
				<METS:div TYPE="Chapter" LABEL="11.1.1 什么是Internet" ORDERLABEL="177"><METS:fptr FILEID="00000181"/>
				</METS:div>
				<METS:div TYPE="Chapter" LABEL="11.1.2 Internet提供的服务" ORDERLABEL="178"><METS:fptr FILEID="00000182"/>
				</METS:div>
			</METS:div>
			<METS:div TYPE="Chapter" LABEL="11.2 Internet的基本功能" ORDERLABEL="178"><METS:fptr FILEID="00000182"/>
				<METS:div TYPE="Chapter" LABEL="11.2.1 电子邮件" ORDERLABEL="178"><METS:fptr FILEID="00000182"/>
				</METS:div>
				<METS:div TYPE="Chapter" LABEL="11.2.2 Telnet远程登录" ORDERLABEL="180"><METS:fptr FILEID="00000184"/>
				</METS:div>
				<METS:div TYPE="Chapter" LABEL="11.2.3 文件传输FTP" ORDERLABEL="181"><METS:fptr FILEID="00000185"/>
				</METS:div>
			</METS:div>
			<METS:div TYPE="Chapter" LABEL="11.3 WWW、Internet新闻及公告类服务" ORDERLABEL="184"><METS:fptr FILEID="00000188"/>
				<METS:div TYPE="Chapter" LABEL="11.3.1 超文本与WWW" ORDERLABEL="184"><METS:fptr FILEID="00000188"/>
				</METS:div>
				<METS:div TYPE="Chapter" LABEL="11.3.2 HTML和主页" ORDERLABEL="185"><METS:fptr FILEID="00000189"/>
				</METS:div>
				<METS:div TYPE="Chapter" LABEL="11.3.3 URL" ORDERLABEL="186"><METS:fptr FILEID="00000190"/>
				</METS:div>
				<METS:div TYPE="Chapter" LABEL="11.3.4 WWW信息服务应用" ORDERLABEL="187"><METS:fptr FILEID="00000191"/>
				</METS:div>
				<METS:div TYPE="Chapter" LABEL="11.3.5 网络新闻和电子公告牌" ORDERLABEL="188"><METS:fptr FILEID="00000192"/>
				</METS:div>
			</METS:div>
			<METS:div TYPE="Chapter" LABEL="11.4 Internet接入" ORDERLABEL="189"><METS:fptr FILEID="00000193"/>
				<METS:div TYPE="Chapter" LABEL="11.4.1 ISP" ORDERLABEL="189"><METS:fptr FILEID="00000193"/>
				</METS:div>
				<METS:div TYPE="Chapter" LABEL="11.4.2 如何连入Internet" ORDERLABEL="190"><METS:fptr FILEID="00000194"/>
				</METS:div>
			</METS:div>
			<METS:div TYPE="Chapter" LABEL="11.5 Intranet简介" ORDERLABEL="191"><METS:fptr FILEID="00000195"/>
				<METS:div TYPE="Chapter" LABEL="11.5.1 Intranet概念" ORDERLABEL="191"><METS:fptr FILEID="00000195"/>
				</METS:div>
				<METS:div TYPE="Chapter" LABEL="11.5.2 如何创建Intranet" ORDERLABEL="191"><METS:fptr FILEID="00000195"/>
				</METS:div>
			</METS:div>
			<METS:div TYPE="Chapter" LABEL="11.6 防火墙技术和代理技术防火墙技术" ORDERLABEL="193"><METS:fptr FILEID="00000197"/>
			</METS:div>
			<METS:div TYPE="Chapter" LABEL="11.7 ⅡS4.0介绍" ORDERLABEL="195"><METS:fptr FILEID="00000199"/>
				<METS:div TYPE="Chapter" LABEL="11.7.1 ⅡS4.0技术特色" ORDERLABEL="195"><METS:fptr FILEID="00000199"/>
				</METS:div>
				<METS:div TYPE="Chapter" LABEL="11.7.2 ⅡS4.0安装和设置" ORDERLABEL="195"><METS:fptr FILEID="00000199"/>
				</METS:div>
			</METS:div>
			<METS:div TYPE="Chapter" LABEL="小结" ORDERLABEL="196"><METS:fptr FILEID="00000200"/>
			</METS:div>
			<METS:div TYPE="Chapter" LABEL="习题" ORDERLABEL="196"><METS:fptr FILEID="00000200"/>
			</METS:div>
		</METS:div>
		<METS:div TYPE="Chapter" LABEL="第十二章 Windows 98的Internet功能" ORDERLABEL="198"><METS:fptr FILEID="00000202"/>
			<METS:div TYPE="Chapter" LABEL="12.1 使用连接向导与Internet连接" ORDERLABEL="198"><METS:fptr FILEID="00000202"/>
			</METS:div>
			<METS:div TYPE="Chapter" LABEL="12.2 IE浏览器" ORDERLABEL="201"><METS:fptr FILEID="00000205"/>
				<METS:div TYPE="Chapter" LABEL="12.2.1 IE浏览器功能简介" ORDERLABEL="201"><METS:fptr FILEID="00000205"/>
				</METS:div>
				<METS:div TYPE="Chapter" LABEL="12.2.2 WWW浏览器界面介绍" ORDERLABEL="201"><METS:fptr FILEID="00000205"/>
				</METS:div>
				<METS:div TYPE="Chapter" LABEL="12.2.3 IE浏览器的基本应用" ORDERLABEL="204"><METS:fptr FILEID="00000208"/>
				</METS:div>
			</METS:div>
			<METS:div TYPE="Chapter" LABEL="12.3 电子邮件和新闻组Outlook Express" ORDERLABEL="206"><METS:fptr FILEID="00000210"/>
				<METS:div TYPE="Chapter" LABEL="12.3.1 Outlook Express功能简介" ORDERLABEL="206"><METS:fptr FILEID="00000210"/>
				</METS:div>
				<METS:div TYPE="Chapter" LABEL="12.3.2 Outlook Express的基本应用" ORDERLABEL="206"><METS:fptr FILEID="00000210"/>
				</METS:div>
			</METS:div>
			<METS:div TYPE="Chapter" LABEL="12.4 Microsoft NetMeeting简介" ORDERLABEL="214"><METS:fptr FILEID="00000218"/>
				<METS:div TYPE="Chapter" LABEL="12.4.1 NetMeeting功能概述" ORDERLABEL="214"><METS:fptr FILEID="00000218"/>
				</METS:div>
				<METS:div TYPE="Chapter" LABEL="12.4.2 Microsoft NetMeeting配置" ORDERLABEL="215"><METS:fptr FILEID="00000219"/>
				</METS:div>
				<METS:div TYPE="Chapter" LABEL="12.4.3 Microsoft NetMeeting基本应用" ORDERLABEL="215"><METS:fptr FILEID="00000219"/>
				</METS:div>
			</METS:div>
			<METS:div TYPE="Chapter" LABEL="小结" ORDERLABEL="220"><METS:fptr FILEID="00000224"/>
			</METS:div>
			<METS:div TYPE="Chapter" LABEL="习题" ORDERLABEL="220"><METS:fptr FILEID="00000224"/>
			</METS:div>
		</METS:div>
		<METS:div TYPE="Chapter" LABEL="第十三章 网络运行和维护" ORDERLABEL="221"><METS:fptr FILEID="00000225"/>
			<METS:div TYPE="Chapter" LABEL="13.1 网络运行管理" ORDERLABEL="221"><METS:fptr FILEID="00000225"/>
				<METS:div TYPE="Chapter" LABEL="13.1.1 网络管理概述" ORDERLABEL="221"><METS:fptr FILEID="00000225"/>
				</METS:div>
				<METS:div TYPE="Chapter" LABEL="13.1.2 网络运行管理的实施" ORDERLABEL="222"><METS:fptr FILEID="00000226"/>
				</METS:div>
			</METS:div>
			<METS:div TYPE="Chapter" LABEL="13.2 网络安全" ORDERLABEL="224"><METS:fptr FILEID="00000228"/>
				<METS:div TYPE="Chapter" LABEL="13.2.1 网络安全问题的提出" ORDERLABEL="225"><METS:fptr FILEID="00000229"/>
				</METS:div>
				<METS:div TYPE="Chapter" LABEL="13.2.2 网络安全措施" ORDERLABEL="225"><METS:fptr FILEID="00000229"/>
				</METS:div>
				<METS:div TYPE="Chapter" LABEL="13.2.3 服务器、网络及工作站的安全管理" ORDERLABEL="227"><METS:fptr FILEID="00000231"/>
				</METS:div>
			</METS:div>
			<METS:div TYPE="Chapter" LABEL="13.3 网络故障的分析与排除" ORDERLABEL="228"><METS:fptr FILEID="00000232"/>
				<METS:div TYPE="Chapter" LABEL="13.3.1 网络故障概述" ORDERLABEL="228"><METS:fptr FILEID="00000232"/>
				</METS:div>
				<METS:div TYPE="Chapter" LABEL="13.3.2 网络故障的分析与排除" ORDERLABEL="229"><METS:fptr FILEID="00000233"/>
				</METS:div>
			</METS:div>
			<METS:div TYPE="Chapter" LABEL="13.4 网络优化和升级" ORDERLABEL="232"><METS:fptr FILEID="00000236"/>
				<METS:div TYPE="Chapter" LABEL="13.4.1 计算机网络优化和升级的目标原则" ORDERLABEL="232"><METS:fptr FILEID="00000236"/>
				</METS:div>
				<METS:div TYPE="Chapter" LABEL="13.4.2 网络优化与升级设计要素" ORDERLABEL="233"><METS:fptr FILEID="00000237"/>
				</METS:div>
			</METS:div>
			<METS:div TYPE="Chapter" LABEL="小结" ORDERLABEL="235"><METS:fptr FILEID="00000239"/>
			</METS:div>
			<METS:div TYPE="Chapter" LABEL="习题" ORDERLABEL="236"><METS:fptr FILEID="00000240"/>
			</METS:div>
		</METS:div>
	</METS:structMap>
</METS:mets>
