<?xml version="1.0" encoding="utf-8"?>
<METS:mets xmlns:METS="http://www.loc.gov/METS/" xmlns:xsi="http://www.w3.org/2001/XMLSchema-instance" xmlns:gdm="http://sunsite.berkeley.edu/GDM/" xmlns:xlink="http://www.w3.org/TR/xlink" xsi:schemalocation="http://www.loc.gov/METS/http://www.loc.gov/standards/mets/mets.xsd" LABEL="Zhejiang University.jdl.China-America digital library project" TYPE="Section">
	<METS:structMap TYPE="Catalog">
		<METS:div TYPE="Chapter" LABEL="第一章  绪论" ORDERLABEL="1"><METS:fptr FILEID="00000008"/>
			<METS:div TYPE="Chapter" LABEL="第一节  计算机网络的发展" ORDERLABEL="1"><METS:fptr FILEID="00000008"/>
			</METS:div>
			<METS:div TYPE="Chapter" LABEL="第二节  计算机网络的结构" ORDERLABEL="5"><METS:fptr FILEID="00000012"/>
			</METS:div>
			<METS:div TYPE="Chapter" LABEL="第三节  我国计算机网络的发展" ORDERLABEL="11"><METS:fptr FILEID="00000018"/>
			</METS:div>
		</METS:div>
		<METS:div TYPE="Chapter" LABEL="第二章  数据通信基础" ORDERLABEL="13"><METS:fptr FILEID="00000020"/>
			<METS:div TYPE="Chapter" LABEL="第一节  码元与传输速率" ORDERLABEL="13"><METS:fptr FILEID="00000020"/>
			</METS:div>
			<METS:div TYPE="Chapter" LABEL="第二节  数据通信信道" ORDERLABEL="16"><METS:fptr FILEID="00000023"/>
			</METS:div>
			<METS:div TYPE="Chapter" LABEL="第三节  数据传输" ORDERLABEL="20"><METS:fptr FILEID="00000027"/>
			</METS:div>
			<METS:div TYPE="Chapter" LABEL="第四节  常用检错码" ORDERLABEL="25"><METS:fptr FILEID="00000032"/>
			</METS:div>
			<METS:div TYPE="Chapter" LABEL="第五节  数据交换技术" ORDERLABEL="33"><METS:fptr FILEID="00000040"/>
			</METS:div>
		</METS:div>
		<METS:div TYPE="Chapter" LABEL="第三章  开放系统互连参考模型" ORDERLABEL="43"><METS:fptr FILEID="00000050"/>
			<METS:div TYPE="Chapter" LABEL="第一节  开放系统互连参考模型的分层结构" ORDERLABEL="43"><METS:fptr FILEID="00000050"/>
			</METS:div>
			<METS:div TYPE="Chapter" LABEL="第二节  分层结构网络协议的若干概念" ORDERLABEL="48"><METS:fptr FILEID="00000055"/>
			</METS:div>
			<METS:div TYPE="Chapter" LABEL="第三节  OSI参考模型中的数据的实际传送过程" ORDERLABEL="53"><METS:fptr FILEID="00000060"/>
			</METS:div>
		</METS:div>
		<METS:div TYPE="Chapter" LABEL="第四章  物理层协议和数据链路控制" ORDERLABEL="55"><METS:fptr FILEID="00000062"/>
			<METS:div TYPE="Chapter" LABEL="第一节  物理层协议" ORDERLABEL="55"><METS:fptr FILEID="00000062"/>
			</METS:div>
			<METS:div TYPE="Chapter" LABEL="第二节  数据链路层的基本概念" ORDERLABEL="62"><METS:fptr FILEID="00000069"/>
			</METS:div>
			<METS:div TYPE="Chapter" LABEL="第三节  数据链路的差错与流量控制方法" ORDERLABEL="64"><METS:fptr FILEID="00000071"/>
			</METS:div>
			<METS:div TYPE="Chapter" LABEL="第四节  面向字符型的数据链路控制规程" ORDERLABEL="70"><METS:fptr FILEID="00000077"/>
			</METS:div>
			<METS:div TYPE="Chapter" LABEL="第五节 高级数据链路控制规程" ORDERLABEL="75"><METS:fptr FILEID="00000082"/>
			</METS:div>
		</METS:div>
		<METS:div TYPE="Chapter" LABEL="第五章  局域网与局域网的协议" ORDERLABEL="81"><METS:fptr FILEID="00000088"/>
			<METS:div TYPE="Chapter" LABEL="第一节  局域网的介质访问控制方法" ORDERLABEL="81"><METS:fptr FILEID="00000088"/>
			</METS:div>
			<METS:div TYPE="Chapter" LABEL="第二节  局域网的IEE802协议" ORDERLABEL="91"><METS:fptr FILEID="00000098"/>
			</METS:div>
			<METS:div TYPE="Chapter" LABEL="第三节  IEEE 802.3总线网协议" ORDERLABEL="95"><METS:fptr FILEID="00000102"/>
			</METS:div>
			<METS:div TYPE="Chapter" LABEL="第四节  IEEE 802.5令牌环访问协议与环形局域网" ORDERLABEL="101"><METS:fptr FILEID="00000108"/>
			</METS:div>
			<METS:div TYPE="Chapter" LABEL="第五节  IEEE 802.4令牌传递总线访问控制协议" ORDERLABEL="107"><METS:fptr FILEID="00000114"/>
			</METS:div>
			<METS:div TYPE="Chapter" LABEL="第六节  高速局域网" ORDERLABEL="112"><METS:fptr FILEID="00000119"/>
			</METS:div>
			<METS:div TYPE="Chapter" LABEL="第七节  无线局域网" ORDERLABEL="117"><METS:fptr FILEID="00000124"/>
			</METS:div>
			<METS:div TYPE="Chapter" LABEL="第八节  FDDI光纤环网" ORDERLABEL="120"><METS:fptr FILEID="00000127"/>
			</METS:div>
		</METS:div>
		<METS:div TYPE="Chapter" LABEL="第六章  网络层协议" ORDERLABEL="127"><METS:fptr FILEID="00000134"/>
			<METS:div TYPE="Chapter" LABEL="第一节  网络层所提供的服务" ORDERLABEL="127"><METS:fptr FILEID="00000134"/>
			</METS:div>
			<METS:div TYPE="Chapter" LABEL="第二节  路由选择" ORDERLABEL="131"><METS:fptr FILEID="00000138"/>
			</METS:div>
			<METS:div TYPE="Chapter" LABEL="第三节  网络流量控制" ORDERLABEL="139"><METS:fptr FILEID="00000146"/>
			</METS:div>
		</METS:div>
		<METS:div TYPE="Chapter" LABEL="第七章  传输协议及高层协议" ORDERLABEL="147"><METS:fptr FILEID="00000154"/>
			<METS:div TYPE="Chapter" LABEL="第一节  ISO传输协议的类型" ORDERLABEL="148"><METS:fptr FILEID="00000155"/>
			</METS:div>
			<METS:div TYPE="Chapter" LABEL="第二节  传输层服务" ORDERLABEL="149"><METS:fptr FILEID="00000156"/>
			</METS:div>
			<METS:div TYPE="Chapter" LABEL="第三节  差错检测和差错机制" ORDERLABEL="158"><METS:fptr FILEID="00000165"/>
			</METS:div>
			<METS:div TYPE="Chapter" LABEL="第四节  传输的流量控制与多路复用" ORDERLABEL="161"><METS:fptr FILEID="00000168"/>
			</METS:div>
			<METS:div TYPE="Chapter" LABEL="第五节  网络高层协议" ORDERLABEL="163"><METS:fptr FILEID="00000170"/>
			</METS:div>
		</METS:div>
		<METS:div TYPE="Chapter" LABEL="第八章  广域网" ORDERLABEL="173"><METS:fptr FILEID="00000180"/>
			<METS:div TYPE="Chapter" LABEL="第一节  公用分组交换网" ORDERLABEL="173"><METS:fptr FILEID="00000180"/>
			</METS:div>
			<METS:div TYPE="Chapter" LABEL="第二节  帧中继" ORDERLABEL="182"><METS:fptr FILEID="00000189"/>
			</METS:div>
			<METS:div TYPE="Chapter" LABEL="第三节  ATM宽带网互连" ORDERLABEL="189"><METS:fptr FILEID="00000196"/>
			</METS:div>
		</METS:div>
		<METS:div TYPE="Chapter" LABEL="第九章  网络互连" ORDERLABEL="211"><METS:fptr FILEID="00000218"/>
			<METS:div TYPE="Chapter" LABEL="第一节  网络互连概述" ORDERLABEL="211"><METS:fptr FILEID="00000218"/>
			</METS:div>
			<METS:div TYPE="Chapter" LABEL="第二节  网络互连设备" ORDERLABEL="216"><METS:fptr FILEID="00000223"/>
			</METS:div>
			<METS:div TYPE="Chapter" LABEL="第三节  分组交换网互连" ORDERLABEL="227"><METS:fptr FILEID="00000234"/>
			</METS:div>
		</METS:div>
		<METS:div TYPE="Chapter" LABEL="第十章  互联网INTERNET" ORDERLABEL="229"><METS:fptr FILEID="00000236"/>
			<METS:div TYPE="Chapter" LABEL="第一节  TCP/IP模型" ORDERLABEL="230"><METS:fptr FILEID="00000237"/>
			</METS:div>
			<METS:div TYPE="Chapter" LABEL="第二节  网络接口层协议" ORDERLABEL="231"><METS:fptr FILEID="00000238"/>
			</METS:div>
			<METS:div TYPE="Chapter" LABEL="第四节  传输协议" ORDERLABEL="242"><METS:fptr FILEID="00000249"/>
			</METS:div>
			<METS:div TYPE="Chapter" LABEL="第五节  应用层协议" ORDERLABEL="247"><METS:fptr FILEID="00000254"/>
			</METS:div>
			<METS:div TYPE="Chapter" LABEL="第六节  环球协议" ORDERLABEL="255"><METS:fptr FILEID="00000262"/>
			</METS:div>
		</METS:div>
		<METS:div TYPE="Chapter" LABEL="第十一章  网络安全" ORDERLABEL="264"><METS:fptr FILEID="00000271"/>
			<METS:div TYPE="Chapter" LABEL="第一节  OSI的安全服务及安全机制" ORDERLABEL="264"><METS:fptr FILEID="00000271"/>
			</METS:div>
			<METS:div TYPE="Chapter" LABEL="第二节  密码学基本原理" ORDERLABEL="265"><METS:fptr FILEID="00000272"/>
			</METS:div>
			<METS:div TYPE="Chapter" LABEL="第三节  网络安全技术" ORDERLABEL="272"><METS:fptr FILEID="00000279"/>
			</METS:div>
		</METS:div>
		<METS:div TYPE="Chapter" LABEL="第十二章  网络管理" ORDERLABEL="279"><METS:fptr FILEID="00000286"/>
			<METS:div TYPE="Chapter" LABEL="第一节  网络管理概述" ORDERLABEL="279"><METS:fptr FILEID="00000286"/>
			</METS:div>
			<METS:div TYPE="Chapter" LABEL="第二节  简单网络管理协议" ORDERLABEL="285"><METS:fptr FILEID="00000292"/>
			</METS:div>
			<METS:div TYPE="Chapter" LABEL="第三节  公共管理信息协议" ORDERLABEL="291"><METS:fptr FILEID="00000298"/>
			</METS:div>
		</METS:div>
	</METS:structMap>
</METS:mets>
