<?xml version="1.0" encoding="utf-8"?>
<METS:mets xmlns:METS="http://www.loc.gov/METS/" xmlns:xsi="http://www.w3.org/2001/XMLSchema-instance" xmlns:gdm="http://sunsite.berkeley.edu/GDM/" xmlns:xlink="http://www.w3.org/TR/xlink" xsi:schemalocation="http://www.loc.gov/METS/http://www.loc.gov/standards/mets/mets.xsd" LABEL="Zhejiang University.jdl.China-America digital library project" TYPE="Section">
	<METS:structMap TYPE="Catalog">
		<METS:div TYPE="Chapter" LABEL="第一章  计算机网络引论" ORDERLABEL="1"><METS:fptr FILEID="00000010"/>
			<METS:div TYPE="Chapter" LABEL="1.1  计算机网络的发展" ORDERLABEL="1"><METS:fptr FILEID="00000010"/>
				<METS:div TYPE="Chapter" LABEL="1.1.1  计算机网络发展的历史阶段" ORDERLABEL="1"><METS:fptr FILEID="00000010"/>
				</METS:div>
				<METS:div TYPE="Chapter" LABEL="1.1.2  计算机网络与信息技术革命" ORDERLABEL="3"><METS:fptr FILEID="00000012"/>
				</METS:div>
				<METS:div TYPE="Chapter" LABEL="1.1.3  计算机网络前景展望" ORDERLABEL="3"><METS:fptr FILEID="00000012"/>
				</METS:div>
			</METS:div>
			<METS:div TYPE="Chapter" LABEL="1.2  计算机网络结构及功能" ORDERLABEL="4"><METS:fptr FILEID="00000013"/>
				<METS:div TYPE="Chapter" LABEL="1.2.1  计算机网络的组成" ORDERLABEL="4"><METS:fptr FILEID="00000013"/>
				</METS:div>
				<METS:div TYPE="Chapter" LABEL="1.2.2  计算机网络的拓扑结构" ORDERLABEL="6"><METS:fptr FILEID="00000015"/>
				</METS:div>
				<METS:div TYPE="Chapter" LABEL="1.2.3  计算机网络功能" ORDERLABEL="7"><METS:fptr FILEID="00000016"/>
				</METS:div>
			</METS:div>
			<METS:div TYPE="Chapter" LABEL="1.3  计算机网络定义及分类" ORDERLABEL="8"><METS:fptr FILEID="00000017"/>
				<METS:div TYPE="Chapter" LABEL="1.3.1  计算机网络定义" ORDERLABEL="8"><METS:fptr FILEID="00000017"/>
				</METS:div>
				<METS:div TYPE="Chapter" LABEL="1.3.2  计算机网络分类" ORDERLABEL="8"><METS:fptr FILEID="00000017"/>
				</METS:div>
			</METS:div>
			<METS:div TYPE="Chapter" LABEL="1.4  信息高速公路" ORDERLABEL="9"><METS:fptr FILEID="00000018"/>
				<METS:div TYPE="Chapter" LABEL="1.4.1  信息高速公路计划的由来" ORDERLABEL="9"><METS:fptr FILEID="00000018"/>
				</METS:div>
				<METS:div TYPE="Chapter" LABEL="1.4.2  信息高速公路构成要素" ORDERLABEL="9"><METS:fptr FILEID="00000018"/>
				</METS:div>
				<METS:div TYPE="Chapter" LABEL="1.4.3  信息高速公路的主要特点" ORDERLABEL="9"><METS:fptr FILEID="00000018"/>
				</METS:div>
				<METS:div TYPE="Chapter" LABEL="1.4.4  信息高速公路的作用" ORDERLABEL="10"><METS:fptr FILEID="00000019"/>
				</METS:div>
				<METS:div TYPE="Chapter" LABEL="1.4.5  信息高速公路计划实施中可能出现的问题" ORDERLABEL="10"><METS:fptr FILEID="00000019"/>
				</METS:div>
				<METS:div TYPE="Chapter" LABEL="1.4.6  Internet和Intranet" ORDERLABEL="11"><METS:fptr FILEID="00000020"/>
				</METS:div>
				<METS:div TYPE="Chapter" LABEL="1.4.7  我国的信息高速公路和“金”字系列工程" ORDERLABEL="11"><METS:fptr FILEID="00000020"/>
				</METS:div>
			</METS:div>
			<METS:div TYPE="Chapter" LABEL="思考题" ORDERLABEL="13"><METS:fptr FILEID="00000022"/>
			</METS:div>
		</METS:div>
		<METS:div TYPE="Chapter" LABEL="第二章  数据通信基础" ORDERLABEL="14"><METS:fptr FILEID="00000023"/>
			<METS:div TYPE="Chapter" LABEL="2.1  数据通信系统" ORDERLABEL="14"><METS:fptr FILEID="00000023"/>
				<METS:div TYPE="Chapter" LABEL="2.1.1  模拟数据通信与数字数据通信" ORDERLABEL="14"><METS:fptr FILEID="00000023"/>
				</METS:div>
				<METS:div TYPE="Chapter" LABEL="2.1.2  数据通信系统结构" ORDERLABEL="14"><METS:fptr FILEID="00000023"/>
				</METS:div>
				<METS:div TYPE="Chapter" LABEL="2.1.3  通信线路的连接方式和通信方式" ORDERLABEL="16"><METS:fptr FILEID="00000025"/>
				</METS:div>
				<METS:div TYPE="Chapter" LABEL="2.1.4  数据通信系统的主要技术指标" ORDERLABEL="18"><METS:fptr FILEID="00000027"/>
				</METS:div>
			</METS:div>
			<METS:div TYPE="Chapter" LABEL="2.2  数据传输原理" ORDERLABEL="19"><METS:fptr FILEID="00000028"/>
				<METS:div TYPE="Chapter" LABEL="2.2.1  信息交换代码" ORDERLABEL="19"><METS:fptr FILEID="00000028"/>
				</METS:div>
				<METS:div TYPE="Chapter" LABEL="2.2.2  数据传输方式" ORDERLABEL="20"><METS:fptr FILEID="00000029"/>
				</METS:div>
				<METS:div TYPE="Chapter" LABEL="2.2.3  数据同步方式" ORDERLABEL="23"><METS:fptr FILEID="00000032"/>
				</METS:div>
				<METS:div TYPE="Chapter" LABEL="2.2.4  差错的检测及控制" ORDERLABEL="25"><METS:fptr FILEID="00000034"/>
				</METS:div>
				<METS:div TYPE="Chapter" LABEL="2.2.5  多路复用技术" ORDERLABEL="27"><METS:fptr FILEID="00000036"/>
				</METS:div>
				<METS:div TYPE="Chapter" LABEL="2.2.6  集中器" ORDERLABEL="29"><METS:fptr FILEID="00000038"/>
				</METS:div>
			</METS:div>
			<METS:div TYPE="Chapter" LABEL="2.3  数据传输介质" ORDERLABEL="30"><METS:fptr FILEID="00000039"/>
				<METS:div TYPE="Chapter" LABEL="2.3.1  数据传输介质特性" ORDERLABEL="30"><METS:fptr FILEID="00000039"/>
				</METS:div>
				<METS:div TYPE="Chapter" LABEL="2.3.2  有线通信" ORDERLABEL="30"><METS:fptr FILEID="00000039"/>
				</METS:div>
				<METS:div TYPE="Chapter" LABEL="2.3.3  光纤通信" ORDERLABEL="31"><METS:fptr FILEID="00000040"/>
				</METS:div>
				<METS:div TYPE="Chapter" LABEL="2.3.4  无线通信" ORDERLABEL="32"><METS:fptr FILEID="00000041"/>
				</METS:div>
				<METS:div TYPE="Chapter" LABEL="2.3.5  卫星通信" ORDERLABEL="32"><METS:fptr FILEID="00000041"/>
				</METS:div>
				<METS:div TYPE="Chapter" LABEL="2.3.6  传输介质的选择" ORDERLABEL="33"><METS:fptr FILEID="00000042"/>
				</METS:div>
			</METS:div>
			<METS:div TYPE="Chapter" LABEL="2.4  数据传输设备——调制解调器" ORDERLABEL="33"><METS:fptr FILEID="00000042"/>
				<METS:div TYPE="Chapter" LABEL="2.4.1  调制解调器的作用" ORDERLABEL="33"><METS:fptr FILEID="00000042"/>
				</METS:div>
				<METS:div TYPE="Chapter" LABEL="2.4.2  调制解调器分类" ORDERLABEL="34"><METS:fptr FILEID="00000043"/>
				</METS:div>
				<METS:div TYPE="Chapter" LABEL="2.4.3  调制解调器的工作方式" ORDERLABEL="36"><METS:fptr FILEID="00000045"/>
				</METS:div>
				<METS:div TYPE="Chapter" LABEL="2.4.4  调制解调器的附加功能" ORDERLABEL="37"><METS:fptr FILEID="00000046"/>
				</METS:div>
				<METS:div TYPE="Chapter" LABEL="2.4.5  调制解调器的主要技术指标" ORDERLABEL="37"><METS:fptr FILEID="00000046"/>
				</METS:div>
				<METS:div TYPE="Chapter" LABEL="2.4.6  调制解调器与计算机的连接" ORDERLABEL="38"><METS:fptr FILEID="00000047"/>
				</METS:div>
				<METS:div TYPE="Chapter" LABEL="2.4.7  实用调制解调器简介" ORDERLABEL="40"><METS:fptr FILEID="00000049"/>
				</METS:div>
				<METS:div TYPE="Chapter" LABEL="2.4.8  宽带调制解调器" ORDERLABEL="41"><METS:fptr FILEID="00000050"/>
				</METS:div>
			</METS:div>
			<METS:div TYPE="Chapter" LABEL="2.5  数据通信中常用的串行接口标准" ORDERLABEL="41"><METS:fptr FILEID="00000050"/>
				<METS:div TYPE="Chapter" LABEL="2.5.1  接口标准的提出" ORDERLABEL="41"><METS:fptr FILEID="00000050"/>
				</METS:div>
				<METS:div TYPE="Chapter" LABEL="2.5.2  EIA  RS-232C接口标准" ORDERLABEL="41"><METS:fptr FILEID="00000050"/>
				</METS:div>
				<METS:div TYPE="Chapter" LABEL="2.5.3  EIA  RS-422A和RS-423A接口标准" ORDERLABEL="45"><METS:fptr FILEID="00000054"/>
				</METS:div>
				<METS:div TYPE="Chapter" LABEL="2.5.4  CCITT.x.21和X.21  bis建议" ORDERLABEL="45"><METS:fptr FILEID="00000054"/>
				</METS:div>
			</METS:div>
			<METS:div TYPE="Chapter" LABEL="2.6  数据通信的串行接口器件" ORDERLABEL="46"><METS:fptr FILEID="00000055"/>
				<METS:div TYPE="Chapter" LABEL="2.6.1  异步通信适配器" ORDERLABEL="46"><METS:fptr FILEID="00000055"/>
				</METS:div>
				<METS:div TYPE="Chapter" LABEL="2.6.2  同步通信适配器" ORDERLABEL="47"><METS:fptr FILEID="00000056"/>
				</METS:div>
			</METS:div>
			<METS:div TYPE="Chapter" LABEL="思考题" ORDERLABEL="47"><METS:fptr FILEID="00000056"/>
			</METS:div>
		</METS:div>
		<METS:div TYPE="Chapter" LABEL="第三章  计算机网络体系结构" ORDERLABEL="48"><METS:fptr FILEID="00000057"/>
			<METS:div TYPE="Chapter" LABEL="3.1  网络体系结构及网络协议" ORDERLABEL="48"><METS:fptr FILEID="00000057"/>
				<METS:div TYPE="Chapter" LABEL="3.1.1  网络体系结构的确定" ORDERLABEL="48"><METS:fptr FILEID="00000057"/>
				</METS:div>
				<METS:div TYPE="Chapter" LABEL="3.1.2  网络协议" ORDERLABEL="50"><METS:fptr FILEID="00000059"/>
				</METS:div>
			</METS:div>
			<METS:div TYPE="Chapter" LABEL="3.2  物理层" ORDERLABEL="52"><METS:fptr FILEID="00000061"/>
				<METS:div TYPE="Chapter" LABEL="3.2.1  物理层作用及特性" ORDERLABEL="52"><METS:fptr FILEID="00000061"/>
				</METS:div>
				<METS:div TYPE="Chapter" LABEL="3.2.2  物理层标准" ORDERLABEL="53"><METS:fptr FILEID="00000062"/>
				</METS:div>
			</METS:div>
			<METS:div TYPE="Chapter" LABEL="3.3  数据链路层" ORDERLABEL="54"><METS:fptr FILEID="00000063"/>
				<METS:div TYPE="Chapter" LABEL="3.3.1  数据链路层作用" ORDERLABEL="54"><METS:fptr FILEID="00000063"/>
				</METS:div>
				<METS:div TYPE="Chapter" LABEL="3.3.2  数据传输控制规程" ORDERLABEL="54"><METS:fptr FILEID="00000063"/>
				</METS:div>
				<METS:div TYPE="Chapter" LABEL="3.3.3  面向字符的传输控制规程" ORDERLABEL="55"><METS:fptr FILEID="00000064"/>
				</METS:div>
				<METS:div TYPE="Chapter" LABEL="3.3.4  面向比特型的传输控制规程" ORDERLABEL="63"><METS:fptr FILEID="00000072"/>
				</METS:div>
				<METS:div TYPE="Chapter" LABEL="3.3.5  面向字符型与面向比特型控制规程的比较" ORDERLABEL="68"><METS:fptr FILEID="00000077"/>
				</METS:div>
				<METS:div TYPE="Chapter" LABEL="3.3.6  停止等待协议（Stop  and  Wait）" ORDERLABEL="68"><METS:fptr FILEID="00000077"/>
				</METS:div>
				<METS:div TYPE="Chapter" LABEL="3.3.7  流量控制" ORDERLABEL="69"><METS:fptr FILEID="00000078"/>
				</METS:div>
			</METS:div>
			<METS:div TYPE="Chapter" LABEL="3.4  网络层" ORDERLABEL="70"><METS:fptr FILEID="00000079"/>
				<METS:div TYPE="Chapter" LABEL="3.4.1  概述" ORDERLABEL="70"><METS:fptr FILEID="00000079"/>
				</METS:div>
				<METS:div TYPE="Chapter" LABEL="3.4.2  交换方式及其分类" ORDERLABEL="71"><METS:fptr FILEID="00000080"/>
				</METS:div>
				<METS:div TYPE="Chapter" LABEL="3.4.3  报文分组交换" ORDERLABEL="72"><METS:fptr FILEID="00000081"/>
				</METS:div>
				<METS:div TYPE="Chapter" LABEL="3.4.4  路径选择" ORDERLABEL="77"><METS:fptr FILEID="00000086"/>
				</METS:div>
				<METS:div TYPE="Chapter" LABEL="3.4.5  流量控制" ORDERLABEL="81"><METS:fptr FILEID="00000090"/>
				</METS:div>
				<METS:div TYPE="Chapter" LABEL="3.4.6  网络地址标识" ORDERLABEL="83"><METS:fptr FILEID="00000092"/>
				</METS:div>
			</METS:div>
			<METS:div TYPE="Chapter" LABEL="3.5  传输层" ORDERLABEL="83"><METS:fptr FILEID="00000092"/>
				<METS:div TYPE="Chapter" LABEL="3.5.1  传输层功能" ORDERLABEL="83"><METS:fptr FILEID="00000092"/>
				</METS:div>
				<METS:div TYPE="Chapter" LABEL="3.5.2  传输层特性及其协议" ORDERLABEL="84"><METS:fptr FILEID="00000093"/>
				</METS:div>
				<METS:div TYPE="Chapter" LABEL="3.5.3  连接管理和数据传送" ORDERLABEL="85"><METS:fptr FILEID="00000094"/>
				</METS:div>
				<METS:div TYPE="Chapter" LABEL="3.5.4  传输层流量控制" ORDERLABEL="87"><METS:fptr FILEID="00000096"/>
				</METS:div>
				<METS:div TYPE="Chapter" LABEL="3.5.5  传输层的故障恢复" ORDERLABEL="87"><METS:fptr FILEID="00000096"/>
				</METS:div>
			</METS:div>
			<METS:div TYPE="Chapter" LABEL="3.6  高层协议" ORDERLABEL="88"><METS:fptr FILEID="00000097"/>
				<METS:div TYPE="Chapter" LABEL="3.6.1  会话层" ORDERLABEL="88"><METS:fptr FILEID="00000097"/>
				</METS:div>
				<METS:div TYPE="Chapter" LABEL="3.6.2  表示层" ORDERLABEL="89"><METS:fptr FILEID="00000098"/>
				</METS:div>
				<METS:div TYPE="Chapter" LABEL="3.6.3  应用层" ORDERLABEL="91"><METS:fptr FILEID="00000100"/>
				</METS:div>
			</METS:div>
			<METS:div TYPE="Chapter" LABEL="思考题" ORDERLABEL="96"><METS:fptr FILEID="00000105"/>
			</METS:div>
		</METS:div>
		<METS:div TYPE="Chapter" LABEL="第四章  计算机局域网" ORDERLABEL="98"><METS:fptr FILEID="00000107"/>
			<METS:div TYPE="Chapter" LABEL="4.1  计算机局域网概述" ORDERLABEL="98"><METS:fptr FILEID="00000107"/>
				<METS:div TYPE="Chapter" LABEL="4.1.1  计算机局域网的发展及技术" ORDERLABEL="98"><METS:fptr FILEID="00000107"/>
				</METS:div>
				<METS:div TYPE="Chapter" LABEL="4.1.2  计算机局域网的特点" ORDERLABEL="98"><METS:fptr FILEID="00000107"/>
				</METS:div>
				<METS:div TYPE="Chapter" LABEL="4.1.3  计算机局域网的基本组成" ORDERLABEL="99"><METS:fptr FILEID="00000108"/>
				</METS:div>
				<METS:div TYPE="Chapter" LABEL="4.1.4  局域网的介质访问控制方式" ORDERLABEL="99"><METS:fptr FILEID="00000108"/>
				</METS:div>
				<METS:div TYPE="Chapter" LABEL="4.1.5  局域网络协议" ORDERLABEL="100"><METS:fptr FILEID="00000109"/>
				</METS:div>
			</METS:div>
			<METS:div TYPE="Chapter" LABEL="4.2  总线式局域网络" ORDERLABEL="101"><METS:fptr FILEID="00000110"/>
				<METS:div TYPE="Chapter" LABEL="4.2.1  总线结构的特点" ORDERLABEL="101"><METS:fptr FILEID="00000110"/>
				</METS:div>
				<METS:div TYPE="Chapter" LABEL="4.2.2  随机访问和广播式技术的发展" ORDERLABEL="103"><METS:fptr FILEID="00000112"/>
				</METS:div>
				<METS:div TYPE="Chapter" LABEL="4.2.3  Ethernet" ORDERLABEL="104"><METS:fptr FILEID="00000113"/>
				</METS:div>
			</METS:div>
			<METS:div TYPE="Chapter" LABEL="4.3  环形局域网络" ORDERLABEL="111"><METS:fptr FILEID="00000120"/>
				<METS:div TYPE="Chapter" LABEL="4.3.1  环形局域网络工作原理" ORDERLABEL="111"><METS:fptr FILEID="00000120"/>
				</METS:div>
				<METS:div TYPE="Chapter" LABEL="4.3.2  令牌传递环网（Token  PassingRing）" ORDERLABEL="112"><METS:fptr FILEID="00000121"/>
				</METS:div>
				<METS:div TYPE="Chapter" LABEL="4.3.3  开槽环时隙（Time  Slot）控制法" ORDERLABEL="114"><METS:fptr FILEID="00000123"/>
				</METS:div>
				<METS:div TYPE="Chapter" LABEL="4.3.4  寄存器插入环" ORDERLABEL="115"><METS:fptr FILEID="00000124"/>
				</METS:div>
				<METS:div TYPE="Chapter" LABEL="4.3.5  环网的可靠性" ORDERLABEL="116"><METS:fptr FILEID="00000125"/>
				</METS:div>
			</METS:div>
			<METS:div TYPE="Chapter" LABEL="4.4  令牌总线型网络" ORDERLABEL="117"><METS:fptr FILEID="00000126"/>
				<METS:div TYPE="Chapter" LABEL="4.4.1  令牌总线型网络的产生" ORDERLABEL="117"><METS:fptr FILEID="00000126"/>
				</METS:div>
				<METS:div TYPE="Chapter" LABEL="4.4.2  ARC网络" ORDERLABEL="117"><METS:fptr FILEID="00000126"/>
				</METS:div>
				<METS:div TYPE="Chapter" LABEL="4.4.3  令牌总线特点" ORDERLABEL="118"><METS:fptr FILEID="00000127"/>
				</METS:div>
			</METS:div>
			<METS:div TYPE="Chapter" LABEL="4.5  FDDI网络" ORDERLABEL="118"><METS:fptr FILEID="00000127"/>
				<METS:div TYPE="Chapter" LABEL="4.5.1  光纤通信系统" ORDERLABEL="118"><METS:fptr FILEID="00000127"/>
				</METS:div>
				<METS:div TYPE="Chapter" LABEL="4.5.2  FDDI标准" ORDERLABEL="119"><METS:fptr FILEID="00000128"/>
				</METS:div>
				<METS:div TYPE="Chapter" LABEL="4.5.3  FDDI网络部件及应用方式" ORDERLABEL="123"><METS:fptr FILEID="00000132"/>
				</METS:div>
				<METS:div TYPE="Chapter" LABEL="4.5.4  FDDI网络性能指标" ORDERLABEL="123"><METS:fptr FILEID="00000132"/>
				</METS:div>
			</METS:div>
			<METS:div TYPE="Chapter" LABEL="4.6  无线局域网" ORDERLABEL="124"><METS:fptr FILEID="00000133"/>
				<METS:div TYPE="Chapter" LABEL="4.6.1  无线局域网的提出" ORDERLABEL="124"><METS:fptr FILEID="00000133"/>
				</METS:div>
				<METS:div TYPE="Chapter" LABEL="4.6.2  无线局域网实现技术" ORDERLABEL="125"><METS:fptr FILEID="00000134"/>
				</METS:div>
				<METS:div TYPE="Chapter" LABEL="4.6.3  无线局域网的组建" ORDERLABEL="125"><METS:fptr FILEID="00000134"/>
				</METS:div>
			</METS:div>
			<METS:div TYPE="Chapter" LABEL="4.7  高速骨干网" ORDERLABEL="126"><METS:fptr FILEID="00000135"/>
				<METS:div TYPE="Chapter" LABEL="4.7.1  高速骨干网的作用" ORDERLABEL="126"><METS:fptr FILEID="00000135"/>
				</METS:div>
				<METS:div TYPE="Chapter" LABEL="4.7.2  高速骨干网技术" ORDERLABEL="126"><METS:fptr FILEID="00000135"/>
				</METS:div>
			</METS:div>
			<METS:div TYPE="Chapter" LABEL="4.8  常用局域网的硬件及其选择" ORDERLABEL="128"><METS:fptr FILEID="00000137"/>
				<METS:div TYPE="Chapter" LABEL="4.8.1  网卡" ORDERLABEL="128"><METS:fptr FILEID="00000137"/>
				</METS:div>
				<METS:div TYPE="Chapter" LABEL="4.8.2  收发器" ORDERLABEL="130"><METS:fptr FILEID="00000139"/>
				</METS:div>
				<METS:div TYPE="Chapter" LABEL="4.8.3  中继器（Repeater）" ORDERLABEL="130"><METS:fptr FILEID="00000139"/>
				</METS:div>
				<METS:div TYPE="Chapter" LABEL="4.8.4  集线器（HUB）" ORDERLABEL="131"><METS:fptr FILEID="00000140"/>
				</METS:div>
			</METS:div>
			<METS:div TYPE="Chapter" LABEL="思考题" ORDERLABEL="132"><METS:fptr FILEID="00000141"/>
			</METS:div>
		</METS:div>
		<METS:div TYPE="Chapter" LABEL="第五章  网络互连及Internet" ORDERLABEL="133"><METS:fptr FILEID="00000142"/>
			<METS:div TYPE="Chapter" LABEL="5.1  概述" ORDERLABEL="133"><METS:fptr FILEID="00000142"/>
			</METS:div>
			<METS:div TYPE="Chapter" LABEL="5.2  互连技术和结构" ORDERLABEL="134"><METS:fptr FILEID="00000143"/>
				<METS:div TYPE="Chapter" LABEL="5.2.1  网络互连需解决的主要问题" ORDERLABEL="134"><METS:fptr FILEID="00000143"/>
				</METS:div>
				<METS:div TYPE="Chapter" LABEL="5.2.2  网络互连层次" ORDERLABEL="134"><METS:fptr FILEID="00000143"/>
				</METS:div>
			</METS:div>
			<METS:div TYPE="Chapter" LABEL="5.3  TCP/IP协议" ORDERLABEL="135"><METS:fptr FILEID="00000144"/>
				<METS:div TYPE="Chapter" LABEL="5.3.1  TCP/IP协议概述" ORDERLABEL="135"><METS:fptr FILEID="00000144"/>
				</METS:div>
				<METS:div TYPE="Chapter" LABEL="5.3.2  TCP/IP协议组" ORDERLABEL="136"><METS:fptr FILEID="00000145"/>
				</METS:div>
			</METS:div>
			<METS:div TYPE="Chapter" LABEL="5.4  网络互连硬件设备" ORDERLABEL="141"><METS:fptr FILEID="00000150"/>
				<METS:div TYPE="Chapter" LABEL="5.4.1  网桥" ORDERLABEL="141"><METS:fptr FILEID="00000150"/>
				</METS:div>
				<METS:div TYPE="Chapter" LABEL="5.4.2  路由器" ORDERLABEL="144"><METS:fptr FILEID="00000153"/>
				</METS:div>
			</METS:div>
			<METS:div TYPE="Chapter" LABEL="5.5  典型的局域网网络操作系统NetWare和Windows  NT" ORDERLABEL="146"><METS:fptr FILEID="00000155"/>
				<METS:div TYPE="Chapter" LABEL="5.5.1  网络操作系统" ORDERLABEL="146"><METS:fptr FILEID="00000155"/>
				</METS:div>
				<METS:div TYPE="Chapter" LABEL="5.5.2  NetWare网络操作系统" ORDERLABEL="147"><METS:fptr FILEID="00000156"/>
				</METS:div>
				<METS:div TYPE="Chapter" LABEL="5.5.3  Windows  NT和Windows  NT  Server" ORDERLABEL="152"><METS:fptr FILEID="00000161"/>
				</METS:div>
				<METS:div TYPE="Chapter" LABEL="5.6  Internet（因特网）" ORDERLABEL="155"><METS:fptr FILEID="00000164"/>
				</METS:div>
			</METS:div>
			<METS:div TYPE="Chapter" LABEL="思考题" ORDERLABEL="160"><METS:fptr FILEID="00000169"/>
			</METS:div>
		</METS:div>
		<METS:div TYPE="Chapter" LABEL="第六章  交换网和宽带网" ORDERLABEL="161"><METS:fptr FILEID="00000170"/>
			<METS:div TYPE="Chapter" LABEL="6.1综合业务数字网（ISDN）" ORDERLABEL="161"><METS:fptr FILEID="00000170"/>
				<METS:div TYPE="Chapter" LABEL="6.1.1  ISDN概述" ORDERLABEL="161"><METS:fptr FILEID="00000170"/>
				</METS:div>
				<METS:div TYPE="Chapter" LABEL="6.1.2  ISDN的体系结构" ORDERLABEL="163"><METS:fptr FILEID="00000172"/>
				</METS:div>
				<METS:div TYPE="Chapter" LABEL="6.1.3  ISDN的信令——7号信令" ORDERLABEL="165"><METS:fptr FILEID="00000174"/>
				</METS:div>
				<METS:div TYPE="Chapter" LABEL="6.1.4  ISDN协议参考模型" ORDERLABEL="167"><METS:fptr FILEID="00000176"/>
				</METS:div>
				<METS:div TYPE="Chapter" LABEL="6.1.5  ISDN的典型应用" ORDERLABEL="167"><METS:fptr FILEID="00000176"/>
				</METS:div>
			</METS:div>
			<METS:div TYPE="Chapter" LABEL="6.2  宽带网B-ISDN" ORDERLABEL="169"><METS:fptr FILEID="00000178"/>
				<METS:div TYPE="Chapter" LABEL="6.2.1  B-ISDN提供的主要业务" ORDERLABEL="170"><METS:fptr FILEID="00000179"/>
				</METS:div>
				<METS:div TYPE="Chapter" LABEL="6.2.2  异步传输模式" ORDERLABEL="171"><METS:fptr FILEID="00000180"/>
				</METS:div>
				<METS:div TYPE="Chapter" LABEL="6.2.3  B-ISDN协议的参考模型" ORDERLABEL="172"><METS:fptr FILEID="00000181"/>
				</METS:div>
				<METS:div TYPE="Chapter" LABEL="6.2.4  ATM的标准化组织和标准" ORDERLABEL="174"><METS:fptr FILEID="00000183"/>
				</METS:div>
				<METS:div TYPE="Chapter" LABEL="6.2.5  ATM技术" ORDERLABEL="175"><METS:fptr FILEID="00000184"/>
				</METS:div>
				<METS:div TYPE="Chapter" LABEL="6.2.6  ATM应用示例" ORDERLABEL="179"><METS:fptr FILEID="00000188"/>
				</METS:div>
			</METS:div>
			<METS:div TYPE="Chapter" LABEL="6.3  帧中继" ORDERLABEL="181"><METS:fptr FILEID="00000190"/>
				<METS:div TYPE="Chapter" LABEL="6.3.1  帧中继技术" ORDERLABEL="181"><METS:fptr FILEID="00000190"/>
				</METS:div>
				<METS:div TYPE="Chapter" LABEL="6.3.2  帧中继技术的基本工作原理" ORDERLABEL="182"><METS:fptr FILEID="00000191"/>
				</METS:div>
				<METS:div TYPE="Chapter" LABEL="6.3.3  拥塞管理" ORDERLABEL="184"><METS:fptr FILEID="00000193"/>
				</METS:div>
				<METS:div TYPE="Chapter" LABEL="6.3.4  帧中继的应用" ORDERLABEL="185"><METS:fptr FILEID="00000194"/>
				</METS:div>
			</METS:div>
			<METS:div TYPE="Chapter" LABEL="6.4  回顾和展望" ORDERLABEL="186"><METS:fptr FILEID="00000195"/>
			</METS:div>
			<METS:div TYPE="Chapter" LABEL="思考题" ORDERLABEL="187"><METS:fptr FILEID="00000196"/>
			</METS:div>
		</METS:div>
		<METS:div TYPE="Chapter" LABEL="第七章  计算机网络安全与网络管理" ORDERLABEL="188"><METS:fptr FILEID="00000197"/>
			<METS:div TYPE="Chapter" LABEL="7.1  计算机网络安全问题的提出" ORDERLABEL="188"><METS:fptr FILEID="00000197"/>
				<METS:div TYPE="Chapter" LABEL="7.1.1  计算机网络面临的安全性威胁" ORDERLABEL="188"><METS:fptr FILEID="00000197"/>
				</METS:div>
				<METS:div TYPE="Chapter" LABEL="7.1.2  计算机网络安全的内容" ORDERLABEL="189"><METS:fptr FILEID="00000198"/>
				</METS:div>
			</METS:div>
			<METS:div TYPE="Chapter" LABEL="7.2  网络安全体系结构" ORDERLABEL="189"><METS:fptr FILEID="00000198"/>
				<METS:div TYPE="Chapter" LABEL="7.2.1  安全服务和安全机制的一般描述" ORDERLABEL="189"><METS:fptr FILEID="00000198"/>
				</METS:div>
				<METS:div TYPE="Chapter" LABEL="7.2.2  安全服务和安全机制的关系" ORDERLABEL="191"><METS:fptr FILEID="00000200"/>
				</METS:div>
				<METS:div TYPE="Chapter" LABEL="7.2.3  安全服务与OSI层次的关系" ORDERLABEL="192"><METS:fptr FILEID="00000201"/>
				</METS:div>
				<METS:div TYPE="Chapter" LABEL="7.2.4  安全管理" ORDERLABEL="192"><METS:fptr FILEID="00000201"/>
				</METS:div>
			</METS:div>
			<METS:div TYPE="Chapter" LABEL="7.3  数据加密技术的概念及在网络中的应用" ORDERLABEL="193"><METS:fptr FILEID="00000202"/>
				<METS:div TYPE="Chapter" LABEL="7.3.1  密码技术概述" ORDERLABEL="193"><METS:fptr FILEID="00000202"/>
				</METS:div>
				<METS:div TYPE="Chapter" LABEL="7.3.2  数据加密标准DES和公开密钥密码体制RSA" ORDERLABEL="194"><METS:fptr FILEID="00000203"/>
				</METS:div>
				<METS:div TYPE="Chapter" LABEL="7.3.3  密钥管理" ORDERLABEL="196"><METS:fptr FILEID="00000205"/>
				</METS:div>
				<METS:div TYPE="Chapter" LABEL="7.3.4  计算机网络中加密的方式" ORDERLABEL="198"><METS:fptr FILEID="00000207"/>
				</METS:div>
				<METS:div TYPE="Chapter" LABEL="7.3.5  验证和数字签名" ORDERLABEL="199"><METS:fptr FILEID="00000208"/>
				</METS:div>
			</METS:div>
			<METS:div TYPE="Chapter" LABEL="7.4  网络防病毒技术" ORDERLABEL="200"><METS:fptr FILEID="00000209"/>
				<METS:div TYPE="Chapter" LABEL="7.4.1  防病毒技术概述" ORDERLABEL="200"><METS:fptr FILEID="00000209"/>
				</METS:div>
				<METS:div TYPE="Chapter" LABEL="7.4.2  网络防病毒技术的基本方法" ORDERLABEL="201"><METS:fptr FILEID="00000210"/>
				</METS:div>
			</METS:div>
			<METS:div TYPE="Chapter" LABEL="7.5  Internet防火墙技术" ORDERLABEL="202"><METS:fptr FILEID="00000211"/>
				<METS:div TYPE="Chapter" LABEL="7.5.1  防火墙的概念" ORDERLABEL="202"><METS:fptr FILEID="00000211"/>
				</METS:div>
				<METS:div TYPE="Chapter" LABEL="7.5.2  防火墙的安全控制模型" ORDERLABEL="203"><METS:fptr FILEID="00000212"/>
				</METS:div>
				<METS:div TYPE="Chapter" LABEL="7.5.3  防火墙的类型" ORDERLABEL="203"><METS:fptr FILEID="00000212"/>
				</METS:div>
			</METS:div>
			<METS:div TYPE="Chapter" LABEL="7.6  网络管理" ORDERLABEL="205"><METS:fptr FILEID="00000214"/>
				<METS:div TYPE="Chapter" LABEL="7.6.1  网络管理的概念和定义" ORDERLABEL="205"><METS:fptr FILEID="00000214"/>
				</METS:div>
				<METS:div TYPE="Chapter" LABEL="7.6.2  网络管理的功能" ORDERLABEL="205"><METS:fptr FILEID="00000214"/>
				</METS:div>
				<METS:div TYPE="Chapter" LABEL="7.6.3  网络管理资源的表示" ORDERLABEL="207"><METS:fptr FILEID="00000216"/>
				</METS:div>
				<METS:div TYPE="Chapter" LABEL="7.6.4  网络管理协议" ORDERLABEL="207"><METS:fptr FILEID="00000216"/>
				</METS:div>
				<METS:div TYPE="Chapter" LABEL="7.6.5  网络管理结构" ORDERLABEL="208"><METS:fptr FILEID="00000217"/>
				</METS:div>
			</METS:div>
			<METS:div TYPE="Chapter" LABEL="思考题" ORDERLABEL="208"><METS:fptr FILEID="00000217"/>
			</METS:div>
		</METS:div>
		<METS:div TYPE="Chapter" LABEL="第八章  计算机网络应用及网络规划" ORDERLABEL="210"><METS:fptr FILEID="00000219"/>
			<METS:div TYPE="Chapter" LABEL="8.1  计算机集成制造系统网络" ORDERLABEL="210"><METS:fptr FILEID="00000219"/>
				<METS:div TYPE="Chapter" LABEL="8.1.1  CIMS系统结构及其网络特点" ORDERLABEL="210"><METS:fptr FILEID="00000219"/>
				</METS:div>
				<METS:div TYPE="Chapter" LABEL="8.1.2  制造自动化协议和办公自动化协议" ORDERLABEL="212"><METS:fptr FILEID="00000221"/>
				</METS:div>
			</METS:div>
			<METS:div TYPE="Chapter" LABEL="8.2  金卡工程网络" ORDERLABEL="213"><METS:fptr FILEID="00000222"/>
				<METS:div TYPE="Chapter" LABEL="8.2.1  金卡工程作用及分类" ORDERLABEL="213"><METS:fptr FILEID="00000222"/>
				</METS:div>
				<METS:div TYPE="Chapter" LABEL="8.2.2  银行卡互连网络的层次体系结构" ORDERLABEL="214"><METS:fptr FILEID="00000223"/>
				</METS:div>
				<METS:div TYPE="Chapter" LABEL="8.2.3  银行卡互连网络总体结构" ORDERLABEL="214"><METS:fptr FILEID="00000223"/>
				</METS:div>
				<METS:div TYPE="Chapter" LABEL="8.2.4  银行卡互连网络的主要功能" ORDERLABEL="216"><METS:fptr FILEID="00000225"/>
				</METS:div>
				<METS:div TYPE="Chapter" LABEL="8.2.5  银行卡互连网络的交换中心" ORDERLABEL="216"><METS:fptr FILEID="00000225"/>
				</METS:div>
				<METS:div TYPE="Chapter" LABEL="8.2.6  银行卡互连网络的安全" ORDERLABEL="218"><METS:fptr FILEID="00000227"/>
				</METS:div>
				<METS:div TYPE="Chapter" LABEL="8.2.7  电子资金传送系统（EFT）" ORDERLABEL="219"><METS:fptr FILEID="00000228"/>
				</METS:div>
			</METS:div>
			<METS:div TYPE="Chapter" LABEL="8.3  智能大厦" ORDERLABEL="219"><METS:fptr FILEID="00000228"/>
				<METS:div TYPE="Chapter" LABEL="8.3.1  智能大厦组成及功能" ORDERLABEL="219"><METS:fptr FILEID="00000228"/>
				</METS:div>
				<METS:div TYPE="Chapter" LABEL="8.3.2  智能大厦技术" ORDERLABEL="220"><METS:fptr FILEID="00000229"/>
				</METS:div>
				<METS:div TYPE="Chapter" LABEL="8.3.3  智能大厦系统功能的发展" ORDERLABEL="223"><METS:fptr FILEID="00000232"/>
				</METS:div>
			</METS:div>
			<METS:div TYPE="Chapter" LABEL="8.4  校园网" ORDERLABEL="223"><METS:fptr FILEID="00000232"/>
				<METS:div TYPE="Chapter" LABEL="8.4.1  校园网概述" ORDERLABEL="223"><METS:fptr FILEID="00000232"/>
				</METS:div>
				<METS:div TYPE="Chapter" LABEL="8.4.2  校园网建设目标及原则" ORDERLABEL="224"><METS:fptr FILEID="00000233"/>
				</METS:div>
				<METS:div TYPE="Chapter" LABEL="8.4.3  校园网建设内容及技术" ORDERLABEL="224"><METS:fptr FILEID="00000233"/>
				</METS:div>
				<METS:div TYPE="Chapter" LABEL="8.4.4  校园网建设方案" ORDERLABEL="225"><METS:fptr FILEID="00000234"/>
				</METS:div>
			</METS:div>
			<METS:div TYPE="Chapter" LABEL="8.5  计算机网络的规划和性能评价" ORDERLABEL="227"><METS:fptr FILEID="00000236"/>
				<METS:div TYPE="Chapter" LABEL="8.5.1  网络规划的一般方法" ORDERLABEL="227"><METS:fptr FILEID="00000236"/>
				</METS:div>
				<METS:div TYPE="Chapter" LABEL="8.5.2  网络性能评价" ORDERLABEL="229"><METS:fptr FILEID="00000238"/>
				</METS:div>
			</METS:div>
			<METS:div TYPE="Chapter" LABEL="思考题" ORDERLABEL="230"><METS:fptr FILEID="00000239"/>
			</METS:div>
		</METS:div>
	</METS:structMap>
</METS:mets>
