<?xml version="1.0" encoding="utf-8"?>
<METS:mets xmlns:METS="http://www.loc.gov/METS/" xmlns:xsi="http://www.w3.org/2001/XMLSchema-instance" xmlns:gdm="http://sunsite.berkeley.edu/GDM/" xmlns:xlink="http://www.w3.org/TR/xlink" xsi:schemalocation="http://www.loc.gov/METS/http://www.loc.gov/standards/mets/mets.xsd" LABEL="Zhejiang University.jdl.China-America digital library project" TYPE="Section">
	<METS:structMap TYPE="Catalog">
		<METS:div TYPE="Chapter" LABEL="第一章 计算机网络与社会" ORDERLABEL="1"><METS:fptr FILEID="00000008"/>
			<METS:div TYPE="Chapter" LABEL="1．1 信息与社会" ORDERLABEL="1"><METS:fptr FILEID="00000008"/>
				<METS:div TYPE="Chapter" LABEL="1．1．1 信息及其处理的有关概念" ORDERLABEL="1"><METS:fptr FILEID="00000008"/>
				</METS:div>
				<METS:div TYPE="Chapter" LABEL="1．1．2 信息的共享与互联" ORDERLABEL="9"><METS:fptr FILEID="00000016"/>
				</METS:div>
			</METS:div>
			<METS:div TYPE="Chapter" LABEL="1．2 计算机信息系统与网络" ORDERLABEL="15"><METS:fptr FILEID="00000022"/>
				<METS:div TYPE="Chapter" LABEL="1．2．1 信息网络时代来临" ORDERLABEL="15"><METS:fptr FILEID="00000022"/>
				</METS:div>
				<METS:div TYPE="Chapter" LABEL="1．2．2 网络信息资源开发" ORDERLABEL="17"><METS:fptr FILEID="00000024"/>
				</METS:div>
			</METS:div>
		</METS:div>
		<METS:div TYPE="Chapter" LABEL="第二章 计算机信息系统与网络基本概念" ORDERLABEL="20"><METS:fptr FILEID="00000027"/>
			<METS:div TYPE="Chapter" LABEL="2．1 信息编码的有关概念" ORDERLABEL="20"><METS:fptr FILEID="00000027"/>
			</METS:div>
			<METS:div TYPE="Chapter" LABEL="2．2 数据通信的基本概念" ORDERLABEL="27"><METS:fptr FILEID="00000034"/>
				<METS:div TYPE="Chapter" LABEL="2．2．1 数据通信及其主要技术指标" ORDERLABEL="27"><METS:fptr FILEID="00000034"/>
				</METS:div>
				<METS:div TYPE="Chapter" LABEL="2．2．2 数据传输方式" ORDERLABEL="32"><METS:fptr FILEID="00000039"/>
				</METS:div>
				<METS:div TYPE="Chapter" LABEL="2．2．3 信道的通信方式" ORDERLABEL="36"><METS:fptr FILEID="00000043"/>
				</METS:div>
			</METS:div>
			<METS:div TYPE="Chapter" LABEL="2．3 计算机网络基本概念" ORDERLABEL="43"><METS:fptr FILEID="00000050"/>
				<METS:div TYPE="Chapter" LABEL="2．3．1 计算机网络概念" ORDERLABEL="43"><METS:fptr FILEID="00000050"/>
				</METS:div>
				<METS:div TYPE="Chapter" LABEL="2．3．2 物理层" ORDERLABEL="61"><METS:fptr FILEID="00000068"/>
				</METS:div>
				<METS:div TYPE="Chapter" LABEL="2．3．3 数据链路层" ORDERLABEL="65"><METS:fptr FILEID="00000072"/>
				</METS:div>
				<METS:div TYPE="Chapter" LABEL="2．3．4 网络层" ORDERLABEL="74"><METS:fptr FILEID="00000081"/>
				</METS:div>
				<METS:div TYPE="Chapter" LABEL="2．3．5 网络高层协议" ORDERLABEL="82"><METS:fptr FILEID="00000089"/>
				</METS:div>
				<METS:div TYPE="Chapter" LABEL="2．3．6 计算机局域网络简介" ORDERLABEL="89"><METS:fptr FILEID="00000096"/>
				</METS:div>
				<METS:div TYPE="Chapter" LABEL="2．3．7 TCP/IP体系结构概要" ORDERLABEL="94"><METS:fptr FILEID="00000101"/>
				</METS:div>
				<METS:div TYPE="Chapter" LABEL="2．3．8 异步传输模式ATM概述" ORDERLABEL="103"><METS:fptr FILEID="00000110"/>
				</METS:div>
			</METS:div>
			<METS:div TYPE="Chapter" LABEL="2．4 计算机系统使用操作基础" ORDERLABEL="107"><METS:fptr FILEID="00000114"/>
				<METS:div TYPE="Chapter" LABEL="2．4．1 功能、文件与命令" ORDERLABEL="107"><METS:fptr FILEID="00000114"/>
				</METS:div>
				<METS:div TYPE="Chapter" LABEL="2．4．2 目录与路径" ORDERLABEL="110"><METS:fptr FILEID="00000117"/>
				</METS:div>
				<METS:div TYPE="Chapter" LABEL="2．4．3 系统的基本操作使用" ORDERLABEL="112"><METS:fptr FILEID="00000119"/>
				</METS:div>
				<METS:div TYPE="Chapter" LABEL="2．4．4 Novell网与DEC网互联操作的实例" ORDERLABEL="120"><METS:fptr FILEID="00000127"/>
				</METS:div>
			</METS:div>
		</METS:div>
		<METS:div TYPE="Chapter" LABEL="第三章 Novell局域网" ORDERLABEL="123"><METS:fptr FILEID="00000129"/>
			<METS:div TYPE="Chapter" LABEL="3．1 网络配置及其安装运行" ORDERLABEL="123"><METS:fptr FILEID="00000130"/>
				<METS:div TYPE="Chapter" LABEL="3．1．1 网络配置" ORDERLABEL="123"><METS:fptr FILEID="00000130"/>
				</METS:div>
				<METS:div TYPE="Chapter" LABEL="3．1．2 文件服务器的安装" ORDERLABEL="124"><METS:fptr FILEID="00000131"/>
				</METS:div>
				<METS:div TYPE="Chapter" LABEL="3．1．3 工作站软件的安装" ORDERLABEL="128"><METS:fptr FILEID="00000135"/>
				</METS:div>
				<METS:div TYPE="Chapter" LABEL="3．1．4 安装无磁盘工作站" ORDERLABEL="129"><METS:fptr FILEID="00000136"/>
				</METS:div>
			</METS:div>
			<METS:div TYPE="Chapter" LABEL="3．2 Novell网络操作入门" ORDERLABEL="131"><METS:fptr FILEID="00000138"/>
				<METS:div TYPE="Chapter" LABEL="3．2．1 Novell网络的基本概念" ORDERLABEL="131"><METS:fptr FILEID="00000138"/>
				</METS:div>
				<METS:div TYPE="Chapter" LABEL="3．2．2 服务器和工作站的启动" ORDERLABEL="137"><METS:fptr FILEID="00000144"/>
				</METS:div>
				<METS:div TYPE="Chapter" LABEL="3．2．3 登录或连接到文件服务器" ORDERLABEL="137"><METS:fptr FILEID="00000144"/>
				</METS:div>
				<METS:div TYPE="Chapter" LABEL="3．2．4 建立或修改口令" ORDERLABEL="138"><METS:fptr FILEID="00000145"/>
				</METS:div>
				<METS:div TYPE="Chapter" LABEL="3．2．5 查看文件服务器上的用户" ORDERLABEL="139"><METS:fptr FILEID="00000146"/>
				</METS:div>
				<METS:div TYPE="Chapter" LABEL="3．2．6 退网和关闭文件服务器" ORDERLABEL="139"><METS:fptr FILEID="00000146"/>
				</METS:div>
			</METS:div>
			<METS:div TYPE="Chapter" LABEL="3．3 Novell网络设置方法" ORDERLABEL="140"><METS:fptr FILEID="00000147"/>
				<METS:div TYPE="Chapter" LABEL="3．3．1 目录安排与建立" ORDERLABEL="140"><METS:fptr FILEID="00000147"/>
				</METS:div>
				<METS:div TYPE="Chapter" LABEL="3．3．2 组与用户的安排与建立" ORDERLABEL="143"><METS:fptr FILEID="00000150"/>
				</METS:div>
			</METS:div>
			<METS:div TYPE="Chapter" LABEL="3．4 注册正本" ORDERLABEL="147"><METS:fptr FILEID="00000154"/>
			</METS:div>
			<METS:div TYPE="Chapter" LABEL="3．5 Novell命令实用程序" ORDERLABEL="155"><METS:fptr FILEID="00000162"/>
			</METS:div>
			<METS:div TYPE="Chapter" LABEL="3．6 菜单实用程序" ORDERLABEL="169"><METS:fptr FILEID="00000176"/>
			</METS:div>
		</METS:div>
		<METS:div TYPE="Chapter" LABEL="第四章 Internet网" ORDERLABEL="177"><METS:fptr FILEID="00000184"/>
			<METS:div TYPE="Chapter" LABEL="4．1  概述" ORDERLABEL="177"><METS:fptr FILEID="00000184"/>
				<METS:div TYPE="Chapter" LABEL="4．1．1 Internet的发展历程" ORDERLABEL="177"><METS:fptr FILEID="00000184"/>
				</METS:div>
				<METS:div TYPE="Chapter" LABEL="4．1．2 Internet在中国的发展" ORDERLABEL="178"><METS:fptr FILEID="00000185"/>
				</METS:div>
				<METS:div TYPE="Chapter" LABEL="4．1．3 Internet的管理" ORDERLABEL="180"><METS:fptr FILEID="00000187"/>
				</METS:div>
				<METS:div TYPE="Chapter" LABEL="4．1．4 Internet的资源" ORDERLABEL="184"><METS:fptr FILEID="00000191"/>
				</METS:div>
				<METS:div TYPE="Chapter" LABEL="4．1．5 与Internet的连接" ORDERLABEL="185"><METS:fptr FILEID="00000192"/>
				</METS:div>
				<METS:div TYPE="Chapter" LABEL="4．1．6 Internet的功能" ORDERLABEL="186"><METS:fptr FILEID="00000193"/>
				</METS:div>
			</METS:div>
			<METS:div TYPE="Chapter" LABEL="4．2 电子函件" ORDERLABEL="186"><METS:fptr FILEID="00000193"/>
				<METS:div TYPE="Chapter" LABEL="4．2．1 什么是电子函件" ORDERLABEL="186"><METS:fptr FILEID="00000193"/>
				</METS:div>
				<METS:div TYPE="Chapter" LABEL="4．2．2 电子函件地址" ORDERLABEL="187"><METS:fptr FILEID="00000194"/>
				</METS:div>
				<METS:div TYPE="Chapter" LABEL="4．2．3 电子函件的传递" ORDERLABEL="187"><METS:fptr FILEID="00000194"/>
				</METS:div>
				<METS:div TYPE="Chapter" LABEL="4．2．4 电子函件的格式" ORDERLABEL="188"><METS:fptr FILEID="00000195"/>
				</METS:div>
				<METS:div TYPE="Chapter" LABEL="4．2．5 电子函件系统的使用" ORDERLABEL="188"><METS:fptr FILEID="00000195"/>
				</METS:div>
			</METS:div>
			<METS:div TYPE="Chapter" LABEL="4．3 文件传输" ORDERLABEL="191"><METS:fptr FILEID="00000198"/>
				<METS:div TYPE="Chapter" LABEL="4．3．1 什么是FTP" ORDERLABEL="191"><METS:fptr FILEID="00000198"/>
				</METS:div>
				<METS:div TYPE="Chapter" LABEL="4．3．2 什么是匿名FTP" ORDERLABEL="192"><METS:fptr FILEID="00000199"/>
				</METS:div>
				<METS:div TYPE="Chapter" LABEL="4．3．3 FTP的功能" ORDERLABEL="192"><METS:fptr FILEID="00000199"/>
				</METS:div>
				<METS:div TYPE="Chapter" LABEL="4．3．4 FTP基本命令及使用方法" ORDERLABEL="193"><METS:fptr FILEID="00000200"/>
				</METS:div>
				<METS:div TYPE="Chapter" LABEL="4．3．5 大型文件和大批文件的传输" ORDERLABEL="197"><METS:fptr FILEID="00000204"/>
				</METS:div>
				<METS:div TYPE="Chapter" LABEL="4．3．6 FTP命令列表" ORDERLABEL="198"><METS:fptr FILEID="00000205"/>
				</METS:div>
			</METS:div>
			<METS:div TYPE="Chapter" LABEL="4．4 远程登录" ORDERLABEL="200"><METS:fptr FILEID="00000207"/>
				<METS:div TYPE="Chapter" LABEL="4．4．1 什么是远程登录" ORDERLABEL="200"><METS:fptr FILEID="00000207"/>
				</METS:div>
				<METS:div TYPE="Chapter" LABEL="4．4．2 TELNET是如何工作的" ORDERLABEL="200"><METS:fptr FILEID="00000207"/>
				</METS:div>
				<METS:div TYPE="Chapter" LABEL="4．4．3 远程登录TELNET的命令方式" ORDERLABEL="201"><METS:fptr FILEID="00000208"/>
				</METS:div>
				<METS:div TYPE="Chapter" LABEL="4．4．4 TELNET的应用" ORDERLABEL="203"><METS:fptr FILEID="00000210"/>
				</METS:div>
			</METS:div>
			<METS:div TYPE="Chapter" LABEL="4．5 信息查询" ORDERLABEL="204"><METS:fptr FILEID="00000211"/>
				<METS:div TYPE="Chapter" LABEL="4．5．1 超文本查询工具—WWW" ORDERLABEL="204"><METS:fptr FILEID="00000211"/>
				</METS:div>
				<METS:div TYPE="Chapter" LABEL="4．5．2 Internet其他信息获取工具" ORDERLABEL="208"><METS:fptr FILEID="00000215"/>
				</METS:div>
			</METS:div>
		</METS:div>
		<METS:div TYPE="Chapter" LABEL="第五章 3+以太网" ORDERLABEL="211"><METS:fptr FILEID="00000218"/>
			<METS:div TYPE="Chapter" LABEL="5．1 3+以太网的基本构成" ORDERLABEL="211"><METS:fptr FILEID="00000218"/>
			</METS:div>
			<METS:div TYPE="Chapter" LABEL="5．2 3+以太网的基本操作" ORDERLABEL="213"><METS:fptr FILEID="00000220"/>
				<METS:div TYPE="Chapter" LABEL="5．2．1 使用3+Share" ORDERLABEL="213"><METS:fptr FILEID="00000220"/>
				</METS:div>
				<METS:div TYPE="Chapter" LABEL="5．2．2 使用文件服务" ORDERLABEL="216"><METS:fptr FILEID="00000223"/>
				</METS:div>
				<METS:div TYPE="Chapter" LABEL="5．2．3 打印服务" ORDERLABEL="218"><METS:fptr FILEID="00000225"/>
				</METS:div>
				<METS:div TYPE="Chapter" LABEL="5．2．4 命令语句介绍" ORDERLABEL="221"><METS:fptr FILEID="00000228"/>
				</METS:div>
			</METS:div>
			<METS:div TYPE="Chapter" LABEL="5．3 电子函件3+Mail使用" ORDERLABEL="224"><METS:fptr FILEID="00000231"/>
				<METS:div TYPE="Chapter" LABEL="5．3．1 概述" ORDERLABEL="224"><METS:fptr FILEID="00000231"/>
				</METS:div>
				<METS:div TYPE="Chapter" LABEL="5．3．2 启动3+Mail" ORDERLABEL="225"><METS:fptr FILEID="00000232"/>
				</METS:div>
				<METS:div TYPE="Chapter" LABEL="5．4 远程调用功能命令3+Remote的使用" ORDERLABEL="226"><METS:fptr FILEID="00000233"/>
				</METS:div>
			</METS:div>
		</METS:div>
		<METS:div TYPE="Chapter" LABEL="第六章 计算机网络安全" ORDERLABEL="227"><METS:fptr FILEID="00000234"/>
			<METS:div TYPE="Chapter" LABEL="6．1 计算机网络系统安全概念" ORDERLABEL="227"><METS:fptr FILEID="00000234"/>
				<METS:div TYPE="Chapter" LABEL="6．1．1 引人注目的计算机网络系统安全" ORDERLABEL="227"><METS:fptr FILEID="00000234"/>
				</METS:div>
				<METS:div TYPE="Chapter" LABEL="6．1．2 计算机网络系统安全概念综述" ORDERLABEL="232"><METS:fptr FILEID="00000239"/>
				</METS:div>
			</METS:div>
			<METS:div TYPE="Chapter" LABEL="6．2 计算机网络安全技术实用概要" ORDERLABEL="236"><METS:fptr FILEID="00000243"/>
				<METS:div TYPE="Chapter" LABEL="6．2．1 概述" ORDERLABEL="236"><METS:fptr FILEID="00000243"/>
				</METS:div>
				<METS:div TYPE="Chapter" LABEL="6．2．2 存取访问的识别与控制" ORDERLABEL="238"><METS:fptr FILEID="00000245"/>
				</METS:div>
				<METS:div TYPE="Chapter" LABEL="6．2．3 计算机网络安全体系结构" ORDERLABEL="244"><METS:fptr FILEID="00000251"/>
				</METS:div>
				<METS:div TYPE="Chapter" LABEL="6．2．4 计算机病毒防治" ORDERLABEL="249"><METS:fptr FILEID="00000256"/>
				</METS:div>
			</METS:div>
		</METS:div>
	</METS:structMap>
</METS:mets>
