<?xml version="1.0" encoding="utf-8"?>
<METS:mets xmlns:METS="http://www.loc.gov/METS/" xmlns:xsi="http://www.w3.org/2001/XMLSchema-instance" xmlns:gdm="http://sunsite.berkeley.edu/GDM/" xmlns:xlink="http://www.w3.org/TR/xlink" xsi:schemalocation="http://www.loc.gov/METS/http://www.loc.gov/standards/mets/mets.xsd" LABEL="Zhejiang University.jdl.China-America digital library project" TYPE="Section">
	<METS:structMap TYPE="Catalog">
		<METS:div TYPE="Chapter" LABEL="第1章  计算机网络基本概念" ORDERLABEL="1"><METS:fptr FILEID="00000013"/>
			<METS:div TYPE="Chapter" LABEL="1.1计算机网络的形成与发展" ORDERLABEL="1"><METS:fptr FILEID="00000013"/>
			</METS:div>
			<METS:div TYPE="Chapter" LABEL="1.2计算机网络的定义" ORDERLABEL="4"><METS:fptr FILEID="00000016"/>
				<METS:div TYPE="Chapter" LABEL="1.2.1计算机网络定义的基本内容" ORDERLABEL="4"><METS:fptr FILEID="00000016"/>
				</METS:div>
				<METS:div TYPE="Chapter" LABEL="1.2.2计算机网络与计算机通信网络的区别" ORDERLABEL="4"><METS:fptr FILEID="00000016"/>
				</METS:div>
				<METS:div TYPE="Chapter" LABEL="1.2.3计算机网络与分布式系统的区别" ORDERLABEL="4"><METS:fptr FILEID="00000016"/>
				</METS:div>
			</METS:div>
			<METS:div TYPE="Chapter" LABEL="1.3计算机网络的结构与组成" ORDERLABEL="5"><METS:fptr FILEID="00000017"/>
				<METS:div TYPE="Chapter" LABEL="1.3.1资源子网" ORDERLABEL="5"><METS:fptr FILEID="00000017"/>
				</METS:div>
				<METS:div TYPE="Chapter" LABEL="1.3.2通信子网" ORDERLABEL="6"><METS:fptr FILEID="00000018"/>
				</METS:div>
			</METS:div>
			<METS:div TYPE="Chapter" LABEL="1.4计算机网络拓扑构型" ORDERLABEL="7"><METS:fptr FILEID="00000019"/>
				<METS:div TYPE="Chapter" LABEL="1.4.1计算机网络拓扑的定义" ORDERLABEL="7"><METS:fptr FILEID="00000019"/>
				</METS:div>
				<METS:div TYPE="Chapter" LABEL="1.4.2计算机网络拓扑构型的分类方法" ORDERLABEL="7"><METS:fptr FILEID="00000019"/>
				</METS:div>
				<METS:div TYPE="Chapter" LABEL="1.4.3点－点线路通信子网拓扑特点" ORDERLABEL="7"><METS:fptr FILEID="00000019"/>
				</METS:div>
			</METS:div>
			<METS:div TYPE="Chapter" LABEL="1.5计算机网络的分类" ORDERLABEL="8"><METS:fptr FILEID="00000020"/>
			</METS:div>
			<METS:div TYPE="Chapter" LABEL="1.6计算机网络的主要功能" ORDERLABEL="9"><METS:fptr FILEID="00000021"/>
			</METS:div>
			<METS:div TYPE="Chapter" LABEL="习题" ORDERLABEL="10"><METS:fptr FILEID="00000022"/>
			</METS:div>
		</METS:div>
		<METS:div TYPE="Chapter" LABEL="第2章  数据通信技术基础" ORDERLABEL="11"><METS:fptr FILEID="00000023"/>
			<METS:div TYPE="Chapter" LABEL="2.1数据通信的基本概念" ORDERLABEL="11"><METS:fptr FILEID="00000023"/>
				<METS:div TYPE="Chapter" LABEL="2.1.1信息、数据和信号" ORDERLABEL="11"><METS:fptr FILEID="00000023"/>
				</METS:div>
				<METS:div TYPE="Chapter" LABEL="2.1.2数据通信过程中涉及的主要技术问题" ORDERLABEL="11"><METS:fptr FILEID="00000023"/>
				</METS:div>
			</METS:div>
			<METS:div TYPE="Chapter" LABEL="2.2数据传输方式" ORDERLABEL="13"><METS:fptr FILEID="00000025"/>
				<METS:div TYPE="Chapter" LABEL="2.2.1串行通信与并行通信" ORDERLABEL="13"><METS:fptr FILEID="00000025"/>
				</METS:div>
				<METS:div TYPE="Chapter" LABEL="2.2.2单工、半双工与全双工通信" ORDERLABEL="14"><METS:fptr FILEID="00000026"/>
				</METS:div>
				<METS:div TYPE="Chapter" LABEL="2.2.3专用信道与公共交换信道" ORDERLABEL="15"><METS:fptr FILEID="00000027"/>
				</METS:div>
				<METS:div TYPE="Chapter" LABEL="2.2.4模拟信道与数字信道" ORDERLABEL="15"><METS:fptr FILEID="00000027"/>
				</METS:div>
				<METS:div TYPE="Chapter" LABEL="2.2.5有线信道与无线信道" ORDERLABEL="15"><METS:fptr FILEID="00000027"/>
				</METS:div>
			</METS:div>
			<METS:div TYPE="Chapter" LABEL="2.3传输介质类型及特点" ORDERLABEL="16"><METS:fptr FILEID="00000028"/>
				<METS:div TYPE="Chapter" LABEL="2.3.1传输介质的类型" ORDERLABEL="16"><METS:fptr FILEID="00000028"/>
				</METS:div>
				<METS:div TYPE="Chapter" LABEL="2.3.2双绞线的主要特性" ORDERLABEL="16"><METS:fptr FILEID="00000028"/>
				</METS:div>
				<METS:div TYPE="Chapter" LABEL="2.3.3同轴电缆的主要特性" ORDERLABEL="17"><METS:fptr FILEID="00000029"/>
				</METS:div>
				<METS:div TYPE="Chapter" LABEL="2.3.4光纤电缆的主要特性" ORDERLABEL="18"><METS:fptr FILEID="00000030"/>
				</METS:div>
				<METS:div TYPE="Chapter" LABEL="2.3.5无线通信信道的主要特性" ORDERLABEL="19"><METS:fptr FILEID="00000031"/>
				</METS:div>
				<METS:div TYPE="Chapter" LABEL="2.3.6传输介质的选择" ORDERLABEL="20"><METS:fptr FILEID="00000032"/>
				</METS:div>
			</METS:div>
			<METS:div TYPE="Chapter" LABEL="2.4数据编码技术" ORDERLABEL="21"><METS:fptr FILEID="00000033"/>
				<METS:div TYPE="Chapter" LABEL="2.4.1数据编码类型" ORDERLABEL="21"><METS:fptr FILEID="00000033"/>
				</METS:div>
				<METS:div TYPE="Chapter" LABEL="2.4.2模拟数据编码方法" ORDERLABEL="21"><METS:fptr FILEID="00000033"/>
				</METS:div>
				<METS:div TYPE="Chapter" LABEL="2.4.3数字数据编码方法" ORDERLABEL="23"><METS:fptr FILEID="00000035"/>
				</METS:div>
				<METS:div TYPE="Chapter" LABEL="2.4.4脉冲编码调制PCM方法" ORDERLABEL="24"><METS:fptr FILEID="00000036"/>
				</METS:div>
			</METS:div>
			<METS:div TYPE="Chapter" LABEL="2.5基带传输" ORDERLABEL="26"><METS:fptr FILEID="00000038"/>
				<METS:div TYPE="Chapter" LABEL="2.5.1基带传输的定义" ORDERLABEL="26"><METS:fptr FILEID="00000038"/>
				</METS:div>
				<METS:div TYPE="Chapter" LABEL="2.5.2基带传输的理论基础" ORDERLABEL="27"><METS:fptr FILEID="00000039"/>
				</METS:div>
				<METS:div TYPE="Chapter" LABEL="2.5.3数据传输速率的定义" ORDERLABEL="30"><METS:fptr FILEID="00000042"/>
				</METS:div>
			</METS:div>
			<METS:div TYPE="Chapter" LABEL="2.6频带传输与调制解调器" ORDERLABEL="31"><METS:fptr FILEID="00000043"/>
				<METS:div TYPE="Chapter" LABEL="2.6.1频带传输" ORDERLABEL="31"><METS:fptr FILEID="00000043"/>
				</METS:div>
				<METS:div TYPE="Chapter" LABEL="2.6.2调制解调器基本工作原理" ORDERLABEL="31"><METS:fptr FILEID="00000043"/>
				</METS:div>
				<METS:div TYPE="Chapter" LABEL="2.6.3调制解调器分类与标准" ORDERLABEL="33"><METS:fptr FILEID="00000045"/>
				</METS:div>
				<METS:div TYPE="Chapter" LABEL="2.6.4调制速率与数据传输速率" ORDERLABEL="34"><METS:fptr FILEID="00000046"/>
				</METS:div>
			</METS:div>
			<METS:div TYPE="Chapter" LABEL="2.7多路复用技术" ORDERLABEL="35"><METS:fptr FILEID="00000047"/>
				<METS:div TYPE="Chapter" LABEL="2.7.1频分多路复用" ORDERLABEL="35"><METS:fptr FILEID="00000047"/>
				</METS:div>
				<METS:div TYPE="Chapter" LABEL="2.7.2时分多路复用" ORDERLABEL="35"><METS:fptr FILEID="00000047"/>
				</METS:div>
			</METS:div>
			<METS:div TYPE="Chapter" LABEL="2.8同步技术" ORDERLABEL="36"><METS:fptr FILEID="00000048"/>
				<METS:div TYPE="Chapter" LABEL="2.8.1位同步" ORDERLABEL="36"><METS:fptr FILEID="00000048"/>
				</METS:div>
				<METS:div TYPE="Chapter" LABEL="2.8.2字符同步" ORDERLABEL="36"><METS:fptr FILEID="00000048"/>
				</METS:div>
				<METS:div TYPE="Chapter" LABEL="2.8.3帧同步" ORDERLABEL="37"><METS:fptr FILEID="00000049"/>
				</METS:div>
			</METS:div>
			<METS:div TYPE="Chapter" LABEL="2.9数据交换技术" ORDERLABEL="38"><METS:fptr FILEID="00000050"/>
				<METS:div TYPE="Chapter" LABEL="2.9.1线路交换方式" ORDERLABEL="38"><METS:fptr FILEID="00000050"/>
				</METS:div>
				<METS:div TYPE="Chapter" LABEL="2.9.2存储转发交换方式" ORDERLABEL="40"><METS:fptr FILEID="00000052"/>
				</METS:div>
				<METS:div TYPE="Chapter" LABEL="2.9.3数据报方式" ORDERLABEL="41"><METS:fptr FILEID="00000053"/>
				</METS:div>
				<METS:div TYPE="Chapter" LABEL="2.9.4虚电路方式" ORDERLABEL="41"><METS:fptr FILEID="00000053"/>
				</METS:div>
				<METS:div TYPE="Chapter" LABEL="2.9.5交换方式的比较" ORDERLABEL="43"><METS:fptr FILEID="00000055"/>
				</METS:div>
			</METS:div>
			<METS:div TYPE="Chapter" LABEL="2.10差错控制方法" ORDERLABEL="44"><METS:fptr FILEID="00000056"/>
			</METS:div>
			<METS:div TYPE="Chapter" LABEL="2.10.1差错产生的原因与差错类型" ORDERLABEL="44"><METS:fptr FILEID="00000056"/>
			</METS:div>
			<METS:div TYPE="Chapter" LABEL="2.10.2误码率的定义" ORDERLABEL="45"><METS:fptr FILEID="00000057"/>
			</METS:div>
			<METS:div TYPE="Chapter" LABEL="2.10.3检错码与纠错码" ORDERLABEL="45"><METS:fptr FILEID="00000057"/>
			</METS:div>
			<METS:div TYPE="Chapter" LABEL="2.10.4循环冗余编码（CRC）工作原理" ORDERLABEL="46"><METS:fptr FILEID="00000058"/>
			</METS:div>
			<METS:div TYPE="Chapter" LABEL="2.10.5差错控制机制" ORDERLABEL="48"><METS:fptr FILEID="00000060"/>
			</METS:div>
			<METS:div TYPE="Chapter" LABEL="习题" ORDERLABEL="50"><METS:fptr FILEID="00000062"/>
			</METS:div>
		</METS:div>
		<METS:div TYPE="Chapter" LABEL="第3章  网络体系结构与网络协议" ORDERLABEL="51"><METS:fptr FILEID="00000063"/>
			<METS:div TYPE="Chapter" LABEL="3.1网络体系结构基本概念" ORDERLABEL="51"><METS:fptr FILEID="00000063"/>
			</METS:div>
			<METS:div TYPE="Chapter" LABEL="3.2OSI参考模型的基本概念" ORDERLABEL="52"><METS:fptr FILEID="00000064"/>
				<METS:div TYPE="Chapter" LABEL="3.2.1OSI参考模型层次划分原则" ORDERLABEL="52"><METS:fptr FILEID="00000064"/>
				</METS:div>
				<METS:div TYPE="Chapter" LABEL="3.2.2OSI参考模型的结构" ORDERLABEL="52"><METS:fptr FILEID="00000064"/>
				</METS:div>
				<METS:div TYPE="Chapter" LABEL="3.2.3OSI参考模型各层功能的划分" ORDERLABEL="53"><METS:fptr FILEID="00000065"/>
				</METS:div>
				<METS:div TYPE="Chapter" LABEL="3.2.4OSI环境" ORDERLABEL="53"><METS:fptr FILEID="00000065"/>
				</METS:div>
			</METS:div>
			<METS:div TYPE="Chapter" LABEL="3.3物理层与物理接口协议" ORDERLABEL="55"><METS:fptr FILEID="00000067"/>
				<METS:div TYPE="Chapter" LABEL="3.3.1物理层概述" ORDERLABEL="55"><METS:fptr FILEID="00000067"/>
				</METS:div>
				<METS:div TYPE="Chapter" LABEL="3.3.2物理接口的四个特性" ORDERLABEL="56"><METS:fptr FILEID="00000068"/>
				</METS:div>
				<METS:div TYPE="Chapter" LABEL="3.3.3常用的物理接口标准" ORDERLABEL="57"><METS:fptr FILEID="00000069"/>
				</METS:div>
			</METS:div>
			<METS:div TYPE="Chapter" LABEL="3.4数据链路层" ORDERLABEL="63"><METS:fptr FILEID="00000075"/>
				<METS:div TYPE="Chapter" LABEL="3.4.1数据链路层的基本概念" ORDERLABEL="63"><METS:fptr FILEID="00000075"/>
				</METS:div>
				<METS:div TYPE="Chapter" LABEL="3.4.2面向比特型数据链路层协议HDLC" ORDERLABEL="64"><METS:fptr FILEID="00000076"/>
				</METS:div>
			</METS:div>
			<METS:div TYPE="Chapter" LABEL="3.5网络层" ORDERLABEL="69"><METS:fptr FILEID="00000081"/>
				<METS:div TYPE="Chapter" LABEL="3.5.1网络层基本功能" ORDERLABEL="69"><METS:fptr FILEID="00000081"/>
				</METS:div>
				<METS:div TYPE="Chapter" LABEL="3.5.2面向连接和无连接网络服务" ORDERLABEL="70"><METS:fptr FILEID="00000082"/>
				</METS:div>
				<METS:div TYPE="Chapter" LABEL="3.5.3路径选择算法" ORDERLABEL="70"><METS:fptr FILEID="00000082"/>
				</METS:div>
				<METS:div TYPE="Chapter" LABEL="3.5.4流量控制的基本概念" ORDERLABEL="73"><METS:fptr FILEID="00000085"/>
				</METS:div>
				<METS:div TYPE="Chapter" LABEL="3.5.5X.25建议书" ORDERLABEL="74"><METS:fptr FILEID="00000086"/>
				</METS:div>
			</METS:div>
			<METS:div TYPE="Chapter" LABEL="3.6传输层" ORDERLABEL="75"><METS:fptr FILEID="00000087"/>
				<METS:div TYPE="Chapter" LABEL="3.6.1传输层在网络中的作用" ORDERLABEL="75"><METS:fptr FILEID="00000087"/>
				</METS:div>
				<METS:div TYPE="Chapter" LABEL="3.6.2传输层协议与网络层服务的关系" ORDERLABEL="77"><METS:fptr FILEID="00000089"/>
				</METS:div>
				<METS:div TYPE="Chapter" LABEL="3.6.3传输层协议的分类" ORDERLABEL="77"><METS:fptr FILEID="00000089"/>
				</METS:div>
			</METS:div>
			<METS:div TYPE="Chapter" LABEL="3.7高层协议" ORDERLABEL="78"><METS:fptr FILEID="00000090"/>
				<METS:div TYPE="Chapter" LABEL="3.7.1会话层" ORDERLABEL="78"><METS:fptr FILEID="00000090"/>
				</METS:div>
				<METS:div TYPE="Chapter" LABEL="3.7.2表示层" ORDERLABEL="80"><METS:fptr FILEID="00000092"/>
				</METS:div>
				<METS:div TYPE="Chapter" LABEL="3.7.3应用层" ORDERLABEL="82"><METS:fptr FILEID="00000094"/>
				</METS:div>
			</METS:div>
			<METS:div TYPE="Chapter" LABEL="习题" ORDERLABEL="83"><METS:fptr FILEID="00000095"/>
			</METS:div>
		</METS:div>
		<METS:div TYPE="Chapter" LABEL="第4章  局域网技术" ORDERLABEL="84"><METS:fptr FILEID="00000096"/>
			<METS:div TYPE="Chapter" LABEL="4.1局域网概论" ORDERLABEL="84"><METS:fptr FILEID="00000096"/>
				<METS:div TYPE="Chapter" LABEL="4.1.1局域网的主要技术特点" ORDERLABEL="84"><METS:fptr FILEID="00000096"/>
				</METS:div>
				<METS:div TYPE="Chapter" LABEL="4.1.2局域网的拓扑构型" ORDERLABEL="84"><METS:fptr FILEID="00000096"/>
				</METS:div>
				<METS:div TYPE="Chapter" LABEL="4.1.3局域网传输介质类型与特点" ORDERLABEL="88"><METS:fptr FILEID="00000100"/>
				</METS:div>
				<METS:div TYPE="Chapter" LABEL="4.1.4局域网介质访问控制方法分类" ORDERLABEL="89"><METS:fptr FILEID="00000101"/>
				</METS:div>
				<METS:div TYPE="Chapter" LABEL="4.1.5IEEE802模型与协议" ORDERLABEL="89"><METS:fptr FILEID="00000101"/>
				</METS:div>
			</METS:div>
			<METS:div TYPE="Chapter" LABEL="4.2Ethernet基本工作原理" ORDERLABEL="91"><METS:fptr FILEID="00000103"/>
				<METS:div TYPE="Chapter" LABEL="4.2.1Ethernet发展背景" ORDERLABEL="91"><METS:fptr FILEID="00000103"/>
				</METS:div>
				<METS:div TYPE="Chapter" LABEL="4.2.2CSMA/CD基本工作原理" ORDERLABEL="92"><METS:fptr FILEID="00000104"/>
				</METS:div>
				<METS:div TYPE="Chapter" LABEL="4.2.3Ethernet实现方法" ORDERLABEL="97"><METS:fptr FILEID="00000109"/>
				</METS:div>
				<METS:div TYPE="Chapter" LABEL="4.2.4CSMA/CD与TokenBus、TokenRing的比较" ORDERLABEL="98"><METS:fptr FILEID="00000110"/>
				</METS:div>
			</METS:div>
			<METS:div TYPE="Chapter" LABEL="4.3局域网组网方法" ORDERLABEL="101"><METS:fptr FILEID="00000113"/>
				<METS:div TYPE="Chapter" LABEL="4.3.1IEEE802.3物理层标准类型" ORDERLABEL="101"><METS:fptr FILEID="00000113"/>
				</METS:div>
				<METS:div TYPE="Chapter" LABEL="4.3.2Ethernet网络接口适配器" ORDERLABEL="104"><METS:fptr FILEID="00000116"/>
				</METS:div>
				<METS:div TYPE="Chapter" LABEL="4.3.3同轴电缆Ethernet组网方法" ORDERLABEL="104"><METS:fptr FILEID="00000116"/>
				</METS:div>
				<METS:div TYPE="Chapter" LABEL="4.3.4双绞线Ethernet组网方法" ORDERLABEL="107"><METS:fptr FILEID="00000119"/>
				</METS:div>
			</METS:div>
			<METS:div TYPE="Chapter" LABEL="4.4高速局域网技术" ORDERLABEL="109"><METS:fptr FILEID="00000121"/>
				<METS:div TYPE="Chapter" LABEL="4.4.1高速局域网技术发展" ORDERLABEL="109"><METS:fptr FILEID="00000121"/>
				</METS:div>
				<METS:div TYPE="Chapter" LABEL="4.4.2交换局域网" ORDERLABEL="110"><METS:fptr FILEID="00000122"/>
				</METS:div>
				<METS:div TYPE="Chapter" LABEL="4.4.3ATM技术" ORDERLABEL="111"><METS:fptr FILEID="00000123"/>
				</METS:div>
				<METS:div TYPE="Chapter" LABEL="4.4.4虚拟局域网技术" ORDERLABEL="111"><METS:fptr FILEID="00000123"/>
				</METS:div>
				<METS:div TYPE="Chapter" LABEL="4.4.5高速局域网" ORDERLABEL="111"><METS:fptr FILEID="00000123"/>
				</METS:div>
				<METS:div TYPE="Chapter" LABEL="4.4.6高速Ethernet组网方法" ORDERLABEL="113"><METS:fptr FILEID="00000125"/>
				</METS:div>
			</METS:div>
			<METS:div TYPE="Chapter" LABEL="4.5局域网结构化布线技术" ORDERLABEL="113"><METS:fptr FILEID="00000125"/>
				<METS:div TYPE="Chapter" LABEL="4.5.1智能大厦与结构化布线基本概念" ORDERLABEL="113"><METS:fptr FILEID="00000125"/>
				</METS:div>
				<METS:div TYPE="Chapter" LABEL="4.5.2结构化布线系统的组成" ORDERLABEL="114"><METS:fptr FILEID="00000126"/>
				</METS:div>
				<METS:div TYPE="Chapter" LABEL="4.5.3结构化布线系统的应用" ORDERLABEL="115"><METS:fptr FILEID="00000127"/>
				</METS:div>
			</METS:div>
			<METS:div TYPE="Chapter" LABEL="习题" ORDERLABEL="115"><METS:fptr FILEID="00000127"/>
			</METS:div>
		</METS:div>
		<METS:div TYPE="Chapter" LABEL="第5章  局域网操作系统及应用" ORDERLABEL="116"><METS:fptr FILEID="00000128"/>
			<METS:div TYPE="Chapter" LABEL="5.1局域网操作系统概论" ORDERLABEL="116"><METS:fptr FILEID="00000128"/>
				<METS:div TYPE="Chapter" LABEL="5.1.1局域网操作系统的基本功能" ORDERLABEL="116"><METS:fptr FILEID="00000128"/>
				</METS:div>
				<METS:div TYPE="Chapter" LABEL="5.1.2局域网操作系统的发展与分类" ORDERLABEL="116"><METS:fptr FILEID="00000128"/>
				</METS:div>
			</METS:div>
			<METS:div TYPE="Chapter" LABEL="5.2NetWare局域网操作系统结构与特点" ORDERLABEL="118"><METS:fptr FILEID="00000130"/>
				<METS:div TYPE="Chapter" LABEL="5.2.1NetWare发展概况" ORDERLABEL="118"><METS:fptr FILEID="00000130"/>
				</METS:div>
				<METS:div TYPE="Chapter" LABEL="5.2.2NetWare系统结构与特点" ORDERLABEL="119"><METS:fptr FILEID="00000131"/>
				</METS:div>
				<METS:div TYPE="Chapter" LABEL="5.2.3NetWare主要服务功能" ORDERLABEL="121"><METS:fptr FILEID="00000133"/>
				</METS:div>
			</METS:div>
			<METS:div TYPE="Chapter" LABEL="5.3NetWare文件系统结构" ORDERLABEL="122"><METS:fptr FILEID="00000134"/>
				<METS:div TYPE="Chapter" LABEL="5.3.1网络目录文件结构" ORDERLABEL="122"><METS:fptr FILEID="00000134"/>
				</METS:div>
				<METS:div TYPE="Chapter" LABEL="5.3.2NetWare文件目录结构规划方法" ORDERLABEL="123"><METS:fptr FILEID="00000135"/>
				</METS:div>
			</METS:div>
			<METS:div TYPE="Chapter" LABEL="5.4NetWare网络用户与用户管理" ORDERLABEL="125"><METS:fptr FILEID="00000137"/>
				<METS:div TYPE="Chapter" LABEL="5.4.1网络用户类型" ORDERLABEL="125"><METS:fptr FILEID="00000137"/>
				</METS:div>
				<METS:div TYPE="Chapter" LABEL="5.4.2用户组" ORDERLABEL="126"><METS:fptr FILEID="00000138"/>
				</METS:div>
				<METS:div TYPE="Chapter" LABEL="5.4.3用户帐户与帐户限制" ORDERLABEL="126"><METS:fptr FILEID="00000138"/>
				</METS:div>
			</METS:div>
			<METS:div TYPE="Chapter" LABEL="5.5NetWare网络安全保密机制" ORDERLABEL="128"><METS:fptr FILEID="00000140"/>
				<METS:div TYPE="Chapter" LABEL="5.5.1NetWare网络安全保密的设计特点" ORDERLABEL="128"><METS:fptr FILEID="00000140"/>
				</METS:div>
				<METS:div TYPE="Chapter" LABEL="5.5.2注册安全性" ORDERLABEL="128"><METS:fptr FILEID="00000140"/>
				</METS:div>
				<METS:div TYPE="Chapter" LABEL="5.5.3用户信任者权限与权限屏蔽" ORDERLABEL="128"><METS:fptr FILEID="00000140"/>
				</METS:div>
				<METS:div TYPE="Chapter" LABEL="5.5.4目录与文件属性" ORDERLABEL="132"><METS:fptr FILEID="00000144"/>
				</METS:div>
			</METS:div>
			<METS:div TYPE="Chapter" LABEL="5.6NetWare系统容错技术" ORDERLABEL="133"><METS:fptr FILEID="00000145"/>
				<METS:div TYPE="Chapter" LABEL="5.6.1NetWare第一级系统容错" ORDERLABEL="133"><METS:fptr FILEID="00000145"/>
				</METS:div>
				<METS:div TYPE="Chapter" LABEL="5.6.2NetWare第二级系统容错" ORDERLABEL="134"><METS:fptr FILEID="00000146"/>
				</METS:div>
				<METS:div TYPE="Chapter" LABEL="5.6.3NetWare第三级系统容错" ORDERLABEL="136"><METS:fptr FILEID="00000148"/>
				</METS:div>
				<METS:div TYPE="Chapter" LABEL="5.6.4NetWare的事务跟踪系统" ORDERLABEL="136"><METS:fptr FILEID="00000148"/>
				</METS:div>
				<METS:div TYPE="Chapter" LABEL="5.6.5UPS监控系统" ORDERLABEL="137"><METS:fptr FILEID="00000149"/>
				</METS:div>
				<METS:div TYPE="Chapter" LABEL="5.6.6NetWare的备份与恢复功能" ORDERLABEL="137"><METS:fptr FILEID="00000149"/>
				</METS:div>
			</METS:div>
			<METS:div TYPE="Chapter" LABEL="5.7局域网防病毒技术" ORDERLABEL="139"><METS:fptr FILEID="00000151"/>
				<METS:div TYPE="Chapter" LABEL="5.7.1造成网络感染病毒的主要原因" ORDERLABEL="139"><METS:fptr FILEID="00000151"/>
				</METS:div>
				<METS:div TYPE="Chapter" LABEL="5.7.2网络病毒的危害" ORDERLABEL="139"><METS:fptr FILEID="00000151"/>
				</METS:div>
				<METS:div TYPE="Chapter" LABEL="5.7.3典型网络防病毒软件的应用" ORDERLABEL="139"><METS:fptr FILEID="00000151"/>
				</METS:div>
				<METS:div TYPE="Chapter" LABEL="5.7.4网络工作站防病毒方法" ORDERLABEL="140"><METS:fptr FILEID="00000152"/>
				</METS:div>
			</METS:div>
			<METS:div TYPE="Chapter" LABEL="5.8局域网互连技术" ORDERLABEL="141"><METS:fptr FILEID="00000153"/>
				<METS:div TYPE="Chapter" LABEL="5.8.1网络互连的基本概念" ORDERLABEL="141"><METS:fptr FILEID="00000153"/>
				</METS:div>
				<METS:div TYPE="Chapter" LABEL="5.8.2网络互连设备分类" ORDERLABEL="141"><METS:fptr FILEID="00000153"/>
				</METS:div>
				<METS:div TYPE="Chapter" LABEL="5.8.3NetWare互连技术" ORDERLABEL="142"><METS:fptr FILEID="00000154"/>
				</METS:div>
			</METS:div>
			<METS:div TYPE="Chapter" LABEL="5.9其它局域网操作系统" ORDERLABEL="144"><METS:fptr FILEID="00000156"/>
				<METS:div TYPE="Chapter" LABEL="5.9.1WindowsNTServer局域网操作系统" ORDERLABEL="144"><METS:fptr FILEID="00000156"/>
				</METS:div>
				<METS:div TYPE="Chapter" LABEL="5.9.2LANManager局域网操作系统" ORDERLABEL="146"><METS:fptr FILEID="00000158"/>
				</METS:div>
			</METS:div>
			<METS:div TYPE="Chapter" LABEL="习题" ORDERLABEL="148"><METS:fptr FILEID="00000160"/>
			</METS:div>
		</METS:div>
		<METS:div TYPE="Chapter" LABEL="第6章  网络技术发展" ORDERLABEL="149"><METS:fptr FILEID="00000161"/>
			<METS:div TYPE="Chapter" LABEL="6.1客户／服务器结构" ORDERLABEL="149"><METS:fptr FILEID="00000161"/>
				<METS:div TYPE="Chapter" LABEL="6.1.1Client/Server基本概念" ORDERLABEL="149"><METS:fptr FILEID="00000161"/>
				</METS:div>
				<METS:div TYPE="Chapter" LABEL="6.1.2Client/Server结构中的数据库服务器" ORDERLABEL="149"><METS:fptr FILEID="00000161"/>
				</METS:div>
				<METS:div TYPE="Chapter" LABEL="6.1.3Client/Server结构中的服务器类型" ORDERLABEL="151"><METS:fptr FILEID="00000163"/>
				</METS:div>
			</METS:div>
			<METS:div TYPE="Chapter" LABEL="6.2网络管理技术" ORDERLABEL="151"><METS:fptr FILEID="00000163"/>
				<METS:div TYPE="Chapter" LABEL="6.2.1网络管理概述" ORDERLABEL="151"><METS:fptr FILEID="00000163"/>
				</METS:div>
				<METS:div TYPE="Chapter" LABEL="6.2.2OSI的网络管理标准" ORDERLABEL="152"><METS:fptr FILEID="00000164"/>
				</METS:div>
				<METS:div TYPE="Chapter" LABEL="6.2.3简单网络管理协议SNMP" ORDERLABEL="152"><METS:fptr FILEID="00000164"/>
				</METS:div>
			</METS:div>
			<METS:div TYPE="Chapter" LABEL="6.3城域网技术" ORDERLABEL="153"><METS:fptr FILEID="00000165"/>
				<METS:div TYPE="Chapter" LABEL="6.3.1城域网特点" ORDERLABEL="153"><METS:fptr FILEID="00000165"/>
				</METS:div>
				<METS:div TYPE="Chapter" LABEL="6.3.2分布队列双总线DQDB标准" ORDERLABEL="153"><METS:fptr FILEID="00000165"/>
				</METS:div>
				<METS:div TYPE="Chapter" LABEL="6.3.3交换多兆位数据服务SMDS" ORDERLABEL="154"><METS:fptr FILEID="00000166"/>
				</METS:div>
			</METS:div>
			<METS:div TYPE="Chapter" LABEL="6.4宽带综合业务数据网与智能网络技术" ORDERLABEL="155"><METS:fptr FILEID="00000167"/>
				<METS:div TYPE="Chapter" LABEL="6.4.1ISDN的基本概念" ORDERLABEL="155"><METS:fptr FILEID="00000167"/>
				</METS:div>
				<METS:div TYPE="Chapter" LABEL="6.4.2从N-ISDN向B-ISDN的发展" ORDERLABEL="155"><METS:fptr FILEID="00000167"/>
				</METS:div>
				<METS:div TYPE="Chapter" LABEL="6.4.3同步光纤网SONET与同步数字体系SDH" ORDERLABEL="156"><METS:fptr FILEID="00000168"/>
				</METS:div>
				<METS:div TYPE="Chapter" LABEL="6.4.4智能网络IN" ORDERLABEL="156"><METS:fptr FILEID="00000168"/>
				</METS:div>
			</METS:div>
			<METS:div TYPE="Chapter" LABEL="6.5Internet及应用" ORDERLABEL="157"><METS:fptr FILEID="00000169"/>
				<METS:div TYPE="Chapter" LABEL="6.5.1Internet概述" ORDERLABEL="15"><METS:fptr FILEID="00000027"/>
				</METS:div>
				<METS:div TYPE="Chapter" LABEL="6.5.2Internet功能与服务" ORDERLABEL="157"><METS:fptr FILEID="00000169"/>
				</METS:div>
				<METS:div TYPE="Chapter" LABEL="6.5.3Internet用户接入方式" ORDERLABEL="160"><METS:fptr FILEID="00000172"/>
				</METS:div>
			</METS:div>
			<METS:div TYPE="Chapter" LABEL="习题" ORDERLABEL="160"><METS:fptr FILEID="00000172"/>
			</METS:div>
		</METS:div>
	</METS:structMap>
</METS:mets>
