<?xml version="1.0" encoding="utf-8"?>
<METS:mets xmlns:METS="http://www.loc.gov/METS/" xmlns:xsi="http://www.w3.org/2001/XMLSchema-instance" xmlns:gdm="http://sunsite.berkeley.edu/GDM/" xmlns:xlink="http://www.w3.org/TR/xlink" xsi:schemalocation="http://www.loc.gov/METS/http://www.loc.gov/standards/mets/mets.xsd" LABEL="Zhejiang University.jdl.China-America digital library project" TYPE="Section">
	<METS:structMap TYPE="Catalog">
		<METS:div TYPE="Chapter" LABEL="第一篇　计算机网络原理" ORDERLABEL="3"><METS:fptr FILEID="00000014"/>
			<METS:div TYPE="Chapter" LABEL="第一章　计算机网络概述" ORDERLABEL="3"><METS:fptr FILEID="00000014"/>
				<METS:div TYPE="Chapter" LABEL="第一节　计算机网络的含义和主要功能" ORDERLABEL="3"><METS:fptr FILEID="00000014"/>
				</METS:div>
				<METS:div TYPE="Chapter" LABEL="第二节　计算机网络的演变" ORDERLABEL="4"><METS:fptr FILEID="00000015"/>
				</METS:div>
				<METS:div TYPE="Chapter" LABEL="第三节　计算机网络的发展趋势" ORDERLABEL="9"><METS:fptr FILEID="00000020"/>
				</METS:div>
				<METS:div TYPE="Chapter" LABEL="第四节　网络层次体系结构及协议" ORDERLABEL="9"><METS:fptr FILEID="00000020"/>
				</METS:div>
			</METS:div>
			<METS:div TYPE="Chapter" LABEL="第二章　数据通信基础" ORDERLABEL="19"><METS:fptr FILEID="00000030"/>
				<METS:div TYPE="Chapter" LABEL="第一节　数据通信概述" ORDERLABEL="19"><METS:fptr FILEID="00000030"/>
				</METS:div>
				<METS:div TYPE="Chapter" LABEL="第二节　并行通信与串行通信" ORDERLABEL="21"><METS:fptr FILEID="00000032"/>
				</METS:div>
				<METS:div TYPE="Chapter" LABEL="第三节　模拟数据的数字编码" ORDERLABEL="22"><METS:fptr FILEID="00000033"/>
				</METS:div>
				<METS:div TYPE="Chapter" LABEL="第四节　位同步" ORDERLABEL="22"><METS:fptr FILEID="00000033"/>
				</METS:div>
				<METS:div TYPE="Chapter" LABEL="第五节　调制解调技术" ORDERLABEL="24"><METS:fptr FILEID="00000035"/>
				</METS:div>
				<METS:div TYPE="Chapter" LABEL="第六节　信道复用技术" ORDERLABEL="26"><METS:fptr FILEID="00000037"/>
				</METS:div>
				<METS:div TYPE="Chapter" LABEL="第七节　通信传输介质及结构化布线" ORDERLABEL="27"><METS:fptr FILEID="00000038"/>
				</METS:div>
				<METS:div TYPE="Chapter" LABEL="第八节　网络拓扑" ORDERLABEL="30"><METS:fptr FILEID="00000041"/>
				</METS:div>
			</METS:div>
			<METS:div TYPE="Chapter" LABEL="第三章　计算机网络基本原理" ORDERLABEL="34"><METS:fptr FILEID="00000045"/>
				<METS:div TYPE="Chapter" LABEL="第一节　物理层功能和有关标准" ORDERLABEL="34"><METS:fptr FILEID="00000045"/>
				</METS:div>
				<METS:div TYPE="Chapter" LABEL="第二节　差错控制和流量控制原理" ORDERLABEL="37"><METS:fptr FILEID="00000048"/>
				</METS:div>
				<METS:div TYPE="Chapter" LABEL="第三节　数据链路层及HDLC协议" ORDERLABEL="45"><METS:fptr FILEID="00000056"/>
				</METS:div>
				<METS:div TYPE="Chapter" LABEL="第四节　网络层及X.25协议" ORDERLABEL="51"><METS:fptr FILEID="00000062"/>
				</METS:div>
				<METS:div TYPE="Chapter" LABEL="第五节　网络互连及IP协议" ORDERLABEL="61"><METS:fptr FILEID="00000072"/>
				</METS:div>
				<METS:div TYPE="Chapter" LABEL="第六节　传输层及TCP协议" ORDERLABEL="66"><METS:fptr FILEID="00000077"/>
				</METS:div>
				<METS:div TYPE="Chapter" LABEL="第七节　网络高层和有关协议简介" ORDERLABEL="70"><METS:fptr FILEID="00000081"/>
				</METS:div>
				<METS:div TYPE="Chapter" LABEL="第八节　帧中继" ORDERLABEL="76"><METS:fptr FILEID="00000087"/>
				</METS:div>
				<METS:div TYPE="Chapter" LABEL="第九节　异步传输模式" ORDERLABEL="78"><METS:fptr FILEID="00000089"/>
				</METS:div>
			</METS:div>
		</METS:div>
		<METS:div TYPE="Chapter" LABEL="第二篇　局域网工作基本原理及应用" ORDERLABEL="83"><METS:fptr FILEID="00000094"/>
			<METS:div TYPE="Chapter" LABEL="第四章　局域网基本原理" ORDERLABEL="83"><METS:fptr FILEID="00000094"/>
				<METS:div TYPE="Chapter" LABEL="第一节　局域网概述" ORDERLABEL="83"><METS:fptr FILEID="00000094"/>
				</METS:div>
				<METS:div TYPE="Chapter" LABEL="第二节　局域网的体系结构和标准" ORDERLABEL="84"><METS:fptr FILEID="00000095"/>
				</METS:div>
				<METS:div TYPE="Chapter" LABEL="第三节　逻辑控制链路层协议" ORDERLABEL="85"><METS:fptr FILEID="00000096"/>
				</METS:div>
				<METS:div TYPE="Chapter" LABEL="第四节　CSMA/CD介质访问协议" ORDERLABEL="88"><METS:fptr FILEID="00000099"/>
				</METS:div>
				<METS:div TYPE="Chapter" LABEL="第五节　令牌环网" ORDERLABEL="91"><METS:fptr FILEID="00000102"/>
				</METS:div>
				<METS:div TYPE="Chapter" LABEL="第六节　令牌总线网" ORDERLABEL="93"><METS:fptr FILEID="00000104"/>
				</METS:div>
				<METS:div TYPE="Chapter" LABEL="第七节　局域网与网络互连" ORDERLABEL="95"><METS:fptr FILEID="00000106"/>
				</METS:div>
				<METS:div TYPE="Chapter" LABEL="第八节　千兆以太网" ORDERLABEL="98"><METS:fptr FILEID="00000109"/>
				</METS:div>
			</METS:div>
			<METS:div TYPE="Chapter" LABEL="第五章　以太网工作原理" ORDERLABEL="99"><METS:fptr FILEID="00000110"/>
				<METS:div TYPE="Chapter" LABEL="第一节　以太网的物理层及连接" ORDERLABEL="99"><METS:fptr FILEID="00000110"/>
				</METS:div>
				<METS:div TYPE="Chapter" LABEL="第二节　交换以太网" ORDERLABEL="101"><METS:fptr FILEID="00000112"/>
				</METS:div>
				<METS:div TYPE="Chapter" LABEL="第三节　快速以太网" ORDERLABEL="102"><METS:fptr FILEID="00000113"/>
				</METS:div>
			</METS:div>
			<METS:div TYPE="Chapter" LABEL="第六章　Netware网络及应用" ORDERLABEL="106"><METS:fptr FILEID="00000117"/>
				<METS:div TYPE="Chapter" LABEL="第一节　网络操作系统及Netware概述" ORDERLABEL="106"><METS:fptr FILEID="00000117"/>
				</METS:div>
				<METS:div TYPE="Chapter" LABEL="第二节　NetWare文件系统" ORDERLABEL="110"><METS:fptr FILEID="00000121"/>
				</METS:div>
				<METS:div TYPE="Chapter" LABEL="第三节　NetWare的安全性保护" ORDERLABEL="112"><METS:fptr FILEID="00000123"/>
				</METS:div>
				<METS:div TYPE="Chapter" LABEL="第四节　Netware的可靠性措施" ORDERLABEL="117"><METS:fptr FILEID="00000128"/>
				</METS:div>
				<METS:div TYPE="Chapter" LABEL="第五节  网络环境下数据库系统开发" ORDERLABEL="119"><METS:fptr FILEID="00000130"/>
				</METS:div>
			</METS:div>
			<METS:div TYPE="Chapter" LABEL="第七章　Windows环境下的网络应用" ORDERLABEL="125"><METS:fptr FILEID="00000136"/>
				<METS:div TYPE="Chapter" LABEL="第一节　Windows 95/98" ORDERLABEL="125"><METS:fptr FILEID="00000136"/>
				</METS:div>
				<METS:div TYPE="Chapter" LABEL="第二节　Windows NT 4.0" ORDERLABEL="142"><METS:fptr FILEID="00000153"/>
				</METS:div>
			</METS:div>
		</METS:div>
		<METS:div TYPE="Chapter" LABEL="第三篇  Internet网上的应用" ORDERLABEL="153"><METS:fptr FILEID="00000164"/>
			<METS:div TYPE="Chapter" LABEL="第八章  电子邮件及应用" ORDERLABEL="153"><METS:fptr FILEID="00000164"/>
				<METS:div TYPE="Chapter" LABEL="第一节  概述" ORDERLABEL="153"><METS:fptr FILEID="00000164"/>
				</METS:div>
				<METS:div TYPE="Chapter" LABEL="第二节  电子邮件地址" ORDERLABEL="15"><METS:fptr FILEID="00000026"/>
				</METS:div>
				<METS:div TYPE="Chapter" LABEL="第三节  Eudora的使用" ORDERLABEL="155"><METS:fptr FILEID="00000166"/>
				</METS:div>
				<METS:div TYPE="Chapter" LABEL="第四节  字符界面的Mailx的使用" ORDERLABEL="162"><METS:fptr FILEID="00000173"/>
				</METS:div>
			</METS:div>
			<METS:div TYPE="Chapter" LABEL="第九章  远程登录及应用方法" ORDERLABEL="166"><METS:fptr FILEID="00000177"/>
				<METS:div TYPE="Chapter" LABEL="第一节  远程登录的概念" ORDERLABEL="166"><METS:fptr FILEID="00000177"/>
				</METS:div>
				<METS:div TYPE="Chapter" LABEL="第二节  如何使用Telnet" ORDERLABEL="166"><METS:fptr FILEID="00000177"/>
				</METS:div>
				<METS:div TYPE="Chapter" LABEL="第三节  UNIX环境下的Telnet" ORDERLABEL="169"><METS:fptr FILEID="00000180"/>
				</METS:div>
				<METS:div TYPE="Chapter" LABEL="第四节  UNIX命令简介" ORDERLABEL="171"><METS:fptr FILEID="00000182"/>
				</METS:div>
			</METS:div>
			<METS:div TYPE="Chapter" LABEL="第十章  文件传输及应用方法" ORDERLABEL="174"><METS:fptr FILEID="00000185"/>
				<METS:div TYPE="Chapter" LABEL="第一节  字符界面客户软件FTP的使用方法" ORDERLABEL="174"><METS:fptr FILEID="00000185"/>
				</METS:div>
				<METS:div TYPE="Chapter" LABEL="第二节  图形界面客户软件WS_FTP的使用方法" ORDERLABEL="175"><METS:fptr FILEID="00000186"/>
				</METS:div>
				<METS:div TYPE="Chapter" LABEL="第三节  Getright的使用" ORDERLABEL="179"><METS:fptr FILEID="00000190"/>
				</METS:div>
				<METS:div TYPE="Chapter" LABEL="第四节  Archie的应用" ORDERLABEL="183"><METS:fptr FILEID="00000194"/>
				</METS:div>
				<METS:div TYPE="Chapter" LABEL="第五节  Internet上常用的文件类型" ORDERLABEL="189"><METS:fptr FILEID="00000200"/>
				</METS:div>
			</METS:div>
			<METS:div TYPE="Chapter" LABEL="第十一章  WWW环球信息浏览" ORDERLABEL="195"><METS:fptr FILEID="00000206"/>
				<METS:div TYPE="Chapter" LABEL="第一节  WWW环球信息浏览的基本概念和有关术语" ORDERLABEL="195"><METS:fptr FILEID="00000206"/>
				</METS:div>
				<METS:div TYPE="Chapter" LABEL="第二节  图形界面浏览器的使用方法" ORDERLABEL="198"><METS:fptr FILEID="00000209"/>
				</METS:div>
				<METS:div TYPE="Chapter" LABEL="第三节  WWW网页制作基础" ORDERLABEL="213"><METS:fptr FILEID="00000224"/>
				</METS:div>
				<METS:div TYPE="Chapter" LABEL="第四节  MMM环球网查询信息的方法" ORDERLABEL="218"><METS:fptr FILEID="00000229"/>
				</METS:div>
			</METS:div>
			<METS:div TYPE="Chapter" LABEL="第十二章  网络新闻USENET及应用方法" ORDERLABEL="219"><METS:fptr FILEID="00000230"/>
				<METS:div TYPE="Chapter" LABEL="第一节  电子新闻服务系统" ORDERLABEL="219"><METS:fptr FILEID="00000230"/>
				</METS:div>
				<METS:div TYPE="Chapter" LABEL="第二节  rn程序" ORDERLABEL="220"><METS:fptr FILEID="00000231"/>
				</METS:div>
				<METS:div TYPE="Chapter" LABEL="第三节  新闻规则" ORDERLABEL="222"><METS:fptr FILEID="00000233"/>
				</METS:div>
				<METS:div TYPE="Chapter" LABEL="第四节　有关．newsrc文件" ORDERLABEL="222"><METS:fptr FILEID="00000233"/>
				</METS:div>
				<METS:div TYPE="Chapter" LABEL="第五节　使用Outlook Express News连接新闻组" ORDERLABEL="222"><METS:fptr FILEID="00000233"/>
				</METS:div>
				<METS:div TYPE="Chapter" LABEL="第六节　建立一个USENET新闻组" ORDERLABEL="226"><METS:fptr FILEID="00000237"/>
				</METS:div>
				<METS:div TYPE="Chapter" LABEL="第七节　仲裁和非仲裁的新闻组" ORDERLABEL="227"><METS:fptr FILEID="00000238"/>
				</METS:div>
			</METS:div>
			<METS:div TYPE="Chapter" LABEL="第十三章  Internet网其它应用简介" ORDERLABEL="228"><METS:fptr FILEID="00000239"/>
				<METS:div TYPE="Chapter" LABEL="第一节　Gopher信息浏览及应用方法" ORDERLABEL="228"><METS:fptr FILEID="00000239"/>
				</METS:div>
				<METS:div TYPE="Chapter" LABEL="第二节  IRC应用方法" ORDERLABEL="234"><METS:fptr FILEID="00000245"/>
				</METS:div>
				<METS:div TYPE="Chapter" LABEL="第三节　NetMeeting应用方法" ORDERLABEL="236"><METS:fptr FILEID="00000247"/>
				</METS:div>
				<METS:div TYPE="Chapter" LABEL="第四节　布告栏系统BBS" ORDERLABEL="241"><METS:fptr FILEID="00000252"/>
				</METS:div>
			</METS:div>
		</METS:div>
	</METS:structMap>
</METS:mets>
