<?xml version="1.0" encoding="utf-8"?>
<METS:mets xmlns:METS="http://www.loc.gov/METS/" xmlns:xsi="http://www.w3.org/2001/XMLSchema-instance" xmlns:gdm="http://sunsite.berkeley.edu/GDM/" xmlns:xlink="http://www.w3.org/TR/xlink" xsi:schemalocation="http://www.loc.gov/METS/http://www.loc.gov/standards/mets/mets.xsd" LABEL="Zhejiang University.jdl.China-America digital library project" TYPE="Section">
	<METS:structMap TYPE="Catalog">
		<METS:div TYPE="Chapter" LABEL="第一编　数据通信与系统" ORDERLABEL="1"><METS:fptr FILEID="00000008"/>
			<METS:div TYPE="Chapter" LABEL="第一章　概述" ORDERLABEL="1"><METS:fptr FILEID="00000008"/>
			</METS:div>
			<METS:div TYPE="Chapter" LABEL="第二章　信号是什么样的？" ORDERLABEL="10"><METS:fptr FILEID="00000017"/>
				<METS:div TYPE="Chapter" LABEL="第一节　信号家族——信号的种类" ORDERLABEL="10"><METS:fptr FILEID="00000017"/>
				</METS:div>
				<METS:div TYPE="Chapter" LABEL="第二节　信号转换——编码与解码" ORDERLABEL="17"><METS:fptr FILEID="00000024"/>
				</METS:div>
				<METS:div TYPE="Chapter" LABEL="第三节　信号变换——调制与解调" ORDERLABEL="22"><METS:fptr FILEID="00000029"/>
				</METS:div>
				<METS:div TYPE="Chapter" LABEL="第四节　信号特征——时域与频域" ORDERLABEL="27"><METS:fptr FILEID="00000034"/>
				</METS:div>
			</METS:div>
			<METS:div TYPE="Chapter" LABEL="第三章  信号通过什么传递？" ORDERLABEL="34"><METS:fptr FILEID="00000041"/>
				<METS:div TYPE="Chapter" LABEL="第一节　导线传送——有线通信" ORDERLABEL="34"><METS:fptr FILEID="00000041"/>
				</METS:div>
				<METS:div TYPE="Chapter" LABEL="第二节　空间传送——无线通信" ORDERLABEL="37"><METS:fptr FILEID="00000044"/>
				</METS:div>
				<METS:div TYPE="Chapter" LABEL="第三节　传送损害——干扰与减损" ORDERLABEL="42"><METS:fptr FILEID="00000049"/>
				</METS:div>
				<METS:div TYPE="Chapter" LABEL="第四节　传送指标——速度与质量" ORDERLABEL="46"><METS:fptr FILEID="00000053"/>
				</METS:div>
			</METS:div>
			<METS:div TYPE="Chapter" LABEL="第四章　数据是怎样传送的？" ORDERLABEL="50"><METS:fptr FILEID="00000057"/>
				<METS:div TYPE="Chapter" LABEL="第一节　传送队列——串行并行" ORDERLABEL="50"><METS:fptr FILEID="00000057"/>
				</METS:div>
				<METS:div TYPE="Chapter" LABEL="第二节　单双行线——通信方式" ORDERLABEL="52"><METS:fptr FILEID="00000059"/>
				</METS:div>
				<METS:div TYPE="Chapter" LABEL="第三节　各行其道——频分复用" ORDERLABEL="55"><METS:fptr FILEID="00000062"/>
				</METS:div>
				<METS:div TYPE="Chapter" LABEL="第四节　排队行驶——时分复用" ORDERLABEL="58"><METS:fptr FILEID="00000065"/>
				</METS:div>
				<METS:div TYPE="Chapter" LABEL="第五节　交通指挥——同步转接" ORDERLABEL="60"><METS:fptr FILEID="00000067"/>
				</METS:div>
				<METS:div TYPE="Chapter" LABEL="第六节　传错对策——差错控制" ORDERLABEL="67"><METS:fptr FILEID="00000074"/>
				</METS:div>
			</METS:div>
		</METS:div>
		<METS:div TYPE="Chapter" LABEL="第二编　计算机网络与协议" ORDERLABEL="73"><METS:fptr FILEID="00000080"/>
			<METS:div TYPE="Chapter" LABEL="第五章  计算机网络是怎样建立的？" ORDERLABEL="73"><METS:fptr FILEID="00000080"/>
				<METS:div TYPE="Chapter" LABEL="第一节　组成与结构——网络拓扑" ORDERLABEL="73"><METS:fptr FILEID="00000080"/>
				</METS:div>
				<METS:div TYPE="Chapter" LABEL="第二节　简单到复杂——网络发展" ORDERLABEL="78"><METS:fptr FILEID="00000085"/>
				</METS:div>
				<METS:div TYPE="Chapter" LABEL="第三节　种类与功能——网络应用" ORDERLABEL="83"><METS:fptr FILEID="00000090"/>
				</METS:div>
			</METS:div>
			<METS:div TYPE="Chapter" LABEL="第六章  网络数据是怎样处理的？" ORDERLABEL="89"><METS:fptr FILEID="00000096"/>
				<METS:div TYPE="Chapter" LABEL="第一节　改道行驶——调制解调器" ORDERLABEL="89"><METS:fptr FILEID="00000096"/>
				</METS:div>
				<METS:div TYPE="Chapter" LABEL="第二节　用户经理——终端和主机" ORDERLABEL="93"><METS:fptr FILEID="00000100"/>
				</METS:div>
				<METS:div TYPE="Chapter" LABEL="第三节　秘书交警——通信处理机" ORDERLABEL="100"><METS:fptr FILEID="00000107"/>
				</METS:div>
			</METS:div>
			<METS:div TYPE="Chapter" LABEL="第七章  网络信息是怎样管理的？" ORDERLABEL="107"><METS:fptr FILEID="00000114"/>
				<METS:div TYPE="Chapter" LABEL="第一节　管理级别——体系结构" ORDERLABEL="108"><METS:fptr FILEID="00000115"/>
				</METS:div>
				<METS:div TYPE="Chapter" LABEL="第二节　接口规定——物理层" ORDERLABEL="114"><METS:fptr FILEID="00000121"/>
				</METS:div>
				<METS:div TYPE="Chapter" LABEL="第三节　联络规定——链路层" ORDERLABEL="118"><METS:fptr FILEID="00000125"/>
				</METS:div>
				<METS:div TYPE="Chapter" LABEL="第四节　流向规定——网络层" ORDERLABEL="128"><METS:fptr FILEID="00000135"/>
				</METS:div>
				<METS:div TYPE="Chapter" LABEL="第五节　端端规定——传送层" ORDERLABEL="136"><METS:fptr FILEID="00000143"/>
				</METS:div>
				<METS:div TYPE="Chapter" LABEL="第六节　高层规定——高三层" ORDERLABEL="141"><METS:fptr FILEID="00000148"/>
				</METS:div>
			</METS:div>
			<METS:div TYPE="Chapter" LABEL="第八章  网络之间是怎样互联的？" ORDERLABEL="152"><METS:fptr FILEID="00000159"/>
				<METS:div TYPE="Chapter" LABEL="第一节　局域联接——功能与应用" ORDERLABEL="152"><METS:fptr FILEID="00000159"/>
				</METS:div>
				<METS:div TYPE="Chapter" LABEL="第二节　局网举例——总线与环型" ORDERLABEL="159"><METS:fptr FILEID="00000166"/>
				</METS:div>
				<METS:div TYPE="Chapter" LABEL="第三节　网际联接——路由与网关" ORDERLABEL="172"><METS:fptr FILEID="00000179"/>
				</METS:div>
				<METS:div TYPE="Chapter" LABEL="第四节　互联举例——Internet" ORDERLABEL="190"><METS:fptr FILEID="00000197"/>
				</METS:div>
			</METS:div>
		</METS:div>
	</METS:structMap>
</METS:mets>
