<?xml version="1.0" encoding="utf-8"?>
<METS:mets xmlns:METS="http://www.loc.gov/METS/" xmlns:xsi="http://www.w3.org/2001/XMLSchema-instance" xmlns:gdm="http://sunsite.berkeley.edu/GDM/" xmlns:xlink="http://www.w3.org/TR/xlink" xsi:schemalocation="http://www.loc.gov/METS/http://www.loc.gov/standards/mets/mets.xsd" LABEL="Zhejiang University.jdl.China-America digital library project" TYPE="Section">
	<METS:structMap TYPE="Catalog">
		<METS:div TYPE="Chapter" LABEL="第一章  计算机网络概论" ORDERLABEL="1"><METS:fptr FILEID="00000007"/>
			<METS:div TYPE="Chapter" LABEL="§1.1  计算机网络的一般概念" ORDERLABEL="1"><METS:fptr FILEID="00000007"/>
			</METS:div>
			<METS:div TYPE="Chapter" LABEL="§1.2  计算机网络的结构" ORDERLABEL="7"><METS:fptr FILEID="00000013"/>
			</METS:div>
			<METS:div TYPE="Chapter" LABEL="§1.3  局域网和分布式系统、多终端分时系统的关系" ORDERLABEL="11"><METS:fptr FILEID="00000017"/>
			</METS:div>
			<METS:div TYPE="Chapter" LABEL="§1.4  通信及计算机网络标准制定机构" ORDERLABEL="13"><METS:fptr FILEID="00000019"/>
			</METS:div>
			<METS:div TYPE="Chapter" LABEL="习题和思考题" ORDERLABEL="15"><METS:fptr FILEID="00000021"/>
			</METS:div>
		</METS:div>
		<METS:div TYPE="Chapter" LABEL="第二章  开放系统互连参考模型——网络体系结构" ORDERLABEL="16"><METS:fptr FILEID="00000022"/>
			<METS:div TYPE="Chapter" LABEL="§2.1  网络体系结构及开放系统互连参考模型的研究方法" ORDERLABEL="16"><METS:fptr FILEID="00000022"/>
			</METS:div>
			<METS:div TYPE="Chapter" LABEL="§2.2  开放系统互连参考模型" ORDERLABEL="19"><METS:fptr FILEID="00000025"/>
			</METS:div>
			<METS:div TYPE="Chapter" LABEL="§2.3  OIS管理、各特定层概述及对OSI标准的评价" ORDERLABEL="29"><METS:fptr FILEID="00000035"/>
			</METS:div>
			<METS:div TYPE="Chapter" LABEL="§2.4  其他网络系统结构" ORDERLABEL="31"><METS:fptr FILEID="00000037"/>
			</METS:div>
			<METS:div TYPE="Chapter" LABEL="习题和思考题" ORDERLABEL="36"><METS:fptr FILEID="00000042"/>
			</METS:div>
		</METS:div>
		<METS:div TYPE="Chapter" LABEL="第三章  数据通信和物理层协议" ORDERLABEL="37"><METS:fptr FILEID="00000043"/>
			<METS:div TYPE="Chapter" LABEL="§3.1  数据通信的理论基础" ORDERLABEL="37"><METS:fptr FILEID="00000043"/>
			</METS:div>
			<METS:div TYPE="Chapter" LABEL="§3.2  数据通信系统组成和主要技术指标" ORDERLABEL="39"><METS:fptr FILEID="00000045"/>
			</METS:div>
			<METS:div TYPE="Chapter" LABEL="§3.3  信道及其主要特性" ORDERLABEL="41"><METS:fptr FILEID="00000047"/>
			</METS:div>
			<METS:div TYPE="Chapter" LABEL="§3.4  传输方式和传输设备" ORDERLABEL="44"><METS:fptr FILEID="00000050"/>
			</METS:div>
			<METS:div TYPE="Chapter" LABEL="§3.5  多路复用技术和集中器" ORDERLABEL="52"><METS:fptr FILEID="00000058"/>
			</METS:div>
			<METS:div TYPE="Chapter" LABEL="§3.6  物理层" ORDERLABEL="57"><METS:fptr FILEID="00000063"/>
			</METS:div>
			<METS:div TYPE="Chapter" LABEL="§3.7  交换原理" ORDERLABEL="64"><METS:fptr FILEID="00000070"/>
			</METS:div>
			<METS:div TYPE="Chapter" LABEL="习题和思考题" ORDERLABEL="67"><METS:fptr FILEID="00000073"/>
			</METS:div>
		</METS:div>
		<METS:div TYPE="Chapter" LABEL="第四章  介质访问子层和局域计算机网络" ORDERLABEL="68"><METS:fptr FILEID="00000074"/>
			<METS:div TYPE="Chapter" LABEL="§4.1  局域计算机网络体系结构及其协议" ORDERLABEL="68"><METS:fptr FILEID="00000074"/>
			</METS:div>
			<METS:div TYPE="Chapter" LABEL="§4.2  广播式信道局域网络协议" ORDERLABEL="81"><METS:fptr FILEID="00000087"/>
			</METS:div>
			<METS:div TYPE="Chapter" LABEL="§4.3  IEEE 802.3类型网络——Ethernet" ORDERLABEL="87"><METS:fptr FILEID="00000093"/>
			</METS:div>
			<METS:div TYPE="Chapter" LABEL="§4.4  IEEE 802.4类型的令牌总线网" ORDERLABEL="94"><METS:fptr FILEID="00000100"/>
			</METS:div>
			<METS:div TYPE="Chapter" LABEL="§4.5  IEEE 802.5类型的令牌环网" ORDERLABEL="98"><METS:fptr FILEID="00000104"/>
			</METS:div>
			<METS:div TYPE="Chapter" LABEL="§4.6  其他介质访问控制方法的环网" ORDERLABEL="104"><METS:fptr FILEID="00000110"/>
			</METS:div>
			<METS:div TYPE="Chapter" LABEL="§4.7  高速局域网（HSLN）" ORDERLABEL="108"><METS:fptr FILEID="00000114"/>
			</METS:div>
			<METS:div TYPE="Chapter" LABEL="习题和思考题" ORDERLABEL="115"><METS:fptr FILEID="00000121"/>
			</METS:div>
		</METS:div>
		<METS:div TYPE="Chapter" LABEL="第五章  数据链路层及其协议" ORDERLABEL="116"><METS:fptr FILEID="00000122"/>
			<METS:div TYPE="Chapter" LABEL="§5.1  数据链路层设计问题" ORDERLABEL="116"><METS:fptr FILEID="00000122"/>
			</METS:div>
			<METS:div TYPE="Chapter" LABEL="§5.2  面向字符基本型通信控制规程" ORDERLABEL="120"><METS:fptr FILEID="00000126"/>
			</METS:div>
			<METS:div TYPE="Chapter" LABEL="§5.3  面向字符型扩充通信规程" ORDERLABEL="126"><METS:fptr FILEID="00000132"/>
			</METS:div>
			<METS:div TYPE="Chapter" LABEL="§5.4  面向比特型通信控制规程——HDLC" ORDERLABEL="128"><METS:fptr FILEID="00000134"/>
			</METS:div>
			<METS:div TYPE="Chapter" LABEL="§5.5  数据链路协议描述和流量控制" ORDERLABEL="135"><METS:fptr FILEID="00000141"/>
			</METS:div>
			<METS:div TYPE="Chapter" LABEL="习题和思考题" ORDERLABEL="149"><METS:fptr FILEID="00000155"/>
			</METS:div>
		</METS:div>
		<METS:div TYPE="Chapter" LABEL="第六章  网络层" ORDERLABEL="150"><METS:fptr FILEID="00000156"/>
			<METS:div TYPE="Chapter" LABEL="§6.1  网络层提供的服务和功能" ORDERLABEL="150"><METS:fptr FILEID="00000156"/>
			</METS:div>
			<METS:div TYPE="Chapter" LABEL="§6.2  路由选择算法" ORDERLABEL="157"><METS:fptr FILEID="00000163"/>
			</METS:div>
			<METS:div TYPE="Chapter" LABEL="§6.3  流量控制和拥塞控制" ORDERLABEL="166"><METS:fptr FILEID="00000172"/>
			</METS:div>
			<METS:div TYPE="Chapter" LABEL="§6.4  X.25建议" ORDERLABEL="171"><METS:fptr FILEID="00000177"/>
			</METS:div>
			<METS:div TYPE="Chapter" LABEL="§6.5  网络互连" ORDERLABEL="185"><METS:fptr FILEID="00000191"/>
			</METS:div>
			<METS:div TYPE="Chapter" LABEL="习题和思考题" ORDERLABEL="197"><METS:fptr FILEID="00000203"/>
			</METS:div>
		</METS:div>
		<METS:div TYPE="Chapter" LABEL="第七章  运输层、会话层和表示层" ORDERLABEL="198"><METS:fptr FILEID="00000204"/>
			<METS:div TYPE="Chapter" LABEL="§7.1  运输层" ORDERLABEL="198"><METS:fptr FILEID="00000204"/>
			</METS:div>
			<METS:div TYPE="Chapter" LABEL="§7.2  会话层" ORDERLABEL="211"><METS:fptr FILEID="00000217"/>
			</METS:div>
			<METS:div TYPE="Chapter" LABEL="§7.3  表示层" ORDERLABEL="216"><METS:fptr FILEID="00000222"/>
			</METS:div>
			<METS:div TYPE="Chapter" LABEL="习题与思考题" ORDERLABEL="229"><METS:fptr FILEID="00000235"/>
			</METS:div>
		</METS:div>
		<METS:div TYPE="Chapter" LABEL="第八章  应用层" ORDERLABEL="230"><METS:fptr FILEID="00000236"/>
			<METS:div TYPE="Chapter" LABEL="§8.1  概述" ORDERLABEL="230"><METS:fptr FILEID="00000236"/>
			</METS:div>
			<METS:div TYPE="Chapter" LABEL="§8.2  公共应用服务元素" ORDERLABEL="233"><METS:fptr FILEID="00000239"/>
			</METS:div>
			<METS:div TYPE="Chapter" LABEL="§8.3  文件传送、访问和管理（FTAM）" ORDERLABEL="237"><METS:fptr FILEID="00000243"/>
			</METS:div>
			<METS:div TYPE="Chapter" LABEL="§8.4  虚拟终端" ORDERLABEL="244"><METS:fptr FILEID="00000250"/>
			</METS:div>
			<METS:div TYPE="Chapter" LABEL="§8.5  其他应用" ORDERLABEL="250"><METS:fptr FILEID="00000256"/>
			</METS:div>
			<METS:div TYPE="Chapter" LABEL="习题和思考题" ORDERLABEL="257"><METS:fptr FILEID="00000263"/>
			</METS:div>
		</METS:div>
		<METS:div TYPE="Chapter" LABEL="第九章  计算机网络技术的发展" ORDERLABEL="258"><METS:fptr FILEID="00000264"/>
			<METS:div TYPE="Chapter" LABEL="§9.1  光纤分布数据接口FDDI和光纤网" ORDERLABEL="258"><METS:fptr FILEID="00000264"/>
			</METS:div>
			<METS:div TYPE="Chapter" LABEL="§9.2  ISDN与CBX网" ORDERLABEL="272"><METS:fptr FILEID="00000278"/>
			</METS:div>
			<METS:div TYPE="Chapter" LABEL="§9.3  工业自动化网络协议——MAP/TOP" ORDERLABEL="283"><METS:fptr FILEID="00000289"/>
			</METS:div>
			<METS:div TYPE="Chapter" LABEL="习题和思考题" ORDERLABEL="293"><METS:fptr FILEID="00000299"/>
			</METS:div>
		</METS:div>
	</METS:structMap>
</METS:mets>
