<?xml version="1.0" encoding="utf-8"?>
<METS:mets xmlns:METS="http://www.loc.gov/METS/" xmlns:xsi="http://www.w3.org/2001/XMLSchema-instance" xmlns:gdm="http://sunsite.berkeley.edu/GDM/" xmlns:xlink="http://www.w3.org/TR/xlink" xsi:schemalocation="http://www.loc.gov/METS/http://www.loc.gov/standards/mets/mets.xsd" LABEL="Zhejiang University.jdl.China-America digital library project" TYPE="Section">
	<METS:structMap TYPE="Catalog">
		<METS:div TYPE="Chapter" LABEL="第一章　概述" ORDERLABEL="1"><METS:fptr FILEID="00000006"/>
			<METS:div TYPE="Chapter" LABEL="1.1　计算机网络的定义及发展历史" ORDERLABEL="1"><METS:fptr FILEID="00000006"/>
				<METS:div TYPE="Chapter" LABEL="1.1.1　计算机网络的定义及网络构成" ORDERLABEL="1"><METS:fptr FILEID="00000006"/>
				</METS:div>
				<METS:div TYPE="Chapter" LABEL="1.1.2　具有通信功能的计算机系统" ORDERLABEL="2"><METS:fptr FILEID="00000007"/>
				</METS:div>
				<METS:div TYPE="Chapter" LABEL="1.1.3　计算机网络" ORDERLABEL="3"><METS:fptr FILEID="00000008"/>
				</METS:div>
				<METS:div TYPE="Chapter" LABEL="1.1.4　计算机局域网（局部地区网络）" ORDERLABEL="3"><METS:fptr FILEID="00000008"/>
				</METS:div>
				<METS:div TYPE="Chapter" LABEL="1.1.5　网络互连（网际网）" ORDERLABEL="4"><METS:fptr FILEID="00000009"/>
				</METS:div>
				<METS:div TYPE="Chapter" LABEL="1.1.6　计算机网络技术展望" ORDERLABEL="4"><METS:fptr FILEID="00000009"/>
				</METS:div>
			</METS:div>
			<METS:div TYPE="Chapter" LABEL="1.2　通信子网的分类及物理拓扑结构" ORDERLABEL="5"><METS:fptr FILEID="00000010"/>
				<METS:div TYPE="Chapter" LABEL="1.2.1　通信子网的分类" ORDERLABEL="5"><METS:fptr FILEID="00000010"/>
				</METS:div>
				<METS:div TYPE="Chapter" LABEL="1.2.2　通信子网的物理拓扑结构" ORDERLABEL="6"><METS:fptr FILEID="00000011"/>
				</METS:div>
			</METS:div>
			<METS:div TYPE="Chapter" LABEL="1.3　计算机局域网的功能及应用范围" ORDERLABEL="9"><METS:fptr FILEID="00000014"/>
				<METS:div TYPE="Chapter" LABEL="1.3.1　计算机局域网的功能" ORDERLABEL="9"><METS:fptr FILEID="00000014"/>
				</METS:div>
				<METS:div TYPE="Chapter" LABEL="1.3.2　计算机局域网的应用范围" ORDERLABEL="10"><METS:fptr FILEID="00000015"/>
				</METS:div>
			</METS:div>
			<METS:div TYPE="Chapter" LABEL="1.4　计算机网格的体系结构" ORDERLABEL="12"><METS:fptr FILEID="00000017"/>
				<METS:div TYPE="Chapter" LABEL="1.4.1　协议与层次" ORDERLABEL="12"><METS:fptr FILEID="00000017"/>
				</METS:div>
				<METS:div TYPE="Chapter" LABEL="1.4.2　OSI／RM模型" ORDERLABEL="13"><METS:fptr FILEID="00000018"/>
				</METS:div>
				<METS:div TYPE="Chapter" LABEL="1.4.3　OSIat体系结构的几个概念" ORDERLABEL="16"><METS:fptr FILEID="00000021"/>
				</METS:div>
				<METS:div TYPE="Chapter" LABEL="1.4.4　服务类型与服务原语" ORDERLABEL="17"><METS:fptr FILEID="00000022"/>
				</METS:div>
				<METS:div TYPE="Chapter" LABEL="1.4.5　OSI模型中的数据传输" ORDERLABEL="19"><METS:fptr FILEID="00000024"/>
				</METS:div>
			</METS:div>
			<METS:div TYPE="Chapter" LABEL="1.5　思考题" ORDERLABEL="21"><METS:fptr FILEID="00000026"/>
			</METS:div>
		</METS:div>
		<METS:div TYPE="Chapter" LABEL="第二章　物理层" ORDERLABEL="22"><METS:fptr FILEID="00000027"/>
			<METS:div TYPE="Chapter" LABEL="2.1　数据通信" ORDERLABEL="22"><METS:fptr FILEID="00000027"/>
				<METS:div TYPE="Chapter" LABEL="2.1.1　模拟传输和数字传输" ORDERLABEL="22"><METS:fptr FILEID="00000027"/>
				</METS:div>
				<METS:div TYPE="Chapter" LABEL="2.1.2　数字信号的并行传输和串行传输" ORDERLABEL="23"><METS:fptr FILEID="00000028"/>
				</METS:div>
				<METS:div TYPE="Chapter" LABEL="2.1.3　数据传输的同步方式" ORDERLABEL="24"><METS:fptr FILEID="00000029"/>
				</METS:div>
			</METS:div>
			<METS:div TYPE="Chapter" LABEL="2.2　数据编码技术" ORDERLABEL="25"><METS:fptr FILEID="00000030"/>
				<METS:div TYPE="Chapter" LABEL="2.2.1　数字数据的数字信号" ORDERLABEL="25"><METS:fptr FILEID="00000030"/>
				</METS:div>
				<METS:div TYPE="Chapter" LABEL="2.2.2　数字数据的模拟信号" ORDERLABEL="25"><METS:fptr FILEID="00000030"/>
				</METS:div>
				<METS:div TYPE="Chapter" LABEL="2.2.3　模拟数据的数字信号" ORDERLABEL="26"><METS:fptr FILEID="00000031"/>
				</METS:div>
			</METS:div>
			<METS:div TYPE="Chapter" LABEL="2.3　数据传输速度" ORDERLABEL="27"><METS:fptr FILEID="00000032"/>
				<METS:div TYPE="Chapter" LABEL="2.3.1　调制速度" ORDERLABEL="27"><METS:fptr FILEID="00000032"/>
				</METS:div>
				<METS:div TYPE="Chapter" LABEL="2.3.2　数据传输率" ORDERLABEL="27"><METS:fptr FILEID="00000032"/>
				</METS:div>
				<METS:div TYPE="Chapter" LABEL="2.3.3　信息传输速度" ORDERLABEL="28"><METS:fptr FILEID="00000033"/>
				</METS:div>
			</METS:div>
			<METS:div TYPE="Chapter" LABEL="2.4　多路复用技术" ORDERLABEL="28"><METS:fptr FILEID="00000033"/>
				<METS:div TYPE="Chapter" LABEL="2.4.1　频分多路复用（FDM Frequency Division Multiplexing）" ORDERLABEL="28"><METS:fptr FILEID="00000033"/>
				</METS:div>
				<METS:div TYPE="Chapter" LABEL="2.4.2　时分多路复用（TDM Time－Division MultiPlexing）" ORDERLABEL="28"><METS:fptr FILEID="00000033"/>
				</METS:div>
			</METS:div>
			<METS:div TYPE="Chapter" LABEL="2.5　数据传输介质" ORDERLABEL="29"><METS:fptr FILEID="00000034"/>
				<METS:div TYPE="Chapter" LABEL="2.5.1　双绞线" ORDERLABEL="29"><METS:fptr FILEID="00000034"/>
				</METS:div>
				<METS:div TYPE="Chapter" LABEL="2.5.2　同轴电缆" ORDERLABEL="29"><METS:fptr FILEID="00000034"/>
				</METS:div>
				<METS:div TYPE="Chapter" LABEL="2.5.3　光纤" ORDERLABEL="30"><METS:fptr FILEID="00000035"/>
				</METS:div>
				<METS:div TYPE="Chapter" LABEL="2.5.4　无线传输介质" ORDERLABEL="30"><METS:fptr FILEID="00000035"/>
				</METS:div>
			</METS:div>
			<METS:div TYPE="Chapter" LABEL="2.6　物理层协议" ORDERLABEL="31"><METS:fptr FILEID="00000036"/>
				<METS:div TYPE="Chapter" LABEL="2.6.1　物理层协议内容" ORDERLABEL="31"><METS:fptr FILEID="00000036"/>
				</METS:div>
				<METS:div TYPE="Chapter" LABEL="2.6.2　物理层协议举例" ORDERLABEL="32"><METS:fptr FILEID="00000037"/>
				</METS:div>
			</METS:div>
			<METS:div TYPE="Chapter" LABEL="2.7　思考题" ORDERLABEL="35"><METS:fptr FILEID="00000040"/>
			</METS:div>
		</METS:div>
		<METS:div TYPE="Chapter" LABEL="第三章　数据链路层" ORDERLABEL="36"><METS:fptr FILEID="00000041"/>
			<METS:div TYPE="Chapter" LABEL="3.1　数据链路层的功能" ORDERLABEL="36"><METS:fptr FILEID="00000041"/>
				<METS:div TYPE="Chapter" LABEL="3.1.1　概述" ORDERLABEL="36"><METS:fptr FILEID="00000041"/>
				</METS:div>
				<METS:div TYPE="Chapter" LABEL="3.1.2　帧同步方式" ORDERLABEL="36"><METS:fptr FILEID="00000041"/>
				</METS:div>
				<METS:div TYPE="Chapter" LABEL="3.1.3　差错控制" ORDERLABEL="37"><METS:fptr FILEID="00000042"/>
				</METS:div>
			</METS:div>
			<METS:div TYPE="Chapter" LABEL="3.2　数据链路层协议" ORDERLABEL="41"><METS:fptr FILEID="00000046"/>
				<METS:div TYPE="Chapter" LABEL="3.2.1　停-等协议" ORDERLABEL="41"><METS:fptr FILEID="00000046"/>
				</METS:div>
				<METS:div TYPE="Chapter" LABEL="3.2.2　滑动窗口协议" ORDERLABEL="41"><METS:fptr FILEID="00000046"/>
				</METS:div>
				<METS:div TYPE="Chapter" LABEL="3.2.3　数据链路层协议标准--高级数据链路控制规程（High－levl Data Link Control HDLC）" ORDERLABEL="43"><METS:fptr FILEID="00000048"/>
				</METS:div>
			</METS:div>
			<METS:div TYPE="Chapter" LABEL="3.3　思考题" ORDERLABEL="47"><METS:fptr FILEID="00000052"/>
			</METS:div>
		</METS:div>
		<METS:div TYPE="Chapter" LABEL="第四章　局域网的体系结构" ORDERLABEL="48"><METS:fptr FILEID="00000053"/>
			<METS:div TYPE="Chapter" LABEL="4.1　局域网的层次结构" ORDERLABEL="48"><METS:fptr FILEID="00000053"/>
				<METS:div TYPE="Chapter" LABEL="4.1.1　IEEE802局域网协议标准" ORDERLABEL="48"><METS:fptr FILEID="00000053"/>
				</METS:div>
				<METS:div TYPE="Chapter" LABEL="4.1.2　LLC子层协议" ORDERLABEL="49"><METS:fptr FILEID="00000054"/>
				</METS:div>
			</METS:div>
			<METS:div TYPE="Chapter" LABEL="4.2　CSMA／CD" ORDERLABEL="52"><METS:fptr FILEID="00000057"/>
				<METS:div TYPE="Chapter" LABEL="4.2.1　CSMA／CD的工作原理" ORDERLABEL="52"><METS:fptr FILEID="00000057"/>
				</METS:div>
				<METS:div TYPE="Chapter" LABEL="4.2.2　CSMA／CD MAC帧格式" ORDERLABEL="54"><METS:fptr FILEID="00000059"/>
				</METS:div>
			</METS:div>
			<METS:div TYPE="Chapter" LABEL="4.3　令牌环" ORDERLABEL="55"><METS:fptr FILEID="00000060"/>
				<METS:div TYPE="Chapter" LABEL="4.3.1　令牌环的工作原理" ORDERLABEL="55"><METS:fptr FILEID="00000060"/>
				</METS:div>
				<METS:div TYPE="Chapter" LABEL="4.3.2　令牌环MAC帧格式" ORDERLABEL="56"><METS:fptr FILEID="00000061"/>
				</METS:div>
				<METS:div TYPE="Chapter" LABEL="4.3.3　环管理" ORDERLABEL="57"><METS:fptr FILEID="00000062"/>
				</METS:div>
				<METS:div TYPE="Chapter" LABEL="4.3.4　环的可靠性" ORDERLABEL="59"><METS:fptr FILEID="00000064"/>
				</METS:div>
			</METS:div>
			<METS:div TYPE="Chapter" LABEL="4.4　令牌总线" ORDERLABEL="60"><METS:fptr FILEID="00000065"/>
				<METS:div TYPE="Chapter" LABEL="4.4.1　令牌总线的工作原理" ORDERLABEL="60"><METS:fptr FILEID="00000065"/>
				</METS:div>
				<METS:div TYPE="Chapter" LABEL="4.4.2　令牌总线MAC帧格式" ORDERLABEL="60"><METS:fptr FILEID="00000065"/>
				</METS:div>
				<METS:div TYPE="Chapter" LABEL="4.4.3　介质访问管理" ORDERLABEL="61"><METS:fptr FILEID="00000066"/>
				</METS:div>
			</METS:div>
			<METS:div TYPE="Chapter" LABEL="4.5　城域网" ORDERLABEL="64"><METS:fptr FILEID="00000069"/>
				<METS:div TYPE="Chapter" LABEL="4.5.1　DQDB的物理结构" ORDERLABEL="64"><METS:fptr FILEID="00000069"/>
				</METS:div>
				<METS:div TYPE="Chapter" LABEL="4.5.2　信元结构" ORDERLABEL="65"><METS:fptr FILEID="00000070"/>
				</METS:div>
				<METS:div TYPE="Chapter" LABEL="4.5.3　介质访问过程" ORDERLABEL="65"><METS:fptr FILEID="00000070"/>
				</METS:div>
				<METS:div TYPE="Chapter" LABEL="4.5.4　DQDB的性能改善" ORDERLABEL="66"><METS:fptr FILEID="00000071"/>
				</METS:div>
			</METS:div>
			<METS:div TYPE="Chapter" LABEL="4.6　思考题" ORDERLABEL="67"><METS:fptr FILEID="00000072"/>
			</METS:div>
		</METS:div>
		<METS:div TYPE="Chapter" LABEL="第五章　网络层" ORDERLABEL="69"><METS:fptr FILEID="00000074"/>
			<METS:div TYPE="Chapter" LABEL="5.1　网络层的功能" ORDERLABEL="69"><METS:fptr FILEID="00000074"/>
				<METS:div TYPE="Chapter" LABEL="5.1.1　数据报和虚电路" ORDERLABEL="69"><METS:fptr FILEID="00000074"/>
				</METS:div>
				<METS:div TYPE="Chapter" LABEL="5.1.2　路由算法" ORDERLABEL="72"><METS:fptr FILEID="00000077"/>
				</METS:div>
				<METS:div TYPE="Chapter" LABEL="5.1.3　网络拥塞控制" ORDERLABEL="75"><METS:fptr FILEID="00000080"/>
				</METS:div>
			</METS:div>
			<METS:div TYPE="Chapter" LABEL="5.2　CCITT X.25建议" ORDERLABEL="77"><METS:fptr FILEID="00000082"/>
				<METS:div TYPE="Chapter" LABEL="5.2.1　X.25层次结构及服务类型" ORDERLABEL="78"><METS:fptr FILEID="00000083"/>
				</METS:div>
				<METS:div TYPE="Chapter" LABEL="5.2.2　X.25分组格式" ORDERLABEL="80"><METS:fptr FILEID="00000085"/>
				</METS:div>
				<METS:div TYPE="Chapter" LABEL="5.2.3　分组交换网" ORDERLABEL="82"><METS:fptr FILEID="00000087"/>
				</METS:div>
			</METS:div>
			<METS:div TYPE="Chapter" LABEL="5.3　思考题" ORDERLABEL="87"><METS:fptr FILEID="00000092"/>
			</METS:div>
		</METS:div>
		<METS:div TYPE="Chapter" LABEL="第六章　高层协议" ORDERLABEL="88"><METS:fptr FILEID="00000093"/>
			<METS:div TYPE="Chapter" LABEL="6.1　传输层" ORDERLABEL="88"><METS:fptr FILEID="00000093"/>
				<METS:div TYPE="Chapter" LABEL="6.1.1　传输层的功能" ORDERLABEL="88"><METS:fptr FILEID="00000093"/>
				</METS:div>
				<METS:div TYPE="Chapter" LABEL="6.1.2　传输层的连接管理" ORDERLABEL="92"><METS:fptr FILEID="00000097"/>
				</METS:div>
				<METS:div TYPE="Chapter" LABEL="6.1.3　传输层协议" ORDERLABEL="95"><METS:fptr FILEID="00000100"/>
				</METS:div>
			</METS:div>
			<METS:div TYPE="Chapter" LABEL="6.2　会话层" ORDERLABEL="96"><METS:fptr FILEID="00000101"/>
				<METS:div TYPE="Chapter" LABEL="6.2.1　会活层的功能" ORDERLABEL="96"><METS:fptr FILEID="00000101"/>
				</METS:div>
				<METS:div TYPE="Chapter" LABEL="6.2.2　远程过程调用RPC" ORDERLABEL="98"><METS:fptr FILEID="00000103"/>
				</METS:div>
				<METS:div TYPE="Chapter" LABEL="6.2.3　会话层协议" ORDERLABEL="101"><METS:fptr FILEID="00000106"/>
				</METS:div>
			</METS:div>
			<METS:div TYPE="Chapter" LABEL="6.3　表示层" ORDERLABEL="105"><METS:fptr FILEID="00000110"/>
				<METS:div TYPE="Chapter" LABEL="6.3.1　表示层的功能" ORDERLABEL="105"><METS:fptr FILEID="00000110"/>
				</METS:div>
				<METS:div TYPE="Chapter" LABEL="6.3.2　抽象语法表示法（ASN.1）" ORDERLABEL="106"><METS:fptr FILEID="00000111"/>
				</METS:div>
				<METS:div TYPE="Chapter" LABEL="6.3.3　代码转换" ORDERLABEL="108"><METS:fptr FILEID="00000113"/>
				</METS:div>
				<METS:div TYPE="Chapter" LABEL="6.3.4　加密与解密" ORDERLABEL="109"><METS:fptr FILEID="00000114"/>
				</METS:div>
				<METS:div TYPE="Chapter" LABEL="6.3.5　压缩与解压" ORDERLABEL="112"><METS:fptr FILEID="00000117"/>
				</METS:div>
			</METS:div>
			<METS:div TYPE="Chapter" LABEL="6.4　应用层" ORDERLABEL="113"><METS:fptr FILEID="00000118"/>
				<METS:div TYPE="Chapter" LABEL="6.4.1　应用层的功能" ORDERLABEL="114"><METS:fptr FILEID="00000119"/>
				</METS:div>
				<METS:div TYPE="Chapter" LABEL="6.4.2　虚拟终端（VT）" ORDERLABEL="116"><METS:fptr FILEID="00000121"/>
				</METS:div>
				<METS:div TYPE="Chapter" LABEL="6.4.3　文件传输协议" ORDERLABEL="119"><METS:fptr FILEID="00000124"/>
				</METS:div>
			</METS:div>
			<METS:div TYPE="Chapter" LABEL="6.5　协议集" ORDERLABEL="122"><METS:fptr FILEID="00000127"/>
				<METS:div TYPE="Chapter" LABEL="6.5.1　TCP／IP协议集" ORDERLABEL="122"><METS:fptr FILEID="00000127"/>
				</METS:div>
				<METS:div TYPE="Chapter" LABEL="6.5.2　SNA协议集" ORDERLABEL="128"><METS:fptr FILEID="00000133"/>
				</METS:div>
			</METS:div>
			<METS:div TYPE="Chapter" LABEL="6.6　思考题" ORDERLABEL="135"><METS:fptr FILEID="00000140"/>
			</METS:div>
		</METS:div>
		<METS:div TYPE="Chapter" LABEL="第七章　网络互连" ORDERLABEL="136"><METS:fptr FILEID="00000141"/>
			<METS:div TYPE="Chapter" LABEL="7.1　网络互连概述" ORDERLABEL="136"><METS:fptr FILEID="00000141"/>
				<METS:div TYPE="Chapter" LABEL="7.1.1　OSI与网络互连" ORDERLABEL="136"><METS:fptr FILEID="00000141"/>
				</METS:div>
				<METS:div TYPE="Chapter" LABEL="7.1.2　网络互连设备" ORDERLABEL="138"><METS:fptr FILEID="00000143"/>
				</METS:div>
			</METS:div>
			<METS:div TYPE="Chapter" LABEL="7.2　网桥" ORDERLABEL="138"><METS:fptr FILEID="00000143"/>
				<METS:div TYPE="Chapter" LABEL="7.2.1　引入网桥的原因" ORDERLABEL="138"><METS:fptr FILEID="00000143"/>
				</METS:div>
				<METS:div TYPE="Chapter" LABEL="7.2.2　网桥的基本工作原理" ORDERLABEL="139"><METS:fptr FILEID="00000144"/>
				</METS:div>
				<METS:div TYPE="Chapter" LABEL="7.2.3　网桥分类" ORDERLABEL="142"><METS:fptr FILEID="00000147"/>
				</METS:div>
			</METS:div>
			<METS:div TYPE="Chapter" LABEL="7.3　路由器" ORDERLABEL="144"><METS:fptr FILEID="00000149"/>
			</METS:div>
			<METS:div TYPE="Chapter" LABEL="7.4　思考题" ORDERLABEL="146"><METS:fptr FILEID="00000151"/>
			</METS:div>
		</METS:div>
		<METS:div TYPE="Chapter" LABEL="第八章　网络操作系统" ORDERLABEL="147"><METS:fptr FILEID="00000152"/>
			<METS:div TYPE="Chapter" LABEL="8.1　网络操作系统概述" ORDERLABEL="147"><METS:fptr FILEID="00000152"/>
				<METS:div TYPE="Chapter" LABEL="8.1.1　网络操作系统的功能与分类" ORDERLABEL="147"><METS:fptr FILEID="00000152"/>
				</METS:div>
				<METS:div TYPE="Chapter" LABEL="8.1.2　网络操作系统结构" ORDERLABEL="149"><METS:fptr FILEID="00000154"/>
				</METS:div>
			</METS:div>
			<METS:div TYPE="Chapter" LABEL="8.2　客户-服务器模型" ORDERLABEL="150"><METS:fptr FILEID="00000155"/>
				<METS:div TYPE="Chapter" LABEL="8.2.1　客户-服务器模型" ORDERLABEL="152"><METS:fptr FILEID="00000157"/>
				</METS:div>
				<METS:div TYPE="Chapter" LABEL="8.2.2　客户-服务器分布式处理环境" ORDERLABEL="152"><METS:fptr FILEID="00000157"/>
				</METS:div>
				<METS:div TYPE="Chapter" LABEL="8.2.3　服务器与客户机的选择" ORDERLABEL="153"><METS:fptr FILEID="00000158"/>
				</METS:div>
			</METS:div>
			<METS:div TYPE="Chapter" LABEL="8.3　网络管理" ORDERLABEL="154"><METS:fptr FILEID="00000159"/>
				<METS:div TYPE="Chapter" LABEL="8.3.1　网络管理的基本功能" ORDERLABEL="154"><METS:fptr FILEID="00000159"/>
				</METS:div>
				<METS:div TYPE="Chapter" LABEL="8.3.2　OSI与网络管理" ORDERLABEL="157"><METS:fptr FILEID="00000162"/>
				</METS:div>
				<METS:div TYPE="Chapter" LABEL="8.3.3　IEEE LAN管理标准" ORDERLABEL="158"><METS:fptr FILEID="00000163"/>
				</METS:div>
				<METS:div TYPE="Chapter" LABEL="8.3.4　IBM NETVIEW网络管理系统" ORDERLABEL="159"><METS:fptr FILEID="00000164"/>
				</METS:div>
			</METS:div>
			<METS:div TYPE="Chapter" LABEL="8.4　网络操作系统实例" ORDERLABEL="159"><METS:fptr FILEID="00000164"/>
				<METS:div TYPE="Chapter" LABEL="8.4.1　NETWARE网络操作系统简介" ORDERLABEL="159"><METS:fptr FILEID="00000164"/>
				</METS:div>
				<METS:div TYPE="Chapter" LABEL="8.4.2　Windows NT的网络功能" ORDERLABEL="168"><METS:fptr FILEID="00000173"/>
				</METS:div>
			</METS:div>
			<METS:div TYPE="Chapter" LABEL="8.5　思考题" ORDERLABEL="175"><METS:fptr FILEID="00000180"/>
			</METS:div>
		</METS:div>
		<METS:div TYPE="Chapter" LABEL="第九章　网络实例及应用" ORDERLABEL="176"><METS:fptr FILEID="00000181"/>
			<METS:div TYPE="Chapter" LABEL="9.1　以太网（Ethernet）" ORDERLABEL="176"><METS:fptr FILEID="00000181"/>
				<METS:div TYPE="Chapter" LABEL="9.1.1　概述" ORDERLABEL="176"><METS:fptr FILEID="00000181"/>
				</METS:div>
				<METS:div TYPE="Chapter" LABEL="9.1.2　标准以太网（10 BASE 5）" ORDERLABEL="176"><METS:fptr FILEID="00000181"/>
				</METS:div>
				<METS:div TYPE="Chapter" LABEL="9.1.3　细缆以太网（10 BASE 2）" ORDERLABEL="179"><METS:fptr FILEID="00000184"/>
				</METS:div>
				<METS:div TYPE="Chapter" LABEL="9.1.4　双绞线以太网（10 BASE T）" ORDERLABEL="179"><METS:fptr FILEID="00000184"/>
				</METS:div>
			</METS:div>
			<METS:div TYPE="Chapter" LABEL="9.2　令牌环网" ORDERLABEL="182"><METS:fptr FILEID="00000187"/>
				<METS:div TYPE="Chapter" LABEL="9.2.1　IBM Token Ring" ORDERLABEL="182"><METS:fptr FILEID="00000187"/>
				</METS:div>
				<METS:div TYPE="Chapter" LABEL="9.2.2　FDDI" ORDERLABEL="185"><METS:fptr FILEID="00000190"/>
				</METS:div>
			</METS:div>
			<METS:div TYPE="Chapter" LABEL="9.3　计算机化交换机（CBX）" ORDERLABEL="190"><METS:fptr FILEID="00000195"/>
				<METS:div TYPE="Chapter" LABEL="9.3.1　专用交换机（PBX）概述" ORDERLABEL="190"><METS:fptr FILEID="00000195"/>
				</METS:div>
				<METS:div TYPE="Chapter" LABEL="9.3.2　数字时分交换技术" ORDERLABEL="190"><METS:fptr FILEID="00000195"/>
				</METS:div>
				<METS:div TYPE="Chapter" LABEL="9.3.3　CBX结构" ORDERLABEL="192"><METS:fptr FILEID="00000197"/>
				</METS:div>
				<METS:div TYPE="Chapter" LABEL="9.3.4　CBX与计算机网络的互连" ORDERLABEL="193"><METS:fptr FILEID="00000198"/>
				</METS:div>
				<METS:div TYPE="Chapter" LABEL="9.3.5　CBX产品举例" ORDERLABEL="194"><METS:fptr FILEID="00000199"/>
				</METS:div>
			</METS:div>
			<METS:div TYPE="Chapter" LABEL="9.4　ISDN" ORDERLABEL="195"><METS:fptr FILEID="00000200"/>
				<METS:div TYPE="Chapter" LABEL="9.4.1　ISDN的主要业务" ORDERLABEL="196"><METS:fptr FILEID="00000201"/>
				</METS:div>
				<METS:div TYPE="Chapter" LABEL="9.4.2　ISDN系统结构" ORDERLABEL="196"><METS:fptr FILEID="00000201"/>
				</METS:div>
				<METS:div TYPE="Chapter" LABEL="9.4.3　ISDN协议模型" ORDERLABEL="198"><METS:fptr FILEID="00000203"/>
				</METS:div>
				<METS:div TYPE="Chapter" LABEL="9.4.4　ISDN交换系统" ORDERLABEL="199"><METS:fptr FILEID="00000204"/>
				</METS:div>
				<METS:div TYPE="Chapter" LABEL="9.4.5　ISDN展望" ORDERLABEL="200"><METS:fptr FILEID="00000205"/>
				</METS:div>
				<METS:div TYPE="Chapter" LABEL="9.4.6　ISDN的应用范围" ORDERLABEL="201"><METS:fptr FILEID="00000206"/>
				</METS:div>
			</METS:div>
			<METS:div TYPE="Chapter" LABEL="9.5　Internet" ORDERLABEL="202"><METS:fptr FILEID="00000207"/>
				<METS:div TYPE="Chapter" LABEL="9.5.1　Internet的应用服务" ORDERLABEL="202"><METS:fptr FILEID="00000207"/>
				</METS:div>
				<METS:div TYPE="Chapter" LABEL="9.5.2　如何与Internet互连" ORDERLABEL="205"><METS:fptr FILEID="00000210"/>
				</METS:div>
				<METS:div TYPE="Chapter" LABEL="9.5.3　Intranet" ORDERLABEL="207"><METS:fptr FILEID="00000212"/>
				</METS:div>
			</METS:div>
			<METS:div TYPE="Chapter" LABEL="9.6　结构化布线系统" ORDERLABEL="208"><METS:fptr FILEID="00000213"/>
				<METS:div TYPE="Chapter" LABEL="9.6.1　结构化布线系统构成" ORDERLABEL="208"><METS:fptr FILEID="00000213"/>
				</METS:div>
				<METS:div TYPE="Chapter" LABEL="9.6.2　结构化布线系统中的计算机网络" ORDERLABEL="209"><METS:fptr FILEID="00000214"/>
				</METS:div>
			</METS:div>
			<METS:div TYPE="Chapter" LABEL="9.7　CSCW" ORDERLABEL="212"><METS:fptr FILEID="00000217"/>
				<METS:div TYPE="Chapter" LABEL="9.7.1　CSCW概述" ORDERLABEL="212"><METS:fptr FILEID="00000217"/>
				</METS:div>
				<METS:div TYPE="Chapter" LABEL="9.7.2　CSCW的应用领域" ORDERLABEL="215"><METS:fptr FILEID="00000220"/>
				</METS:div>
				<METS:div TYPE="Chapter" LABEL="9.7.3　CSCW对通信的要求及实现技术" ORDERLABEL="215"><METS:fptr FILEID="00000220"/>
				</METS:div>
			</METS:div>
			<METS:div TYPE="Chapter" LABEL="9.8　思考题" ORDERLABEL="221"><METS:fptr FILEID="00000226"/>
			</METS:div>
		</METS:div>
		<METS:div TYPE="Chapter" LABEL="第十章　网络通信技术的发展" ORDERLABEL="223"><METS:fptr FILEID="00000228"/>
			<METS:div TYPE="Chapter" LABEL="10.1　现有网络通信技术的不足" ORDERLABEL="223"><METS:fptr FILEID="00000228"/>
				<METS:div TYPE="Chapter" LABEL="10.1.1　局域网通信技术" ORDERLABEL="223"><METS:fptr FILEID="00000228"/>
				</METS:div>
				<METS:div TYPE="Chapter" LABEL="10.1.2　分组交换网通信技术" ORDERLABEL="223"><METS:fptr FILEID="00000228"/>
				</METS:div>
				<METS:div TYPE="Chapter" LABEL="10.1.3　网络通信技术的改进" ORDERLABEL="224"><METS:fptr FILEID="00000229"/>
				</METS:div>
			</METS:div>
			<METS:div TYPE="Chapter" LABEL="10.2　帧中继（Frame Relay）" ORDERLABEL="225"><METS:fptr FILEID="00000230"/>
				<METS:div TYPE="Chapter" LABEL="10.2.1　帧中继网的体系结构" ORDERLABEL="225"><METS:fptr FILEID="00000230"/>
				</METS:div>
				<METS:div TYPE="Chapter" LABEL="10.2.2　帧中继的帧结构" ORDERLABEL="225"><METS:fptr FILEID="00000230"/>
				</METS:div>
			</METS:div>
			<METS:div TYPE="Chapter" LABEL="10.3　LAN交换技术" ORDERLABEL="227"><METS:fptr FILEID="00000232"/>
				<METS:div TYPE="Chapter" LABEL="10.3.1　以太网交换技术" ORDERLABEL="227"><METS:fptr FILEID="00000232"/>
				</METS:div>
				<METS:div TYPE="Chapter" LABEL="10.3.2　令牌环网交换技术" ORDERLABEL="228"><METS:fptr FILEID="00000233"/>
				</METS:div>
			</METS:div>
			<METS:div TYPE="Chapter" LABEL="10.4　ATM" ORDERLABEL="229"><METS:fptr FILEID="00000234"/>
				<METS:div TYPE="Chapter" LABEL="10.4.1　ATM信元" ORDERLABEL="229"><METS:fptr FILEID="00000234"/>
				</METS:div>
				<METS:div TYPE="Chapter" LABEL="10.4.2　ATM体系结构" ORDERLABEL="230"><METS:fptr FILEID="00000235"/>
				</METS:div>
				<METS:div TYPE="Chapter" LABEL="10.4.3　ATM编址" ORDERLABEL="231"><METS:fptr FILEID="00000236"/>
				</METS:div>
				<METS:div TYPE="Chapter" LABEL="10.4.4　ATM交换机" ORDERLABEL="231"><METS:fptr FILEID="00000236"/>
				</METS:div>
				<METS:div TYPE="Chapter" LABEL="10.4.5　ATM的应用" ORDERLABEL="233"><METS:fptr FILEID="00000238"/>
				</METS:div>
			</METS:div>
			<METS:div TYPE="Chapter" LABEL="10.5　组通信" ORDERLABEL="233"><METS:fptr FILEID="00000238"/>
				<METS:div TYPE="Chapter" LABEL="10.5.1　进程组与组通信机制" ORDERLABEL="234"><METS:fptr FILEID="00000239"/>
				</METS:div>
				<METS:div TYPE="Chapter" LABEL="10.5.2　V内核的进程组和组通信机制" ORDERLABEL="241"><METS:fptr FILEID="00000246"/>
				</METS:div>
				<METS:div TYPE="Chapter" LABEL="10.5.3　成组远程过程调用机制" ORDERLABEL="245"><METS:fptr FILEID="00000250"/>
				</METS:div>
			</METS:div>
			<METS:div TYPE="Chapter" LABEL="10.6　多媒体通信技术" ORDERLABEL="250"><METS:fptr FILEID="00000255"/>
				<METS:div TYPE="Chapter" LABEL="10.6.1　概述" ORDERLABEL="251"><METS:fptr FILEID="00000256"/>
				</METS:div>
				<METS:div TYPE="Chapter" LABEL="10.6.2　多媒体通信需求" ORDERLABEL="252"><METS:fptr FILEID="00000257"/>
				</METS:div>
				<METS:div TYPE="Chapter" LABEL="10.6.3　多媒体通信技术现状" ORDERLABEL="255"><METS:fptr FILEID="00000260"/>
				</METS:div>
				<METS:div TYPE="Chapter" LABEL="10.6.4　实例简介" ORDERLABEL="258"><METS:fptr FILEID="00000263"/>
				</METS:div>
			</METS:div>
			<METS:div TYPE="Chapter" LABEL="10.7　思考题" ORDERLABEL="259"><METS:fptr FILEID="00000264"/>
			</METS:div>
		</METS:div>
		<METS:div TYPE="Chapter" LABEL="第十一章　网络性能研究" ORDERLABEL="260"><METS:fptr FILEID="00000265"/>
			<METS:div TYPE="Chapter" LABEL="11.1　概述" ORDERLABEL="260"><METS:fptr FILEID="00000265"/>
				<METS:div TYPE="Chapter" LABEL="11.1.1　排队论与概率论简介" ORDERLABEL="260"><METS:fptr FILEID="00000265"/>
				</METS:div>
				<METS:div TYPE="Chapter" LABEL="11.1.2　局域网性能指标" ORDERLABEL="261"><METS:fptr FILEID="00000266"/>
				</METS:div>
			</METS:div>
			<METS:div TYPE="Chapter" LABEL="11.2　局域网性能研究方法" ORDERLABEL="262"><METS:fptr FILEID="00000267"/>
				<METS:div TYPE="Chapter" LABEL="11.2.1　几种不同的模型" ORDERLABEL="262"><METS:fptr FILEID="00000267"/>
				</METS:div>
				<METS:div TYPE="Chapter" LABEL="11.2.2　仿真模型的建立过程" ORDERLABEL="263"><METS:fptr FILEID="00000268"/>
				</METS:div>
			</METS:div>
			<METS:div TYPE="Chapter" LABEL="11.3　思考题" ORDERLABEL="266"><METS:fptr FILEID="00000271"/>
			</METS:div>
		</METS:div>
		<METS:div TYPE="Chapter" LABEL="第十二章　网络实验举例" ORDERLABEL="267"><METS:fptr FILEID="00000272"/>
			<METS:div TYPE="Chapter" LABEL="实验一　模拟HDLC部份协议实现双机端对端通信" ORDERLABEL="267"><METS:fptr FILEID="00000272"/>
			</METS:div>
			<METS:div TYPE="Chapter" LABEL="实验二　两机编辑窗口的双向通信" ORDERLABEL="272"><METS:fptr FILEID="00000277"/>
			</METS:div>
			<METS:div TYPE="Chapter" LABEL="实验三　简单的远程命令执行" ORDERLABEL="281"><METS:fptr FILEID="00000286"/>
			</METS:div>
		</METS:div>
	</METS:structMap>
</METS:mets>
