<?xml version="1.0" encoding="utf-8"?>
<METS:mets xmlns:METS="http://www.loc.gov/METS/" xmlns:xsi="http://www.w3.org/2001/XMLSchema-instance" xmlns:gdm="http://sunsite.berkeley.edu/GDM/" xmlns:xlink="http://www.w3.org/TR/xlink" xsi:schemalocation="http://www.loc.gov/METS/http://www.loc.gov/standards/mets/mets.xsd" LABEL="Zhejiang University.jdl.China-America digital library project" TYPE="Section">
	<METS:structMap TYPE="Catalog">
		<METS:div TYPE="Chapter" LABEL="第一章 传感器的一般特性" ORDERLABEL="4"><METS:fptr FILEID="00000010"/>
			<METS:div TYPE="Chapter" LABEL="§1-1传感器的静态特性" ORDERLABEL="4"><METS:fptr FILEID="00000010"/>
			</METS:div>
			<METS:div TYPE="Chapter" LABEL="§1-2传感器的动态特性" ORDERLABEL="9"><METS:fptr FILEID="00000015"/>
			</METS:div>
			<METS:div TYPE="Chapter" LABEL="思考题与习题" ORDERLABEL="17"><METS:fptr FILEID="00000023"/>
			</METS:div>
		</METS:div>
		<METS:div TYPE="Chapter" LABEL="第二章 应变式传感器" ORDERLABEL="19"><METS:fptr FILEID="00000025"/>
			<METS:div TYPE="Chapter" LABEL="§2-1金属应变片式传感器" ORDERLABEL="19"><METS:fptr FILEID="00000025"/>
			</METS:div>
			<METS:div TYPE="Chapter" LABEL="§2-2压阻式传感器" ORDERLABEL="35"><METS:fptr FILEID="00000041"/>
			</METS:div>
			<METS:div TYPE="Chapter" LABEL="思考题与习题" ORDERLABEL="44"><METS:fptr FILEID="00000050"/>
			</METS:div>
		</METS:div>
		<METS:div TYPE="Chapter" LABEL="第三章 电容式传感器" ORDERLABEL="45"><METS:fptr FILEID="00000051"/>
			<METS:div TYPE="Chapter" LABEL="§3-1电容式传感器的工作原理" ORDERLABEL="45"><METS:fptr FILEID="00000051"/>
			</METS:div>
			<METS:div TYPE="Chapter" LABEL="§3-2电容式传感器的测量电路" ORDERLABEL="50"><METS:fptr FILEID="00000056"/>
			</METS:div>
			<METS:div TYPE="Chapter" LABEL="§3-3电容式传感器的误差分析" ORDERLABEL="57"><METS:fptr FILEID="00000063"/>
			</METS:div>
			<METS:div TYPE="Chapter" LABEL="§3-4电容式传感器的应用" ORDERLABEL="59"><METS:fptr FILEID="00000065"/>
			</METS:div>
			<METS:div TYPE="Chapter" LABEL="思考题与习题" ORDERLABEL="65"><METS:fptr FILEID="00000071"/>
			</METS:div>
		</METS:div>
		<METS:div TYPE="Chapter" LABEL="第四章 电感式传感器" ORDERLABEL="67"><METS:fptr FILEID="00000073"/>
			<METS:div TYPE="Chapter" LABEL="§4-1自感式传感器" ORDERLABEL="67"><METS:fptr FILEID="00000073"/>
			</METS:div>
			<METS:div TYPE="Chapter" LABEL="§4-2差动变压器" ORDERLABEL="76"><METS:fptr FILEID="00000082"/>
			</METS:div>
			<METS:div TYPE="Chapter" LABEL="§4-3电涡流式传感器" ORDERLABEL="85"><METS:fptr FILEID="00000091"/>
			</METS:div>
			<METS:div TYPE="Chapter" LABEL="思考题与习题" ORDERLABEL="94"><METS:fptr FILEID="00000100"/>
			</METS:div>
		</METS:div>
		<METS:div TYPE="Chapter" LABEL="第五章 压电式传感器" ORDERLABEL="96"><METS:fptr FILEID="00000102"/>
			<METS:div TYPE="Chapter" LABEL="§5-1压电效应" ORDERLABEL="96"><METS:fptr FILEID="00000102"/>
			</METS:div>
			<METS:div TYPE="Chapter" LABEL="§5-2压电材料" ORDERLABEL="100"><METS:fptr FILEID="00000106"/>
			</METS:div>
			<METS:div TYPE="Chapter" LABEL="§5-3压电式传感器的测量电路" ORDERLABEL="103"><METS:fptr FILEID="00000109"/>
			</METS:div>
			<METS:div TYPE="Chapter" LABEL="§5-4压电式传感器的应用" ORDERLABEL="108"><METS:fptr FILEID="00000114"/>
			</METS:div>
			<METS:div TYPE="Chapter" LABEL="思考题与习题" ORDERLABEL="111"><METS:fptr FILEID="00000117"/>
			</METS:div>
		</METS:div>
		<METS:div TYPE="Chapter" LABEL="第六章 数字式传感器" ORDERLABEL="113"><METS:fptr FILEID="00000119"/>
			<METS:div TYPE="Chapter" LABEL="§6-1码盘式传感器" ORDERLABEL="113"><METS:fptr FILEID="00000119"/>
			</METS:div>
			<METS:div TYPE="Chapter" LABEL="§6-2光栅传感器" ORDERLABEL="117"><METS:fptr FILEID="00000123"/>
			</METS:div>
			<METS:div TYPE="Chapter" LABEL="§6-3振弦式传感器" ORDERLABEL="123"><METS:fptr FILEID="00000129"/>
			</METS:div>
			<METS:div TYPE="Chapter" LABEL="思考题与习题" ORDERLABEL="133"><METS:fptr FILEID="00000139"/>
			</METS:div>
		</METS:div>
		<METS:div TYPE="Chapter" LABEL="第七章 固态传感器" ORDERLABEL="134"><METS:fptr FILEID="00000140"/>
			<METS:div TYPE="Chapter" LABEL="§7-1磁敏传感器" ORDERLABEL="134"><METS:fptr FILEID="00000140"/>
			</METS:div>
			<METS:div TYPE="Chapter" LABEL="§7-2热敏电阻" ORDERLABEL="154"><METS:fptr FILEID="00000160"/>
			</METS:div>
			<METS:div TYPE="Chapter" LABEL="§7-3光敏传感器" ORDERLABEL="163"><METS:fptr FILEID="00000169"/>
			</METS:div>
			<METS:div TYPE="Chapter" LABEL="§7-4电荷耦合器件" ORDERLABEL="179"><METS:fptr FILEID="00000185"/>
			</METS:div>
			<METS:div TYPE="Chapter" LABEL="§7-5气体传感器" ORDERLABEL="193"><METS:fptr FILEID="00000199"/>
			</METS:div>
			<METS:div TYPE="Chapter" LABEL="§7-6湿度传感器" ORDERLABEL="204"><METS:fptr FILEID="00000210"/>
			</METS:div>
			<METS:div TYPE="Chapter" LABEL="思考题与习题" ORDERLABEL="216"><METS:fptr FILEID="00000222"/>
			</METS:div>
		</METS:div>
		<METS:div TYPE="Chapter" LABEL="第八章 光导纤维式传感器" ORDERLABEL="218"><METS:fptr FILEID="00000224"/>
			<METS:div TYPE="Chapter" LABEL="§8-1光导纤维导光的基本原理" ORDERLABEL="218"><METS:fptr FILEID="00000224"/>
			</METS:div>
			<METS:div TYPE="Chapter" LABEL="§8-2光纤传感器结构原理及分类" ORDERLABEL="220"><METS:fptr FILEID="00000226"/>
			</METS:div>
			<METS:div TYPE="Chapter" LABEL="§8-3光纤传感器的主要元器件" ORDERLABEL="223"><METS:fptr FILEID="00000229"/>
			</METS:div>
			<METS:div TYPE="Chapter" LABEL="§8-4光纤传感器的应用" ORDERLABEL="227"><METS:fptr FILEID="00000233"/>
			</METS:div>
			<METS:div TYPE="Chapter" LABEL="思考题与习题" ORDERLABEL="238"><METS:fptr FILEID="00000244"/>
			</METS:div>
		</METS:div>
		<METS:div TYPE="Chapter" LABEL="第九章 传感器的标定" ORDERLABEL="239"><METS:fptr FILEID="00000245"/>
			<METS:div TYPE="Chapter" LABEL="§9-1压力传感器的静态标定" ORDERLABEL="239"><METS:fptr FILEID="00000245"/>
			</METS:div>
			<METS:div TYPE="Chapter" LABEL="§9-2压力传感器的动态标定" ORDERLABEL="241"><METS:fptr FILEID="00000247"/>
			</METS:div>
			<METS:div TYPE="Chapter" LABEL="§9-3压力传感器的安装及引压管道影响" ORDERLABEL="246"><METS:fptr FILEID="00000252"/>
			</METS:div>
			<METS:div TYPE="Chapter" LABEL="思考题与习题" ORDERLABEL="248"><METS:fptr FILEID="00000254"/>
			</METS:div>
		</METS:div>
	</METS:structMap>
</METS:mets>
