<?xml version="1.0" encoding="utf-8"?>
<METS:mets xmlns:METS="http://www.loc.gov/METS/" xmlns:xsi="http://www.w3.org/2001/XMLSchema-instance" xmlns:gdm="http://sunsite.berkeley.edu/GDM/" xmlns:xlink="http://www.w3.org/TR/xlink" xsi:schemalocation="http://www.loc.gov/METS/http://www.loc.gov/standards/mets/mets.xsd" LABEL="Zhejiang University.jdl.China-America digital library project" TYPE="Section">
	<METS:structMap TYPE="Catalog">
		<METS:div TYPE="Chapter" LABEL="第1章  基本知识" ORDERLABEL="00000011"><METS:fptr FILEID="00000011"/>
			<METS:div TYPE="Chapter" LABEL="1.1  传感器与变送器的组成" ORDERLABEL="00000011"><METS:fptr FILEID="00000011"/>
			</METS:div>
			<METS:div TYPE="Chapter" LABEL="1.2  传感器与变送器的分类" ORDERLABEL="00000012"><METS:fptr FILEID="00000012"/>
			</METS:div>
			<METS:div TYPE="Chapter" LABEL="1.3  基本名词术语和概念" ORDERLABEL="00000014"><METS:fptr FILEID="00000014"/>
			</METS:div>
		</METS:div>
		<METS:div TYPE="Chapter" LABEL="第2章  温度" ORDERLABEL="00000021"><METS:fptr FILEID="00000021"/>
			<METS:div TYPE="Chapter" LABEL="2.1  温标" ORDERLABEL="00000021"><METS:fptr FILEID="00000021"/>
			</METS:div>
			<METS:div TYPE="Chapter" LABEL="2.2  膨胀式温度传感器" ORDERLABEL="00000022"><METS:fptr FILEID="00000022"/>
			</METS:div>
			<METS:div TYPE="Chapter" LABEL="2.3  热电式温度传感器" ORDERLABEL="00000033"><METS:fptr FILEID="00000033"/>
			</METS:div>
			<METS:div TYPE="Chapter" LABEL="2.4  电阻式温度传感器" ORDERLABEL="00000044"><METS:fptr FILEID="00000044"/>
			</METS:div>
			<METS:div TYPE="Chapter" LABEL="2.5  半导体热敏电阻" ORDERLABEL="00000050"><METS:fptr FILEID="00000050"/>
			</METS:div>
			<METS:div TYPE="Chapter" LABEL="2.6  PN结和集成温度传感器" ORDERLABEL="00000054"><METS:fptr FILEID="00000054"/>
			</METS:div>
			<METS:div TYPE="Chapter" LABEL="2.7  其它温度传感器" ORDERLABEL="00000059"><METS:fptr FILEID="00000059"/>
			</METS:div>
			<METS:div TYPE="Chapter" LABEL="2.8  温度变送器" ORDERLABEL="00000065"><METS:fptr FILEID="00000065"/>
			</METS:div>
		</METS:div>
		<METS:div TYPE="Chapter" LABEL="第3章  压力" ORDERLABEL="00000077"><METS:fptr FILEID="00000077"/>
			<METS:div TYPE="Chapter" LABEL="3.1  压力的概念及单位" ORDERLABEL="00000077"><METS:fptr FILEID="00000077"/>
			</METS:div>
			<METS:div TYPE="Chapter" LABEL="3.2  液柱测压原理" ORDERLABEL="00000079"><METS:fptr FILEID="00000079"/>
			</METS:div>
			<METS:div TYPE="Chapter" LABEL="3.3  弹性变形测压原理" ORDERLABEL="00000081"><METS:fptr FILEID="00000081"/>
			</METS:div>
			<METS:div TYPE="Chapter" LABEL="3.4  应变式压力传感器及变送器" ORDERLABEL="00000086"><METS:fptr FILEID="00000086"/>
			</METS:div>
			<METS:div TYPE="Chapter" LABEL="3.5  力平衡式压力变送器" ORDERLABEL="00000096"><METS:fptr FILEID="00000096"/>
			</METS:div>
			<METS:div TYPE="Chapter" LABEL="3.6  电容式压力变送器" ORDERLABEL="00000102"><METS:fptr FILEID="00000102"/>
			</METS:div>
			<METS:div TYPE="Chapter" LABEL="3.7  频率式压力传感器及变送器" ORDERLABEL="00000112"><METS:fptr FILEID="00000112"/>
			</METS:div>
			<METS:div TYPE="Chapter" LABEL="3.8  压电式压力传感器" ORDERLABEL="00000120"><METS:fptr FILEID="00000120"/>
			</METS:div>
			<METS:div TYPE="Chapter" LABEL="3.9  灵巧型压力变送器" ORDERLABEL="00000125"><METS:fptr FILEID="00000125"/>
			</METS:div>
		</METS:div>
		<METS:div TYPE="Chapter" LABEL="第4章  流量" ORDERLABEL="00000128"><METS:fptr FILEID="00000128"/>
			<METS:div TYPE="Chapter" LABEL="4.1  概述" ORDERLABEL="00000128"><METS:fptr FILEID="00000128"/>
			</METS:div>
			<METS:div TYPE="Chapter" LABEL="4.2  容积式流量计" ORDERLABEL="00000128"><METS:fptr FILEID="00000128"/>
			</METS:div>
			<METS:div TYPE="Chapter" LABEL="4.3  速度式流量计" ORDERLABEL="00000132"><METS:fptr FILEID="00000132"/>
			</METS:div>
			<METS:div TYPE="Chapter" LABEL="4.4  差压式流量传感器及变送器" ORDERLABEL="00000134"><METS:fptr FILEID="00000134"/>
			</METS:div>
			<METS:div TYPE="Chapter" LABEL="4.5  靶式及转子流量变送器" ORDERLABEL="00000142"><METS:fptr FILEID="00000142"/>
			</METS:div>
			<METS:div TYPE="Chapter" LABEL="4.6  旋涡流量传感器与变送器" ORDERLABEL="00000145"><METS:fptr FILEID="00000145"/>
			</METS:div>
			<METS:div TYPE="Chapter" LABEL="4.7  电磁及超声流量计" ORDERLABEL="00000149"><METS:fptr FILEID="00000149"/>
			</METS:div>
			<METS:div TYPE="Chapter" LABEL="4.8  质量流量传感器与变送器" ORDERLABEL="00000154"><METS:fptr FILEID="00000154"/>
			</METS:div>
		</METS:div>
		<METS:div TYPE="Chapter" LABEL="第5章  物位" ORDERLABEL="00000158"><METS:fptr FILEID="00000158"/>
			<METS:div TYPE="Chapter" LABEL="5.1  概述" ORDERLABEL="00000158"><METS:fptr FILEID="00000158"/>
			</METS:div>
			<METS:div TYPE="Chapter" LABEL="5.2  压力式液位变送器" ORDERLABEL="00000159"><METS:fptr FILEID="00000159"/>
			</METS:div>
			<METS:div TYPE="Chapter" LABEL="5.3  浮力式液位传感器及变送器" ORDERLABEL="00000161"><METS:fptr FILEID="00000161"/>
			</METS:div>
			<METS:div TYPE="Chapter" LABEL="5.4  电容式物位传感器及变送器" ORDERLABEL="00000168"><METS:fptr FILEID="00000168"/>
			</METS:div>
			<METS:div TYPE="Chapter" LABEL="5.5  电导式及电感式物位传感器" ORDERLABEL="00000174"><METS:fptr FILEID="00000174"/>
			</METS:div>
			<METS:div TYPE="Chapter" LABEL="5.6  阻力式料位传感器及变送器" ORDERLABEL="00000176"><METS:fptr FILEID="00000176"/>
			</METS:div>
			<METS:div TYPE="Chapter" LABEL="5.7  超声式物位传感器" ORDERLABEL="00000180"><METS:fptr FILEID="00000180"/>
			</METS:div>
			<METS:div TYPE="Chapter" LABEL="5.8  微波式及γ射线式物位仪表" ORDERLABEL="00000183"><METS:fptr FILEID="00000183"/>
			</METS:div>
		</METS:div>
		<METS:div TYPE="Chapter" LABEL="第6章  成分" ORDERLABEL="00000185"><METS:fptr FILEID="00000185"/>
			<METS:div TYPE="Chapter" LABEL="6.1  概述" ORDERLABEL="00000185"><METS:fptr FILEID="00000185"/>
			</METS:div>
			<METS:div TYPE="Chapter" LABEL="6.2  热导式气体分析器" ORDERLABEL="00000186"><METS:fptr FILEID="00000186"/>
			</METS:div>
			<METS:div TYPE="Chapter" LABEL="6.3  磁性氧量分析器" ORDERLABEL="00000192"><METS:fptr FILEID="00000192"/>
			</METS:div>
			<METS:div TYPE="Chapter" LABEL="6.4  氧化锆氧量计" ORDERLABEL="00000197"><METS:fptr FILEID="00000197"/>
			</METS:div>
			<METS:div TYPE="Chapter" LABEL="6.5  红外线气体分析器" ORDERLABEL="00000201"><METS:fptr FILEID="00000201"/>
			</METS:div>
			<METS:div TYPE="Chapter" LABEL="6.6  气相色谱仪" ORDERLABEL="00000206"><METS:fptr FILEID="00000206"/>
			</METS:div>
			<METS:div TYPE="Chapter" LABEL="6.7  半导体气敏元件" ORDERLABEL="00000214"><METS:fptr FILEID="00000214"/>
			</METS:div>
			<METS:div TYPE="Chapter" LABEL="6.8  含水量和湿度" ORDERLABEL="00000217"><METS:fptr FILEID="00000217"/>
			</METS:div>
			<METS:div TYPE="Chapter" LABEL="6.9  酸度和选择性离子浓度" ORDERLABEL="00000222"><METS:fptr FILEID="00000222"/>
			</METS:div>
		</METS:div>
		<METS:div TYPE="Chapter" LABEL="第7章  机械量" ORDERLABEL="00000230"><METS:fptr FILEID="00000230"/>
			<METS:div TYPE="Chapter" LABEL="7.1  电容式位移传感器" ORDERLABEL="00000230"><METS:fptr FILEID="00000230"/>
			</METS:div>
			<METS:div TYPE="Chapter" LABEL="7.2  自感式位移传感器" ORDERLABEL="00000237"><METS:fptr FILEID="00000237"/>
			</METS:div>
			<METS:div TYPE="Chapter" LABEL="7.3  差动变压器位移传感器" ORDERLABEL="00000240"><METS:fptr FILEID="00000240"/>
			</METS:div>
			<METS:div TYPE="Chapter" LABEL="7.4  电涡流位移及厚度传感器" ORDERLABEL="00000243"><METS:fptr FILEID="00000243"/>
			</METS:div>
			<METS:div TYPE="Chapter" LABEL="7.5  感应同步器" ORDERLABEL="00000246"><METS:fptr FILEID="00000246"/>
			</METS:div>
			<METS:div TYPE="Chapter" LABEL="7.6  位移及转角的光测法" ORDERLABEL="00000249"><METS:fptr FILEID="00000249"/>
			</METS:div>
			<METS:div TYPE="Chapter" LABEL="7.7  图象传感器" ORDERLABEL="00000255"><METS:fptr FILEID="00000255"/>
			</METS:div>
			<METS:div TYPE="Chapter" LABEL="7.8  位移及转角的磁测法" ORDERLABEL="00000259"><METS:fptr FILEID="00000259"/>
			</METS:div>
			<METS:div TYPE="Chapter" LABEL="7.9  转速传感器" ORDERLABEL="00000263"><METS:fptr FILEID="00000263"/>
			</METS:div>
			<METS:div TYPE="Chapter" LABEL="7.10  力、转矩及振动传感器" ORDERLABEL="00000266"><METS:fptr FILEID="00000266"/>
			</METS:div>
		</METS:div>
		<METS:div TYPE="Chapter" LABEL="第8章  光强" ORDERLABEL="00000274"><METS:fptr FILEID="00000274"/>
			<METS:div TYPE="Chapter" LABEL="8.1  概述" ORDERLABEL="00000274"><METS:fptr FILEID="00000274"/>
			</METS:div>
			<METS:div TYPE="Chapter" LABEL="8.2  发光器件" ORDERLABEL="00000276"><METS:fptr FILEID="00000276"/>
			</METS:div>
			<METS:div TYPE="Chapter" LABEL="8.3  光敏元件" ORDERLABEL="00000280"><METS:fptr FILEID="00000280"/>
			</METS:div>
			<METS:div TYPE="Chapter" LABEL="8.4  光电耦合器" ORDERLABEL="00000291"><METS:fptr FILEID="00000291"/>
			</METS:div>
		</METS:div>
		<METS:div TYPE="Chapter" LABEL="第9章  磁场" ORDERLABEL="00000294"><METS:fptr FILEID="00000294"/>
			<METS:div TYPE="Chapter" LABEL="9.1  霍尔效应传感器" ORDERLABEL="00000294"><METS:fptr FILEID="00000294"/>
			</METS:div>
			<METS:div TYPE="Chapter" LABEL="9.2  集成霍尔器件" ORDERLABEL="00000297"><METS:fptr FILEID="00000297"/>
			</METS:div>
			<METS:div TYPE="Chapter" LABEL="9.3  磁敏电阻" ORDERLABEL="00000299"><METS:fptr FILEID="00000299"/>
			</METS:div>
			<METS:div TYPE="Chapter" LABEL="9.4  磁敏二极管及三极管" ORDERLABEL="00000302"><METS:fptr FILEID="00000302"/>
			</METS:div>
		</METS:div>
	</METS:structMap>
</METS:mets>
