<?xml version="1.0" encoding="UTF-8"?>
<METS:mets xmlns:METS="http://www.loc.gov/METS/" xmlns:xsi="http://www.w3.org/2001/XMLSchema-instance" xmlns:gdm="http://sunsite.berkeley.edu/GDM/" xmlns:xlink="http://www.w3.org/TR/xlink" xsi:schemalocation="http://www.loc.gov/METS/http://www.loc.gov/standards/mets/mets.xsd" LABEL="Zhejiang University.jdl.China-America digital library project" TYPE="Section">
	<METS:structMap TYPE="Catalog">
		<METS:div TYPE="Chapter" LABEL="一、家用电器中的敏感元件" ORDERLABEL="00000009">
			<METS:fptr FILEID="00000009" />
			<METS:div TYPE="Chapter" LABEL="(一)热敏电阻器" ORDERLABEL="00000009">
				<METS:fptr FILEID="00000009" />
			</METS:div>
			<METS:div TYPE="Chapter" LABEL="(二)氧化锌(ZnO)压敏电阻器" ORDERLABEL="00000023">
				<METS:fptr FILEID="00000023" />
			</METS:div>
			<METS:div TYPE="Chapter" LABEL="(三)光敏元件" ORDERLABEL="00000030">
				<METS:fptr FILEID="00000030" />
			</METS:div>
			<METS:div TYPE="Chapter" LABEL="(四)气敏元件" ORDERLABEL="00000043">
				<METS:fptr FILEID="00000043" />
			</METS:div>
		</METS:div>
		<METS:div TYPE="Chapter" LABEL="三、模拟和混合模拟/数字集成电路的应用" ORDERLABEL="00000068">
			<METS:fptr FILEID="00000068" />
			<METS:div TYPE="Chapter" LABEL="(一)三端集成稳压器" ORDERLABEL="00000068">
				<METS:fptr FILEID="00000068" />
			</METS:div>
			<METS:div TYPE="Chapter" LABEL="(二)运算放大器" ORDERLABEL="00000077">
				<METS:fptr FILEID="00000077" />
			</METS:div>
			<METS:div TYPE="Chapter" LABEL="(三)电压比较器" ORDERLABEL="00000082">
				<METS:fptr FILEID="00000082" />
			</METS:div>
			<METS:div TYPE="Chapter" LABEL="(四)时基电路555" ORDERLABEL="00000086">
				<METS:fptr FILEID="00000086" />
			</METS:div>
			<METS:div TYPE="Chapter" LABEL="(五)锁相环音频译码集成电路" ORDERLABEL="00000095">
				<METS:fptr FILEID="00000095" />
			</METS:div>
			<METS:div TYPE="Chapter" LABEL="(六)数字电子钟电路" ORDERLABEL="00000097">
				<METS:fptr FILEID="00000097" />
			</METS:div>
		</METS:div>
		<METS:div TYPE="Chapter" LABEL="五、单片微型计算机基础知识" ORDERLABEL="00000133">
			<METS:fptr FILEID="00000133" />
			<METS:div TYPE="Chapter" LABEL="(一)绪论" ORDERLABEL="00000133">
				<METS:fptr FILEID="00000133" />
			</METS:div>
			<METS:div TYPE="Chapter" LABEL="(二)单片机的基本结构和工作过程" ORDERLABEL="00000136">
				<METS:fptr FILEID="00000136" />
			</METS:div>
			<METS:div TYPE="Chapter" LABEL="(三)单片机的存储器" ORDERLABEL="00000141">
				<METS:fptr FILEID="00000141" />
			</METS:div>
			<METS:div TYPE="Chapter" LABEL="(四)MCS-48系列单片微型计算机" ORDERLABEL="00000146">
				<METS:fptr FILEID="00000146" />
			</METS:div>
			<METS:div TYPE="Chapter" LABEL="(五)MCS-48系列单片微型计算机在全自动洗衣机控制电路中的应用" ORDERLABEL="00000159">
				<METS:fptr FILEID="00000159" />
			</METS:div>
			<METS:div TYPE="Chapter" LABEL="(六)Z8系列单片微型计算机" ORDERLABEL="00000185">
				<METS:fptr FILEID="00000185" />
			</METS:div>
		</METS:div>
		<METS:div TYPE="Chapter" LABEL="七、家用电器中的单片机控制电路" ORDERLABEL="00000224">
			<METS:fptr FILEID="00000224" />
			<METS:div TYPE="Chapter" LABEL="(一)洗衣机控制电路" ORDERLABEL="00000224">
				<METS:fptr FILEID="00000224" />
			</METS:div>
			<METS:div TYPE="Chapter" LABEL="(二)电扇控制电路" ORDERLABEL="00000241">
				<METS:fptr FILEID="00000241" />
			</METS:div>
			<METS:div TYPE="Chapter" LABEL="(三)电饭锅控制电路" ORDERLABEL="00000248">
				<METS:fptr FILEID="00000248" />
			</METS:div>
		</METS:div>
		<METS:div TYPE="Chapter" LABEL="附录二、部分常用进口晶体管特性参数表" ORDERLABEL="00000271">
			<METS:fptr FILEID="00000271" />
		</METS:div>
		<METS:div TYPE="Chapter" LABEL="附录四、MCS-48系列指令表" ORDERLABEL="00000275">
			<METS:fptr FILEID="00000275" />
		</METS:div>
	</METS:structMap>
</METS:mets>

