<?xml version="1.0" encoding="UTF-8"?>
<METS:mets xmlns:METS="http://www.loc.gov/METS/" xmlns:xsi="http://www.w3.org/2001/XMLSchema-instance" xmlns:gdm="http://sunsite.berkeley.edu/GDM/" xmlns:xlink="http://www.w3.org/TR/xlink" xsi:schemalocation="http://www.loc.gov/METS/http://www.loc.gov/standards/mets/mets.xsd" LABEL="Zhejiang University.jdl.China-America digital library project" TYPE="Section">
	<METS:structMap TYPE="Catalog">
		<METS:div TYPE="Chapter" LABEL="第一章  概论" ORDERLABEL="00000009">
			<METS:fptr FILEID="00000009" />
			<METS:div TYPE="Chapter" LABEL="§1.1  检测仪器电路的内容与功用" ORDERLABEL="00000009">
				<METS:fptr FILEID="00000009" />
			</METS:div>
			<METS:div TYPE="Chapter" LABEL="§1.2  对检测仪器电路的主要要求" ORDERLABEL="00000010">
				<METS:fptr FILEID="00000010" />
			</METS:div>
			<METS:div TYPE="Chapter" LABEL="§1.3  检测仪器电路的发展趋势" ORDERLABEL="00000012">
				<METS:fptr FILEID="00000012" />
			</METS:div>
		</METS:div>
		<METS:div TYPE="Chapter" LABEL="第三章  信号处理电路" ORDERLABEL="00000052">
			<METS:fptr FILEID="00000052" />
			<METS:div TYPE="Chapter" LABEL="§3.1  有源滤波器电路" ORDERLABEL="00000052">
				<METS:fptr FILEID="00000052" />
				<METS:div TYPE="Chapter" LABEL="§3.1.1  有源滤波器分类和基本参数" ORDERLABEL="00000053">
					<METS:fptr FILEID="00000053" />
				</METS:div>
				<METS:div TYPE="Chapter" LABEL="§3.1.2  组成二阶有源滤波器的基本方法" ORDERLABEL="00000054">
					<METS:fptr FILEID="00000054" />
				</METS:div>
				<METS:div TYPE="Chapter" LABEL="§3.1.3  二阶有源滤波器传递函数的分析与设计" ORDERLABEL="00000056">
					<METS:fptr FILEID="00000056" />
				</METS:div>
				<METS:div TYPE="Chapter" LABEL="§3.1.4  有源滤波器设计" ORDERLABEL="00000058">
					<METS:fptr FILEID="00000058" />
				</METS:div>
			</METS:div>
			<METS:div TYPE="Chapter" LABEL="§3.2  绝对值检测电路" ORDERLABEL="00000065">
				<METS:fptr FILEID="00000065" />
				<METS:div TYPE="Chapter" LABEL="§3.2.1  绝对值电路原理" ORDERLABEL="00000065">
					<METS:fptr FILEID="00000065" />
				</METS:div>
				<METS:div TYPE="Chapter" LABEL="§3.2.2  绝对值电路性能的改善" ORDERLABEL="00000066">
					<METS:fptr FILEID="00000066" />
				</METS:div>
			</METS:div>
			<METS:div TYPE="Chapter" LABEL="§3.3  峰值保持电路" ORDERLABEL="00000069">
				<METS:fptr FILEID="00000069" />
				<METS:div TYPE="Chapter" LABEL="§3.3.1  峰值保持电路性能的改善" ORDERLABEL="00000069">
					<METS:fptr FILEID="00000069" />
				</METS:div>
				<METS:div TYPE="Chapter" LABEL="§3.3.2  误差分析" ORDERLABEL="00000069">
					<METS:fptr FILEID="00000069" />
				</METS:div>
				<METS:div TYPE="Chapter" LABEL="§3.3.3  峰值保持电路性能的改善" ORDERLABEL="00000072">
					<METS:fptr FILEID="00000072" />
				</METS:div>
				<METS:div TYPE="Chapter" LABEL="§3.3.4  峰-峰值检测电路" ORDERLABEL="00000075">
					<METS:fptr FILEID="00000075" />
				</METS:div>
			</METS:div>
			<METS:div TYPE="Chapter" LABEL="§3.4  采样-保持电路" ORDERLABEL="00000076">
				<METS:fptr FILEID="00000076" />
				<METS:div TYPE="Chapter" LABEL="§3.4.1  工作原理" ORDERLABEL="00000076">
					<METS:fptr FILEID="00000076" />
				</METS:div>
				<METS:div TYPE="Chapter" LABEL="§3.4.2  采样电路的特性及参数" ORDERLABEL="00000076">
					<METS:fptr FILEID="00000076" />
				</METS:div>
				<METS:div TYPE="Chapter" LABEL="§3.4.3  采样-保持电路" ORDERLABEL="00000079">
					<METS:fptr FILEID="00000079" />
				</METS:div>
			</METS:div>
			<METS:div TYPE="Chapter" LABEL="§3.5  真有效值检测电路" ORDERLABEL="00000083">
				<METS:fptr FILEID="00000083" />
				<METS:div TYPE="Chapter" LABEL="§3.5.1  平均值响应、峰值响应、有效值响应电压表概述" ORDERLABEL="00000083">
					<METS:fptr FILEID="00000083" />
				</METS:div>
				<METS:div TYPE="Chapter" LABEL="§3.5.2  真有效值响应交流电压表原理" ORDERLABEL="00000084">
					<METS:fptr FILEID="00000084" />
				</METS:div>
				<METS:div TYPE="Chapter" LABEL="§3.5.3  真有效值测量精度与波形关系" ORDERLABEL="00000088">
					<METS:fptr FILEID="00000088" />
				</METS:div>
			</METS:div>
			<METS:div TYPE="Chapter" LABEL="§3.6  模拟电压比较器" ORDERLABEL="00000089">
				<METS:fptr FILEID="00000089" />
				<METS:div TYPE="Chapter" LABEL="§3.6.1  概述" ORDERLABEL="00000089">
					<METS:fptr FILEID="00000089" />
				</METS:div>
				<METS:div TYPE="Chapter" LABEL="§3.6.2  模拟电压比较器特性参数" ORDERLABEL="00000090">
					<METS:fptr FILEID="00000090" />
				</METS:div>
				<METS:div TYPE="Chapter" LABEL="§3.6.3  过零比较器" ORDERLABEL="00000091">
					<METS:fptr FILEID="00000091" />
				</METS:div>
				<METS:div TYPE="Chapter" LABEL="§3.6.4  电平检测器" ORDERLABEL="00000092">
					<METS:fptr FILEID="00000092" />
				</METS:div>
				<METS:div TYPE="Chapter" LABEL="§3.6.5  回差电压比较器" ORDERLABEL="00000094">
					<METS:fptr FILEID="00000094" />
				</METS:div>
				<METS:div TYPE="Chapter" LABEL="§3.6.6  窗口比较器" ORDERLABEL="00000095">
					<METS:fptr FILEID="00000095" />
				</METS:div>
			</METS:div>
		</METS:div>
		<METS:div TYPE="Chapter" LABEL="第五章  调制与解调" ORDERLABEL="00000113">
			<METS:fptr FILEID="00000113" />
			<METS:div TYPE="Chapter" LABEL="§5.1  振幅调制与解调" ORDERLABEL="00000113">
				<METS:fptr FILEID="00000113" />
				<METS:div TYPE="Chapter" LABEL="§5.1.1  振幅调制和调制特性" ORDERLABEL="00000114">
					<METS:fptr FILEID="00000114" />
				</METS:div>
				<METS:div TYPE="Chapter" LABEL="§5.1.2  调幅波的解调" ORDERLABEL="00000117">
					<METS:fptr FILEID="00000117" />
				</METS:div>
				<METS:div TYPE="Chapter" LABEL="§5.1.3  解词器电路" ORDERLABEL="00000120">
					<METS:fptr FILEID="00000120" />
				</METS:div>
			</METS:div>
			<METS:div TYPE="Chapter" LABEL="§5.2  频率调制与解调" ORDERLABEL="00000122">
				<METS:fptr FILEID="00000122" />
				<METS:div TYPE="Chapter" LABEL="§5.2.1  测量系统中的调频波" ORDERLABEL="00000122">
					<METS:fptr FILEID="00000122" />
				</METS:div>
				<METS:div TYPE="Chapter" LABEL="§5.2.2  调频波的解调" ORDERLABEL="00000122">
					<METS:fptr FILEID="00000122" />
				</METS:div>
			</METS:div>
		</METS:div>
		<METS:div TYPE="Chapter" LABEL="第七章  检测微弱信号的一般方法" ORDERLABEL="00000140">
			<METS:fptr FILEID="00000140" />
			<METS:div TYPE="Chapter" LABEL="§7.1  窄带滤波法" ORDERLABEL="00000140">
				<METS:fptr FILEID="00000140" />
			</METS:div>
			<METS:div TYPE="Chapter" LABEL="§7.2  双路消噪法" ORDERLABEL="00000141">
				<METS:fptr FILEID="00000141" />
			</METS:div>
			<METS:div TYPE="Chapter" LABEL="§7.3  同步累积法" ORDERLABEL="00000142">
				<METS:fptr FILEID="00000142" />
			</METS:div>
			<METS:div TYPE="Chapter" LABEL="§7.4  锁定接收法" ORDERLABEL="00000144">
				<METS:fptr FILEID="00000144" />
			</METS:div>
			<METS:div TYPE="Chapter" LABEL="§7.5  取样积分法" ORDERLABEL="00000146">
				<METS:fptr FILEID="00000146" />
			</METS:div>
			<METS:div TYPE="Chapter" LABEL="§7.6  相关分析法" ORDERLABEL="00000148">
				<METS:fptr FILEID="00000148" />
			</METS:div>
		</METS:div>
		<METS:div TYPE="Chapter" LABEL="第九章  传感器接口与检测仪器测量电路实例分析" ORDERLABEL="00000165">
			<METS:fptr FILEID="00000165" />
			<METS:div TYPE="Chapter" LABEL="§9.1  新型安全火花型的集成电路温度变送器" ORDERLABEL="00000165">
				<METS:fptr FILEID="00000165" />
			</METS:div>
			<METS:div TYPE="Chapter" LABEL="§9.2  数字式多路温度测量仪" ORDERLABEL="00000169">
				<METS:fptr FILEID="00000169" />
			</METS:div>
			<METS:div TYPE="Chapter" LABEL="§9.3  微机快速钢水测温仪" ORDERLABEL="00000174">
				<METS:fptr FILEID="00000174" />
			</METS:div>
			<METS:div TYPE="Chapter" LABEL="§9.4  高精度光纤静位移传感器调理电路" ORDERLABEL="00000177">
				<METS:fptr FILEID="00000177" />
			</METS:div>
			<METS:div TYPE="Chapter" LABEL="§9.5  光纤pH值测试系统研究" ORDERLABEL="00000182">
				<METS:fptr FILEID="00000182" />
			</METS:div>
			<METS:div TYPE="Chapter" LABEL="§9.6  光电感烟火灾探测器电路设计" ORDERLABEL="00000186">
				<METS:fptr FILEID="00000186" />
			</METS:div>
			<METS:div TYPE="Chapter" LABEL="§9.7  电子式差定温探测器研究" ORDERLABEL="00000191">
				<METS:fptr FILEID="00000191" />
			</METS:div>
			<METS:div TYPE="Chapter" LABEL="§9.8  火灾自动报警系统中信号远距离传输的几种方案" ORDERLABEL="00000197">
				<METS:fptr FILEID="00000197" />
			</METS:div>
		</METS:div>
	</METS:structMap>
</METS:mets>

