<?xml version="1.0" encoding="utf-8"?>
<METS:mets xmlns:METS="http://www.loc.gov/METS/" xmlns:xsi="http://www.w3.org/2001/XMLSchema-instance" xmlns:gdm="http://sunsite.berkeley.edu/GDM/" xmlns:xlink="http://www.w3.org/TR/xlink" xsi:schemalocation="http://www.loc.gov/METS/http://www.loc.gov/standards/mets/mets.xsd" LABEL="Zhejiang University.jdl.China-America digital library project" TYPE="Section">
	<METS:structMap TYPE="Catalog">
		<METS:div TYPE="Chapter" LABEL="第1章 绪论" ORDERLABEL="00000010"><METS:fptr FILEID="00000010"/>
			<METS:div TYPE="Chapter" LABEL="1-1 传感器的定义" ORDERLABEL="00000010"><METS:fptr FILEID="00000010"/>
			</METS:div>
			<METS:div TYPE="Chapter" LABEL="1-2 传感器的发展动向" ORDERLABEL="00000011"><METS:fptr FILEID="00000011"/>
			</METS:div>
			<METS:div TYPE="Chapter" LABEL="1-3 开发新型传感器的途径" ORDERLABEL="00000012"><METS:fptr FILEID="00000012"/>
			</METS:div>
			<METS:div TYPE="Chapter" LABEL="1-4 生物医学传感器的地位和用途" ORDERLABEL="00000013"><METS:fptr FILEID="00000013"/>
			</METS:div>
			<METS:div TYPE="Chapter" LABEL="1-5 生物医学传感器的分类" ORDERLABEL="00000014"><METS:fptr FILEID="00000014"/>
			</METS:div>
			<METS:div TYPE="Chapter" LABEL="1-6 生物医学传感器的特殊性" ORDERLABEL="00000016"><METS:fptr FILEID="00000016"/>
			</METS:div>
			<METS:div TYPE="Chapter" LABEL="思考题与习题" ORDERLABEL="00000017"><METS:fptr FILEID="00000017"/>
			</METS:div>
			<METS:div TYPE="Chapter" LABEL="参考文献" ORDERLABEL="00000018"><METS:fptr FILEID="00000018"/>
			</METS:div>
		</METS:div>
		<METS:div TYPE="Chapter" LABEL="第2章 传感器基本知识" ORDERLABEL="00000019"><METS:fptr FILEID="00000019"/>
			<METS:div TYPE="Chapter" LABEL="2-1 传感器的静态特性" ORDERLABEL="00000019"><METS:fptr FILEID="00000019"/>
			</METS:div>
			<METS:div TYPE="Chapter" LABEL="2-2 传感器的动态特性" ORDERLABEL="00000024"><METS:fptr FILEID="00000024"/>
			</METS:div>
			<METS:div TYPE="Chapter" LABEL="2-3 传感器的干扰与噪声" ORDERLABEL="00000038"><METS:fptr FILEID="00000038"/>
			</METS:div>
			<METS:div TYPE="Chapter" LABEL="2-4 医用传感器的安全性和可靠性" ORDERLABEL="00000042"><METS:fptr FILEID="00000042"/>
			</METS:div>
			<METS:div TYPE="Chapter" LABEL="2-5 生物医学传感器的安全性评价" ORDERLABEL="00000053"><METS:fptr FILEID="00000053"/>
			</METS:div>
			<METS:div TYPE="Chapter" LABEL="2-6 传感器的标定与校准" ORDERLABEL="00000057"><METS:fptr FILEID="00000057"/>
			</METS:div>
			<METS:div TYPE="Chapter" LABEL="2-7 弹性敏感元件" ORDERLABEL="00000059"><METS:fptr FILEID="00000059"/>
			</METS:div>
			<METS:div TYPE="Chapter" LABEL="思考题与习题" ORDERLABEL="00000065"><METS:fptr FILEID="00000065"/>
			</METS:div>
			<METS:div TYPE="Chapter" LABEL="参考文献" ORDERLABEL="00000066"><METS:fptr FILEID="00000066"/>
			</METS:div>
		</METS:div>
		<METS:div TYPE="Chapter" LABEL="第3章 传感器敏感材料" ORDERLABEL="00000067"><METS:fptr FILEID="00000067"/>
			<METS:div TYPE="Chapter" LABEL="3-1 半导体敏感材料" ORDERLABEL="00000067"><METS:fptr FILEID="00000067"/>
			</METS:div>
			<METS:div TYPE="Chapter" LABEL="3-2 石英敏感材料" ORDERLABEL="00000069"><METS:fptr FILEID="00000069"/>
			</METS:div>
			<METS:div TYPE="Chapter" LABEL="3-3 功能陶瓷材料" ORDERLABEL="00000071"><METS:fptr FILEID="00000071"/>
			</METS:div>
			<METS:div TYPE="Chapter" LABEL="3-4 功能高分子材料" ORDERLABEL="00000079"><METS:fptr FILEID="00000079"/>
			</METS:div>
			<METS:div TYPE="Chapter" LABEL="3-5 金属系功能材料" ORDERLABEL="00000082"><METS:fptr FILEID="00000082"/>
			</METS:div>
			<METS:div TYPE="Chapter" LABEL="思考题与习题" ORDERLABEL="00000085"><METS:fptr FILEID="00000085"/>
			</METS:div>
			<METS:div TYPE="Chapter" LABEL="参考文献" ORDERLABEL="00000085"><METS:fptr FILEID="00000085"/>
			</METS:div>
		</METS:div>
		<METS:div TYPE="Chapter" LABEL="第4章 物理传感器的基本原理" ORDERLABEL="00000086"><METS:fptr FILEID="00000086"/>
			<METS:div TYPE="Chapter" LABEL="4-1 光电式传感器" ORDERLABEL="00000086"><METS:fptr FILEID="00000086"/>
			</METS:div>
			<METS:div TYPE="Chapter" LABEL="4-2 压电传感器与超声换能器" ORDERLABEL="00000099"><METS:fptr FILEID="00000099"/>
			</METS:div>
			<METS:div TYPE="Chapter" LABEL="4-3 压阻式传感器" ORDERLABEL="00000115"><METS:fptr FILEID="00000115"/>
			</METS:div>
			<METS:div TYPE="Chapter" LABEL="4-4 电磁式传感器" ORDERLABEL="00000122"><METS:fptr FILEID="00000122"/>
			</METS:div>
			<METS:div TYPE="Chapter" LABEL="4-5 热电式传感器" ORDERLABEL="00000126"><METS:fptr FILEID="00000126"/>
			</METS:div>
			<METS:div TYPE="Chapter" LABEL="4-6 电阻式,电容式和电感式传感器" ORDERLABEL="00000135"><METS:fptr FILEID="00000135"/>
			</METS:div>
			<METS:div TYPE="Chapter" LABEL="4-7 光导纤维传感器" ORDERLABEL="00000147"><METS:fptr FILEID="00000147"/>
			</METS:div>
			<METS:div TYPE="Chapter" LABEL="4-8声表面波传感器" ORDERLABEL="00000155"><METS:fptr FILEID="00000155"/>
			</METS:div>
			<METS:div TYPE="Chapter" LABEL="思考题与习题" ORDERLABEL="00000162"><METS:fptr FILEID="00000162"/>
			</METS:div>
			<METS:div TYPE="Chapter" LABEL="参考文献" ORDERLABEL="00000164"><METS:fptr FILEID="00000164"/>
			</METS:div>
		</METS:div>
		<METS:div TYPE="Chapter" LABEL="第5章 物理传感器的应用" ORDERLABEL="00000166"><METS:fptr FILEID="00000166"/>
			<METS:div TYPE="Chapter" LABEL="5-1 压力传感器" ORDERLABEL="00000166"><METS:fptr FILEID="00000166"/>
			</METS:div>
			<METS:div TYPE="Chapter" LABEL="5-2 心音传感器" ORDERLABEL="00000178"><METS:fptr FILEID="00000178"/>
			</METS:div>
			<METS:div TYPE="Chapter" LABEL="5-3 血流传感器" ORDERLABEL="00000182"><METS:fptr FILEID="00000182"/>
			</METS:div>
			<METS:div TYPE="Chapter" LABEL="5-4 呼吸传感器" ORDERLABEL="00000199"><METS:fptr FILEID="00000199"/>
			</METS:div>
			<METS:div TYPE="Chapter" LABEL="5-5 温度传感器" ORDERLABEL="00000210"><METS:fptr FILEID="00000210"/>
			</METS:div>
			<METS:div TYPE="Chapter" LABEL="5-6 运动信息的检测" ORDERLABEL="00000226"><METS:fptr FILEID="00000226"/>
			</METS:div>
			<METS:div TYPE="Chapter" LABEL="思考题与习题" ORDERLABEL="00000234"><METS:fptr FILEID="00000234"/>
			</METS:div>
			<METS:div TYPE="Chapter" LABEL="参考文献" ORDERLABEL="00000237"><METS:fptr FILEID="00000237"/>
			</METS:div>
		</METS:div>
		<METS:div TYPE="Chapter" LABEL="第6章 化学传感器" ORDERLABEL="00000239"><METS:fptr FILEID="00000239"/>
			<METS:div TYPE="Chapter" LABEL="6-1 电化学基本概念" ORDERLABEL="00000240"><METS:fptr FILEID="00000240"/>
			</METS:div>
			<METS:div TYPE="Chapter" LABEL="6-2 离子传感器" ORDERLABEL="00000243"><METS:fptr FILEID="00000243"/>
			</METS:div>
			<METS:div TYPE="Chapter" LABEL="6-3 气体传感器" ORDERLABEL="00000261"><METS:fptr FILEID="00000261"/>
			</METS:div>
			<METS:div TYPE="Chapter" LABEL="6-4 生理电量测量电极" ORDERLABEL="00000274"><METS:fptr FILEID="00000274"/>
			</METS:div>
			<METS:div TYPE="Chapter" LABEL="6-5 化学传感器在医学中的应用" ORDERLABEL="00000282"><METS:fptr FILEID="00000282"/>
			</METS:div>
			<METS:div TYPE="Chapter" LABEL="思考题与习题" ORDERLABEL="00000287"><METS:fptr FILEID="00000287"/>
			</METS:div>
			<METS:div TYPE="Chapter" LABEL="参考文献" ORDERLABEL="00000290"><METS:fptr FILEID="00000290"/>
			</METS:div>
		</METS:div>
		<METS:div TYPE="Chapter" LABEL="第7章 生物传感器" ORDERLABEL="00000292"><METS:fptr FILEID="00000292"/>
			<METS:div TYPE="Chapter" LABEL="7-1 生物活性物质的特定识别功能" ORDERLABEL="00000292"><METS:fptr FILEID="00000292"/>
			</METS:div>
			<METS:div TYPE="Chapter" LABEL="7-2 生物敏感膜与固定化技术" ORDERLABEL="00000297"><METS:fptr FILEID="00000297"/>
			</METS:div>
			<METS:div TYPE="Chapter" LABEL="7-3 酶传感器" ORDERLABEL="00000301"><METS:fptr FILEID="00000301"/>
			</METS:div>
			<METS:div TYPE="Chapter" LABEL="7-4 微生物和组织及细胞器传感器" ORDERLABEL="00000305"><METS:fptr FILEID="00000305"/>
			</METS:div>
			<METS:div TYPE="Chapter" LABEL="7-5 免疫传感器" ORDERLABEL="00000311"><METS:fptr FILEID="00000311"/>
			</METS:div>
			<METS:div TYPE="Chapter" LABEL="7-6 生物传感器在医学中的应用" ORDERLABEL="00000316"><METS:fptr FILEID="00000316"/>
			</METS:div>
			<METS:div TYPE="Chapter" LABEL="思考题与习题" ORDERLABEL="00000318"><METS:fptr FILEID="00000318"/>
			</METS:div>
			<METS:div TYPE="Chapter" LABEL="参考文献" ORDERLABEL="00000319"><METS:fptr FILEID="00000319"/>
			</METS:div>
		</METS:div>
		<METS:div TYPE="Chapter" LABEL="第8章 生物医学测量系统" ORDERLABEL="00000321"><METS:fptr FILEID="00000321"/>
			<METS:div TYPE="Chapter" LABEL="8-1 测量电桥" ORDERLABEL="00000321"><METS:fptr FILEID="00000321"/>
			</METS:div>
			<METS:div TYPE="Chapter" LABEL="8-2 传感器与微机接口" ORDERLABEL="00000338"><METS:fptr FILEID="00000338"/>
			</METS:div>
			<METS:div TYPE="Chapter" LABEL="8-3 传感器输出信号的计算机处理" ORDERLABEL="00000350"><METS:fptr FILEID="00000350"/>
			</METS:div>
			<METS:div TYPE="Chapter" LABEL="8-4 生物医学测量系统" ORDERLABEL="00000361"><METS:fptr FILEID="00000361"/>
			</METS:div>
			<METS:div TYPE="Chapter" LABEL="8-5 植入式电子装置" ORDERLABEL="00000368"><METS:fptr FILEID="00000368"/>
			</METS:div>
			<METS:div TYPE="Chapter" LABEL="思考题与习题" ORDERLABEL="00000379"><METS:fptr FILEID="00000379"/>
			</METS:div>
			<METS:div TYPE="Chapter" LABEL="参考文献" ORDERLABEL="00000380"><METS:fptr FILEID="00000380"/>
			</METS:div>
		</METS:div>
		<METS:div TYPE="Chapter" LABEL="第9章 集成化传感器和微系统" ORDERLABEL="00000382"><METS:fptr FILEID="00000382"/>
			<METS:div TYPE="Chapter" LABEL="9-1 概述" ORDERLABEL="00000382"><METS:fptr FILEID="00000382"/>
			</METS:div>
			<METS:div TYPE="Chapter" LABEL="9-2 集成化传感器微细加工技术" ORDERLABEL="00000383"><METS:fptr FILEID="00000383"/>
			</METS:div>
			<METS:div TYPE="Chapter" LABEL="9-3 微系统" ORDERLABEL="00000399"><METS:fptr FILEID="00000399"/>
			</METS:div>
			<METS:div TYPE="Chapter" LABEL="思考题与习题" ORDERLABEL="00000403"><METS:fptr FILEID="00000403"/>
			</METS:div>
			<METS:div TYPE="Chapter" LABEL="参考文献" ORDERLABEL="00000404"><METS:fptr FILEID="00000404"/>
			</METS:div>
		</METS:div>
	</METS:structMap>
</METS:mets>
