<?xml version="1.0" encoding="UTF-8"?>
<METS:mets xmlns:METS="http://www.loc.gov/METS/" xmlns:xsi="http://www.w3.org/2001/XMLSchema-instance" xmlns:gdm="http://sunsite.berkeley.edu/GDM/" xmlns:xlink="http://www.w3.org/TR/xlink" xsi:schemalocation="http://www.loc.gov/METS/http://www.loc.gov/standards/mets/mets.xsd" LABEL="Zhejiang University.jdl.China-America digital library project" TYPE="Section">
	<METS:structMap TYPE="Catalog">
		<METS:div TYPE="Chapter" LABEL="第一章 温度的测量" ORDERLABEL="00000010">
			<METS:fptr FILEID="00000010" />
			<METS:div TYPE="Chapter" LABEL="第一节 具有线性校正的铂电阻温度仪" ORDERLABEL="00000010">
				<METS:fptr FILEID="00000010" />
			</METS:div>
			<METS:div TYPE="Chapter" LABEL="第二节 高精度K型热电偶数字温度仪" ORDERLABEL="00000013">
				<METS:fptr FILEID="00000013" />
			</METS:div>
			<METS:div TYPE="Chapter" LABEL="第三节 高精度J型热电偶仪" ORDERLABEL="00000017">
				<METS:fptr FILEID="00000017" />
			</METS:div>
			<METS:div TYPE="Chapter" LABEL="第四节 高精度物体表面温度数显仪" ORDERLABEL="00000019">
				<METS:fptr FILEID="00000019" />
			</METS:div>
			<METS:div TYPE="Chapter" LABEL="第五节 电桥式数字温度仪" ORDERLABEL="00000022">
				<METS:fptr FILEID="00000022" />
			</METS:div>
			<METS:div TYPE="Chapter" LABEL="第六节 数字式固态温度计" ORDERLABEL="00000028">
				<METS:fptr FILEID="00000028" />
			</METS:div>
			<METS:div TYPE="Chapter" LABEL="第七节 温度测量数显/控制仪" ORDERLABEL="00000030">
				<METS:fptr FILEID="00000030" />
			</METS:div>
			<METS:div TYPE="Chapter" LABEL="第八节 精密温差温度计" ORDERLABEL="00000033">
				<METS:fptr FILEID="00000033" />
			</METS:div>
			<METS:div TYPE="Chapter" LABEL="第九节 集成传感器数字温度计接口" ORDERLABEL="00000034">
				<METS:fptr FILEID="00000034" />
			</METS:div>
			<METS:div TYPE="Chapter" LABEL="第十节 80点粮库巡回检测仪" ORDERLABEL="00000036">
				<METS:fptr FILEID="00000036" />
			</METS:div>
			<METS:div TYPE="Chapter" LABEL="第十一节 宽温域数字温度表" ORDERLABEL="00000039">
				<METS:fptr FILEID="00000039" />
			</METS:div>
			<METS:div TYPE="Chapter" LABEL="第十二节 新颖的三点定标数字温度计" ORDERLABEL="00000043">
				<METS:fptr FILEID="00000043" />
			</METS:div>
			<METS:div TYPE="Chapter" LABEL="第十三节 红外热辐射温度仪" ORDERLABEL="00000046">
				<METS:fptr FILEID="00000046" />
			</METS:div>
		</METS:div>
		<METS:div TYPE="Chapter" LABEL="第三章 流量、液位的测量" ORDERLABEL="00000086">
			<METS:fptr FILEID="00000086" />
			<METS:div TYPE="Chapter" LABEL="第一节 数控流量计" ORDERLABEL="00000086">
				<METS:fptr FILEID="00000086" />
			</METS:div>
			<METS:div TYPE="Chapter" LABEL="第二节 光纤涡轮流量计" ORDERLABEL="00000088">
				<METS:fptr FILEID="00000088" />
			</METS:div>
			<METS:div TYPE="Chapter" LABEL="第三节 使用A/D转换器的液位测量/控制器" ORDERLABEL="00000093">
				<METS:fptr FILEID="00000093" />
			</METS:div>
			<METS:div TYPE="Chapter" LABEL="第四节 温差液体流量计" ORDERLABEL="00000097">
				<METS:fptr FILEID="00000097" />
			</METS:div>
			<METS:div TYPE="Chapter" LABEL="第五节 导电液体液位测量的转换电路" ORDERLABEL="00000099">
				<METS:fptr FILEID="00000099" />
			</METS:div>
		</METS:div>
		<METS:div TYPE="Chapter" LABEL="第五章 长度、距离、高度、深度、斜度测量" ORDERLABEL="00000123">
			<METS:fptr FILEID="00000123" />
			<METS:div TYPE="Chapter" LABEL="第一节 电阻式位移测量仪" ORDERLABEL="00000123">
				<METS:fptr FILEID="00000123" />
			</METS:div>
			<METS:div TYPE="Chapter" LABEL="第二节 红外线织物测长仪" ORDERLABEL="00000128">
				<METS:fptr FILEID="00000128" />
			</METS:div>
			<METS:div TYPE="Chapter" LABEL="第三节 光纤微位移测量仪" ORDERLABEL="00000132">
				<METS:fptr FILEID="00000132" />
			</METS:div>
			<METS:div TYPE="Chapter" LABEL="第四节 超声探测仪" ORDERLABEL="00000135">
				<METS:fptr FILEID="00000135" />
			</METS:div>
			<METS:div TYPE="Chapter" LABEL="第五节 超声数字测距仪" ORDERLABEL="00000141">
				<METS:fptr FILEID="00000141" />
			</METS:div>
			<METS:div TYPE="Chapter" LABEL="第六节 数字高度仪" ORDERLABEL="00000144">
				<METS:fptr FILEID="00000144" />
			</METS:div>
			<METS:div TYPE="Chapter" LABEL="第七节 数字倾斜度仪" ORDERLABEL="00000147">
				<METS:fptr FILEID="00000147" />
			</METS:div>
			<METS:div TYPE="Chapter" LABEL="第八节 简易水深测量仪" ORDERLABEL="00000150">
				<METS:fptr FILEID="00000150" />
			</METS:div>
		</METS:div>
		<METS:div TYPE="Chapter" LABEL="第七章 湿度、水份、酸度的测量" ORDERLABEL="00000174">
			<METS:fptr FILEID="00000174" />
			<METS:div TYPE="Chapter" LABEL="第一节 数字湿度计" ORDERLABEL="00000174">
				<METS:fptr FILEID="00000174" />
			</METS:div>
			<METS:div TYPE="Chapter" LABEL="第二节 室内湿度检测仪" ORDERLABEL="00000177">
				<METS:fptr FILEID="00000177" />
			</METS:div>
			<METS:div TYPE="Chapter" LABEL="第三节 绝对湿度测量仪" ORDERLABEL="00000179">
				<METS:fptr FILEID="00000179" />
			</METS:div>
			<METS:div TYPE="Chapter" LABEL="第四节 土壤湿度计" ORDERLABEL="00000181">
				<METS:fptr FILEID="00000181" />
			</METS:div>
			<METS:div TYPE="Chapter" LABEL="第五节 快速土壤水份测量仪" ORDERLABEL="00000183">
				<METS:fptr FILEID="00000183" />
			</METS:div>
			<METS:div TYPE="Chapter" LABEL="第六节 粮食水份测量仪" ORDERLABEL="00000184">
				<METS:fptr FILEID="00000184" />
			</METS:div>
			<METS:div TYPE="Chapter" LABEL="第七节 2 1/2位数字pH计" ORDERLABEL="00000187">
				<METS:fptr FILEID="00000187" />
			</METS:div>
			<METS:div TYPE="Chapter" LABEL="第八节 酸雨检测计" ORDERLABEL="00000188">
				<METS:fptr FILEID="00000188" />
			</METS:div>
		</METS:div>
		<METS:div TYPE="Chapter" LABEL="第九章 探测与报警" ORDERLABEL="00000214">
			<METS:fptr FILEID="00000214" />
			<METS:div TYPE="Chapter" LABEL="第一节 CO探测报警器" ORDERLABEL="00000214">
				<METS:fptr FILEID="00000214" />
			</METS:div>
			<METS:div TYPE="Chapter" LABEL="第二节 家用有毒气体探测报警器" ORDERLABEL="00000217">
				<METS:fptr FILEID="00000217" />
			</METS:div>
			<METS:div TYPE="Chapter" LABEL="第三节 易燃气体报警器" ORDERLABEL="00000218">
				<METS:fptr FILEID="00000218" />
			</METS:div>
			<METS:div TYPE="Chapter" LABEL="第四节 超声波检漏仪" ORDERLABEL="00000220">
				<METS:fptr FILEID="00000220" />
			</METS:div>
			<METS:div TYPE="Chapter" LABEL="第五节 超声波汽车尾部防掸探测器" ORDERLABEL="00000222">
				<METS:fptr FILEID="00000222" />
			</METS:div>
			<METS:div TYPE="Chapter" LABEL="第六节 汽车倒车超声波防掸报警器" ORDERLABEL="00000228">
				<METS:fptr FILEID="00000228" />
			</METS:div>
			<METS:div TYPE="Chapter" LABEL="第七节 人体探测/防盗报警器" ORDERLABEL="00000231">
				<METS:fptr FILEID="00000231" />
			</METS:div>
			<METS:div TYPE="Chapter" LABEL="第八节 集成红外探测报警器" ORDERLABEL="00000236">
				<METS:fptr FILEID="00000236" />
			</METS:div>
			<METS:div TYPE="Chapter" LABEL="第九节 15路巡回红外探测器" ORDERLABEL="00000239">
				<METS:fptr FILEID="00000239" />
			</METS:div>
			<METS:div TYPE="Chapter" LABEL="第十节 移动人(物)体多普勒探测报警器" ORDERLABEL="00000241">
				<METS:fptr FILEID="00000241" />
			</METS:div>
			<METS:div TYPE="Chapter" LABEL="第十章 共它检测" ORDERLABEL="00000244">
				<METS:fptr FILEID="00000244" />
			</METS:div>
			<METS:div TYPE="Chapter" LABEL="第一节 植物生长测试仪" ORDERLABEL="00000244">
				<METS:fptr FILEID="00000244" />
			</METS:div>
			<METS:div TYPE="Chapter" LABEL="第二节 数字高斯计" ORDERLABEL="00000247">
				<METS:fptr FILEID="00000247" />
			</METS:div>
			<METS:div TYPE="Chapter" LABEL="第三节 球墨铸铁数字检测系统" ORDERLABEL="00000250">
				<METS:fptr FILEID="00000250" />
			</METS:div>
		</METS:div>
	</METS:structMap>
</METS:mets>

