<?xml version="1.0" encoding="utf-8"?>
<METS:mets xmlns:METS="http://www.loc.gov/METS/" xmlns:xsi="http://www.w3.org/2001/XMLSchema-instance" xmlns:gdm="http://sunsite.berkeley.edu/GDM/" xmlns:xlink="http://www.w3.org/TR/xlink" xsi:schemalocation="http://www.loc.gov/METS/http://www.loc.gov/standards/mets/mets.xsd" LABEL="Zhejiang University.jdl.China-America digital library project" TYPE="Section">
	<METS:structMap TYPE="Catalog">
		<METS:div TYPE="Chapter" LABEL="0 绪论" ORDERLABEL="00000011"><METS:fptr FILEID="00000011"/>
			<METS:div TYPE="Chapter" LABEL="0.1 传感器基本概念与物理定律" ORDERLABEL="00000011"><METS:fptr FILEID="00000011"/>
			</METS:div>
			<METS:div TYPE="Chapter" LABEL="0.2 传感器的构成法" ORDERLABEL="00000012"><METS:fptr FILEID="00000012"/>
			</METS:div>
			<METS:div TYPE="Chapter" LABEL="0.3 传感器的分类及要求" ORDERLABEL="00000013"><METS:fptr FILEID="00000013"/>
			</METS:div>
			<METS:div TYPE="Chapter" LABEL="0.4 传感器的作用和地位" ORDERLABEL="00000014"><METS:fptr FILEID="00000014"/>
			</METS:div>
			<METS:div TYPE="Chapter" LABEL="0.5 传感器开发的新趋向" ORDERLABEL="00000016"><METS:fptr FILEID="00000016"/>
			</METS:div>
		</METS:div>
		<METS:div TYPE="Chapter" LABEL="1 传感器技术基础" ORDERLABEL="00000019"><METS:fptr FILEID="00000019"/>
			<METS:div TYPE="Chapter" LABEL="1.1 传感器的一般数学模型" ORDERLABEL="00000019"><METS:fptr FILEID="00000019"/>
			</METS:div>
			<METS:div TYPE="Chapter" LABEL="1.2 传感器的特性与指标" ORDERLABEL="00000021"><METS:fptr FILEID="00000021"/>
			</METS:div>
			<METS:div TYPE="Chapter" LABEL="1.3 改善传感器性能的技术途径" ORDERLABEL="00000031"><METS:fptr FILEID="00000031"/>
			</METS:div>
			<METS:div TYPE="Chapter" LABEL="1.4 传感器的标定与校准" ORDERLABEL="00000034"><METS:fptr FILEID="00000034"/>
			</METS:div>
			<METS:div TYPE="Chapter" LABEL="1.5 系统相似与机电模拟" ORDERLABEL="00000038"><METS:fptr FILEID="00000038"/>
			</METS:div>
			<METS:div TYPE="Chapter" LABEL="1.6 传感器的网络分析法" ORDERLABEL="00000042"><METS:fptr FILEID="00000042"/>
			</METS:div>
		</METS:div>
		<METS:div TYPE="Chapter" LABEL="2 电阻应变式传感器" ORDERLABEL="00000048"><METS:fptr FILEID="00000048"/>
			<METS:div TYPE="Chapter" LABEL="2.1 电阻应变计的基本原理与结构" ORDERLABEL="00000048"><METS:fptr FILEID="00000048"/>
			</METS:div>
			<METS:div TYPE="Chapter" LABEL="2.2 电阻应变计的主要特性" ORDERLABEL="00000052"><METS:fptr FILEID="00000052"/>
			</METS:div>
			<METS:div TYPE="Chapter" LABEL="2.3 电阻应变计的温度效应及其补偿" ORDERLABEL="00000056"><METS:fptr FILEID="00000056"/>
			</METS:div>
			<METS:div TYPE="Chapter" LABEL="2.4 电阻应变计的应用" ORDERLABEL="00000059"><METS:fptr FILEID="00000059"/>
			</METS:div>
			<METS:div TYPE="Chapter" LABEL="2.5 测量电路" ORDERLABEL="00000062"><METS:fptr FILEID="00000062"/>
			</METS:div>
			<METS:div TYPE="Chapter" LABEL="2.6 电阻应变计式传感器" ORDERLABEL="00000068"><METS:fptr FILEID="00000068"/>
			</METS:div>
		</METS:div>
		<METS:div TYPE="Chapter" LABEL="3 变磁阻式传感器" ORDERLABEL="00000073"><METS:fptr FILEID="00000073"/>
			<METS:div TYPE="Chapter" LABEL="3.1 传感器线圈的电气参数分析" ORDERLABEL="00000073"><METS:fptr FILEID="00000073"/>
			</METS:div>
			<METS:div TYPE="Chapter" LABEL="3.2 自感式传感器" ORDERLABEL="00000077"><METS:fptr FILEID="00000077"/>
			</METS:div>
			<METS:div TYPE="Chapter" LABEL="3.3 互感式传感器(差动变压器)" ORDERLABEL="00000087"><METS:fptr FILEID="00000087"/>
			</METS:div>
			<METS:div TYPE="Chapter" LABEL="3.4 电感式传感器的应用" ORDERLABEL="00000093"><METS:fptr FILEID="00000093"/>
			</METS:div>
			<METS:div TYPE="Chapter" LABEL="3.5 电涡流式传感器" ORDERLABEL="00000095"><METS:fptr FILEID="00000095"/>
			</METS:div>
			<METS:div TYPE="Chapter" LABEL="3.6 压磁式传感器" ORDERLABEL="00000102"><METS:fptr FILEID="00000102"/>
			</METS:div>
		</METS:div>
		<METS:div TYPE="Chapter" LABEL="4 电容式传感器" ORDERLABEL="00000106"><METS:fptr FILEID="00000106"/>
			<METS:div TYPE="Chapter" LABEL="4.1 工作原理、结构及特性" ORDERLABEL="00000106"><METS:fptr FILEID="00000106"/>
			</METS:div>
			<METS:div TYPE="Chapter" LABEL="4.2 应用中存在的问题及其改进措施" ORDERLABEL="00000110"><METS:fptr FILEID="00000110"/>
			</METS:div>
			<METS:div TYPE="Chapter" LABEL="4.3 测量电路" ORDERLABEL="00000113"><METS:fptr FILEID="00000113"/>
			</METS:div>
			<METS:div TYPE="Chapter" LABEL="4.4 电容式传感器及其应用" ORDERLABEL="00000117"><METS:fptr FILEID="00000117"/>
			</METS:div>
		</METS:div>
		<METS:div TYPE="Chapter" LABEL="5 磁电式传感器" ORDERLABEL="00000121"><METS:fptr FILEID="00000121"/>
			<METS:div TYPE="Chapter" LABEL="5.1 基本原理与结构型式" ORDERLABEL="00000121"><METS:fptr FILEID="00000121"/>
			</METS:div>
			<METS:div TYPE="Chapter" LABEL="5.2 磁电式传感器的传递矩阵与动态特性" ORDERLABEL="00000122"><METS:fptr FILEID="00000122"/>
			</METS:div>
			<METS:div TYPE="Chapter" LABEL="5.3 磁电式传感器的误差及补偿" ORDERLABEL="00000126"><METS:fptr FILEID="00000126"/>
			</METS:div>
			<METS:div TYPE="Chapter" LABEL="5.4 磁电式传感器的应用" ORDERLABEL="00000129"><METS:fptr FILEID="00000129"/>
			</METS:div>
		</METS:div>
		<METS:div TYPE="Chapter" LABEL="6 压电式传感器" ORDERLABEL="00000132"><METS:fptr FILEID="00000132"/>
			<METS:div TYPE="Chapter" LABEL="6.1 压电效应及材料" ORDERLABEL="00000132"><METS:fptr FILEID="00000132"/>
			</METS:div>
			<METS:div TYPE="Chapter" LABEL="6.2 压电方程及压电常数" ORDERLABEL="00000136"><METS:fptr FILEID="00000136"/>
			</METS:div>
			<METS:div TYPE="Chapter" LABEL="6.3 等效电路及测量电路" ORDERLABEL="00000141"><METS:fptr FILEID="00000141"/>
			</METS:div>
			<METS:div TYPE="Chapter" LABEL="6.4 压电式传感器及其应用" ORDERLABEL="00000146"><METS:fptr FILEID="00000146"/>
			</METS:div>
			<METS:div TYPE="Chapter" LABEL="6.5 影响压电传感器工作性能的主要因素" ORDERLABEL="00000157"><METS:fptr FILEID="00000157"/>
			</METS:div>
		</METS:div>
		<METS:div TYPE="Chapter" LABEL="7 热电式传感器" ORDERLABEL="00000161"><METS:fptr FILEID="00000161"/>
			<METS:div TYPE="Chapter" LABEL="7.1 热电阻传感器" ORDERLABEL="00000161"><METS:fptr FILEID="00000161"/>
			</METS:div>
			<METS:div TYPE="Chapter" LABEL="7.2 热电偶传感器" ORDERLABEL="00000165"><METS:fptr FILEID="00000165"/>
			</METS:div>
			<METS:div TYPE="Chapter" LABEL="7.3 热电式传感器的应用" ORDERLABEL="00000172"><METS:fptr FILEID="00000172"/>
			</METS:div>
		</METS:div>
		<METS:div TYPE="Chapter" LABEL="8 光电式传感器" ORDERLABEL="00000175"><METS:fptr FILEID="00000175"/>
			<METS:div TYPE="Chapter" LABEL="8.1 光源" ORDERLABEL="00000175"><METS:fptr FILEID="00000175"/>
			</METS:div>
			<METS:div TYPE="Chapter" LABEL="8.2 光电效应及器件" ORDERLABEL="00000177"><METS:fptr FILEID="00000177"/>
			</METS:div>
			<METS:div TYPE="Chapter" LABEL="8.3 光电器件的特性" ORDERLABEL="00000181"><METS:fptr FILEID="00000181"/>
			</METS:div>
			<METS:div TYPE="Chapter" LABEL="8.4 新型光电检测器" ORDERLABEL="00000183"><METS:fptr FILEID="00000183"/>
			</METS:div>
			<METS:div TYPE="Chapter" LABEL="8.5 光电式传感器" ORDERLABEL="00000189"><METS:fptr FILEID="00000189"/>
			</METS:div>
		</METS:div>
		<METS:div TYPE="Chapter" LABEL="9 光纤传感器" ORDERLABEL="00000194"><METS:fptr FILEID="00000194"/>
			<METS:div TYPE="Chapter" LABEL="9.1 光纤传感器基础" ORDERLABEL="00000194"><METS:fptr FILEID="00000194"/>
			</METS:div>
			<METS:div TYPE="Chapter" LABEL="9.2 光调制与解调技术" ORDERLABEL="00000198"><METS:fptr FILEID="00000198"/>
			</METS:div>
			<METS:div TYPE="Chapter" LABEL="9.3 光纤传感器实例" ORDERLABEL="00000210"><METS:fptr FILEID="00000210"/>
			</METS:div>
		</METS:div>
		<METS:div TYPE="Chapter" LABEL="10 数字式传感器" ORDERLABEL="00000214"><METS:fptr FILEID="00000214"/>
			<METS:div TYPE="Chapter" LABEL="10.1 感应同步器" ORDERLABEL="00000214"><METS:fptr FILEID="00000214"/>
			</METS:div>
			<METS:div TYPE="Chapter" LABEL="10.2 光栅" ORDERLABEL="00000222"><METS:fptr FILEID="00000222"/>
			</METS:div>
			<METS:div TYPE="Chapter" LABEL="10.3 编码器" ORDERLABEL="00000227"><METS:fptr FILEID="00000227"/>
			</METS:div>
			<METS:div TYPE="Chapter" LABEL="10.4 频率式传感器" ORDERLABEL="00000235"><METS:fptr FILEID="00000235"/>
			</METS:div>
		</METS:div>
		<METS:div TYPE="Chapter" LABEL="11 固态传感器及其集成化" ORDERLABEL="00000243"><METS:fptr FILEID="00000243"/>
			<METS:div TYPE="Chapter" LABEL="11.1 扩散硅压阻式传感器" ORDERLABEL="00000243"><METS:fptr FILEID="00000243"/>
			</METS:div>
			<METS:div TYPE="Chapter" LABEL="11.2 磁敏传成器" ORDERLABEL="00000249"><METS:fptr FILEID="00000249"/>
			</METS:div>
			<METS:div TYPE="Chapter" LABEL="11.3 半导体色敏传感器" ORDERLABEL="00000255"><METS:fptr FILEID="00000255"/>
			</METS:div>
			<METS:div TYPE="Chapter" LABEL="11.4 离子敏感器件" ORDERLABEL="00000258"><METS:fptr FILEID="00000258"/>
			</METS:div>
			<METS:div TYPE="Chapter" LABEL="11.5 气敏传感器" ORDERLABEL="00000262"><METS:fptr FILEID="00000262"/>
			</METS:div>
			<METS:div TYPE="Chapter" LABEL="11.6 湿敏传感器" ORDERLABEL="00000266"><METS:fptr FILEID="00000266"/>
			</METS:div>
			<METS:div TYPE="Chapter" LABEL="11.7 集成传感器" ORDERLABEL="00000269"><METS:fptr FILEID="00000269"/>
			</METS:div>
			<METS:div TYPE="Chapter" LABEL="11.8 微机械结构传感器" ORDERLABEL="00000273"><METS:fptr FILEID="00000273"/>
			</METS:div>
		</METS:div>
		<METS:div TYPE="Chapter" LABEL="12 智能式传感器" ORDERLABEL="00000277"><METS:fptr FILEID="00000277"/>
			<METS:div TYPE="Chapter" LABEL="12.1 概述" ORDERLABEL="00000277"><METS:fptr FILEID="00000277"/>
			</METS:div>
			<METS:div TYPE="Chapter" LABEL="12.2 智能式传感器的设计" ORDERLABEL="00000278"><METS:fptr FILEID="00000278"/>
			</METS:div>
			<METS:div TYPE="Chapter" LABEL="12.3 传感器的智能化实例" ORDERLABEL="00000287"><METS:fptr FILEID="00000287"/>
			</METS:div>
			<METS:div TYPE="Chapter" LABEL="12.4 智能传感器" ORDERLABEL="00000289"><METS:fptr FILEID="00000289"/>
			</METS:div>
			<METS:div TYPE="Chapter" LABEL="12.5 智能结构" ORDERLABEL="00000290"><METS:fptr FILEID="00000290"/>
			</METS:div>
		</METS:div>
		<METS:div TYPE="Chapter" LABEL="13 闭环传感器" ORDERLABEL="00000294"><METS:fptr FILEID="00000294"/>
			<METS:div TYPE="Chapter" LABEL="13.1 工作原理及特点" ORDERLABEL="00000295"><METS:fptr FILEID="00000295"/>
			</METS:div>
			<METS:div TYPE="Chapter" LABEL="13.2 力、力矩平衡式传感器" ORDERLABEL="00000296"><METS:fptr FILEID="00000296"/>
			</METS:div>
		</METS:div>
		<METS:div TYPE="Chapter" LABEL="14 机器人传感器" ORDERLABEL="00000302"><METS:fptr FILEID="00000302"/>
			<METS:div TYPE="Chapter" LABEL="14.1 概述" ORDERLABEL="00000302"><METS:fptr FILEID="00000302"/>
			</METS:div>
			<METS:div TYPE="Chapter" LABEL="14.2 机器人视觉传感器" ORDERLABEL="00000304"><METS:fptr FILEID="00000304"/>
			</METS:div>
			<METS:div TYPE="Chapter" LABEL="14.3 机器人力觉传感器" ORDERLABEL="00000309"><METS:fptr FILEID="00000309"/>
			</METS:div>
			<METS:div TYPE="Chapter" LABEL="14.4 机器人广义触觉传感器" ORDERLABEL="00000313"><METS:fptr FILEID="00000313"/>
			</METS:div>
			<METS:div TYPE="Chapter" LABEL="14.5 机器人临场感技术" ORDERLABEL="00000318"><METS:fptr FILEID="00000318"/>
			</METS:div>
		</METS:div>
		<METS:div TYPE="Chapter" LABEL="15 传感器信息融合" ORDERLABEL="00000324"><METS:fptr FILEID="00000324"/>
			<METS:div TYPE="Chapter" LABEL="15.1 概述" ORDERLABEL="00000324"><METS:fptr FILEID="00000324"/>
			</METS:div>
			<METS:div TYPE="Chapter" LABEL="15.2 传感器信息融合的分类和结构" ORDERLABEL="00000325"><METS:fptr FILEID="00000325"/>
			</METS:div>
			<METS:div TYPE="Chapter" LABEL="15.3 传感器信息融合的一般方法" ORDERLABEL="00000328"><METS:fptr FILEID="00000328"/>
			</METS:div>
			<METS:div TYPE="Chapter" LABEL="15.4 传感器信息融合的实例" ORDERLABEL="00000332"><METS:fptr FILEID="00000332"/>
			</METS:div>
		</METS:div>
		<METS:div TYPE="Chapter" LABEL="16 近代检测技术" ORDERLABEL="00000335"><METS:fptr FILEID="00000335"/>
			<METS:div TYPE="Chapter" LABEL="16.1 超声检测" ORDERLABEL="00000335"><METS:fptr FILEID="00000335"/>
			</METS:div>
			<METS:div TYPE="Chapter" LABEL="16.2 红外检测" ORDERLABEL="00000340"><METS:fptr FILEID="00000340"/>
			</METS:div>
			<METS:div TYPE="Chapter" LABEL="16.3 核辐射检测" ORDERLABEL="00000344"><METS:fptr FILEID="00000344"/>
			</METS:div>
			<METS:div TYPE="Chapter" LABEL="16.4 激光检测" ORDERLABEL="00000349"><METS:fptr FILEID="00000349"/>
			</METS:div>
			<METS:div TYPE="Chapter" LABEL="16.5 微波检测" ORDERLABEL="00000351"><METS:fptr FILEID="00000351"/>
			</METS:div>
		</METS:div>
	</METS:structMap>
</METS:mets>
