<?xml version="1.0" encoding="utf-8"?>
<METS:mets xmlns:METS="http://www.loc.gov/METS/" xmlns:xsi="http://www.w3.org/2001/XMLSchema-instance" xmlns:gdm="http://sunsite.berkeley.edu/GDM/" xmlns:xlink="http://www.w3.org/TR/xlink" xsi:schemalocation="http://www.loc.gov/METS/http://www.loc.gov/standards/mets/mets.xsd" LABEL="Zhejiang University.jdl.China-America digital library project" TYPE="Section">
	<METS:structMap TYPE="Catalog">
		<METS:div TYPE="Chapter" LABEL="第一章 面阵图像传感器系统集成电路" ORDERLABEL="1"><METS:fptr FILEID="00000009"/>
			<METS:div TYPE="Chapter" LABEL="1．1 德州仪器(TEXASINSTRUMENrIS)图像传感器系统集成电路" ORDERLABEL="1"><METS:fptr FILEID="00000009"/>
				<METS:div TYPE="Chapter" LABEL="1．1．1 PAL制图像传感器应用电路" ORDERLABEL="1"><METS:fptr FILEID="00000009"/>
				</METS:div>
				<METS:div TYPE="Chapter" LABEL="1．1．2 通用图像传感器应用电路" ORDERLABEL="18"><METS:fptr FILEID="00000026"/>
				</METS:div>
				<METS:div TYPE="Chapter" LABEL="1．1．3 NTSC图像传感器应用电路" ORDERLABEL="64"><METS:fptr FILEID="00000072"/>
				</METS:div>
				<METS:div TYPE="Chapter" LABEL="1．1．4 图像传感器时序和同步产生电路" ORDERLABEL="106"><METS:fptr FILEID="00000114"/>
				</METS:div>
				<METS:div TYPE="Chapter" LABEL="1．1．5 图像传感器串联驱动电路" ORDERLABEL="150"><METS:fptr FILEID="00000158"/>
				</METS:div>
				<METS:div TYPE="Chapter" LABEL="1．1．6 图像传感器并联驱动电路" ORDERLABEL="165"><METS:fptr FILEID="00000173"/>
				</METS:div>
				<METS:div TYPE="Chapter" LABEL="1．1．7 图像传感器信号处理电路" ORDERLABEL="169"><METS:fptr FILEID="00000177"/>
				</METS:div>
				<METS:div TYPE="Chapter" LABEL="1．1．8 图像传感器采样和保持放大电路" ORDERLABEL="176"><METS:fptr FILEID="00000184"/>
				</METS:div>
				<METS:div TYPE="Chapter" LABEL="1．1．9 TCK211型图像传感器检测和接口电路" ORDERLABEL="182"><METS:fptr FILEID="00000190"/>
				</METS:div>
			</METS:div>
			<METS:div TYPE="Chapter" LABEL="1．2 三星(SAMSUNG)图像传感器系统集成电路" ORDERLABEL="193"><METS:fptr FILEID="00000201"/>
				<METS:div TYPE="Chapter" LABEL="1．2．1 CCIR图像传感器应用电路" ORDERLABEL="194"><METS:fptr FILEID="00000202"/>
				</METS:div>
				<METS:div TYPE="Chapter" LABEL="1．2．2 NTSC、EIA图像传感器应用电路" ORDERLABEL="203"><METS:fptr FILEID="00000211"/>
				</METS:div>
				<METS:div TYPE="Chapter" LABEL="1．2．3 图像传感器时序和同步产生电路" ORDERLABEL="240"><METS:fptr FILEID="00000248"/>
				</METS:div>
				<METS:div TYPE="Chapter" LABEL="1．2．4 图像传感器驱动电路" ORDERLABEL="250"><METS:fptr FILEID="00000258"/>
				</METS:div>
				<METS:div TYPE="Chapter" LABEL="1．2．5 图像传感器信号处理电路" ORDERLABEL="257"><METS:fptr FILEID="00000265"/>
				</METS:div>
			</METS:div>
			<METS:div TYPE="Chapter" LABEL="1．3 LG图像传感器系统集成电路" ORDERLABEL="263"><METS:fptr FILEID="00000271"/>
				<METS:div TYPE="Chapter" LABEL="1．3．1 NTSC、CCIR图像传感器应用电路" ORDERLABEL="264"><METS:fptr FILEID="00000272"/>
				</METS:div>
				<METS:div TYPE="Chapter" LABEL="1．3．2 图像传感器时序和同步产生电路" ORDERLABEL="284"><METS:fptr FILEID="00000292"/>
				</METS:div>
				<METS:div TYPE="Chapter" LABEL="1．3．3 图像传感器驱动电路" ORDERLABEL="302"><METS:fptr FILEID="00000310"/>
				</METS:div>
				<METS:div TYPE="Chapter" LABEL="1．3．4 图像传感器信号处理电路" ORDERLABEL="310"><METS:fptr FILEID="00000318"/>
				</METS:div>
			</METS:div>
		</METS:div>
		<METS:div TYPE="Chapter" LABEL="第二章 线阵及其他图像传感器系统集成电路" ORDERLABEL="324"><METS:fptr FILEID="00000332"/>
			<METS:div TYPE="Chapter" LABEL="2．1 东芝TCD系列线阵图像传感器应用电路" ORDERLABEL="324"><METS:fptr FILEID="00000332"/>
			</METS:div>
			<METS:div TYPE="Chapter" LABEL="2．2 德州仪器(TEXASINSTRUMENTS)线阵图像传感器应用电路" ORDERLABEL="353"><METS:fptr FILEID="00000361"/>
			</METS:div>
			<METS:div TYPE="Chapter" LABEL="2．3 日立面阵图像传感器应用电路" ORDERLABEL="401"><METS:fptr FILEID="00000409"/>
			</METS:div>
			<METS:div TYPE="Chapter" LABEL="2．4 CMOS图像传感器应用电路" ORDERLABEL="435"><METS:fptr FILEID="00000443"/>
			</METS:div>
		</METS:div>
		<METS:div TYPE="Chapter" LABEL="第三章 磁传感器应用电路" ORDERLABEL="460"><METS:fptr FILEID="00000468"/>
			<METS:div TYPE="Chapter" LABEL="3．1 差动磁阻传感器应用电路" ORDERLABEL="460"><METS:fptr FILEID="00000468"/>
			</METS:div>
			<METS:div TYPE="Chapter" LABEL="3．2 磁场传感器应用电路" ORDERLABEL="479"><METS:fptr FILEID="00000487"/>
			</METS:div>
			<METS:div TYPE="Chapter" LABEL="3．3 转速传感器应用电路" ORDERLABEL="487"><METS:fptr FILEID="00000495"/>
			</METS:div>
			<METS:div TYPE="Chapter" LABEL="3．4 角度传感器应用电路" ORDERLABEL="499"><METS:fptr FILEID="00000507"/>
			</METS:div>
			<METS:div TYPE="Chapter" LABEL="3．5 齿轮传感器应用电路" ORDERLABEL="514"><METS:fptr FILEID="00000522"/>
			</METS:div>
			<METS:div TYPE="Chapter" LABEL="3．6 霍尔传感器应用电路" ORDERLABEL="518"><METS:fptr FILEID="00000526"/>
			</METS:div>
			<METS:div TYPE="Chapter" LABEL="3．7 霍尔效应锁定集成电路应用" ORDERLABEL="546"><METS:fptr FILEID="00000554"/>
			</METS:div>
			<METS:div TYPE="Chapter" LABEL="3．8 无接触电位器式传感器应用电路" ORDERLABEL="558"><METS:fptr FILEID="00000566"/>
			</METS:div>
			<METS:div TYPE="Chapter" LABEL="3．9 位置传感器应用电路" ORDERLABEL="560"><METS:fptr FILEID="00000568"/>
			</METS:div>
			<METS:div TYPE="Chapter" LABEL="3．10 其他磁传感器应用电路" ORDERLABEL="574"><METS:fptr FILEID="00000582"/>
			</METS:div>
		</METS:div>
	</METS:structMap>
</METS:mets>
