<?xml version="1.0" encoding="utf-8"?>
<METS:mets xmlns:METS="http://www.loc.gov/METS/" xmlns:xsi="http://www.w3.org/2001/XMLSchema-instance" xmlns:gdm="http://sunsite.berkeley.edu/GDM/" xmlns:xlink="http://www.w3.org/TR/xlink" xsi:schemalocation="http://www.loc.gov/METS/http://www.loc.gov/standards/mets/mets.xsd" LABEL="Zhejiang University.jdl.China-America digital library project" TYPE="Section">
	<METS:structMap TYPE="Catalog">
		<METS:div TYPE="Chapter" LABEL="第一章 晶体及其能带结构" ORDERLABEL="1"><METS:fptr FILEID="00000011"/>
			<METS:div TYPE="Chapter" LABEL="第一节 空间点阵和晶体结构" ORDERLABEL="1"><METS:fptr FILEID="00000011"/>
			</METS:div>
			<METS:div TYPE="Chapter" LABEL="第二节 晶体的能带结构" ORDERLABEL="11"><METS:fptr FILEID="00000021"/>
			</METS:div>
			<METS:div TYPE="Chapter" LABEL="第三节 晶体的物理常数及其坐标变换" ORDERLABEL="21"><METS:fptr FILEID="00000031"/>
			</METS:div>
			<METS:div TYPE="Chapter" LABEL="参考文献" ORDERLABEL="30"><METS:fptr FILEID="00000040"/>
			</METS:div>
		</METS:div>
		<METS:div TYPE="Chapter" LABEL="第二章 压力传感器的基本原理" ORDERLABEL="31"><METS:fptr FILEID="00000041"/>
			<METS:div TYPE="Chapter" LABEL="第一节 单晶硅的压阻效应" ORDERLABEL="31"><METS:fptr FILEID="00000041"/>
			</METS:div>
			<METS:div TYPE="Chapter" LABEL="第二节 扩散硅的压阻效应" ORDERLABEL="44"><METS:fptr FILEID="00000054"/>
			</METS:div>
			<METS:div TYPE="Chapter" LABEL="第三节 多晶硅的压阻效应" ORDERLABEL="55"><METS:fptr FILEID="00000065"/>
			</METS:div>
			<METS:div TYPE="Chapter" LABEL="附录 任意晶向压阻系数的计算" ORDERLABEL="67"><METS:fptr FILEID="00000077"/>
			</METS:div>
			<METS:div TYPE="Chapter" LABEL="参考文献" ORDERLABEL="70"><METS:fptr FILEID="00000080"/>
			</METS:div>
		</METS:div>
		<METS:div TYPE="Chapter" LABEL="第三章 压力传感器中承压弹性膜的应力计算" ORDERLABEL="71"><METS:fptr FILEID="00000081"/>
			<METS:div TYPE="Chapter" LABEL="第一节 弹性力学基础" ORDERLABEL="71"><METS:fptr FILEID="00000081"/>
			</METS:div>
			<METS:div TYPE="Chapter" LABEL="第二节 承压弹性薄膜的应力分析" ORDERLABEL="78"><METS:fptr FILEID="00000088"/>
			</METS:div>
			<METS:div TYPE="Chapter" LABEL="第三节 压力传感器弹性膜二维有限元法的应力计算" ORDERLABEL="86"><METS:fptr FILEID="00000096"/>
			</METS:div>
			<METS:div TYPE="Chapter" LABEL="第四节 压力传感器三维有限元法应力计算简介" ORDERLABEL="103"><METS:fptr FILEID="00000113"/>
			</METS:div>
			<METS:div TYPE="Chapter" LABEL="参考文献" ORDERLABEL="113"><METS:fptr FILEID="00000123"/>
			</METS:div>
		</METS:div>
		<METS:div TYPE="Chapter" LABEL="第四章 压力传感器芯片版图设计" ORDERLABEL="114"><METS:fptr FILEID="00000124"/>
			<METS:div TYPE="Chapter" LABEL="第一节 合理利用压阻系数" ORDERLABEL="115"><METS:fptr FILEID="00000125"/>
			</METS:div>
			<METS:div TYPE="Chapter" LABEL="第二节 力敏电阻条的设计" ORDERLABEL="123"><METS:fptr FILEID="00000133"/>
			</METS:div>
			<METS:div TYPE="Chapter" LABEL="第三节 二极管与三极管的设计" ORDERLABEL="130"><METS:fptr FILEID="00000140"/>
			</METS:div>
			<METS:div TYPE="Chapter" LABEL="第四节 失效与可靠性问题" ORDERLABEL="137"><METS:fptr FILEID="00000147"/>
			</METS:div>
			<METS:div TYPE="Chapter" LABEL="参考文献" ORDERLABEL="142"><METS:fptr FILEID="00000152"/>
			</METS:div>
		</METS:div>
		<METS:div TYPE="Chapter" LABEL="第五章 压力传感器的衬底制备" ORDERLABEL="144"><METS:fptr FILEID="00000154"/>
			<METS:div TYPE="Chapter" LABEL="第一节 硅单晶片抛光的基本原理" ORDERLABEL="144"><METS:fptr FILEID="00000154"/>
			</METS:div>
			<METS:div TYPE="Chapter" LABEL="第二节 衬底片的清洗" ORDERLABEL="152"><METS:fptr FILEID="00000162"/>
			</METS:div>
			<METS:div TYPE="Chapter" LABEL="第三节 外延工艺原理" ORDERLABEL="165"><METS:fptr FILEID="00000175"/>
			</METS:div>
			<METS:div TYPE="Chapter" LABEL="第四节 硅一硅键合工艺原理" ORDERLABEL="175"><METS:fptr FILEID="00000185"/>
			</METS:div>
			<METS:div TYPE="Chapter" LABEL="参考文献" ORDERLABEL="181"><METS:fptr FILEID="00000191"/>
			</METS:div>
		</METS:div>
		<METS:div TYPE="Chapter" LABEL="第六章 压力传感器的管芯制备" ORDERLABEL="183"><METS:fptr FILEID="00000193"/>
			<METS:div TYPE="Chapter" LABEL="第一节 氧化膜的制备" ORDERLABEL="183"><METS:fptr FILEID="00000193"/>
			</METS:div>
			<METS:div TYPE="Chapter" LABEL="第二节 扩散工艺原理" ORDERLABEL="203"><METS:fptr FILEID="00000213"/>
			</METS:div>
			<METS:div TYPE="Chapter" LABEL="第三节 光刻工艺原理" ORDERLABEL="234"><METS:fptr FILEID="00000244"/>
			</METS:div>
			<METS:div TYPE="Chapter" LABEL="参考文献" ORDERLABEL="249"><METS:fptr FILEID="00000259"/>
			</METS:div>
		</METS:div>
		<METS:div TYPE="Chapter" LABEL="第七章 硅压力传感器的微机械加工" ORDERLABEL="251"><METS:fptr FILEID="00000261"/>
			<METS:div TYPE="Chapter" LABEL="第一节 概况" ORDERLABEL="251"><METS:fptr FILEID="00000261"/>
			</METS:div>
			<METS:div TYPE="Chapter" LABEL="第二节 湿化学腐蚀" ORDERLABEL="252"><METS:fptr FILEID="00000262"/>
			</METS:div>
			<METS:div TYPE="Chapter" LABEL="第三节 各向异性腐蚀过程计算机模拟" ORDERLABEL="267"><METS:fptr FILEID="00000277"/>
			</METS:div>
			<METS:div TYPE="Chapter" LABEL="第四节 压力传感器的压力腔腐蚀工艺" ORDERLABEL="275"><METS:fptr FILEID="00000285"/>
			</METS:div>
			<METS:div TYPE="Chapter" LABEL="第五节 表面微机械加工——牺牲层技术" ORDERLABEL="286"><METS:fptr FILEID="00000296"/>
			</METS:div>
			<METS:div TYPE="Chapter" LABEL="第六节 玻璃穿孔技术" ORDERLABEL="288"><METS:fptr FILEID="00000298"/>
			</METS:div>
			<METS:div TYPE="Chapter" LABEL="参考文献" ORDERLABEL="289"><METS:fptr FILEID="00000299"/>
			</METS:div>
		</METS:div>
		<METS:div TYPE="Chapter" LABEL="第八章 压力传感器的封装" ORDERLABEL="291"><METS:fptr FILEID="00000301"/>
			<METS:div TYPE="Chapter" LABEL="第一节 压力传感器的封装意义及要求" ORDERLABEL="291"><METS:fptr FILEID="00000301"/>
			</METS:div>
			<METS:div TYPE="Chapter" LABEL="第二节 压力传感器芯片的封接方法" ORDERLABEL="293"><METS:fptr FILEID="00000303"/>
			</METS:div>
			<METS:div TYPE="Chapter" LABEL="第三节 硅片与硅叶低温直接键合" ORDERLABEL="304"><METS:fptr FILEID="00000314"/>
			</METS:div>
			<METS:div TYPE="Chapter" LABEL="第四节 封接材料的性质" ORDERLABEL="308"><METS:fptr FILEID="00000318"/>
			</METS:div>
			<METS:div TYPE="Chapter" LABEL="参考文献" ORDERLABEL="310"><METS:fptr FILEID="00000320"/>
			</METS:div>
		</METS:div>
		<METS:div TYPE="Chapter" LABEL="第九章 压力传感器的引线" ORDERLABEL="312"><METS:fptr FILEID="00000322"/>
			<METS:div TYPE="Chapter" LABEL="第一节 压力传感器的引线键合" ORDERLABEL="312"><METS:fptr FILEID="00000322"/>
			</METS:div>
			<METS:div TYPE="Chapter" LABEL="第二节 载带自动键合(TAB)技术" ORDERLABEL="316"><METS:fptr FILEID="00000326"/>
			</METS:div>
			<METS:div TYPE="Chapter" LABEL="第三节 引线的可键合性与可靠性" ORDERLABEL="326"><METS:fptr FILEID="00000336"/>
			</METS:div>
			<METS:div TYPE="Chapter" LABEL="第四节 引线间接触电阻的测量" ORDERLABEL="333"><METS:fptr FILEID="00000343"/>
			</METS:div>
			<METS:div TYPE="Chapter" LABEL="参考文献" ORDERLABEL="338"><METS:fptr FILEID="00000348"/>
			</METS:div>
		</METS:div>
		<METS:div TYPE="Chapter" LABEL="第十章 压力传感器的技术性能与选用" ORDERLABEL="339"><METS:fptr FILEID="00000349"/>
			<METS:div TYPE="Chapter" LABEL="第一节 压力传感器的技术性能" ORDERLABEL="339"><METS:fptr FILEID="00000349"/>
			</METS:div>
			<METS:div TYPE="Chapter" LABEL="第二节 压力传感器的选用" ORDERLABEL="355"><METS:fptr FILEID="00000365"/>
			</METS:div>
			<METS:div TYPE="Chapter" LABEL="参考文献" ORDERLABEL="365"><METS:fptr FILEID="00000375"/>
			</METS:div>
		</METS:div>
		<METS:div TYPE="Chapter" LABEL="第十一章 压力传感器的热漂移及其补偿技术" ORDERLABEL="366"><METS:fptr FILEID="00000376"/>
			<METS:div TYPE="Chapter" LABEL="第一节 热零点漂移及其补偿技术" ORDERLABEL="366"><METS:fptr FILEID="00000376"/>
			</METS:div>
			<METS:div TYPE="Chapter" LABEL="第二节 热灵敏度漂移及其补偿技术" ORDERLABEL="382"><METS:fptr FILEID="00000392"/>
			</METS:div>
			<METS:div TYPE="Chapter" LABEL="第三节 用自平街电桥简单电路消除热零点和灵敏度漂移" ORDERLABEL="389"><METS:fptr FILEID="00000399"/>
			</METS:div>
			<METS:div TYPE="Chapter" LABEL="参考文献" ORDERLABEL="401"><METS:fptr FILEID="00000411"/>
			</METS:div>
		</METS:div>
		<METS:div TYPE="Chapter" LABEL="第十二章 压力传感器的信号调理" ORDERLABEL="402"><METS:fptr FILEID="00000412"/>
			<METS:div TYPE="Chapter" LABEL="第一节 集成运算放大器简介" ORDERLABEL="402"><METS:fptr FILEID="00000412"/>
			</METS:div>
			<METS:div TYPE="Chapter" LABEL="第二节 仪表放大器简介" ORDERLABEL="425"><METS:fptr FILEID="00000435"/>
			</METS:div>
			<METS:div TYPE="Chapter" LABEL="第三节 压力传感器激励" ORDERLABEL="432"><METS:fptr FILEID="00000442"/>
			</METS:div>
			<METS:div TYPE="Chapter" LABEL="参考文献" ORDERLABEL="439"><METS:fptr FILEID="00000449"/>
			</METS:div>
		</METS:div>
		<METS:div TYPE="Chapter" LABEL="第十三章 压力传感器的智能化技术" ORDERLABEL="440"><METS:fptr FILEID="00000450"/>
			<METS:div TYPE="Chapter" LABEL="第一节 MCS-51单片机系统概述" ORDERLABEL="440"><METS:fptr FILEID="00000450"/>
			</METS:div>
			<METS:div TYPE="Chapter" LABEL="第二节 MCS-51单片机的指令系统" ORDERLABEL="448"><METS:fptr FILEID="00000458"/>
			</METS:div>
			<METS:div TYPE="Chapter" LABEL="第三节 MCS-51单片机内部存储器" ORDERLABEL="470"><METS:fptr FILEID="00000480"/>
			</METS:div>
			<METS:div TYPE="Chapter" LABEL="第四节 MCS-51单片帆内部的定时器/计数器" ORDERLABEL="475"><METS:fptr FILEID="00000485"/>
			</METS:div>
			<METS:div TYPE="Chapter" LABEL="第五节 MCS-51单片机内部的并行输入/输出(I/O)口" ORDERLABEL="481"><METS:fptr FILEID="00000491"/>
			</METS:div>
			<METS:div TYPE="Chapter" LABEL="第六节 MCS-51单片帆内部的串行口" ORDERLABEL="485"><METS:fptr FILEID="00000495"/>
			</METS:div>
			<METS:div TYPE="Chapter" LABEL="第七节 MCS-51单片机的中断控制系统" ORDERLABEL="490"><METS:fptr FILEID="00000500"/>
			</METS:div>
			<METS:div TYPE="Chapter" LABEL="第八节 智能化压力传感器的硬件设计" ORDERLABEL="498"><METS:fptr FILEID="00000508"/>
			</METS:div>
			<METS:div TYPE="Chapter" LABEL="第九节 智能化压力传感器的软件设计" ORDERLABEL="523"><METS:fptr FILEID="00000533"/>
			</METS:div>
			<METS:div TYPE="Chapter" LABEL="参考文献" ORDERLABEL="539"><METS:fptr FILEID="00000549"/>
			</METS:div>
		</METS:div>
		<METS:div TYPE="Chapter" LABEL="第十四章 其他种类压力传感器" ORDERLABEL="541"><METS:fptr FILEID="00000551"/>
			<METS:div TYPE="Chapter" LABEL="第一节 膜片式电容型压力传感器" ORDERLABEL="541"><METS:fptr FILEID="00000551"/>
			</METS:div>
			<METS:div TYPE="Chapter" LABEL="第二节 压电型压力传感器" ORDERLABEL="549"><METS:fptr FILEID="00000559"/>
			</METS:div>
			<METS:div TYPE="Chapter" LABEL="第三节 金属电阻应变式压力传感器" ORDERLABEL="565"><METS:fptr FILEID="00000575"/>
			</METS:div>
			<METS:div TYPE="Chapter" LABEL="第四节 干涉光非接触式读出压力传感器" ORDERLABEL="572"><METS:fptr FILEID="00000582"/>
			</METS:div>
			<METS:div TYPE="Chapter" LABEL="第五节 光纤压力传感器" ORDERLABEL="578"><METS:fptr FILEID="00000588"/>
			</METS:div>
			<METS:div TYPE="Chapter" LABEL="参考文献" ORDERLABEL="583"><METS:fptr FILEID="00000593"/>
			</METS:div>
		</METS:div>
		<METS:div TYPE="Chapter" LABEL="第十五章 压力传感器的应用" ORDERLABEL="584"><METS:fptr FILEID="00000594"/>
			<METS:div TYPE="Chapter" LABEL="第一节 压力传感器的应用分类" ORDERLABEL="584"><METS:fptr FILEID="00000594"/>
			</METS:div>
			<METS:div TYPE="Chapter" LABEL="第二节 LED显示排压力计" ORDERLABEL="590"><METS:fptr FILEID="00000600"/>
			</METS:div>
			<METS:div TYPE="Chapter" LABEL="第三节 电池供电精密气压计" ORDERLABEL="594"><METS:fptr FILEID="00000604"/>
			</METS:div>
			<METS:div TYPE="Chapter" LABEL="第四节 压力控制器" ORDERLABEL="598"><METS:fptr FILEID="00000608"/>
			</METS:div>
			<METS:div TYPE="Chapter" LABEL="第五节 自动洗衣机中应用的压力传感器" ORDERLABEL="602"><METS:fptr FILEID="00000612"/>
			</METS:div>
			<METS:div TYPE="Chapter" LABEL="第六节 自动补偿静压的压力传感器" ORDERLABEL="604"><METS:fptr FILEID="00000614"/>
			</METS:div>
			<METS:div TYPE="Chapter" LABEL="第七节 压力传感器在液位测量中的应用" ORDERLABEL="607"><METS:fptr FILEID="00000617"/>
			</METS:div>
			<METS:div TYPE="Chapter" LABEL="参考文献" ORDERLABEL="611"><METS:fptr FILEID="00000621"/>
			</METS:div>
		</METS:div>
	</METS:structMap>
</METS:mets>
