<?xml version="1.0" encoding="utf-8"?>
<METS:mets xmlns:METS="http://www.loc.gov/METS/" xmlns:xsi="http://www.w3.org/2001/XMLSchema-instance" xmlns:gdm="http://sunsite.berkeley.edu/GDM/" xmlns:xlink="http://www.w3.org/TR/xlink" xsi:schemalocation="http://www.loc.gov/METS/http://www.loc.gov/standards/mets/mets.xsd" LABEL="Zhejiang University.jdl.China-America digital library project" TYPE="Section">
	<METS:structMap TYPE="Catalog">
		<METS:div TYPE="Chapter" LABEL="1 温度传感器检测" ORDERLABEL="1"><METS:fptr FILEID="00000008"/>
			<METS:div TYPE="Chapter" LABEL="一、概述" ORDERLABEL="1"><METS:fptr FILEID="00000008"/>
			</METS:div>
			<METS:div TYPE="Chapter" LABEL="二、水温传感器检测" ORDERLABEL="2"><METS:fptr FILEID="00000009"/>
			</METS:div>
			<METS:div TYPE="Chapter" LABEL="三、进气温度传感器检测" ORDERLABEL="6"><METS:fptr FILEID="00000013"/>
			</METS:div>
			<METS:div TYPE="Chapter" LABEL="四、变速器油温传感器检测" ORDERLABEL="9"><METS:fptr FILEID="00000016"/>
			</METS:div>
			<METS:div TYPE="Chapter" LABEL="五、排气温度传感器检测" ORDERLABEL="11"><METS:fptr FILEID="00000018"/>
			</METS:div>
			<METS:div TYPE="Chapter" LABEL="六、EGR监测温度传感器检测" ORDERLABEL="14"><METS:fptr FILEID="00000021"/>
			</METS:div>
			<METS:div TYPE="Chapter" LABEL="七、车外气温传感器检测" ORDERLABEL="15"><METS:fptr FILEID="00000022"/>
			</METS:div>
			<METS:div TYPE="Chapter" LABEL="八、日照传感器(阳光辐射传感器)检测" ORDERLABEL="18"><METS:fptr FILEID="00000025"/>
			</METS:div>
			<METS:div TYPE="Chapter" LABEL="九、车内温度传感器检测" ORDERLABEL="21"><METS:fptr FILEID="00000028"/>
			</METS:div>
			<METS:div TYPE="Chapter" LABEL="十、蒸发器出口温度传感器检测" ORDERLABEL="24"><METS:fptr FILEID="00000031"/>
			</METS:div>
		</METS:div>
		<METS:div TYPE="Chapter" LABEL="2 空气流量传感器检测" ORDERLABEL="27"><METS:fptr FILEID="00000034"/>
			<METS:div TYPE="Chapter" LABEL="一、概述" ORDERLABEL="27"><METS:fptr FILEID="00000034"/>
			</METS:div>
			<METS:div TYPE="Chapter" LABEL="二、翼片式空气流量传感器检测" ORDERLABEL="28"><METS:fptr FILEID="00000035"/>
			</METS:div>
			<METS:div TYPE="Chapter" LABEL="三、卡门涡旋式空气流量传感器检测(光电式)" ORDERLABEL="33"><METS:fptr FILEID="00000040"/>
			</METS:div>
			<METS:div TYPE="Chapter" LABEL="四、卡门涡旋式空气流量传感器检测(超声波式)" ORDERLABEL="37"><METS:fptr FILEID="00000044"/>
			</METS:div>
			<METS:div TYPE="Chapter" LABEL="五、热线式空气流量传感器检测" ORDERLABEL="39"><METS:fptr FILEID="00000046"/>
			</METS:div>
			<METS:div TYPE="Chapter" LABEL="六、热膜式空气流量传感器检测" ORDERLABEL="45"><METS:fptr FILEID="00000052"/>
			</METS:div>
		</METS:div>
		<METS:div TYPE="Chapter" LABEL="3 压力传感器检测" ORDERLABEL="48"><METS:fptr FILEID="00000055"/>
			<METS:div TYPE="Chapter" LABEL="一、概述" ORDERLABEL="48"><METS:fptr FILEID="00000055"/>
			</METS:div>
			<METS:div TYPE="Chapter" LABEL="二、半导体式进气管压力传感器检测" ORDERLABEL="50"><METS:fptr FILEID="00000057"/>
			</METS:div>
			<METS:div TYPE="Chapter" LABEL="三、真空膜盒式进气管压力传感器检测" ORDERLABEL="53"><METS:fptr FILEID="00000060"/>
			</METS:div>
			<METS:div TYPE="Chapter" LABEL="四、大气压力传感器检测" ORDERLABEL="55"><METS:fptr FILEID="00000062"/>
			</METS:div>
			<METS:div TYPE="Chapter" LABEL="五、制动主缸油压传感器检测" ORDERLABEL="59"><METS:fptr FILEID="00000066"/>
			</METS:div>
			<METS:div TYPE="Chapter" LABEL="六、蓄压器用压力传感器检测" ORDERLABEL="61"><METS:fptr FILEID="00000068"/>
			</METS:div>
			<METS:div TYPE="Chapter" LABEL="七、空气滤清器真空开关检测" ORDERLABEL="64"><METS:fptr FILEID="00000071"/>
			</METS:div>
			<METS:div TYPE="Chapter" LABEL="八、机油压力开关检测" ORDERLABEL="66"><METS:fptr FILEID="00000073"/>
			</METS:div>
			<METS:div TYPE="Chapter" LABEL="九、空调压力开关检测" ORDERLABEL="68"><METS:fptr FILEID="00000075"/>
			</METS:div>
		</METS:div>
		<METS:div TYPE="Chapter" LABEL="4 位置与角度传感器检测" ORDERLABEL="71"><METS:fptr FILEID="00000078"/>
			<METS:div TYPE="Chapter" LABEL="一、线性可变电阻型节气门位置传感器检测" ORDERLABEL="71"><METS:fptr FILEID="00000078"/>
			</METS:div>
			<METS:div TYPE="Chapter" LABEL="二、编码式节气门位置传感器检测" ORDERLABEL="79"><METS:fptr FILEID="00000086"/>
			</METS:div>
			<METS:div TYPE="Chapter" LABEL="三、开关式节气门位置传感器检测" ORDERLABEL="82"><METS:fptr FILEID="00000089"/>
			</METS:div>
			<METS:div TYPE="Chapter" LABEL="四、转向传感器检测" ORDERLABEL="86"><METS:fptr FILEID="00000093"/>
			</METS:div>
			<METS:div TYPE="Chapter" LABEL="五、光电式车高传感器检测" ORDERLABEL="90"><METS:fptr FILEID="00000097"/>
			</METS:div>
			<METS:div TYPE="Chapter" LABEL="六、液位传感器检测" ORDERLABEL="93"><METS:fptr FILEID="00000100"/>
			</METS:div>
		</METS:div>
		<METS:div TYPE="Chapter" LABEL="5 速度与加速度传感器检测" ORDERLABEL="101"><METS:fptr FILEID="00000108"/>
			<METS:div TYPE="Chapter" LABEL="一、磁脉冲式曲轴位置传感器检测" ORDERLABEL="101"><METS:fptr FILEID="00000108"/>
			</METS:div>
			<METS:div TYPE="Chapter" LABEL="二、光电式曲轴位置传感器检测" ORDERLABEL="109"><METS:fptr FILEID="00000116"/>
			</METS:div>
			<METS:div TYPE="Chapter" LABEL="三、霍尔式曲轴位置传感器检测" ORDERLABEL="113"><METS:fptr FILEID="00000120"/>
			</METS:div>
			<METS:div TYPE="Chapter" LABEL="四、笛簧开关式发动机转速传感器检测" ORDERLABEL="117"><METS:fptr FILEID="00000124"/>
			</METS:div>
			<METS:div TYPE="Chapter" LABEL="五、可变磁阻式车速传感器检测" ORDERLABEL="119"><METS:fptr FILEID="00000126"/>
			</METS:div>
			<METS:div TYPE="Chapter" LABEL="六、光电式车速传感器检测" ORDERLABEL="122"><METS:fptr FILEID="00000129"/>
			</METS:div>
			<METS:div TYPE="Chapter" LABEL="七、电磁感应式车速传感器检测" ORDERLABEL="125"><METS:fptr FILEID="00000132"/>
			</METS:div>
			<METS:div TYPE="Chapter" LABEL="八、笛簧开关式车速传感器检测" ORDERLABEL="128"><METS:fptr FILEID="00000135"/>
			</METS:div>
			<METS:div TYPE="Chapter" LABEL="九、转速传感器检测" ORDERLABEL="130"><METS:fptr FILEID="00000137"/>
			</METS:div>
		</METS:div>
		<METS:div TYPE="Chapter" LABEL="6 振动传感器检测" ORDERLABEL="134"><METS:fptr FILEID="00000141"/>
			<METS:div TYPE="Chapter" LABEL="一、碰撞传感器检测" ORDERLABEL="134"><METS:fptr FILEID="00000141"/>
			</METS:div>
			<METS:div TYPE="Chapter" LABEL="二、ABS用加速度传感器检测" ORDERLABEL="144"><METS:fptr FILEID="00000151"/>
			</METS:div>
			<METS:div TYPE="Chapter" LABEL="三、爆震传感器检测" ORDERLABEL="148"><METS:fptr FILEID="00000155"/>
			</METS:div>
		</METS:div>
		<METS:div TYPE="Chapter" LABEL="7 气体浓度传感器检测" ORDERLABEL="156"><METS:fptr FILEID="00000163"/>
			<METS:div TYPE="Chapter" LABEL="一、二氧化锆式氧传感器检测" ORDERLABEL="156"><METS:fptr FILEID="00000163"/>
			</METS:div>
			<METS:div TYPE="Chapter" LABEL="二、二氧化钛式氧传感器检测" ORDERLABEL="162"><METS:fptr FILEID="00000169"/>
			</METS:div>
			<METS:div TYPE="Chapter" LABEL="三、稀薄混合气传感器检测" ORDERLABEL="165"><METS:fptr FILEID="00000172"/>
			</METS:div>
			<METS:div TYPE="Chapter" LABEL="四、全范围空燃比传感器检测" ORDERLABEL="168"><METS:fptr FILEID="00000175"/>
			</METS:div>
			<METS:div TYPE="Chapter" LABEL="五、烟雾浓度传感器检测" ORDERLABEL="170"><METS:fptr FILEID="00000177"/>
			</METS:div>
		</METS:div>
	</METS:structMap>
</METS:mets>
