<?xml version="1.0" encoding="utf-8"?>
<METS:mets xmlns:METS="http://www.loc.gov/METS/" xmlns:xsi="http://www.w3.org/2001/XMLSchema-instance" xmlns:gdm="http://sunsite.berkeley.edu/GDM/" xmlns:xlink="http://www.w3.org/TR/xlink" xsi:schemalocation="http://www.loc.gov/METS/http://www.loc.gov/standards/mets/mets.xsd" LABEL="Zhejiang University.jdl.China-America digital library project" TYPE="Section">
	<METS:structMap TYPE="Catalog">
		<METS:div TYPE="Chapter" LABEL="第一章传感器技术基础" ORDERLABEL="3"><METS:fptr FILEID="00000012"/>
			<METS:div TYPE="Chapter" LABEL="1-1传感器的基本概念" ORDERLABEL="3"><METS:fptr FILEID="00000012"/>
				<METS:div TYPE="Chapter" LABEL="1．传感器的定义" ORDERLABEL="3"><METS:fptr FILEID="00000012"/>
				</METS:div>
				<METS:div TYPE="Chapter" LABEL="2．传感器的物理定律" ORDERLABEL="4"><METS:fptr FILEID="00000013"/>
				</METS:div>
				<METS:div TYPE="Chapter" LABEL="3．传感器的组成" ORDERLABEL="5"><METS:fptr FILEID="00000014"/>
				</METS:div>
				<METS:div TYPE="Chapter" LABEL="4．传感器的分类" ORDERLABEL="9"><METS:fptr FILEID="00000018"/>
				</METS:div>
			</METS:div>
			<METS:div TYPE="Chapter" LABEL="1-2传感器的静态数学模型及其基本特性指标" ORDERLABEL="10"><METS:fptr FILEID="00000019"/>
				<METS:div TYPE="Chapter" LABEL="1．传感器的静态模型" ORDERLABEL="11"><METS:fptr FILEID="00000020"/>
				</METS:div>
				<METS:div TYPE="Chapter" LABEL="2．传感器的静态特性指标" ORDERLABEL="12"><METS:fptr FILEID="00000021"/>
				</METS:div>
			</METS:div>
			<METS:div TYPE="Chapter" LABEL="1-3传感器的动态数学模型及其动态特性指标" ORDERLABEL="17"><METS:fptr FILEID="00000026"/>
				<METS:div TYPE="Chapter" LABEL="1．动态模型" ORDERLABEL="17"><METS:fptr FILEID="00000026"/>
				</METS:div>
				<METS:div TYPE="Chapter" LABEL="2．传感器的动态特性指标" ORDERLABEL="20"><METS:fptr FILEID="00000029"/>
				</METS:div>
				<METS:div TYPE="Chapter" LABEL="3．一阶系统的动态响应分析" ORDERLABEL="23"><METS:fptr FILEID="00000032"/>
				</METS:div>
			</METS:div>
			<METS:div TYPE="Chapter" LABEL="1-4改善传感器性能的技术途径" ORDERLABEL="25"><METS:fptr FILEID="00000034"/>
				<METS:div TYPE="Chapter" LABEL="1．结构、材料与参数的合理选择" ORDERLABEL="25"><METS:fptr FILEID="00000034"/>
				</METS:div>
				<METS:div TYPE="Chapter" LABEL="2．差动技术" ORDERLABEL="26"><METS:fptr FILEID="00000035"/>
				</METS:div>
				<METS:div TYPE="Chapter" LABEL="3．平均技术" ORDERLABEL="28"><METS:fptr FILEID="00000037"/>
				</METS:div>
				<METS:div TYPE="Chapter" LABEL="4．稳定性处理" ORDERLABEL="29"><METS:fptr FILEID="00000038"/>
				</METS:div>
				<METS:div TYPE="Chapter" LABEL="5．屏蔽、隔离和干扰抑制" ORDERLABEL="29"><METS:fptr FILEID="00000038"/>
				</METS:div>
				<METS:div TYPE="Chapter" LABEL="6．零示法、微差法与闭环技术" ORDERLABEL="31"><METS:fptr FILEID="00000040"/>
				</METS:div>
				<METS:div TYPE="Chapter" LABEL="7．补偿与校正" ORDERLABEL="33"><METS:fptr FILEID="00000042"/>
				</METS:div>
				<METS:div TYPE="Chapter" LABEL="8．集成化与智能化" ORDERLABEL="33"><METS:fptr FILEID="00000042"/>
				</METS:div>
			</METS:div>
			<METS:div TYPE="Chapter" LABEL="1-5传感器的标定与校准" ORDERLABEL="34"><METS:fptr FILEID="00000043"/>
				<METS:div TYPE="Chapter" LABEL="1．标定与校准的概念" ORDERLABEL="34"><METS:fptr FILEID="00000043"/>
				</METS:div>
				<METS:div TYPE="Chapter" LABEL="2．标定的基本方法" ORDERLABEL="35"><METS:fptr FILEID="00000044"/>
				</METS:div>
				<METS:div TYPE="Chapter" LABEL="3．标定系统的组成" ORDERLABEL="35"><METS:fptr FILEID="00000044"/>
				</METS:div>
				<METS:div TYPE="Chapter" LABEL="4．传感器的静态标定及设备" ORDERLABEL="36"><METS:fptr FILEID="00000045"/>
				</METS:div>
				<METS:div TYPE="Chapter" LABEL="5．传感器的动态标定及设备" ORDERLABEL="36"><METS:fptr FILEID="00000045"/>
				</METS:div>
			</METS:div>
			<METS:div TYPE="Chapter" LABEL="习题" ORDERLABEL="36"><METS:fptr FILEID="00000045"/>
			</METS:div>
		</METS:div>
		<METS:div TYPE="Chapter" LABEL="第二章电阻式传感器" ORDERLABEL="37"><METS:fptr FILEID="00000046"/>
			<METS:div TYPE="Chapter" LABEL="2-1电位器式传感器" ORDERLABEL="37"><METS:fptr FILEID="00000046"/>
				<METS:div TYPE="Chapter" LABEL="1．线绕电位器式传感器" ORDERLABEL="37"><METS:fptr FILEID="00000046"/>
				</METS:div>
				<METS:div TYPE="Chapter" LABEL="2．非线绕电位器式传感器" ORDERLABEL="41"><METS:fptr FILEID="00000050"/>
				</METS:div>
				<METS:div TYPE="Chapter" LABEL="3．电位器式传感器的应用" ORDERLABEL="43"><METS:fptr FILEID="00000052"/>
				</METS:div>
			</METS:div>
			<METS:div TYPE="Chapter" LABEL="2-2电阻应变计的原理及特性" ORDERLABEL="44"><METS:fptr FILEID="00000053"/>
				<METS:div TYPE="Chapter" LABEL="1．电阻应变计的结构及原理" ORDERLABEL="44"><METS:fptr FILEID="00000053"/>
				</METS:div>
				<METS:div TYPE="Chapter" LABEL="2．电阻应变计的特性" ORDERLABEL="47"><METS:fptr FILEID="00000056"/>
				</METS:div>
				<METS:div TYPE="Chapter" LABEL="3．电阻应变计的分类" ORDERLABEL="52"><METS:fptr FILEID="00000061"/>
				</METS:div>
			</METS:div>
			<METS:div TYPE="Chapter" LABEL="2-3测量电路及电阻应变仪" ORDERLABEL="53"><METS:fptr FILEID="00000062"/>
				<METS:div TYPE="Chapter" LABEL="1．应变电桥" ORDERLABEL="53"><METS:fptr FILEID="00000062"/>
				</METS:div>
				<METS:div TYPE="Chapter" LABEL="2．直流电桥及输出特性" ORDERLABEL="54"><METS:fptr FILEID="00000063"/>
				</METS:div>
				<METS:div TYPE="Chapter" LABEL="3．交流电桥及其平衡" ORDERLABEL="61"><METS:fptr FILEID="00000070"/>
				</METS:div>
				<METS:div TYPE="Chapter" LABEL="4．电阻应变仪" ORDERLABEL="62"><METS:fptr FILEID="00000071"/>
				</METS:div>
			</METS:div>
			<METS:div TYPE="Chapter" LABEL="2-4电阻应变式传感器的应用" ORDERLABEL="67"><METS:fptr FILEID="00000076"/>
				<METS:div TYPE="Chapter" LABEL="1．应变式传感器的特点" ORDERLABEL="67"><METS:fptr FILEID="00000076"/>
				</METS:div>
				<METS:div TYPE="Chapter" LABEL="2．应变计的使用" ORDERLABEL="68"><METS:fptr FILEID="00000077"/>
				</METS:div>
			</METS:div>
			<METS:div TYPE="Chapter" LABEL="习题" ORDERLABEL="72"><METS:fptr FILEID="00000081"/>
			</METS:div>
		</METS:div>
		<METS:div TYPE="Chapter" LABEL="第三章电容式传感器" ORDERLABEL="74"><METS:fptr FILEID="00000083"/>
			<METS:div TYPE="Chapter" LABEL="3-1电容式传感器的工作原理和结构" ORDERLABEL="74"><METS:fptr FILEID="00000083"/>
				<METS:div TYPE="Chapter" LABEL="1．基本工作原理" ORDERLABEL="74"><METS:fptr FILEID="00000083"/>
				</METS:div>
				<METS:div TYPE="Chapter" LABEL="2．变间隙型电容传感器" ORDERLABEL="75"><METS:fptr FILEID="00000084"/>
				</METS:div>
				<METS:div TYPE="Chapter" LABEL="3．变面积型电容传感器" ORDERLABEL="78"><METS:fptr FILEID="00000087"/>
				</METS:div>
				<METS:div TYPE="Chapter" LABEL="4．变介质型电容传感器" ORDERLABEL="80"><METS:fptr FILEID="00000089"/>
				</METS:div>
			</METS:div>
			<METS:div TYPE="Chapter" LABEL="3-2电容式传感器的测量电路" ORDERLABEL="82"><METS:fptr FILEID="00000091"/>
				<METS:div TYPE="Chapter" LABEL="1．调频电路" ORDERLABEL="82"><METS:fptr FILEID="00000091"/>
				</METS:div>
				<METS:div TYPE="Chapter" LABEL="2．调幅电路" ORDERLABEL="83"><METS:fptr FILEID="00000092"/>
				</METS:div>
				<METS:div TYPE="Chapter" LABEL="3．脉冲宽度调制电路" ORDERLABEL="89"><METS:fptr FILEID="00000098"/>
				</METS:div>
			</METS:div>
			<METS:div TYPE="Chapter" LABEL="3-3电容式传感器的应用" ORDERLABEL="91"><METS:fptr FILEID="00000100"/>
				<METS:div TYPE="Chapter" LABEL="1．等效电路" ORDERLABEL="91"><METS:fptr FILEID="00000100"/>
				</METS:div>
				<METS:div TYPE="Chapter" LABEL="2．应用中存在的问题" ORDERLABEL="92"><METS:fptr FILEID="00000101"/>
				</METS:div>
				<METS:div TYPE="Chapter" LABEL="3．应用举例" ORDERLABEL="94"><METS:fptr FILEID="00000103"/>
				</METS:div>
			</METS:div>
			<METS:div TYPE="Chapter" LABEL="习题" ORDERLABEL="96"><METS:fptr FILEID="00000105"/>
			</METS:div>
		</METS:div>
		<METS:div TYPE="Chapter" LABEL="第四章电感式传感器" ORDERLABEL="98"><METS:fptr FILEID="00000107"/>
			<METS:div TYPE="Chapter" LABEL="4-1自感式传感器" ORDERLABEL="98"><METS:fptr FILEID="00000107"/>
				<METS:div TYPE="Chapter" LABEL="1．结构和工作原理" ORDERLABEL="98"><METS:fptr FILEID="00000107"/>
				</METS:div>
				<METS:div TYPE="Chapter" LABEL="2．变气隙式自感传感器" ORDERLABEL="99"><METS:fptr FILEID="00000108"/>
				</METS:div>
				<METS:div TYPE="Chapter" LABEL="3．差动自感传感器" ORDERLABEL="100"><METS:fptr FILEID="00000109"/>
				</METS:div>
				<METS:div TYPE="Chapter" LABEL="4．测量电路" ORDERLABEL="101"><METS:fptr FILEID="00000110"/>
				</METS:div>
			</METS:div>
			<METS:div TYPE="Chapter" LABEL="4-2互感式传感器" ORDERLABEL="103"><METS:fptr FILEID="00000112"/>
				<METS:div TYPE="Chapter" LABEL="1．结构与工作原理" ORDERLABEL="103"><METS:fptr FILEID="00000112"/>
				</METS:div>
				<METS:div TYPE="Chapter" LABEL="2．等效电路" ORDERLABEL="104"><METS:fptr FILEID="00000113"/>
				</METS:div>
				<METS:div TYPE="Chapter" LABEL="3．测量电路" ORDERLABEL="106"><METS:fptr FILEID="00000115"/>
				</METS:div>
			</METS:div>
			<METS:div TYPE="Chapter" LABEL="4-3电涡流式传感器" ORDERLABEL="109"><METS:fptr FILEID="00000118"/>
				<METS:div TYPE="Chapter" LABEL="1．基本原理" ORDERLABEL="109"><METS:fptr FILEID="00000118"/>
				</METS:div>
				<METS:div TYPE="Chapter" LABEL="2．结构类型" ORDERLABEL="110"><METS:fptr FILEID="00000119"/>
				</METS:div>
				<METS:div TYPE="Chapter" LABEL="3．测量电路" ORDERLABEL="111"><METS:fptr FILEID="00000120"/>
				</METS:div>
			</METS:div>
			<METS:div TYPE="Chapter" LABEL="4-4电感式传感器的应用" ORDERLABEL="113"><METS:fptr FILEID="00000122"/>
			</METS:div>
			<METS:div TYPE="Chapter" LABEL="习题" ORDERLABEL="116"><METS:fptr FILEID="00000125"/>
			</METS:div>
		</METS:div>
		<METS:div TYPE="Chapter" LABEL="第五章压电式传感器" ORDERLABEL="117"><METS:fptr FILEID="00000126"/>
			<METS:div TYPE="Chapter" LABEL="5-1压电效应和压电材料" ORDERLABEL="117"><METS:fptr FILEID="00000126"/>
				<METS:div TYPE="Chapter" LABEL="1．压电效应" ORDERLABEL="117"><METS:fptr FILEID="00000126"/>
				</METS:div>
				<METS:div TYPE="Chapter" LABEL="2．压电材料简介" ORDERLABEL="118"><METS:fptr FILEID="00000127"/>
				</METS:div>
				<METS:div TYPE="Chapter" LABEL="3．石英晶体的压电特性" ORDERLABEL="118"><METS:fptr FILEID="00000127"/>
				</METS:div>
				<METS:div TYPE="Chapter" LABEL="4．压电陶瓷的压电现象" ORDERLABEL="119"><METS:fptr FILEID="00000128"/>
				</METS:div>
			</METS:div>
			<METS:div TYPE="Chapter" LABEL="5-2压电传感器的等效电路和测量电路" ORDERLABEL="120"><METS:fptr FILEID="00000129"/>
				<METS:div TYPE="Chapter" LABEL="1．压电晶体的连接方式" ORDERLABEL="120"><METS:fptr FILEID="00000129"/>
				</METS:div>
				<METS:div TYPE="Chapter" LABEL="2．压电传感器的等效电路" ORDERLABEL="121"><METS:fptr FILEID="00000130"/>
				</METS:div>
				<METS:div TYPE="Chapter" LABEL="3．压电传感器的测量电路" ORDERLABEL="122"><METS:fptr FILEID="00000131"/>
				</METS:div>
			</METS:div>
			<METS:div TYPE="Chapter" LABEL="5-3压电式传感器的应用" ORDERLABEL="125"><METS:fptr FILEID="00000134"/>
			</METS:div>
			<METS:div TYPE="Chapter" LABEL="习题" ORDERLABEL="127"><METS:fptr FILEID="00000136"/>
			</METS:div>
		</METS:div>
		<METS:div TYPE="Chapter" LABEL="第六章热电式传感器" ORDERLABEL="128"><METS:fptr FILEID="00000137"/>
			<METS:div TYPE="Chapter" LABEL="6-1热电阻" ORDERLABEL="128"><METS:fptr FILEID="00000137"/>
				<METS:div TYPE="Chapter" LABEL="1．热电阻材料的特点" ORDERLABEL="128"><METS:fptr FILEID="00000137"/>
				</METS:div>
				<METS:div TYPE="Chapter" LABEL="2．常用热电阻" ORDERLABEL="129"><METS:fptr FILEID="00000138"/>
				</METS:div>
				<METS:div TYPE="Chapter" LABEL="3．热电阻的测量电路" ORDERLABEL="130"><METS:fptr FILEID="00000139"/>
				</METS:div>
				<METS:div TYPE="Chapter" LABEL="4．热电阻应用举例" ORDERLABEL="131"><METS:fptr FILEID="00000140"/>
				</METS:div>
			</METS:div>
			<METS:div TYPE="Chapter" LABEL="6-2热敏电阻" ORDERLABEL="132"><METS:fptr FILEID="00000141"/>
				<METS:div TYPE="Chapter" LABEL="1．热敏电阻的结构和特点" ORDERLABEL="132"><METS:fptr FILEID="00000141"/>
				</METS:div>
				<METS:div TYPE="Chapter" LABEL="2．热敏电阻的温度特性" ORDERLABEL="133"><METS:fptr FILEID="00000142"/>
				</METS:div>
				<METS:div TYPE="Chapter" LABEL="3．NTC热敏电阻输出特性的线性化处理" ORDERLABEL="134"><METS:fptr FILEID="00000143"/>
				</METS:div>
				<METS:div TYPE="Chapter" LABEL="4．应用举例" ORDERLABEL="135"><METS:fptr FILEID="00000144"/>
				</METS:div>
			</METS:div>
			<METS:div TYPE="Chapter" LABEL="6-3热电偶" ORDERLABEL="136"><METS:fptr FILEID="00000145"/>
				<METS:div TYPE="Chapter" LABEL="1．热电效应" ORDERLABEL="136"><METS:fptr FILEID="00000145"/>
				</METS:div>
				<METS:div TYPE="Chapter" LABEL="2．热电偶基本定律" ORDERLABEL="138"><METS:fptr FILEID="00000147"/>
				</METS:div>
				<METS:div TYPE="Chapter" LABEL="3．热电偶的结构种类" ORDERLABEL="139"><METS:fptr FILEID="00000148"/>
				</METS:div>
				<METS:div TYPE="Chapter" LABEL="4．热电偶实用测量电路" ORDERLABEL="141"><METS:fptr FILEID="00000150"/>
				</METS:div>
				<METS:div TYPE="Chapter" LABEL="5．热电偶冷端补偿方法" ORDERLABEL="142"><METS:fptr FILEID="00000151"/>
				</METS:div>
				<METS:div TYPE="Chapter" LABEL="6．应用举例" ORDERLABEL="143"><METS:fptr FILEID="00000152"/>
				</METS:div>
			</METS:div>
			<METS:div TYPE="Chapter" LABEL="6-4 PN结型温度传感器" ORDERLABEL="144"><METS:fptr FILEID="00000153"/>
				<METS:div TYPE="Chapter" LABEL="1．温敏二极管" ORDERLABEL="144"><METS:fptr FILEID="00000153"/>
				</METS:div>
				<METS:div TYPE="Chapter" LABEL="2．温敏三极管" ORDERLABEL="145"><METS:fptr FILEID="00000154"/>
				</METS:div>
				<METS:div TYPE="Chapter" LABEL="3．集成温度传感器" ORDERLABEL="146"><METS:fptr FILEID="00000155"/>
				</METS:div>
			</METS:div>
			<METS:div TYPE="Chapter" LABEL="习题" ORDERLABEL="147"><METS:fptr FILEID="00000156"/>
			</METS:div>
		</METS:div>
		<METS:div TYPE="Chapter" LABEL="第七章磁敏式传感器" ORDERLABEL="148"><METS:fptr FILEID="00000157"/>
			<METS:div TYPE="Chapter" LABEL="7-1霍尔传感器" ORDERLABEL="148"><METS:fptr FILEID="00000157"/>
				<METS:div TYPE="Chapter" LABEL="1．霍尔效应" ORDERLABEL="148"><METS:fptr FILEID="00000157"/>
				</METS:div>
				<METS:div TYPE="Chapter" LABEL="2．霍尔元件的主要技术参数" ORDERLABEL="150"><METS:fptr FILEID="00000159"/>
				</METS:div>
				<METS:div TYPE="Chapter" LABEL="3．霍尔元件的连接方式和输出电路" ORDERLABEL="150"><METS:fptr FILEID="00000159"/>
				</METS:div>
				<METS:div TYPE="Chapter" LABEL="4．霍尔元件的测量误差和补偿方法" ORDERLABEL="152"><METS:fptr FILEID="00000161"/>
				</METS:div>
				<METS:div TYPE="Chapter" LABEL="5．霍尔传感器的应用" ORDERLABEL="153"><METS:fptr FILEID="00000162"/>
				</METS:div>
			</METS:div>
			<METS:div TYPE="Chapter" LABEL="7-2磁敏电阻器" ORDERLABEL="154"><METS:fptr FILEID="00000163"/>
				<METS:div TYPE="Chapter" LABEL="1．磁阻效应" ORDERLABEL="155"><METS:fptr FILEID="00000164"/>
				</METS:div>
				<METS:div TYPE="Chapter" LABEL="2．磁敏电阻的结构及特性" ORDERLABEL="155"><METS:fptr FILEID="00000164"/>
				</METS:div>
			</METS:div>
			<METS:div TYPE="Chapter" LABEL="7-3磁敏二极管和磁敏三极管" ORDERLABEL="156"><METS:fptr FILEID="00000165"/>
				<METS:div TYPE="Chapter" LABEL="1．磁敏二极管的结构和工作原理" ORDERLABEL="156"><METS:fptr FILEID="00000165"/>
				</METS:div>
				<METS:div TYPE="Chapter" LABEL="2．磁敏三极管的结构和工作原理" ORDERLABEL="158"><METS:fptr FILEID="00000167"/>
				</METS:div>
			</METS:div>
			<METS:div TYPE="Chapter" LABEL="习题" ORDERLABEL="159"><METS:fptr FILEID="00000168"/>
			</METS:div>
		</METS:div>
		<METS:div TYPE="Chapter" LABEL="第八章光电式传感器" ORDERLABEL="160"><METS:fptr FILEID="00000169"/>
			<METS:div TYPE="Chapter" LABEL="8-1光电效应" ORDERLABEL="160"><METS:fptr FILEID="00000169"/>
				<METS:div TYPE="Chapter" LABEL="1．外光电效应" ORDERLABEL="160"><METS:fptr FILEID="00000169"/>
				</METS:div>
				<METS:div TYPE="Chapter" LABEL="2．内光电效应" ORDERLABEL="161"><METS:fptr FILEID="00000170"/>
				</METS:div>
			</METS:div>
			<METS:div TYPE="Chapter" LABEL="8-2外光电效应的光电器件" ORDERLABEL="162"><METS:fptr FILEID="00000171"/>
				<METS:div TYPE="Chapter" LABEL="1．光电管及其基本特性" ORDERLABEL="162"><METS:fptr FILEID="00000171"/>
				</METS:div>
				<METS:div TYPE="Chapter" LABEL="2．光电倍增管及其基本特性" ORDERLABEL="164"><METS:fptr FILEID="00000173"/>
				</METS:div>
			</METS:div>
			<METS:div TYPE="Chapter" LABEL="8-3内光电效应器件" ORDERLABEL="165"><METS:fptr FILEID="00000174"/>
				<METS:div TYPE="Chapter" LABEL="1．光敏电阻" ORDERLABEL="165"><METS:fptr FILEID="00000174"/>
				</METS:div>
				<METS:div TYPE="Chapter" LABEL="2．光电池" ORDERLABEL="167"><METS:fptr FILEID="00000176"/>
				</METS:div>
				<METS:div TYPE="Chapter" LABEL="3．光敏二极管和光敏三极管" ORDERLABEL="169"><METS:fptr FILEID="00000178"/>
				</METS:div>
			</METS:div>
			<METS:div TYPE="Chapter" LABEL="8-4新型光电传感器" ORDERLABEL="172"><METS:fptr FILEID="00000181"/>
				<METS:div TYPE="Chapter" LABEL="1．光位置传感器（SPD）" ORDERLABEL="172"><METS:fptr FILEID="00000181"/>
				</METS:div>
				<METS:div TYPE="Chapter" LABEL="2．高速光电二极管" ORDERLABEL="172"><METS:fptr FILEID="00000181"/>
				</METS:div>
				<METS:div TYPE="Chapter" LABEL="3．色敏光电传感器" ORDERLABEL="173"><METS:fptr FILEID="00000182"/>
				</METS:div>
				<METS:div TYPE="Chapter" LABEL="4．光固态图像传感器" ORDERLABEL="174"><METS:fptr FILEID="00000183"/>
				</METS:div>
			</METS:div>
			<METS:div TYPE="Chapter" LABEL="8-5光电传感器的应用" ORDERLABEL="178"><METS:fptr FILEID="00000187"/>
				<METS:div TYPE="Chapter" LABEL="1．模拟式光电传感器及应用" ORDERLABEL="178"><METS:fptr FILEID="00000187"/>
				</METS:div>
				<METS:div TYPE="Chapter" LABEL="2．开关式光电传感器及应用" ORDERLABEL="179"><METS:fptr FILEID="00000188"/>
				</METS:div>
				<METS:div TYPE="Chapter" LABEL="3．光电池的应用" ORDERLABEL="181"><METS:fptr FILEID="00000190"/>
				</METS:div>
				<METS:div TYPE="Chapter" LABEL="4．CCD图像传感器的应用" ORDERLABEL="182"><METS:fptr FILEID="00000191"/>
				</METS:div>
			</METS:div>
			<METS:div TYPE="Chapter" LABEL="习题" ORDERLABEL="184"><METS:fptr FILEID="00000193"/>
			</METS:div>
		</METS:div>
		<METS:div TYPE="Chapter" LABEL="第九章光纤传感器" ORDERLABEL="185"><METS:fptr FILEID="00000194"/>
			<METS:div TYPE="Chapter" LABEL="9-1光纤传感器基础" ORDERLABEL="185"><METS:fptr FILEID="00000194"/>
				<METS:div TYPE="Chapter" LABEL="1．光纤的结构" ORDERLABEL="185"><METS:fptr FILEID="00000194"/>
				</METS:div>
				<METS:div TYPE="Chapter" LABEL="2．光纤波导原理" ORDERLABEL="186"><METS:fptr FILEID="00000195"/>
				</METS:div>
				<METS:div TYPE="Chapter" LABEL="3．光纤的特性及分类" ORDERLABEL="187"><METS:fptr FILEID="00000196"/>
				</METS:div>
				<METS:div TYPE="Chapter" LABEL="4．光纤传感器的基本原理及类型" ORDERLABEL="188"><METS:fptr FILEID="00000197"/>
				</METS:div>
			</METS:div>
			<METS:div TYPE="Chapter" LABEL="9-2光纤传感器的调制技术" ORDERLABEL="189"><METS:fptr FILEID="00000198"/>
				<METS:div TYPE="Chapter" LABEL="1．强度调制" ORDERLABEL="191"><METS:fptr FILEID="00000200"/>
				</METS:div>
				<METS:div TYPE="Chapter" LABEL="2．频率调制与解调" ORDERLABEL="193"><METS:fptr FILEID="00000202"/>
				</METS:div>
			</METS:div>
			<METS:div TYPE="Chapter" LABEL="习题" ORDERLABEL="193"><METS:fptr FILEID="00000202"/>
			</METS:div>
		</METS:div>
		<METS:div TYPE="Chapter" LABEL="第十章实验" ORDERLABEL="194"><METS:fptr FILEID="00000203"/>
			<METS:div TYPE="Chapter" LABEL="实验一电位器式传感器及对接触线抬升量的测量" ORDERLABEL="194"><METS:fptr FILEID="00000203"/>
			</METS:div>
			<METS:div TYPE="Chapter" LABEL="实验二电阻应变式传感器及电阻应变仪的原理和使用" ORDERLABEL="197"><METS:fptr FILEID="00000206"/>
			</METS:div>
			<METS:div TYPE="Chapter" LABEL="实验三电涡流位移传感器的原理及其静态标定方法" ORDERLABEL="204"><METS:fptr FILEID="00000213"/>
			</METS:div>
			<METS:div TYPE="Chapter" LABEL="实验四热电式传感器的温度自动控制实验（半自拟）" ORDERLABEL="208"><METS:fptr FILEID="00000217"/>
			</METS:div>
			<METS:div TYPE="Chapter" LABEL="实验五光纤高低电压隔离信号传输实验" ORDERLABEL="212"><METS:fptr FILEID="00000221"/>
			</METS:div>
			<METS:div TYPE="Chapter" LABEL="实验六光电报警实验（半自拟）" ORDERLABEL="218"><METS:fptr FILEID="00000227"/>
			</METS:div>
		</METS:div>
	</METS:structMap>
</METS:mets>
