<?xml version="1.0" encoding="utf-8"?>
<METS:mets xmlns:METS="http://www.loc.gov/METS/" xmlns:xsi="http://www.w3.org/2001/XMLSchema-instance" xmlns:gdm="http://sunsite.berkeley.edu/GDM/" xmlns:xlink="http://www.w3.org/TR/xlink" xsi:schemalocation="http://www.loc.gov/METS/http://www.loc.gov/standards/mets/mets.xsd" LABEL="Zhejiang University.jdl.China-America digital library project" TYPE="Section">
	<METS:structMap TYPE="Catalog">
		<METS:div TYPE="Chapter" LABEL="第一章  传感器概述" ORDERLABEL="1"><METS:fptr FILEID="00000009"/>
			<METS:div TYPE="Chapter" LABEL="1.1  传感器的定义及分类" ORDERLABEL="1"><METS:fptr FILEID="00000009"/>
			</METS:div>
			<METS:div TYPE="Chapter" LABEL="1.2  传感器的作用与地位" ORDERLABEL="2"><METS:fptr FILEID="00000010"/>
			</METS:div>
			<METS:div TYPE="Chapter" LABEL="1.3  传感器技术的发展动向" ORDERLABEL="2"><METS:fptr FILEID="00000010"/>
			</METS:div>
		</METS:div>
		<METS:div TYPE="Chapter" LABEL="第二章  传感器的特性及标定" ORDERLABEL="4"><METS:fptr FILEID="00000012"/>
			<METS:div TYPE="Chapter" LABEL="2.1  传感器的静态特性" ORDERLABEL="4"><METS:fptr FILEID="00000012"/>
			</METS:div>
			<METS:div TYPE="Chapter" LABEL="2.2  传感器的动态特性" ORDERLABEL="9"><METS:fptr FILEID="00000017"/>
			</METS:div>
			<METS:div TYPE="Chapter" LABEL="2.3  传感器的标定" ORDERLABEL="17"><METS:fptr FILEID="00000025"/>
			</METS:div>
		</METS:div>
		<METS:div TYPE="Chapter" LABEL="第三章  传感器中的弹性敏感元件设计" ORDERLABEL="24"><METS:fptr FILEID="00000032"/>
			<METS:div TYPE="Chapter" LABEL="3.1  弹性敏感元件的基本特性" ORDERLABEL="24"><METS:fptr FILEID="00000032"/>
			</METS:div>
			<METS:div TYPE="Chapter" LABEL="3.2  弹性敏感元件的材料" ORDERLABEL="26"><METS:fptr FILEID="00000034"/>
			</METS:div>
			<METS:div TYPE="Chapter" LABEL="3.3  弹性敏感元件的特性参数计算" ORDERLABEL="26"><METS:fptr FILEID="00000034"/>
			</METS:div>
			<METS:div TYPE="Chapter" LABEL="3.4  有限单元法简介" ORDERLABEL="34"><METS:fptr FILEID="00000042"/>
			</METS:div>
		</METS:div>
		<METS:div TYPE="Chapter" LABEL="第四章  敏感元件材料" ORDERLABEL="36"><METS:fptr FILEID="00000044"/>
			<METS:div TYPE="Chapter" LABEL="4.1  敏感材料的转换功能" ORDERLABEL="36"><METS:fptr FILEID="00000044"/>
			</METS:div>
			<METS:div TYPE="Chapter" LABEL="4.2  半导体敏感材料" ORDERLABEL="39"><METS:fptr FILEID="00000047"/>
			</METS:div>
			<METS:div TYPE="Chapter" LABEL="4.3  陶瓷敏感材料" ORDERLABEL="40"><METS:fptr FILEID="00000048"/>
			</METS:div>
			<METS:div TYPE="Chapter" LABEL="4.4  有机敏感材料" ORDERLABEL="42"><METS:fptr FILEID="00000050"/>
			</METS:div>
			<METS:div TYPE="Chapter" LABEL="4.5  形状记忆合金" ORDERLABEL="44"><METS:fptr FILEID="00000052"/>
			</METS:div>
			<METS:div TYPE="Chapter" LABEL="4.6  微细加工技术" ORDERLABEL="45"><METS:fptr FILEID="00000053"/>
			</METS:div>
		</METS:div>
		<METS:div TYPE="Chapter" LABEL="第五章  电阻应变式传感器" ORDERLABEL="47"><METS:fptr FILEID="00000055"/>
			<METS:div TYPE="Chapter" LABEL="5.1  电阻应变片的工作原理(应变效应)" ORDERLABEL="47"><METS:fptr FILEID="00000055"/>
			</METS:div>
			<METS:div TYPE="Chapter" LABEL="5.2 电阻应变片的结构、类型及参数" ORDERLABEL="48"><METS:fptr FILEID="00000056"/>
			</METS:div>
			<METS:div TYPE="Chapter" LABEL="5.3  应变片的动态响应特性" ORDERLABEL="52"><METS:fptr FILEID="00000060"/>
			</METS:div>
			<METS:div TYPE="Chapter" LABEL="5.4  测量电路" ORDERLABEL="55"><METS:fptr FILEID="00000063"/>
			</METS:div>
			<METS:div TYPE="Chapter" LABEL="5.5  电阻应变式传感器的温度误差及其补偿" ORDERLABEL="59"><METS:fptr FILEID="00000067"/>
			</METS:div>
			<METS:div TYPE="Chapter" LABEL="5.6  应变式传感器的结构设计及应用" ORDERLABEL="62"><METS:fptr FILEID="00000070"/>
			</METS:div>
		</METS:div>
		<METS:div TYPE="Chapter" LABEL="第六章  电容式传感器" ORDERLABEL="66"><METS:fptr FILEID="00000074"/>
			<METS:div TYPE="Chapter" LABEL="6.1  电容式传感器" ORDERLABEL="66"><METS:fptr FILEID="00000074"/>
			</METS:div>
			<METS:div TYPE="Chapter" LABEL="6.2  电容式传感器的输出电路及等效电路" ORDERLABEL="72"><METS:fptr FILEID="00000080"/>
			</METS:div>
			<METS:div TYPE="Chapter" LABEL="6.3  影响电容传感器精度的因素及提高精度的措施" ORDERLABEL="77"><METS:fptr FILEID="00000085"/>
			</METS:div>
			<METS:div TYPE="Chapter" LABEL="6.4  电容式传感器的应用" ORDERLABEL="79"><METS:fptr FILEID="00000087"/>
			</METS:div>
		</METS:div>
		<METS:div TYPE="Chapter" LABEL="第七章  压电式传感器" ORDERLABEL="81"><METS:fptr FILEID="00000089"/>
			<METS:div TYPE="Chapter" LABEL="7.1  压电式传感器的工作原理" ORDERLABEL="81"><METS:fptr FILEID="00000089"/>
			</METS:div>
			<METS:div TYPE="Chapter" LABEL="7.2  压电元件常用结构形式" ORDERLABEL="84"><METS:fptr FILEID="00000092"/>
			</METS:div>
			<METS:div TYPE="Chapter" LABEL="7.3  压电元件的等效电路及测量电路" ORDERLABEL="85"><METS:fptr FILEID="00000093"/>
			</METS:div>
			<METS:div TYPE="Chapter" LABEL="7.4  压电式加速度传感器" ORDERLABEL="90"><METS:fptr FILEID="00000098"/>
			</METS:div>
			<METS:div TYPE="Chapter" LABEL="7.5  压电式压力传感器" ORDERLABEL="95"><METS:fptr FILEID="00000103"/>
			</METS:div>
		</METS:div>
		<METS:div TYPE="Chapter" LABEL="第八章  电感式传感器" ORDERLABEL="98"><METS:fptr FILEID="00000106"/>
			<METS:div TYPE="Chapter" LABEL="8.1  电感式传感器" ORDERLABEL="98"><METS:fptr FILEID="00000106"/>
			</METS:div>
			<METS:div TYPE="Chapter" LABEL="8.2  差动变压器式电感传感器" ORDERLABEL="105"><METS:fptr FILEID="00000113"/>
			</METS:div>
			<METS:div TYPE="Chapter" LABEL="8.3  电涡流式传感器" ORDERLABEL="107"><METS:fptr FILEID="00000115"/>
			</METS:div>
			<METS:div TYPE="Chapter" LABEL="8.4  电感式传感器的应用" ORDERLABEL="111"><METS:fptr FILEID="00000119"/>
			</METS:div>
		</METS:div>
		<METS:div TYPE="Chapter" LABEL="第九章  压阻式传感器" ORDERLABEL="113"><METS:fptr FILEID="00000121"/>
			<METS:div TYPE="Chapter" LABEL="9.1  压阻式传感器的工作原理" ORDERLABEL="113"><METS:fptr FILEID="00000121"/>
			</METS:div>
			<METS:div TYPE="Chapter" LABEL="9.2  晶向的表示方法" ORDERLABEL="114"><METS:fptr FILEID="00000122"/>
			</METS:div>
			<METS:div TYPE="Chapter" LABEL="9.3  压阻系数" ORDERLABEL="115"><METS:fptr FILEID="00000123"/>
			</METS:div>
			<METS:div TYPE="Chapter" LABEL="9.4  影响压阻系数的因素" ORDERLABEL="116"><METS:fptr FILEID="00000124"/>
			</METS:div>
			<METS:div TYPE="Chapter" LABEL="9.5  压阻式传感器的结构与设计" ORDERLABEL="117"><METS:fptr FILEID="00000125"/>
			</METS:div>
			<METS:div TYPE="Chapter" LABEL="9.6  压阻式传感器的测量电路及补偿" ORDERLABEL="121"><METS:fptr FILEID="00000129"/>
			</METS:div>
			<METS:div TYPE="Chapter" LABEL="9.7  压阻式传感器的应用" ORDERLABEL="123"><METS:fptr FILEID="00000131"/>
			</METS:div>
		</METS:div>
		<METS:div TYPE="Chapter" LABEL="第十章  热电式传感器" ORDERLABEL="125"><METS:fptr FILEID="00000133"/>
			<METS:div TYPE="Chapter" LABEL="10.1  热电偶" ORDERLABEL="125"><METS:fptr FILEID="00000133"/>
			</METS:div>
			<METS:div TYPE="Chapter" LABEL="10.2  热电阻" ORDERLABEL="127"><METS:fptr FILEID="00000135"/>
			</METS:div>
			<METS:div TYPE="Chapter" LABEL="10.3  热敏电阻" ORDERLABEL="128"><METS:fptr FILEID="00000136"/>
			</METS:div>
			<METS:div TYPE="Chapter" LABEL="10.4  热释电型温度传感器" ORDERLABEL="131"><METS:fptr FILEID="00000139"/>
			</METS:div>
			<METS:div TYPE="Chapter" LABEL="10.5  半导体集成温度传感器" ORDERLABEL="132"><METS:fptr FILEID="00000140"/>
			</METS:div>
		</METS:div>
		<METS:div TYPE="Chapter" LABEL="第十一章  光电式传感器" ORDERLABEL="133"><METS:fptr FILEID="00000141"/>
			<METS:div TYPE="Chapter" LABEL="11.1  光电式传感器的工作原理及基本组成" ORDERLABEL="133"><METS:fptr FILEID="00000141"/>
			</METS:div>
			<METS:div TYPE="Chapter" LABEL="11.2  光电式传感器中的敏感元件" ORDERLABEL="133"><METS:fptr FILEID="00000141"/>
			</METS:div>
			<METS:div TYPE="Chapter" LABEL="11.3  光电式传感器的类型及设计" ORDERLABEL="144"><METS:fptr FILEID="00000152"/>
			</METS:div>
			<METS:div TYPE="Chapter" LABEL="11.4  光电式传感器的应用" ORDERLABEL="146"><METS:fptr FILEID="00000154"/>
			</METS:div>
		</METS:div>
		<METS:div TYPE="Chapter" LABEL="第十二章  固态图像传感器" ORDERLABEL="148"><METS:fptr FILEID="00000156"/>
			<METS:div TYPE="Chapter" LABEL="12.1  电荷耦合图像传感器" ORDERLABEL="148"><METS:fptr FILEID="00000156"/>
			</METS:div>
			<METS:div TYPE="Chapter" LABEL="12.2  其它类型的图像传感器" ORDERLABEL="157"><METS:fptr FILEID="00000165"/>
			</METS:div>
			<METS:div TYPE="Chapter" LABEL="12.3  固态图像传感器的应用" ORDERLABEL="159"><METS:fptr FILEID="00000167"/>
			</METS:div>
		</METS:div>
		<METS:div TYPE="Chapter" LABEL="第十三章  固态磁敏传感器" ORDERLABEL="162"><METS:fptr FILEID="00000170"/>
			<METS:div TYPE="Chapter" LABEL="13.1  固态磁敏传感器" ORDERLABEL="162"><METS:fptr FILEID="00000170"/>
			</METS:div>
			<METS:div TYPE="Chapter" LABEL="13.2  磁敏二极管和磁敏三极管" ORDERLABEL="170"><METS:fptr FILEID="00000178"/>
			</METS:div>
		</METS:div>
		<METS:div TYPE="Chapter" LABEL="第十四章  化学传感器" ORDERLABEL="175"><METS:fptr FILEID="00000183"/>
			<METS:div TYPE="Chapter" LABEL="14.1  湿敏传感器" ORDERLABEL="175"><METS:fptr FILEID="00000183"/>
			</METS:div>
			<METS:div TYPE="Chapter" LABEL="14.2  气敏传感器" ORDERLABEL="180"><METS:fptr FILEID="00000188"/>
			</METS:div>
		</METS:div>
		<METS:div TYPE="Chapter" LABEL="第十五章  射线及微波检测传感器" ORDERLABEL="189"><METS:fptr FILEID="00000197"/>
			<METS:div TYPE="Chapter" LABEL="15.1  核辐射传感器" ORDERLABEL="189"><METS:fptr FILEID="00000197"/>
			</METS:div>
			<METS:div TYPE="Chapter" LABEL="15.2  超声检测" ORDERLABEL="193"><METS:fptr FILEID="00000201"/>
			</METS:div>
			<METS:div TYPE="Chapter" LABEL="15.3  红外辐射传感器" ORDERLABEL="197"><METS:fptr FILEID="00000205"/>
			</METS:div>
			<METS:div TYPE="Chapter" LABEL="15.4  微波传感器" ORDERLABEL="202"><METS:fptr FILEID="00000210"/>
			</METS:div>
		</METS:div>
		<METS:div TYPE="Chapter" LABEL="第十六章  光导纤维传感器" ORDERLABEL="206"><METS:fptr FILEID="00000214"/>
			<METS:div TYPE="Chapter" LABEL="16.1  光导纤维" ORDERLABEL="206"><METS:fptr FILEID="00000214"/>
			</METS:div>
			<METS:div TYPE="Chapter" LABEL="16.2  光纤传感器" ORDERLABEL="209"><METS:fptr FILEID="00000217"/>
			</METS:div>
			<METS:div TYPE="Chapter" LABEL="16.3  光纤传感器的应用" ORDERLABEL="210"><METS:fptr FILEID="00000218"/>
			</METS:div>
		</METS:div>
		<METS:div TYPE="Chapter" LABEL="第十七章  传感器接口技术基础知识" ORDERLABEL="220"><METS:fptr FILEID="00000228"/>
			<METS:div TYPE="Chapter" LABEL="17.1  检测信号的放大与变换" ORDERLABEL="220"><METS:fptr FILEID="00000228"/>
			</METS:div>
			<METS:div TYPE="Chapter" LABEL="17.2  调制与解调" ORDERLABEL="226"><METS:fptr FILEID="00000234"/>
			</METS:div>
			<METS:div TYPE="Chapter" LABEL="17.3  滤波器" ORDERLABEL="233"><METS:fptr FILEID="00000241"/>
			</METS:div>
			<METS:div TYPE="Chapter" LABEL="17.4  多路模拟开关及采样保持器" ORDERLABEL="238"><METS:fptr FILEID="00000246"/>
			</METS:div>
			<METS:div TYPE="Chapter" LABEL="17.5  A/D、D/A转换技术" ORDERLABEL="242"><METS:fptr FILEID="00000250"/>
			</METS:div>
			<METS:div TYPE="Chapter" LABEL="17.6  传感器数据采集技术" ORDERLABEL="251"><METS:fptr FILEID="00000259"/>
			</METS:div>
		</METS:div>
	</METS:structMap>
</METS:mets>
