<?xml version="1.0" encoding="utf-8"?>
<METS:mets xmlns:METS="http://www.loc.gov/METS/" xmlns:xsi="http://www.w3.org/2001/XMLSchema-instance" xmlns:gdm="http://sunsite.berkeley.edu/GDM/" xmlns:xlink="http://www.w3.org/TR/xlink" xsi:schemalocation="http://www.loc.gov/METS/http://www.loc.gov/standards/mets/mets.xsd" LABEL="Zhejiang University.jdl.China-America digital library project" TYPE="Section">
	<METS:structMap TYPE="Catalog">
		<METS:div TYPE="Chapter" LABEL="0 传感器与检测技术概述" ORDERLABEL="1"><METS:fptr FILEID="00000010"/>
			<METS:div TYPE="Chapter" LABEL="0.1 传感器的组成与分类" ORDERLABEL="1"><METS:fptr FILEID="00000010"/>
				<METS:div TYPE="Chapter" LABEL="0.1.1 传感器的定义" ORDERLABEL="1"><METS:fptr FILEID="00000010"/>
				</METS:div>
				<METS:div TYPE="Chapter" LABEL="0.1.2 传感器的组成" ORDERLABEL="1"><METS:fptr FILEID="00000010"/>
				</METS:div>
				<METS:div TYPE="Chapter" LABEL="0.1.3 传感器的分类" ORDERLABEL="1"><METS:fptr FILEID="00000010"/>
				</METS:div>
			</METS:div>
			<METS:div TYPE="Chapter" LABEL="0.2 传感器的作用与地位" ORDERLABEL="2"><METS:fptr FILEID="00000011"/>
			</METS:div>
			<METS:div TYPE="Chapter" LABEL="0.3 传感器技术的发展动向" ORDERLABEL="2"><METS:fptr FILEID="00000011"/>
			</METS:div>
			<METS:div TYPE="Chapter" LABEL="0.4 检测技术的定义" ORDERLABEL="4"><METS:fptr FILEID="00000013"/>
			</METS:div>
			<METS:div TYPE="Chapter" LABEL="0.5 检测技术的作用" ORDERLABEL="4"><METS:fptr FILEID="00000013"/>
			</METS:div>
		</METS:div>
		<METS:div TYPE="Chapter" LABEL="1 传感器的特性" ORDERLABEL="5"><METS:fptr FILEID="00000014"/>
			<METS:div TYPE="Chapter" LABEL="1.1 传感器的静态特性" ORDERLABEL="5"><METS:fptr FILEID="00000014"/>
				<METS:div TYPE="Chapter" LABEL="1.1.1 线性度" ORDERLABEL="5"><METS:fptr FILEID="00000014"/>
				</METS:div>
				<METS:div TYPE="Chapter" LABEL="1.1.2 迟滞" ORDERLABEL="7"><METS:fptr FILEID="00000016"/>
				</METS:div>
				<METS:div TYPE="Chapter" LABEL="1.1.3 重复性" ORDERLABEL="7"><METS:fptr FILEID="00000016"/>
				</METS:div>
				<METS:div TYPE="Chapter" LABEL="1.1.4 灵敏度与灵敏度误差" ORDERLABEL="8"><METS:fptr FILEID="00000017"/>
				</METS:div>
				<METS:div TYPE="Chapter" LABEL="1.1.5 分辩率与阈值" ORDERLABEL="8"><METS:fptr FILEID="00000017"/>
				</METS:div>
				<METS:div TYPE="Chapter" LABEL="1.1.6 稳定性" ORDERLABEL="8"><METS:fptr FILEID="00000017"/>
				</METS:div>
				<METS:div TYPE="Chapter" LABEL="1.1.7 温度稳定性" ORDERLABEL="9"><METS:fptr FILEID="00000018"/>
				</METS:div>
				<METS:div TYPE="Chapter" LABEL="1.1.8 多种抗干扰能力" ORDERLABEL="9"><METS:fptr FILEID="00000018"/>
				</METS:div>
				<METS:div TYPE="Chapter" LABEL="1.1.9 静态误差" ORDERLABEL="9"><METS:fptr FILEID="00000018"/>
				</METS:div>
			</METS:div>
			<METS:div TYPE="Chapter" LABEL="1.2 传感器的动态特性" ORDERLABEL="9"><METS:fptr FILEID="00000018"/>
				<METS:div TYPE="Chapter" LABEL="1.2.1 动态特性的数学描述" ORDERLABEL="10"><METS:fptr FILEID="00000019"/>
				</METS:div>
				<METS:div TYPE="Chapter" LABEL="1.2.2 线性系统的传递函数" ORDERLABEL="11"><METS:fptr FILEID="00000020"/>
				</METS:div>
				<METS:div TYPE="Chapter" LABEL="1.2.3 传感器的动态特性指标" ORDERLABEL="11"><METS:fptr FILEID="00000020"/>
				</METS:div>
				<METS:div TYPE="Chapter" LABEL="1.2.4 动态响应分析的基本方法" ORDERLABEL="13"><METS:fptr FILEID="00000022"/>
				</METS:div>
				<METS:div TYPE="Chapter" LABEL="1.2.5 典型环节的动态响应特性" ORDERLABEL="15"><METS:fptr FILEID="00000024"/>
				</METS:div>
			</METS:div>
		</METS:div>
		<METS:div TYPE="Chapter" LABEL="2 电阻式传感器" ORDERLABEL="23"><METS:fptr FILEID="00000032"/>
			<METS:div TYPE="Chapter" LABEL="2.1 电位器式电阻传感器" ORDERLABEL="23"><METS:fptr FILEID="00000032"/>
				<METS:div TYPE="Chapter" LABEL="2.1.1 线性电位器" ORDERLABEL="23"><METS:fptr FILEID="00000032"/>
				</METS:div>
				<METS:div TYPE="Chapter" LABEL="2.1.2 非线性电位器" ORDERLABEL="26"><METS:fptr FILEID="00000035"/>
				</METS:div>
				<METS:div TYPE="Chapter" LABEL="2.1.3 负载特性与负载误差" ORDERLABEL="27"><METS:fptr FILEID="00000036"/>
				</METS:div>
				<METS:div TYPE="Chapter" LABEL="2.1.4 电位器的结构与材料" ORDERLABEL="28"><METS:fptr FILEID="00000037"/>
				</METS:div>
				<METS:div TYPE="Chapter" LABEL="2.1.5 电位器式传感器应用举例" ORDERLABEL="29"><METS:fptr FILEID="00000038"/>
				</METS:div>
			</METS:div>
			<METS:div TYPE="Chapter" LABEL="2.2 应变片式电阻传感器" ORDERLABEL="30"><METS:fptr FILEID="00000039"/>
				<METS:div TYPE="Chapter" LABEL="2.2.1 电阻应变片的工作原理" ORDERLABEL="31"><METS:fptr FILEID="00000040"/>
				</METS:div>
				<METS:div TYPE="Chapter" LABEL="2.2.2 金属电阻应变片主要特性" ORDERLABEL="32"><METS:fptr FILEID="00000041"/>
				</METS:div>
				<METS:div TYPE="Chapter" LABEL="2.2.3 温度误差及其补偿" ORDERLABEL="36"><METS:fptr FILEID="00000045"/>
				</METS:div>
				<METS:div TYPE="Chapter" LABEL="2.2.4 应变片式电阻传感器的测量电路" ORDERLABEL="39"><METS:fptr FILEID="00000048"/>
				</METS:div>
				<METS:div TYPE="Chapter" LABEL="2.2.5 应变片式电阻传感器的应用举例" ORDERLABEL="42"><METS:fptr FILEID="00000052"/>
				</METS:div>
			</METS:div>
		</METS:div>
		<METS:div TYPE="Chapter" LABEL="3 电感式传感器" ORDERLABEL="46"><METS:fptr FILEID="00000055"/>
			<METS:div TYPE="Chapter" LABEL="3.1 自感式传感器" ORDERLABEL="46"><METS:fptr FILEID="00000055"/>
				<METS:div TYPE="Chapter" LABEL="3.1.1 工作原理" ORDERLABEL="46"><METS:fptr FILEID="00000055"/>
				</METS:div>
				<METS:div TYPE="Chapter" LABEL="3.1.2 灵敏度及非线性" ORDERLABEL="48"><METS:fptr FILEID="00000057"/>
				</METS:div>
				<METS:div TYPE="Chapter" LABEL="3.1.3 等效电路" ORDERLABEL="48"><METS:fptr FILEID="00000057"/>
				</METS:div>
				<METS:div TYPE="Chapter" LABEL="3.1.4 转换电路" ORDERLABEL="48"><METS:fptr FILEID="00000057"/>
				</METS:div>
				<METS:div TYPE="Chapter" LABEL="3.1.5 零点残余电压" ORDERLABEL="52"><METS:fptr FILEID="00000061"/>
				</METS:div>
				<METS:div TYPE="Chapter" LABEL="3.1.6 自感式传感器的特点及应用" ORDERLABEL="52"><METS:fptr FILEID="00000061"/>
				</METS:div>
			</METS:div>
			<METS:div TYPE="Chapter" LABEL="3.2 变压器式传感器" ORDERLABEL="53"><METS:fptr FILEID="00000062"/>
				<METS:div TYPE="Chapter" LABEL="3.2.1 工作原理" ORDERLABEL="53"><METS:fptr FILEID="00000062"/>
				</METS:div>
				<METS:div TYPE="Chapter" LABEL="3.2.2 等效电话及其特性" ORDERLABEL="54"><METS:fptr FILEID="00000063"/>
				</METS:div>
				<METS:div TYPE="Chapter" LABEL="3.2.3 差分变压器式传感器的测量电路" ORDERLABEL="56"><METS:fptr FILEID="00000065"/>
				</METS:div>
				<METS:div TYPE="Chapter" LABEL="3.2.4 零点残余电压的补偿" ORDERLABEL="60"><METS:fptr FILEID="00000069"/>
				</METS:div>
				<METS:div TYPE="Chapter" LABEL="3.2.5 变压器式传感器的应用举例" ORDERLABEL="61"><METS:fptr FILEID="00000070"/>
				</METS:div>
			</METS:div>
			<METS:div TYPE="Chapter" LABEL="3.3 涡流传感器" ORDERLABEL="62"><METS:fptr FILEID="00000071"/>
				<METS:div TYPE="Chapter" LABEL="3.3.1 工作原理" ORDERLABEL="62"><METS:fptr FILEID="00000071"/>
				</METS:div>
				<METS:div TYPE="Chapter" LABEL="3.3.2 转换电路" ORDERLABEL="63"><METS:fptr FILEID="00000072"/>
				</METS:div>
				<METS:div TYPE="Chapter" LABEL="3.3.3 涡流式传感器的特点及应用" ORDERLABEL="64"><METS:fptr FILEID="00000073"/>
				</METS:div>
			</METS:div>
			<METS:div TYPE="Chapter" LABEL="3.4 压磁式传感器" ORDERLABEL="66"><METS:fptr FILEID="00000075"/>
				<METS:div TYPE="Chapter" LABEL="3.4.1 工作原理" ORDERLABEL="66"><METS:fptr FILEID="00000075"/>
				</METS:div>
				<METS:div TYPE="Chapter" LABEL="3.4.2 结构形式" ORDERLABEL="66"><METS:fptr FILEID="00000075"/>
				</METS:div>
			</METS:div>
			<METS:div TYPE="Chapter" LABEL="3.5 感应同步器" ORDERLABEL="69"><METS:fptr FILEID="00000078"/>
				<METS:div TYPE="Chapter" LABEL="3.5.1 工作原理" ORDERLABEL="69"><METS:fptr FILEID="00000078"/>
				</METS:div>
				<METS:div TYPE="Chapter" LABEL="3.5.2 类型与结构" ORDERLABEL="71"><METS:fptr FILEID="00000080"/>
				</METS:div>
				<METS:div TYPE="Chapter" LABEL="3.5.3 输出信号的测量方法" ORDERLABEL="72"><METS:fptr FILEID="00000081"/>
				</METS:div>
				<METS:div TYPE="Chapter" LABEL="3.5.4 误差分析" ORDERLABEL="75"><METS:fptr FILEID="00000084"/>
				</METS:div>
			</METS:div>
		</METS:div>
		<METS:div TYPE="Chapter" LABEL="4 电容式传感器" ORDERLABEL="77"><METS:fptr FILEID="00000086"/>
			<METS:div TYPE="Chapter" LABEL="4.1 电容式传感器的工作原理及类型" ORDERLABEL="77"><METS:fptr FILEID="00000086"/>
				<METS:div TYPE="Chapter" LABEL="4.1.1 工作原理" ORDERLABEL="77"><METS:fptr FILEID="00000086"/>
				</METS:div>
				<METS:div TYPE="Chapter" LABEL="4.1.2 类型" ORDERLABEL="77"><METS:fptr FILEID="00000086"/>
				</METS:div>
			</METS:div>
			<METS:div TYPE="Chapter" LABEL="4.2 电容式传感器的灵敏度及非线性" ORDERLABEL="79"><METS:fptr FILEID="00000088"/>
			</METS:div>
			<METS:div TYPE="Chapter" LABEL="4.3 电容式传感器的特点及等效电路" ORDERLABEL="80"><METS:fptr FILEID="00000089"/>
				<METS:div TYPE="Chapter" LABEL="4.3.1 特点" ORDERLABEL="80"><METS:fptr FILEID="00000089"/>
				</METS:div>
				<METS:div TYPE="Chapter" LABEL="4.3.2 等效电路" ORDERLABEL="81"><METS:fptr FILEID="00000090"/>
				</METS:div>
			</METS:div>
			<METS:div TYPE="Chapter" LABEL="4.4 电容式传感器的设计要点" ORDERLABEL="82"><METS:fptr FILEID="00000091"/>
				<METS:div TYPE="Chapter" LABEL="4.4.1 保证绝缘材料的绝缘性能" ORDERLABEL="82"><METS:fptr FILEID="00000091"/>
				</METS:div>
				<METS:div TYPE="Chapter" LABEL="4.4.2 消除和减小边缘效应" ORDERLABEL="83"><METS:fptr FILEID="00000092"/>
				</METS:div>
				<METS:div TYPE="Chapter" LABEL="4.4.3 消除和减小寄生电容的影响" ORDERLABEL="83"><METS:fptr FILEID="00000092"/>
				</METS:div>
				<METS:div TYPE="Chapter" LABEL="4.4.4 防止和减小外界干扰" ORDERLABEL="85"><METS:fptr FILEID="00000094"/>
				</METS:div>
			</METS:div>
			<METS:div TYPE="Chapter" LABEL="4.5 电容式传感器的转换电路" ORDERLABEL="85"><METS:fptr FILEID="00000094"/>
				<METS:div TYPE="Chapter" LABEL="4.5.1 调制型电路" ORDERLABEL="85"><METS:fptr FILEID="00000094"/>
				</METS:div>
				<METS:div TYPE="Chapter" LABEL="4.5.2 脉冲型电路" ORDERLABEL="89"><METS:fptr FILEID="00000098"/>
				</METS:div>
			</METS:div>
			<METS:div TYPE="Chapter" LABEL="4.6 电容式传感器的应用举例" ORDERLABEL="92"><METS:fptr FILEID="00000101"/>
				<METS:div TYPE="Chapter" LABEL="4.6.1 差分式电容压力传感器" ORDERLABEL="92"><METS:fptr FILEID="00000101"/>
				</METS:div>
				<METS:div TYPE="Chapter" LABEL="4.6.2 电容式加速度传感器" ORDERLABEL="92"><METS:fptr FILEID="00000101"/>
				</METS:div>
				<METS:div TYPE="Chapter" LABEL="4.6.3 电容式料位传感器" ORDERLABEL="93"><METS:fptr FILEID="00000102"/>
				</METS:div>
				<METS:div TYPE="Chapter" LABEL="4.6.4 电容式位移传感器" ORDERLABEL="94"><METS:fptr FILEID="00000103"/>
				</METS:div>
			</METS:div>
		</METS:div>
		<METS:div TYPE="Chapter" LABEL="5 磁电式传感器" ORDERLABEL="95"><METS:fptr FILEID="00000104"/>
			<METS:div TYPE="Chapter" LABEL="5.1 磁电感应式传感器" ORDERLABEL="95"><METS:fptr FILEID="00000104"/>
				<METS:div TYPE="Chapter" LABEL="5.1.1 工作原理和结构类型" ORDERLABEL="95"><METS:fptr FILEID="00000104"/>
				</METS:div>
				<METS:div TYPE="Chapter" LABEL="5.1.2 动态特性分析" ORDERLABEL="97"><METS:fptr FILEID="00000106"/>
				</METS:div>
				<METS:div TYPE="Chapter" LABEL="5.1.3 测量电路" ORDERLABEL="101"><METS:fptr FILEID="00000110"/>
				</METS:div>
				<METS:div TYPE="Chapter" LABEL="5.1.4 磁电感应式传感器应用举例" ORDERLABEL="106"><METS:fptr FILEID="00000115"/>
				</METS:div>
			</METS:div>
			<METS:div TYPE="Chapter" LABEL="5.2 霍尔式传感器" ORDERLABEL="107"><METS:fptr FILEID="00000116"/>
				<METS:div TYPE="Chapter" LABEL="5.2.1 霍尔效应和霍尔元件材料" ORDERLABEL="107"><METS:fptr FILEID="00000116"/>
				</METS:div>
				<METS:div TYPE="Chapter" LABEL="5.2.2 霍尔元件构造及测量电路" ORDERLABEL="109"><METS:fptr FILEID="00000118"/>
				</METS:div>
				<METS:div TYPE="Chapter" LABEL="5.2.3 霍尔元件的主要技术指标" ORDERLABEL="109"><METS:fptr FILEID="00000118"/>
				</METS:div>
				<METS:div TYPE="Chapter" LABEL="5.2.4 霍尔元件的补偿电路" ORDERLABEL="110"><METS:fptr FILEID="00000119"/>
				</METS:div>
				<METS:div TYPE="Chapter" LABEL="5.2.5 霍尔式传感器的应用举例" ORDERLABEL="112"><METS:fptr FILEID="00000121"/>
				</METS:div>
			</METS:div>
		</METS:div>
		<METS:div TYPE="Chapter" LABEL="6 压电式传感器" ORDERLABEL="114"><METS:fptr FILEID="00000123"/>
			<METS:div TYPE="Chapter" LABEL="6.1 压电效应" ORDERLABEL="114"><METS:fptr FILEID="00000123"/>
				<METS:div TYPE="Chapter" LABEL="6.1.1 石英晶体的压电效应" ORDERLABEL="114"><METS:fptr FILEID="00000123"/>
				</METS:div>
				<METS:div TYPE="Chapter" LABEL="6.1.2 压电陶瓷的压电效应" ORDERLABEL="116"><METS:fptr FILEID="00000125"/>
				</METS:div>
				<METS:div TYPE="Chapter" LABEL="6.1.3 高分子材料的压电效应" ORDERLABEL="117"><METS:fptr FILEID="00000126"/>
				</METS:div>
				<METS:div TYPE="Chapter" LABEL="6.1.4 压电方程与压电常数" ORDERLABEL="118"><METS:fptr FILEID="00000127"/>
				</METS:div>
			</METS:div>
			<METS:div TYPE="Chapter" LABEL="6.2 压电材料" ORDERLABEL="120"><METS:fptr FILEID="00000129"/>
			</METS:div>
			<METS:div TYPE="Chapter" LABEL="6.3 等效电路" ORDERLABEL="122"><METS:fptr FILEID="00000131"/>
			</METS:div>
			<METS:div TYPE="Chapter" LABEL="6.4 测量电路" ORDERLABEL="123"><METS:fptr FILEID="00000132"/>
				<METS:div TYPE="Chapter" LABEL="6.4.1 电压放大器" ORDERLABEL="124"><METS:fptr FILEID="00000133"/>
				</METS:div>
				<METS:div TYPE="Chapter" LABEL="6.4.2 电荷放大器" ORDERLABEL="125"><METS:fptr FILEID="00000134"/>
				</METS:div>
			</METS:div>
			<METS:div TYPE="Chapter" LABEL="6.5压电式传感器的应用举例" ORDERLABEL="127"><METS:fptr FILEID="00000136"/>
				<METS:div TYPE="Chapter" LABEL="6.5.1压电式测力传感器" ORDERLABEL="127"><METS:fptr FILEID="00000136"/>
				</METS:div>
				<METS:div TYPE="Chapter" LABEL="6.5.2压电式加速度传感器" ORDERLABEL="128"><METS:fptr FILEID="00000137"/>
				</METS:div>
			</METS:div>
			<METS:div TYPE="Chapter" LABEL="6.6 影响压电式传感器精度的因素分析" ORDERLABEL="129"><METS:fptr FILEID="00000138"/>
				<METS:div TYPE="Chapter" LABEL="6.6.1 非线性" ORDERLABEL="129"><METS:fptr FILEID="00000138"/>
				</METS:div>
				<METS:div TYPE="Chapter" LABEL="6.6.2 横向灵敏度" ORDERLABEL="129"><METS:fptr FILEID="00000138"/>
				</METS:div>
				<METS:div TYPE="Chapter" LABEL="6.6.3 环境温度的影响" ORDERLABEL="130"><METS:fptr FILEID="00000139"/>
				</METS:div>
				<METS:div TYPE="Chapter" LABEL="6.6.4 湿度的影响" ORDERLABEL="131"><METS:fptr FILEID="00000140"/>
				</METS:div>
				<METS:div TYPE="Chapter" LABEL="6.6.5 电缆噪声" ORDERLABEL="131"><METS:fptr FILEID="00000140"/>
				</METS:div>
				<METS:div TYPE="Chapter" LABEL="6.6.6 接地回路噪声" ORDERLABEL="131"><METS:fptr FILEID="00000140"/>
				</METS:div>
			</METS:div>
		</METS:div>
		<METS:div TYPE="Chapter" LABEL="7 光电式传感器" ORDERLABEL="132"><METS:fptr FILEID="00000141"/>
			<METS:div TYPE="Chapter" LABEL="7.1 光电效应" ORDERLABEL="132"><METS:fptr FILEID="00000141"/>
				<METS:div TYPE="Chapter" LABEL="7.1.1 外光电效应" ORDERLABEL="132"><METS:fptr FILEID="00000141"/>
				</METS:div>
				<METS:div TYPE="Chapter" LABEL="7.1.2 内光电效应" ORDERLABEL="133"><METS:fptr FILEID="00000142"/>
				</METS:div>
				<METS:div TYPE="Chapter" LABEL="7.1.3 光生伏特效应" ORDERLABEL="133"><METS:fptr FILEID="00000142"/>
				</METS:div>
			</METS:div>
			<METS:div TYPE="Chapter" LABEL="7.2 光电器件及其特征" ORDERLABEL="133"><METS:fptr FILEID="00000142"/>
				<METS:div TYPE="Chapter" LABEL="7.2.1 光电管与光电倍增管" ORDERLABEL="133"><METS:fptr FILEID="00000142"/>
				</METS:div>
				<METS:div TYPE="Chapter" LABEL="7.2.2 光敏电阻" ORDERLABEL="135"><METS:fptr FILEID="00000144"/>
				</METS:div>
				<METS:div TYPE="Chapter" LABEL="7.2.3 光敏二极管及光敏三极管" ORDERLABEL="136"><METS:fptr FILEID="00000145"/>
				</METS:div>
				<METS:div TYPE="Chapter" LABEL="7.2.4 光电池" ORDERLABEL="137"><METS:fptr FILEID="00000146"/>
				</METS:div>
				<METS:div TYPE="Chapter" LABEL="7.2.5 半导体光电元件的特性" ORDERLABEL="138"><METS:fptr FILEID="00000147"/>
				</METS:div>
			</METS:div>
			<METS:div TYPE="Chapter" LABEL="7.3 光电式传感器的测量电路" ORDERLABEL="142"><METS:fptr FILEID="00000151"/>
				<METS:div TYPE="Chapter" LABEL="7.3.1 光源" ORDERLABEL="142"><METS:fptr FILEID="00000151"/>
				</METS:div>
				<METS:div TYPE="Chapter" LABEL="7.3.2 测量电路" ORDERLABEL="142"><METS:fptr FILEID="00000151"/>
				</METS:div>
			</METS:div>
			<METS:div TYPE="Chapter" LABEL="7.4 光电传感器及其应用" ORDERLABEL="145"><METS:fptr FILEID="00000154"/>
				<METS:div TYPE="Chapter" LABEL="7.4.1 模拟式光电传感器" ORDERLABEL="145"><METS:fptr FILEID="00000154"/>
				</METS:div>
				<METS:div TYPE="Chapter" LABEL="7.4.2 脉冲式光电传感器" ORDERLABEL="147"><METS:fptr FILEID="00000156"/>
				</METS:div>
			</METS:div>
			<METS:div TYPE="Chapter" LABEL="7.5光纤传感器" ORDERLABEL="148"><METS:fptr FILEID="00000157"/>
				<METS:div TYPE="Chapter" LABEL="7.5.1 光导纤维" ORDERLABEL="148"><METS:fptr FILEID="00000157"/>
				</METS:div>
				<METS:div TYPE="Chapter" LABEL="7.5.2 光纤传感器的工作原理" ORDERLABEL="150"><METS:fptr FILEID="00000159"/>
				</METS:div>
			</METS:div>
			<METS:div TYPE="Chapter" LABEL="7.6 电荷耦合器件（CCD）" ORDERLABEL="153"><METS:fptr FILEID="00000162"/>
				<METS:div TYPE="Chapter" LABEL="7.6.1 CCD的工作原理" ORDERLABEL="153"><METS:fptr FILEID="00000162"/>
				</METS:div>
				<METS:div TYPE="Chapter" LABEL="7.6.2 CCD应用举例" ORDERLABEL="156"><METS:fptr FILEID="00000165"/>
				</METS:div>
			</METS:div>
			<METS:div TYPE="Chapter" LABEL="7.7 光栅式传感器" ORDERLABEL="157"><METS:fptr FILEID="00000166"/>
				<METS:div TYPE="Chapter" LABEL="7.7.1 基本工作原理" ORDERLABEL="157"><METS:fptr FILEID="00000166"/>
				</METS:div>
				<METS:div TYPE="Chapter" LABEL="7.7.2 莫尔条纹" ORDERLABEL="159"><METS:fptr FILEID="00000168"/>
				</METS:div>
				<METS:div TYPE="Chapter" LABEL="7.7.3 辨向原理和细分电路" ORDERLABEL="161"><METS:fptr FILEID="00000170"/>
				</METS:div>
			</METS:div>
			<METS:div TYPE="Chapter" LABEL="7.8 激光式传感器" ORDERLABEL="165"><METS:fptr FILEID="00000174"/>
				<METS:div TYPE="Chapter" LABEL="7.8.1 激光干涉仪测位移" ORDERLABEL="165"><METS:fptr FILEID="00000174"/>
				</METS:div>
				<METS:div TYPE="Chapter" LABEL="7.8.2 激光测长度原理" ORDERLABEL="167"><METS:fptr FILEID="00000176"/>
				</METS:div>
			</METS:div>
		</METS:div>
		<METS:div TYPE="Chapter" LABEL="8 热电式传感器" ORDERLABEL="168"><METS:fptr FILEID="00000177"/>
			<METS:div TYPE="Chapter" LABEL="8.1 热电阻" ORDERLABEL="168"><METS:fptr FILEID="00000177"/>
				<METS:div TYPE="Chapter" LABEL="8.1.1 热电阻的材料及工作原理" ORDERLABEL="168"><METS:fptr FILEID="00000177"/>
				</METS:div>
				<METS:div TYPE="Chapter" LABEL="8.1.2 测量电路" ORDERLABEL="170"><METS:fptr FILEID="00000179"/>
				</METS:div>
			</METS:div>
			<METS:div TYPE="Chapter" LABEL="8.2 热电偶" ORDERLABEL="171"><METS:fptr FILEID="00000180"/>
				<METS:div TYPE="Chapter" LABEL="8.2.1 热电效应" ORDERLABEL="171"><METS:fptr FILEID="00000180"/>
				</METS:div>
				<METS:div TYPE="Chapter" LABEL="8.2.2 热电偶基本定律" ORDERLABEL="173"><METS:fptr FILEID="00000182"/>
				</METS:div>
				<METS:div TYPE="Chapter" LABEL="8.2.3 热电偶材料及常用热电偶" ORDERLABEL="174"><METS:fptr FILEID="00000183"/>
				</METS:div>
				<METS:div TYPE="Chapter" LABEL="8.2.4 热电偶测温线路" ORDERLABEL="175"><METS:fptr FILEID="00000184"/>
				</METS:div>
				<METS:div TYPE="Chapter" LABEL="8.2.5 热电偶参考端" ORDERLABEL="177"><METS:fptr FILEID="00000186"/>
				</METS:div>
			</METS:div>
			<METS:div TYPE="Chapter" LABEL="8.3 热敏电阻" ORDERLABEL="181"><METS:fptr FILEID="00000190"/>
				<METS:div TYPE="Chapter" LABEL="8.3.1 热敏电阻的主要特性" ORDERLABEL="182"><METS:fptr FILEID="00000191"/>
				</METS:div>
				<METS:div TYPE="Chapter" LABEL="8.3.2 热敏电阻的特性线性化" ORDERLABEL="183"><METS:fptr FILEID="00000192"/>
				</METS:div>
				<METS:div TYPE="Chapter" LABEL="8.3.3 热敏电阻的应用举例" ORDERLABEL="184"><METS:fptr FILEID="00000193"/>
				</METS:div>
			</METS:div>
		</METS:div>
		<METS:div TYPE="Chapter" LABEL="9 核辐射传感器" ORDERLABEL="186"><METS:fptr FILEID="00000195"/>
			<METS:div TYPE="Chapter" LABEL="9.1 核辐射的基本特性" ORDERLABEL="186"><METS:fptr FILEID="00000195"/>
				<METS:div TYPE="Chapter" LABEL="9.1.1 核辐射的特性" ORDERLABEL="186"><METS:fptr FILEID="00000195"/>
				</METS:div>
				<METS:div TYPE="Chapter" LABEL="9.1.2 测量中常用的同位素" ORDERLABEL="189"><METS:fptr FILEID="00000198"/>
				</METS:div>
			</METS:div>
			<METS:div TYPE="Chapter" LABEL="9.2 核辐射传感器" ORDERLABEL="190"><METS:fptr FILEID="00000199"/>
				<METS:div TYPE="Chapter" LABEL="9.2.1 电离室" ORDERLABEL="190"><METS:fptr FILEID="00000199"/>
				</METS:div>
				<METS:div TYPE="Chapter" LABEL="9.2.2 气体放电计数管" ORDERLABEL="191"><METS:fptr FILEID="00000200"/>
				</METS:div>
			</METS:div>
			<METS:div TYPE="Chapter" LABEL="9.3 核辐射传感器的应用举例" ORDERLABEL="192"><METS:fptr FILEID="00000201"/>
			</METS:div>
			<METS:div TYPE="Chapter" LABEL="9.4  放射性辐射的防护" ORDERLABEL="192"><METS:fptr FILEID="00000201"/>
			</METS:div>
		</METS:div>
		<METS:div TYPE="Chapter" LABEL="10 智能传感器" ORDERLABEL="194"><METS:fptr FILEID="00000203"/>
			<METS:div TYPE="Chapter" LABEL="10.1 概述" ORDERLABEL="194"><METS:fptr FILEID="00000203"/>
				<METS:div TYPE="Chapter" LABEL="10.1.1 智能传感器的概念" ORDERLABEL="194"><METS:fptr FILEID="00000203"/>
				</METS:div>
				<METS:div TYPE="Chapter" LABEL="10.1.2 智能传感器的功能" ORDERLABEL="195"><METS:fptr FILEID="00000204"/>
				</METS:div>
				<METS:div TYPE="Chapter" LABEL="10.1.3 智能传感器的特点" ORDERLABEL="196"><METS:fptr FILEID="00000205"/>
				</METS:div>
			</METS:div>
			<METS:div TYPE="Chapter" LABEL="10.2 智能传感器实现的途径" ORDERLABEL="196"><METS:fptr FILEID="00000205"/>
				<METS:div TYPE="Chapter" LABEL="10.2.1 非集成化实现" ORDERLABEL="196"><METS:fptr FILEID="00000205"/>
				</METS:div>
				<METS:div TYPE="Chapter" LABEL="10.2.2 集成化实现" ORDERLABEL="198"><METS:fptr FILEID="00000207"/>
				</METS:div>
				<METS:div TYPE="Chapter" LABEL="10.2.3 混合实现" ORDERLABEL="200"><METS:fptr FILEID="00000209"/>
				</METS:div>
				<METS:div TYPE="Chapter" LABEL="10.2.4 集成化智能传感器的几种形式" ORDERLABEL="200"><METS:fptr FILEID="00000209"/>
				</METS:div>
			</METS:div>
			<METS:div TYPE="Chapter" LABEL="10.3 智能传感器输出信号的预处理" ORDERLABEL="201"><METS:fptr FILEID="00000210"/>
				<METS:div TYPE="Chapter" LABEL="10.3.1 传感器输出信号的分类" ORDERLABEL="201"><METS:fptr FILEID="00000210"/>
				</METS:div>
				<METS:div TYPE="Chapter" LABEL="10.3.2 开关信号的预处理" ORDERLABEL="202"><METS:fptr FILEID="00000211"/>
				</METS:div>
				<METS:div TYPE="Chapter" LABEL="10.3.3 模拟信号预处理" ORDERLABEL="202"><METS:fptr FILEID="00000211"/>
				</METS:div>
			</METS:div>
			<METS:div TYPE="Chapter" LABEL="10.4 数据采集" ORDERLABEL="203"><METS:fptr FILEID="00000212"/>
				<METS:div TYPE="Chapter" LABEL="10.4.1 数据采集的配置" ORDERLABEL="203"><METS:fptr FILEID="00000212"/>
				</METS:div>
				<METS:div TYPE="Chapter" LABEL="10.4.2 取样周期的选择" ORDERLABEL="204"><METS:fptr FILEID="00000213"/>
				</METS:div>
				<METS:div TYPE="Chapter" LABEL="10.4.3 A/D转换器的选择" ORDERLABEL="205"><METS:fptr FILEID="00000214"/>
				</METS:div>
			</METS:div>
			<METS:div TYPE="Chapter" LABEL="10.5 智能传感器的数据处理技术" ORDERLABEL="206"><METS:fptr FILEID="00000215"/>
				<METS:div TYPE="Chapter" LABEL="10.5.1 数据处理包含的内容" ORDERLABEL="206"><METS:fptr FILEID="00000215"/>
				</METS:div>
				<METS:div TYPE="Chapter" LABEL="10.5.2 标度变换技术" ORDERLABEL="206"><METS:fptr FILEID="00000215"/>
				</METS:div>
				<METS:div TYPE="Chapter" LABEL="10.5.3 非线性补偿技术" ORDERLABEL="208"><METS:fptr FILEID="00000217"/>
				</METS:div>
				<METS:div TYPE="Chapter" LABEL="10.5.4传感器的温度误差补偿" ORDERLABEL="210"><METS:fptr FILEID="00000219"/>
				</METS:div>
				<METS:div TYPE="Chapter" LABEL="10.5.5 数字滤波技术" ORDERLABEL="212"><METS:fptr FILEID="00000221"/>
				</METS:div>
			</METS:div>
			<METS:div TYPE="Chapter" LABEL="10.6 智能传感器" ORDERLABEL="213"><METS:fptr FILEID="00000222"/>
				<METS:div TYPE="Chapter" LABEL="10.6.1 正确选择微处理器" ORDERLABEL="213"><METS:fptr FILEID="00000222"/>
				</METS:div>
				<METS:div TYPE="Chapter" LABEL="10.6.2 智能传感器的输入输出技术" ORDERLABEL="214"><METS:fptr FILEID="00000223"/>
				</METS:div>
				<METS:div TYPE="Chapter" LABEL="10.6.3智能传感器实例" ORDERLABEL="218"><METS:fptr FILEID="00000227"/>
				</METS:div>
			</METS:div>
		</METS:div>
		<METS:div TYPE="Chapter" LABEL="11 传感器的标定" ORDERLABEL="220"><METS:fptr FILEID="00000229"/>
			<METS:div TYPE="Chapter" LABEL="11.1传感器的静态特性标定" ORDERLABEL="220"><METS:fptr FILEID="00000229"/>
				<METS:div TYPE="Chapter" LABEL="11.1.1 静态标准条件" ORDERLABEL="220"><METS:fptr FILEID="00000229"/>
				</METS:div>
				<METS:div TYPE="Chapter" LABEL="11.1.2 标定仪器设备精度等级的确定" ORDERLABEL="220"><METS:fptr FILEID="00000229"/>
				</METS:div>
				<METS:div TYPE="Chapter" LABEL="11.1.3 静态特性标定的方法" ORDERLABEL="220"><METS:fptr FILEID="00000229"/>
				</METS:div>
			</METS:div>
			<METS:div TYPE="Chapter" LABEL="11.2传感器的动态特性标定" ORDERLABEL="221"><METS:fptr FILEID="00000230"/>
			</METS:div>
			<METS:div TYPE="Chapter" LABEL="11.3 测振传感器的标定" ORDERLABEL="222"><METS:fptr FILEID="00000231"/>
				<METS:div TYPE="Chapter" LABEL="11.3.1 绝对标定法" ORDERLABEL="223"><METS:fptr FILEID="00000232"/>
				</METS:div>
				<METS:div TYPE="Chapter" LABEL="11.3.2 比较标定法" ORDERLABEL="223"><METS:fptr FILEID="00000232"/>
				</METS:div>
			</METS:div>
			<METS:div TYPE="Chapter" LABEL="11.4 压力传感器的标定" ORDERLABEL="223"><METS:fptr FILEID="00000232"/>
				<METS:div TYPE="Chapter" LABEL="11.4.1 动态标定压力源" ORDERLABEL="223"><METS:fptr FILEID="00000232"/>
				</METS:div>
				<METS:div TYPE="Chapter" LABEL="11.4.2 激波管标定法" ORDERLABEL="225"><METS:fptr FILEID="00000234"/>
				</METS:div>
			</METS:div>
		</METS:div>
		<METS:div TYPE="Chapter" LABEL="12 传感器可靠性技术" ORDERLABEL="231"><METS:fptr FILEID="00000240"/>
			<METS:div TYPE="Chapter" LABEL="12.1 可靠性技术基础概述" ORDERLABEL="231"><METS:fptr FILEID="00000240"/>
				<METS:div TYPE="Chapter" LABEL="12.1.1 可靠性技术定义及其特点" ORDERLABEL="231"><METS:fptr FILEID="00000240"/>
				</METS:div>
				<METS:div TYPE="Chapter" LABEL="12.1.2 可靠性技术的基本特征量" ORDERLABEL="232"><METS:fptr FILEID="00000241"/>
				</METS:div>
			</METS:div>
			<METS:div TYPE="Chapter" LABEL="12.2 可靠性设计" ORDERLABEL="236"><METS:fptr FILEID="00000245"/>
				<METS:div TYPE="Chapter" LABEL="12.2.1 可靠性设计的重要性" ORDERLABEL="236"><METS:fptr FILEID="00000245"/>
				</METS:div>
				<METS:div TYPE="Chapter" LABEL="12.2.2 可靠性设计程序和原则" ORDERLABEL="236"><METS:fptr FILEID="00000245"/>
				</METS:div>
				<METS:div TYPE="Chapter" LABEL="12.2.3 系统的可靠性框图模型及计算" ORDERLABEL="237"><METS:fptr FILEID="00000246"/>
				</METS:div>
			</METS:div>
			<METS:div TYPE="Chapter" LABEL="12.3 可靠性管理" ORDERLABEL="238"><METS:fptr FILEID="00000247"/>
				<METS:div TYPE="Chapter" LABEL="12.3.1 可靠性管理的意义及特点" ORDERLABEL="238"><METS:fptr FILEID="00000247"/>
				</METS:div>
				<METS:div TYPE="Chapter" LABEL="12.3.2 可靠性管理机构和职责" ORDERLABEL="238"><METS:fptr FILEID="00000247"/>
				</METS:div>
				<METS:div TYPE="Chapter" LABEL="12.3.3 可靠性标准、情报与保证" ORDERLABEL="239"><METS:fptr FILEID="00000248"/>
				</METS:div>
				<METS:div TYPE="Chapter" LABEL="12.3.4 可靠性管理的实施" ORDERLABEL="239"><METS:fptr FILEID="00000248"/>
				</METS:div>
			</METS:div>
			<METS:div TYPE="Chapter" LABEL="12.4 可靠性试验" ORDERLABEL="239"><METS:fptr FILEID="00000248"/>
				<METS:div TYPE="Chapter" LABEL="12.4.1 传感器环境试验概述" ORDERLABEL="239"><METS:fptr FILEID="00000248"/>
				</METS:div>
				<METS:div TYPE="Chapter" LABEL="12.4.2 传感器的可靠性试验实例" ORDERLABEL="242"><METS:fptr FILEID="00000251"/>
				</METS:div>
			</METS:div>
			<METS:div TYPE="Chapter" LABEL="12.5 敏感元件及传感器的失效分析" ORDERLABEL="243"><METS:fptr FILEID="00000252"/>
				<METS:div TYPE="Chapter" LABEL="12.5.1 概述" ORDERLABEL="243"><METS:fptr FILEID="00000252"/>
				</METS:div>
				<METS:div TYPE="Chapter" LABEL="12.5.2 分析方法" ORDERLABEL="244"><METS:fptr FILEID="00000253"/>
				</METS:div>
			</METS:div>
		</METS:div>
		<METS:div TYPE="Chapter" LABEL="13 检测技术基础" ORDERLABEL="250"><METS:fptr FILEID="00000259"/>
			<METS:div TYPE="Chapter" LABEL="13.1 检测技术概述" ORDERLABEL="250"><METS:fptr FILEID="00000259"/>
			</METS:div>
			<METS:div TYPE="Chapter" LABEL="13.2 测量方法" ORDERLABEL="250"><METS:fptr FILEID="00000259"/>
				<METS:div TYPE="Chapter" LABEL="13.2.1 直接测量、间接测量和联立测量" ORDERLABEL="250"><METS:fptr FILEID="00000259"/>
				</METS:div>
				<METS:div TYPE="Chapter" LABEL="13.2.2 偏差式测量、零位式测量和微差式测量" ORDERLABEL="251"><METS:fptr FILEID="00000260"/>
				</METS:div>
			</METS:div>
			<METS:div TYPE="Chapter" LABEL="13.3 测量系统" ORDERLABEL="252"><METS:fptr FILEID="00000261"/>
				<METS:div TYPE="Chapter" LABEL="13.3.1 测量系统的构成" ORDERLABEL="253"><METS:fptr FILEID="00000262"/>
				</METS:div>
				<METS:div TYPE="Chapter" LABEL="13.3.2 主动式测量系统与被动式测量系统" ORDERLABEL="254"><METS:fptr FILEID="00000263"/>
				</METS:div>
				<METS:div TYPE="Chapter" LABEL="13.3.3 开环式测量系统与闭环式测量系统" ORDERLABEL="254"><METS:fptr FILEID="00000263"/>
				</METS:div>
			</METS:div>
			<METS:div TYPE="Chapter" LABEL="13.4 测量数据处理方法" ORDERLABEL="255"><METS:fptr FILEID="00000264"/>
				<METS:div TYPE="Chapter" LABEL="13.4.1 静态测量数据的处理方法" ORDERLABEL="255"><METS:fptr FILEID="00000264"/>
				</METS:div>
				<METS:div TYPE="Chapter" LABEL="13.4.2 动态测量数据的处理方法" ORDERLABEL="273"><METS:fptr FILEID="00000282"/>
				</METS:div>
			</METS:div>
		</METS:div>
		<METS:div TYPE="Chapter" LABEL="14 多传感器信息融合技术" ORDERLABEL="278"><METS:fptr FILEID="00000287"/>
			<METS:div TYPE="Chapter" LABEL="14.1 概述" ORDERLABEL="278"><METS:fptr FILEID="00000287"/>
				<METS:div TYPE="Chapter" LABEL="14.1.1 概念" ORDERLABEL="278"><METS:fptr FILEID="00000287"/>
				</METS:div>
				<METS:div TYPE="Chapter" LABEL="14.1.2 意义及应用" ORDERLABEL="278"><METS:fptr FILEID="00000287"/>
				</METS:div>
			</METS:div>
			<METS:div TYPE="Chapter" LABEL="14.2传感器信息融合的分类和结构" ORDERLABEL="279"><METS:fptr FILEID="00000288"/>
				<METS:div TYPE="Chapter" LABEL="14.2.1传感器信息融合的分类" ORDERLABEL="279"><METS:fptr FILEID="00000288"/>
				</METS:div>
				<METS:div TYPE="Chapter" LABEL="14.2.2 信息融合的结构" ORDERLABEL="280"><METS:fptr FILEID="00000289"/>
				</METS:div>
				<METS:div TYPE="Chapter" LABEL="14.2.3 信息融合系统结构的实例" ORDERLABEL="281"><METS:fptr FILEID="00000290"/>
				</METS:div>
			</METS:div>
			<METS:div TYPE="Chapter" LABEL="14.3 传感器信息融合的一般方法" ORDERLABEL="282"><METS:fptr FILEID="00000291"/>
				<METS:div TYPE="Chapter" LABEL="14.3.1 嵌入约束法" ORDERLABEL="282"><METS:fptr FILEID="00000291"/>
				</METS:div>
				<METS:div TYPE="Chapter" LABEL="14.3.2 证据组合法" ORDERLABEL="283"><METS:fptr FILEID="00000292"/>
				</METS:div>
				<METS:div TYPE="Chapter" LABEL="14.3.3 人工神经网络法" ORDERLABEL="285"><METS:fptr FILEID="00000294"/>
				</METS:div>
			</METS:div>
			<METS:div TYPE="Chapter" LABEL="14.4传感器信息融合的实例" ORDERLABEL="285"><METS:fptr FILEID="00000294"/>
				<METS:div TYPE="Chapter" LABEL="14.4.1 机器人中的传感器信息融合" ORDERLABEL="285"><METS:fptr FILEID="00000294"/>
				</METS:div>
				<METS:div TYPE="Chapter" LABEL="14.4.2 舰船上的传感器信息融合" ORDERLABEL="287"><METS:fptr FILEID="00000296"/>
				</METS:div>
			</METS:div>
		</METS:div>
		<METS:div TYPE="Chapter" LABEL="15 现代检测系统" ORDERLABEL="289"><METS:fptr FILEID="00000298"/>
			<METS:div TYPE="Chapter" LABEL="15.1 计算机检测系统的基本组成" ORDERLABEL="289"><METS:fptr FILEID="00000298"/>
				<METS:div TYPE="Chapter" LABEL="15.1.1 多路模拟开关" ORDERLABEL="289"><METS:fptr FILEID="00000298"/>
				</METS:div>
				<METS:div TYPE="Chapter" LABEL="15.1.2 A/D转换与D/A转换" ORDERLABEL="290"><METS:fptr FILEID="00000299"/>
				</METS:div>
				<METS:div TYPE="Chapter" LABEL="15.1.3 取样保持" ORDERLABEL="293"><METS:fptr FILEID="00000302"/>
				</METS:div>
			</METS:div>
			<METS:div TYPE="Chapter" LABEL="15.2 总线技术" ORDERLABEL="294"><METS:fptr FILEID="00000303"/>
				<METS:div TYPE="Chapter" LABEL="15.2.1 总线的基本概念及其标准化" ORDERLABEL="294"><METS:fptr FILEID="00000303"/>
				</METS:div>
				<METS:div TYPE="Chapter" LABEL="15.2.2 总线的通信方式" ORDERLABEL="295"><METS:fptr FILEID="00000304"/>
				</METS:div>
				<METS:div TYPE="Chapter" LABEL="15.2.3 测控系统内部总线" ORDERLABEL="296"><METS:fptr FILEID="00000305"/>
				</METS:div>
				<METS:div TYPE="Chapter" LABEL="15.2.4 测控系统外部总线" ORDERLABEL="298"><METS:fptr FILEID="00000307"/>
				</METS:div>
			</METS:div>
			<METS:div TYPE="Chapter" LABEL="15.3 虚拟仪器" ORDERLABEL="302"><METS:fptr FILEID="00000311"/>
				<METS:div TYPE="Chapter" LABEL="15.3.1虚拟仪器的出现" ORDERLABEL="302"><METS:fptr FILEID="00000311"/>
				</METS:div>
				<METS:div TYPE="Chapter" LABEL="15.3.2虚拟仪器的硬件系统" ORDERLABEL="303"><METS:fptr FILEID="00000312"/>
				</METS:div>
				<METS:div TYPE="Chapter" LABEL="15.3.3虚拟仪器的软件系统" ORDERLABEL="304"><METS:fptr FILEID="00000313"/>
				</METS:div>
				<METS:div TYPE="Chapter" LABEL="15.3.4虚拟仪器的发展趋势" ORDERLABEL="305"><METS:fptr FILEID="00000314"/>
				</METS:div>
			</METS:div>
			<METS:div TYPE="Chapter" LABEL="15.4 网络化检测仪器" ORDERLABEL="305"><METS:fptr FILEID="00000314"/>
				<METS:div TYPE="Chapter" LABEL="15.4.1 基于现场总线技术的网络化测控系统" ORDERLABEL="306"><METS:fptr FILEID="00000315"/>
				</METS:div>
				<METS:div TYPE="Chapter" LABEL="15.4.2 面向I网络测控系统" ORDERLABEL="306"><METS:fptr FILEID="00000315"/>
				</METS:div>
				<METS:div TYPE="Chapter" LABEL="15.4.3 网络化检测仪器与系统实例" ORDERLABEL="308"><METS:fptr FILEID="00000317"/>
				</METS:div>
			</METS:div>
		</METS:div>
	</METS:structMap>
</METS:mets>
