<?xml version="1.0" encoding="utf-8"?>
<METS:mets xmlns:METS="http://www.loc.gov/METS/" xmlns:xsi="http://www.w3.org/2001/XMLSchema-instance" xmlns:gdm="http://sunsite.berkeley.edu/GDM/" xmlns:xlink="http://www.w3.org/TR/xlink" xsi:schemalocation="http://www.loc.gov/METS/http://www.loc.gov/standards/mets/mets.xsd" LABEL="Zhejiang University.jdl.China-America digital library project" TYPE="Section">
	<METS:structMap TYPE="Catalog">
		<METS:div TYPE="Chapter" LABEL="第1章  图像传感器电路" ORDERLABEL="1"><METS:fptr FILEID="00000011"/>
			<METS:div TYPE="Chapter" LABEL="1.1  μPD3753图像传感器电路" ORDERLABEL="1"><METS:fptr FILEID="00000011"/>
			</METS:div>
			<METS:div TYPE="Chapter" LABEL="1.2  μPD35H71A图像传感器电路" ORDERLABEL="5"><METS:fptr FILEID="00000015"/>
			</METS:div>
			<METS:div TYPE="Chapter" LABEL="1.3  μPD3725D-01图像传感器电路" ORDERLABEL="10"><METS:fptr FILEID="00000020"/>
			</METS:div>
			<METS:div TYPE="Chapter" LABEL="1.4  μPD3737图像传感器电路" ORDERLABEL="18"><METS:fptr FILEID="00000028"/>
			</METS:div>
			<METS:div TYPE="Chapter" LABEL="1.5  IL-CX、IT-CX图像传感器电路" ORDERLABEL="23"><METS:fptr FILEID="00000033"/>
			</METS:div>
			<METS:div TYPE="Chapter" LABEL="1.6  IL-EL、IL-F2、IT-E1、IT-F2图像传感器电路" ORDERLABEL="35"><METS:fptr FILEID="00000045"/>
			</METS:div>
			<METS:div TYPE="Chapter" LABEL="1.7  IA系列面阵图像传感器电路" ORDERLABEL="44"><METS:fptr FILEID="00000054"/>
			</METS:div>
			<METS:div TYPE="Chapter" LABEL="1.8  RA系列图像传感器电路" ORDERLABEL="59"><METS:fptr FILEID="00000069"/>
			</METS:div>
			<METS:div TYPE="Chapter" LABEL="1.9  H系列图像传感器电路" ORDERLABEL="76"><METS:fptr FILEID="00000086"/>
			</METS:div>
			<METS:div TYPE="Chapter" LABEL="1.10  CCD图像传感器应用电路" ORDERLABEL="80"><METS:fptr FILEID="00000090"/>
			</METS:div>
			<METS:div TYPE="Chapter" LABEL="1.11  滨松图像传感器电路" ORDERLABEL="96"><METS:fptr FILEID="00000106"/>
			</METS:div>
			<METS:div TYPE="Chapter" LABEL="1.12  OmniVision图像传感器电路" ORDERLABEL="103"><METS:fptr FILEID="00000113"/>
			</METS:div>
			<METS:div TYPE="Chapter" LABEL="1.13  其他图像传感器电路" ORDERLABEL="151"><METS:fptr FILEID="00000161"/>
			</METS:div>
		</METS:div>
		<METS:div TYPE="Chapter" LABEL="第2章  电压、电流、功率传感器电路" ORDERLABEL="172"><METS:fptr FILEID="00000182"/>
			<METS:div TYPE="Chapter" LABEL="2.1  霍尔电流传感器电路" ORDERLABEL="172"><METS:fptr FILEID="00000182"/>
			</METS:div>
			<METS:div TYPE="Chapter" LABEL="2.2  霍尔功率传感器电路" ORDERLABEL="185"><METS:fptr FILEID="00000195"/>
			</METS:div>
			<METS:div TYPE="Chapter" LABEL="2.3  LIGHT霍尔电流电压传感器电路" ORDERLABEL="188"><METS:fptr FILEID="00000198"/>
			</METS:div>
			<METS:div TYPE="Chapter" LABEL="2.4  LEM电流电压传感器模块电路" ORDERLABEL="191"><METS:fptr FILEID="00000201"/>
			</METS:div>
			<METS:div TYPE="Chapter" LABEL="2.5  LEM模块应用电路" ORDERLABEL="193"><METS:fptr FILEID="00000203"/>
			</METS:div>
			<METS:div TYPE="Chapter" LABEL="2.6  G系列电量传感器电路" ORDERLABEL="195"><METS:fptr FILEID="00000205"/>
			</METS:div>
			<METS:div TYPE="Chapter" LABEL="2.7  交直流电压、电流、功率传感器电路" ORDERLABEL="197"><METS:fptr FILEID="00000207"/>
			</METS:div>
			<METS:div TYPE="Chapter" LABEL="2.8  电流、电压、功率传感器电路" ORDERLABEL="209"><METS:fptr FILEID="00000219"/>
			</METS:div>
		</METS:div>
		<METS:div TYPE="Chapter" LABEL="第3章  霍尔磁场传感器电路" ORDERLABEL="222"><METS:fptr FILEID="00000232"/>
			<METS:div TYPE="Chapter" LABEL="3.1  霍尔开关元件电路" ORDERLABEL="222"><METS:fptr FILEID="00000232"/>
			</METS:div>
			<METS:div TYPE="Chapter" LABEL="3.2  霍尔开关元件基本工作电路" ORDERLABEL="224"><METS:fptr FILEID="00000234"/>
			</METS:div>
			<METS:div TYPE="Chapter" LABEL="3.3  霍尔接近开关电路" ORDERLABEL="226"><METS:fptr FILEID="00000236"/>
			</METS:div>
			<METS:div TYPE="Chapter" LABEL="3.4  线性霍尔集成电路" ORDERLABEL="229"><METS:fptr FILEID="00000239"/>
			</METS:div>
			<METS:div TYPE="Chapter" LABEL="3.5  线性霍尔集成应用电路" ORDERLABEL="230"><METS:fptr FILEID="00000240"/>
			</METS:div>
			<METS:div TYPE="Chapter" LABEL="3.6  双磁极霍尔锁定传感器电路" ORDERLABEL="232"><METS:fptr FILEID="00000242"/>
			</METS:div>
			<METS:div TYPE="Chapter" LABEL="3.7  霍尔效应传感器接口电路" ORDERLABEL="233"><METS:fptr FILEID="00000243"/>
			</METS:div>
			<METS:div TYPE="Chapter" LABEL="3.8  电磁场传感器电路" ORDERLABEL="238"><METS:fptr FILEID="00000248"/>
			</METS:div>
			<METS:div TYPE="Chapter" LABEL="3.9  Allegro霍尔传感器集成电路" ORDERLABEL="269"><METS:fptr FILEID="00000279"/>
			</METS:div>
			<METS:div TYPE="Chapter" LABEL="3.10  其他磁、霍尔传感器电路" ORDERLABEL="298"><METS:fptr FILEID="00000308"/>
			</METS:div>
		</METS:div>
		<METS:div TYPE="Chapter" LABEL="第4章  压力传感器电路" ORDERLABEL="301"><METS:fptr FILEID="00000311"/>
			<METS:div TYPE="Chapter" LABEL="4.1  MOTOROLA压力传感器电路" ORDERLABEL="301"><METS:fptr FILEID="00000311"/>
			</METS:div>
			<METS:div TYPE="Chapter" LABEL="4.2  MOTOROLA压力传感器应用电路" ORDERLABEL="316"><METS:fptr FILEID="00000326"/>
			</METS:div>
			<METS:div TYPE="Chapter" LABEL="4.3  KELLER传感器电路" ORDERLABEL="362"><METS:fptr FILEID="00000372"/>
			</METS:div>
			<METS:div TYPE="Chapter" LABEL="4.4  新大云传感器电路" ORDERLABEL="365"><METS:fptr FILEID="00000375"/>
			</METS:div>
			<METS:div TYPE="Chapter" LABEL="4.5  PC压力传感器电路" ORDERLABEL="368"><METS:fptr FILEID="00000378"/>
			</METS:div>
			<METS:div TYPE="Chapter" LABEL="4.6  SenSym传感器电路" ORDERLABEL="375"><METS:fptr FILEID="00000385"/>
			</METS:div>
			<METS:div TYPE="Chapter" LABEL="4.7  TRW NovaSensor压力传感器电路" ORDERLABEL="381"><METS:fptr FILEID="00000391"/>
			</METS:div>
			<METS:div TYPE="Chapter" LABEL="4.8  KY传感器电路" ORDERLABEL="390"><METS:fptr FILEID="00000400"/>
			</METS:div>
			<METS:div TYPE="Chapter" LABEL="4.9  CYY系列传感器电路" ORDERLABEL="400"><METS:fptr FILEID="00000410"/>
			</METS:div>
			<METS:div TYPE="Chapter" LABEL="4.10  通用压力传感器电路" ORDERLABEL="402"><METS:fptr FILEID="00000412"/>
			</METS:div>
			<METS:div TYPE="Chapter" LABEL="4.11  压力传感器变送器电路" ORDERLABEL="411"><METS:fptr FILEID="00000421"/>
			</METS:div>
			<METS:div TYPE="Chapter" LABEL="4.12  其他压力传感器应用电路" ORDERLABEL="416"><METS:fptr FILEID="00000426"/>
			</METS:div>
		</METS:div>
		<METS:div TYPE="Chapter" LABEL="第5章  称重测力传感器电路" ORDERLABEL="435"><METS:fptr FILEID="00000445"/>
			<METS:div TYPE="Chapter" LABEL="5.1  应变计结构电路" ORDERLABEL="435"><METS:fptr FILEID="00000445"/>
			</METS:div>
			<METS:div TYPE="Chapter" LABEL="5.2  电阻应变计电阻结构形式" ORDERLABEL="438"><METS:fptr FILEID="00000448"/>
			</METS:div>
			<METS:div TYPE="Chapter" LABEL="5.3  应变计称重测力传感器电路" ORDERLABEL="464"><METS:fptr FILEID="00000474"/>
			</METS:div>
			<METS:div TYPE="Chapter" LABEL="5.4  应变计称重传感器电路" ORDERLABEL="470"><METS:fptr FILEID="00000480"/>
			</METS:div>
			<METS:div TYPE="Chapter" LABEL="5.5  应变计压力传感器电路" ORDERLABEL="472"><METS:fptr FILEID="00000482"/>
			</METS:div>
		</METS:div>
		<METS:div TYPE="Chapter" LABEL="第6章  加速度传感器电路" ORDERLABEL="479"><METS:fptr FILEID="00000489"/>
			<METS:div TYPE="Chapter" LABEL="6.1  NAC-NAH加速度传感器电路" ORDERLABEL="479"><METS:fptr FILEID="00000489"/>
			</METS:div>
			<METS:div TYPE="Chapter" LABEL="6.2  XMMAS加速度传感器电路" ORDERLABEL="482"><METS:fptr FILEID="00000492"/>
			</METS:div>
			<METS:div TYPE="Chapter" LABEL="6.3  IC Sensors新大云加速度传感器电路" ORDERLABEL="489"><METS:fptr FILEID="00000499"/>
			</METS:div>
			<METS:div TYPE="Chapter" LABEL="6.4  加速度传感器接口电路" ORDERLABEL="491"><METS:fptr FILEID="00000501"/>
			</METS:div>
			<METS:div TYPE="Chapter" LABEL="6.5  振动加速度传感器电路" ORDERLABEL="494"><METS:fptr FILEID="00000504"/>
			</METS:div>
			<METS:div TYPE="Chapter" LABEL="6.6  ENDEVCO加速度传感器电路" ORDERLABEL="497"><METS:fptr FILEID="00000507"/>
			</METS:div>
			<METS:div TYPE="Chapter" LABEL="6.7  其他加速度传感器" ORDERLABEL="504"><METS:fptr FILEID="00000514"/>
			</METS:div>
		</METS:div>
		<METS:div TYPE="Chapter" LABEL="第7章  扭矩传感器电路" ORDERLABEL="514"><METS:fptr FILEID="00000524"/>
			<METS:div TYPE="Chapter" LABEL="7.1  AKC型扭矩传感器测量电路" ORDERLABEL="514"><METS:fptr FILEID="00000524"/>
			</METS:div>
			<METS:div TYPE="Chapter" LABEL="7.2  MD系列传感器连接转矩表测量电路" ORDERLABEL="514"><METS:fptr FILEID="00000524"/>
			</METS:div>
			<METS:div TYPE="Chapter" LABEL="7.3  扭矩传感器应用电路" ORDERLABEL="515"><METS:fptr FILEID="00000525"/>
			</METS:div>
		</METS:div>
		<METS:div TYPE="Chapter" LABEL="第8章  位移传感器电路" ORDERLABEL="519"><METS:fptr FILEID="00000529"/>
			<METS:div TYPE="Chapter" LABEL="8.1  差动变压器位移传感器电路" ORDERLABEL="519"><METS:fptr FILEID="00000529"/>
			</METS:div>
			<METS:div TYPE="Chapter" LABEL="8.2  FX系列位移变送器电路" ORDERLABEL="520"><METS:fptr FILEID="00000530"/>
			</METS:div>
			<METS:div TYPE="Chapter" LABEL="8.3  位移传感器应用电路" ORDERLABEL="522"><METS:fptr FILEID="00000532"/>
			</METS:div>
		</METS:div>
		<METS:div TYPE="Chapter" LABEL="第9章  角度传感器电路" ORDERLABEL="530"><METS:fptr FILEID="00000540"/>
			<METS:div TYPE="Chapter" LABEL="9.1  倾斜角传感器电路" ORDERLABEL="530"><METS:fptr FILEID="00000540"/>
			</METS:div>
			<METS:div TYPE="Chapter" LABEL="9.2  电子倾角传感器电路" ORDERLABEL="531"><METS:fptr FILEID="00000541"/>
			</METS:div>
			<METS:div TYPE="Chapter" LABEL="9.3  角位移传感器电路" ORDERLABEL="536"><METS:fptr FILEID="00000546"/>
			</METS:div>
			<METS:div TYPE="Chapter" LABEL="9.4  其他角传感器电路" ORDERLABEL="537"><METS:fptr FILEID="00000547"/>
			</METS:div>
		</METS:div>
		<METS:div TYPE="Chapter" LABEL="第10章  液位、物位传感器电路" ORDERLABEL="539"><METS:fptr FILEID="00000549"/>
			<METS:div TYPE="Chapter" LABEL="10.1  液位传感器电路" ORDERLABEL="539"><METS:fptr FILEID="00000549"/>
			</METS:div>
			<METS:div TYPE="Chapter" LABEL="10.2  液位变送器电路" ORDERLABEL="543"><METS:fptr FILEID="00000553"/>
			</METS:div>
			<METS:div TYPE="Chapter" LABEL="10.3  液位测控电路" ORDERLABEL="547"><METS:fptr FILEID="00000557"/>
			</METS:div>
			<METS:div TYPE="Chapter" LABEL="10.4  物位计电路" ORDERLABEL="549"><METS:fptr FILEID="00000559"/>
			</METS:div>
			<METS:div TYPE="Chapter" LABEL="10.5  UQK-86系列液位传感器应用电路" ORDERLABEL="552"><METS:fptr FILEID="00000562"/>
			</METS:div>
			<METS:div TYPE="Chapter" LABEL="10.6  LM系列液位传感器检测电路" ORDERLABEL="557"><METS:fptr FILEID="00000567"/>
			</METS:div>
		</METS:div>
		<METS:div TYPE="Chapter" LABEL="第11章  流量传感器电路" ORDERLABEL="569"><METS:fptr FILEID="00000579"/>
			<METS:div TYPE="Chapter" LABEL="11.1  LUGB系列应力式涡街流量传感器电路" ORDERLABEL="569"><METS:fptr FILEID="00000579"/>
			</METS:div>
			<METS:div TYPE="Chapter" LABEL="11.2  LUBB型涡街流量变送器电路" ORDERLABEL="571"><METS:fptr FILEID="00000581"/>
			</METS:div>
			<METS:div TYPE="Chapter" LABEL="11.3  VKB型电磁流量转换器电路" ORDERLABEL="574"><METS:fptr FILEID="00000584"/>
			</METS:div>
			<METS:div TYPE="Chapter" LABEL="11.4  质量流量传感器电路" ORDERLABEL="579"><METS:fptr FILEID="00000589"/>
			</METS:div>
		</METS:div>
		<METS:div TYPE="Chapter" LABEL="第12章  气体流量传感器电路" ORDERLABEL="581"><METS:fptr FILEID="00000591"/>
			<METS:div TYPE="Chapter" LABEL="12.1  微桥空气流量传感器电路" ORDERLABEL="581"><METS:fptr FILEID="00000591"/>
			</METS:div>
			<METS:div TYPE="Chapter" LABEL="12.2  高空气流量传感器电路" ORDERLABEL="584"><METS:fptr FILEID="00000594"/>
			</METS:div>
			<METS:div TYPE="Chapter" LABEL="12.3  空气流量传感器电路" ORDERLABEL="586"><METS:fptr FILEID="00000596"/>
			</METS:div>
			<METS:div TYPE="Chapter" LABEL="12.4  气体质量流量传感器电路" ORDERLABEL="587"><METS:fptr FILEID="00000597"/>
			</METS:div>
		</METS:div>
		<METS:div TYPE="Chapter" LABEL="第13章  超声传感器电路" ORDERLABEL="590"><METS:fptr FILEID="00000600"/>
			<METS:div TYPE="Chapter" LABEL="13.1  超声波发射电路" ORDERLABEL="590"><METS:fptr FILEID="00000600"/>
			</METS:div>
			<METS:div TYPE="Chapter" LABEL="13.2  超声波接收电路" ORDERLABEL="590"><METS:fptr FILEID="00000600"/>
			</METS:div>
			<METS:div TYPE="Chapter" LABEL="13.3  超声探测电路" ORDERLABEL="591"><METS:fptr FILEID="00000601"/>
			</METS:div>
			<METS:div TYPE="Chapter" LABEL="13.4  超声开关电路" ORDERLABEL="592"><METS:fptr FILEID="00000602"/>
			</METS:div>
			<METS:div TYPE="Chapter" LABEL="13.5  超声传感测试电路" ORDERLABEL="593"><METS:fptr FILEID="00000603"/>
			</METS:div>
			<METS:div TYPE="Chapter" LABEL="13.6  超声传感器电路" ORDERLABEL="594"><METS:fptr FILEID="00000604"/>
			</METS:div>
			<METS:div TYPE="Chapter" LABEL="13.7  超声传感器应用电路" ORDERLABEL="596"><METS:fptr FILEID="00000606"/>
			</METS:div>
			<METS:div TYPE="Chapter" LABEL="13.8  超声接近传感电路" ORDERLABEL="597"><METS:fptr FILEID="00000607"/>
			</METS:div>
			<METS:div TYPE="Chapter" LABEL="13.9  超声波开关" ORDERLABEL="599"><METS:fptr FILEID="00000609"/>
			</METS:div>
		</METS:div>
		<METS:div TYPE="Chapter" LABEL="第14章  温度传感器电路" ORDERLABEL="602"><METS:fptr FILEID="00000612"/>
			<METS:div TYPE="Chapter" LABEL="14.1  TD系列温度传感器电路" ORDERLABEL="602"><METS:fptr FILEID="00000612"/>
			</METS:div>
			<METS:div TYPE="Chapter" LABEL="14.2  MTS102～105硅温度传感器电路" ORDERLABEL="604"><METS:fptr FILEID="00000614"/>
			</METS:div>
			<METS:div TYPE="Chapter" LABEL="14.3  混合集成热电阻模块测温电路" ORDERLABEL="606"><METS:fptr FILEID="00000616"/>
			</METS:div>
			<METS:div TYPE="Chapter" LABEL="14.4  PN结系列温度传感器电路" ORDERLABEL="607"><METS:fptr FILEID="00000617"/>
			</METS:div>
			<METS:div TYPE="Chapter" LABEL="14.5  温度系列传感器电路" ORDERLABEL="609"><METS:fptr FILEID="00000619"/>
			</METS:div>
			<METS:div TYPE="Chapter" LABEL="14.6  AD590系列温度传感器电路" ORDERLABEL="611"><METS:fptr FILEID="00000621"/>
			</METS:div>
			<METS:div TYPE="Chapter" LABEL="14.7  热敏电阻测温电路" ORDERLABEL="616"><METS:fptr FILEID="00000626"/>
			</METS:div>
			<METS:div TYPE="Chapter" LABEL="14.8  铂电阻系列测温电路" ORDERLABEL="621"><METS:fptr FILEID="00000631"/>
			</METS:div>
			<METS:div TYPE="Chapter" LABEL="14.9  热电偶系列测温电路" ORDERLABEL="623"><METS:fptr FILEID="00000633"/>
			</METS:div>
			<METS:div TYPE="Chapter" LABEL="14.10  光测高温电路" ORDERLABEL="629"><METS:fptr FILEID="00000639"/>
			</METS:div>
			<METS:div TYPE="Chapter" LABEL="14.11  温度传感器接口电路" ORDERLABEL="637"><METS:fptr FILEID="00000647"/>
			</METS:div>
			<METS:div TYPE="Chapter" LABEL="14.12  温度传感器控制电路" ORDERLABEL="640"><METS:fptr FILEID="00000650"/>
			</METS:div>
			<METS:div TYPE="Chapter" LABEL="14.13  LM系列温度传感器电路" ORDERLABEL="642"><METS:fptr FILEID="00000652"/>
			</METS:div>
			<METS:div TYPE="Chapter" LABEL="14.14  DALLAS数字温度传感器电路" ORDERLABEL="664"><METS:fptr FILEID="00000674"/>
			</METS:div>
			<METS:div TYPE="Chapter" LABEL="14.15  IES精密可控温度传感器电路" ORDERLABEL="674"><METS:fptr FILEID="00000684"/>
			</METS:div>
			<METS:div TYPE="Chapter" LABEL="14.16  其他温度传感器电路" ORDERLABEL="685"><METS:fptr FILEID="00000695"/>
			</METS:div>
		</METS:div>
		<METS:div TYPE="Chapter" LABEL="第15章  湿度传感器电路" ORDERLABEL="692"><METS:fptr FILEID="00000702"/>
			<METS:div TYPE="Chapter" LABEL="15.1  湿度传感器电路" ORDERLABEL="692"><METS:fptr FILEID="00000702"/>
			</METS:div>
			<METS:div TYPE="Chapter" LABEL="15.2  湿度传感器应用电路" ORDERLABEL="694"><METS:fptr FILEID="00000704"/>
			</METS:div>
			<METS:div TYPE="Chapter" LABEL="15.3  湿度传感器检测电路" ORDERLABEL="696"><METS:fptr FILEID="00000706"/>
			</METS:div>
			<METS:div TYPE="Chapter" LABEL="15.4  湿度传感器报警电路" ORDERLABEL="698"><METS:fptr FILEID="00000708"/>
			</METS:div>
			<METS:div TYPE="Chapter" LABEL="15.5  湿度传感器" ORDERLABEL="703"><METS:fptr FILEID="00000713"/>
			</METS:div>
		</METS:div>
		<METS:div TYPE="Chapter" LABEL="第16章  气体传感器电路" ORDERLABEL="707"><METS:fptr FILEID="00000717"/>
			<METS:div TYPE="Chapter" LABEL="16.1  SB、SP、ST、SC系列传感器电路" ORDERLABEL="707"><METS:fptr FILEID="00000717"/>
			</METS:div>
			<METS:div TYPE="Chapter" LABEL="16.2  QM系列传感器电路" ORDERLABEL="712"><METS:fptr FILEID="00000722"/>
			</METS:div>
			<METS:div TYPE="Chapter" LABEL="16.3  MQ传感器应用电路" ORDERLABEL="718"><METS:fptr FILEID="00000728"/>
			</METS:div>
			<METS:div TYPE="Chapter" LABEL="16.4  费加罗气体传感器电路" ORDERLABEL="719"><METS:fptr FILEID="00000729"/>
			</METS:div>
			<METS:div TYPE="Chapter" LABEL="16.5  费加罗气体传感器应用电路" ORDERLABEL="723"><METS:fptr FILEID="00000733"/>
			</METS:div>
			<METS:div TYPE="Chapter" LABEL="16.6  可燃有毒气体传感器电路" ORDERLABEL="724"><METS:fptr FILEID="00000734"/>
			</METS:div>
			<METS:div TYPE="Chapter" LABEL="16.7  气体传感器报警电路" ORDERLABEL="728"><METS:fptr FILEID="00000738"/>
			</METS:div>
			<METS:div TYPE="Chapter" LABEL="16.8  气体传感器检测电路" ORDERLABEL="733"><METS:fptr FILEID="00000743"/>
			</METS:div>
			<METS:div TYPE="Chapter" LABEL="16.9  其他气体传感器电路" ORDERLABEL="737"><METS:fptr FILEID="00000747"/>
			</METS:div>
		</METS:div>
		<METS:div TYPE="Chapter" LABEL="第17章  接近开关传感器电路" ORDERLABEL="758"><METS:fptr FILEID="00000768"/>
			<METS:div TYPE="Chapter" LABEL="17.1  PEPPERL+PUCHS接近开关电路" ORDERLABEL="758"><METS:fptr FILEID="00000768"/>
			</METS:div>
			<METS:div TYPE="Chapter" LABEL="17.2  图尔克(天津)接近开关电路" ORDERLABEL="769"><METS:fptr FILEID="00000779"/>
			</METS:div>
			<METS:div TYPE="Chapter" LABEL="17.3  OMRON接近开关电路" ORDERLABEL="792"><METS:fptr FILEID="00000802"/>
			</METS:div>
			<METS:div TYPE="Chapter" LABEL="17.4  GE系列电感型接近开关电路" ORDERLABEL="795"><METS:fptr FILEID="00000805"/>
			</METS:div>
			<METS:div TYPE="Chapter" LABEL="17.5  KE系列静电容型接近开关电路" ORDERLABEL="802"><METS:fptr FILEID="00000812"/>
			</METS:div>
			<METS:div TYPE="Chapter" LABEL="17.6  TOKY电感式接近开关电路" ORDERLABEL="804"><METS:fptr FILEID="00000814"/>
			</METS:div>
			<METS:div TYPE="Chapter" LABEL="17.7  TOKY电容式接近开关电路" ORDERLABEL="809"><METS:fptr FILEID="00000819"/>
			</METS:div>
			<METS:div TYPE="Chapter" LABEL="17.8  舌簧开关电路" ORDERLABEL="811"><METS:fptr FILEID="00000821"/>
			</METS:div>
			<METS:div TYPE="Chapter" LABEL="17.9  SUNX系列接近开关电路" ORDERLABEL="816"><METS:fptr FILEID="00000826"/>
			</METS:div>
			<METS:div TYPE="Chapter" LABEL="17.10  集成电路接近开关电路" ORDERLABEL="821"><METS:fptr FILEID="00000831"/>
			</METS:div>
			<METS:div TYPE="Chapter" LABEL="17.11  GKE接近开关电路" ORDERLABEL="824"><METS:fptr FILEID="00000834"/>
			</METS:div>
		</METS:div>
		<METS:div TYPE="Chapter" LABEL="第18章  声响传感电路" ORDERLABEL="830"><METS:fptr FILEID="00000840"/>
			<METS:div TYPE="Chapter" LABEL="18.1  传感放大电路" ORDERLABEL="830"><METS:fptr FILEID="00000840"/>
			</METS:div>
			<METS:div TYPE="Chapter" LABEL="18.2  声控电路" ORDERLABEL="832"><METS:fptr FILEID="00000842"/>
			</METS:div>
			<METS:div TYPE="Chapter" LABEL="18.3  声控开关电路" ORDERLABEL="833"><METS:fptr FILEID="00000843"/>
			</METS:div>
			<METS:div TYPE="Chapter" LABEL="18.4  压电传感器电路" ORDERLABEL="834"><METS:fptr FILEID="00000844"/>
			</METS:div>
			<METS:div TYPE="Chapter" LABEL="18.5  声响传感器" ORDERLABEL="837"><METS:fptr FILEID="00000847"/>
			</METS:div>
		</METS:div>
		<METS:div TYPE="Chapter" LABEL="第19章 其他传感器电路" ORDERLABEL="842"><METS:fptr FILEID="00000852"/>
			<METS:div TYPE="Chapter" LABEL="19.1  压力传感器的调节电路" ORDERLABEL="842"><METS:fptr FILEID="00000852"/>
			</METS:div>
			<METS:div TYPE="Chapter" LABEL="19.2  传感器电压测量电路" ORDERLABEL="855"><METS:fptr FILEID="00000865"/>
			</METS:div>
			<METS:div TYPE="Chapter" LABEL="19.3  SCX系列传感器电路" ORDERLABEL="858"><METS:fptr FILEID="00000868"/>
			</METS:div>
			<METS:div TYPE="Chapter" LABEL="19.4  传感器电桥电路" ORDERLABEL="861"><METS:fptr FILEID="00000871"/>
			</METS:div>
			<METS:div TYPE="Chapter" LABEL="19.5  化学传感器测量电路" ORDERLABEL="864"><METS:fptr FILEID="00000874"/>
			</METS:div>
			<METS:div TYPE="Chapter" LABEL="19.6  探测传感器电路" ORDERLABEL="875"><METS:fptr FILEID="00000885"/>
			</METS:div>
			<METS:div TYPE="Chapter" LABEL="19.7  压电薄膜传感器电路" ORDERLABEL="890"><METS:fptr FILEID="00000900"/>
			</METS:div>
		</METS:div>
	</METS:structMap>
</METS:mets>
