<?xml version="1.0" encoding="utf-8"?>
<METS:mets xmlns:METS="http://www.loc.gov/METS/" xmlns:xsi="http://www.w3.org/2001/XMLSchema-instance" xmlns:gdm="http://sunsite.berkeley.edu/GDM/" xmlns:xlink="http://www.w3.org/TR/xlink" xsi:schemalocation="http://www.loc.gov/METS/http://www.loc.gov/standards/mets/mets.xsd" LABEL="Zhejiang University.jdl.China-America digital library project" TYPE="Section">
	<METS:structMap TYPE="Catalog">
		<METS:div TYPE="Chapter" LABEL="第一篇  汽车电控系统的结构与原理" ORDERLABEL="7"><METS:fptr FILEID="00000007"/>
			<METS:div TYPE="Chapter" LABEL="第一章  电控燃油喷射系统" ORDERLABEL="7"><METS:fptr FILEID="00000013"/>
				<METS:div TYPE="Chapter" LABEL="第一节  电控燃油喷射概述" ORDERLABEL="8"><METS:fptr FILEID="00000014"/>
				</METS:div>
				<METS:div TYPE="Chapter" LABEL="第二节  燃油喷射装置的种类" ORDERLABEL="11"><METS:fptr FILEID="00000017"/>
				</METS:div>
				<METS:div TYPE="Chapter" LABEL="第三节  测量片式燃油喷射装置" ORDERLABEL="18"><METS:fptr FILEID="00000024"/>
				</METS:div>
				<METS:div TYPE="Chapter" LABEL="第四节  燃油泵电路" ORDERLABEL="27"><METS:fptr FILEID="00000033"/>
				</METS:div>
				<METS:div TYPE="Chapter" LABEL="第五节  冷起动阀和温度时间开关" ORDERLABEL="35"><METS:fptr FILEID="00000041"/>
				</METS:div>
				<METS:div TYPE="Chapter" LABEL="第六节  喷油嘴与燃油喷射的控制方式" ORDERLABEL="38"><METS:fptr FILEID="00000044"/>
				</METS:div>
			</METS:div>
			<METS:div TYPE="Chapter" LABEL="第二章  点火时间的控制" ORDERLABEL="49"><METS:fptr FILEID="00000055"/>
				<METS:div TYPE="Chapter" LABEL="第一节  点火系统基础知识" ORDERLABEL="49"><METS:fptr FILEID="00000055"/>
				</METS:div>
				<METS:div TYPE="Chapter" LABEL="第二节  无触点点火装置" ORDERLABEL="55"><METS:fptr FILEID="00000061"/>
				</METS:div>
				<METS:div TYPE="Chapter" LABEL="第三节  爆震控制" ORDERLABEL="67"><METS:fptr FILEID="00000073"/>
				</METS:div>
			</METS:div>
			<METS:div TYPE="Chapter" LABEL="第三章  发动机的怠速转速控制" ORDERLABEL="72"><METS:fptr FILEID="00000078"/>
				<METS:div TYPE="Chapter" LABEL="第一节  早期的怠速转速控制系统" ORDERLABEL="72"><METS:fptr FILEID="00000078"/>
				</METS:div>
				<METS:div TYPE="Chapter" LABEL="第二节  各种新型怠速转速控制系统" ORDERLABEL="89"><METS:fptr FILEID="00000095"/>
				</METS:div>
			</METS:div>
			<METS:div TYPE="Chapter" LABEL="第四章  柴油发动机的电子控制系统" ORDERLABEL="106"><METS:fptr FILEID="00000112"/>
				<METS:div TYPE="Chapter" LABEL="第一节  五十铃公司4FBI发动机的电子控制系统" ORDERLABEL="107"><METS:fptr FILEID="00000113"/>
				</METS:div>
				<METS:div TYPE="Chapter" LABEL="第二节  丰田公司的21-TE型电子控制系统" ORDERLABEL="110"><METS:fptr FILEID="00000116"/>
				</METS:div>
				<METS:div TYPE="Chapter" LABEL="第三节  丰田公司的21-THE型电子控制系统" ORDERLABEL="113"><METS:fptr FILEID="00000119"/>
				</METS:div>
			</METS:div>
			<METS:div TYPE="Chapter" LABEL="第五章  电子控制自动变速器" ORDERLABEL="116"><METS:fptr FILEID="00000122"/>
				<METS:div TYPE="Chapter" LABEL="第一节  概论" ORDERLABEL="116"><METS:fptr FILEID="00000122"/>
				</METS:div>
				<METS:div TYPE="Chapter" LABEL="第二节  丰田汽车公司的？？40E型电子控制自动变速器（AT）" ORDERLABEL="121"><METS:fptr FILEID="00000127"/>
				</METS:div>
				<METS:div TYPE="Chapter" LABEL="第三节  日产汽车公司的电子控制自动变速器（AT）" ORDERLABEL="127"><METS:fptr FILEID="00000133"/>
				</METS:div>
			</METS:div>
			<METS:div TYPE="Chapter" LABEL="第六章  电子控制悬架系统" ORDERLABEL="135"><METS:fptr FILEID="00000141"/>
			</METS:div>
			<METS:div TYPE="Chapter" LABEL="第七章  电子控制动力转向系统" ORDERLABEL="149"><METS:fptr FILEID="00000155"/>
			</METS:div>
			<METS:div TYPE="Chapter" LABEL="第八章  防抱死控制系统（ABS）和牵引力控制系统" ORDERLABEL="168"><METS:fptr FILEID="00000174"/>
				<METS:div TYPE="Chapter" LABEL="第一节  ABS的基本知识" ORDERLABEL="168"><METS:fptr FILEID="00000174"/>
				</METS:div>
				<METS:div TYPE="Chapter" LABEL="第二节  ABS的工作原理" ORDERLABEL="177"><METS:fptr FILEID="00000183"/>
				</METS:div>
				<METS:div TYPE="Chapter" LABEL="第三节  牵引力控制系统" ORDERLABEL="187"><METS:fptr FILEID="00000193"/>
				</METS:div>
			</METS:div>
		</METS:div>
		<METS:div TYPE="Chapter" LABEL="第二篇  汽车用传感器的结构与原理" ORDERLABEL="211"><METS:fptr FILEID="00000205"/>
			<METS:div TYPE="Chapter" LABEL="第九章  空气流量传感器与温度传感器" ORDERLABEL="211"><METS:fptr FILEID="00000217"/>
				<METS:div TYPE="Chapter" LABEL="第一节  动片式空气流量传感器" ORDERLABEL="211"><METS:fptr FILEID="00000217"/>
				</METS:div>
				<METS:div TYPE="Chapter" LABEL="第二节  卡门涡旋式空气流量传感器" ORDERLABEL="220"><METS:fptr FILEID="00000226"/>
				</METS:div>
				<METS:div TYPE="Chapter" LABEL="第三节  热丝式空气流量传感器" ORDERLABEL="233"><METS:fptr FILEID="00000239"/>
				</METS:div>
				<METS:div TYPE="Chapter" LABEL="第四节  温度传感器" ORDERLABEL="233"><METS:fptr FILEID="00000239"/>
				</METS:div>
			</METS:div>
			<METS:div TYPE="Chapter" LABEL="第十章  压力传感器与转速传感器" ORDERLABEL="259"><METS:fptr FILEID="00000265"/>
				<METS:div TYPE="Chapter" LABEL="第一节  压力传感器" ORDERLABEL="259"><METS:fptr FILEID="00000265"/>
				</METS:div>
				<METS:div TYPE="Chapter" LABEL="第二节  转速传感器" ORDERLABEL="269"><METS:fptr FILEID="00000275"/>
				</METS:div>
			</METS:div>
			<METS:div TYPE="Chapter" LABEL="第十一章  液位传感器、位置与角度传感器" ORDERLABEL="285"><METS:fptr FILEID="00000291"/>
				<METS:div TYPE="Chapter" LABEL="第一节  液位传感器" ORDERLABEL="285"><METS:fptr FILEID="00000291"/>
				</METS:div>
				<METS:div TYPE="Chapter" LABEL="第二节  位置与角度传感器" ORDERLABEL="297"><METS:fptr FILEID="00000303"/>
				</METS:div>
			</METS:div>
			<METS:div TYPE="Chapter" LABEL="第十二章  光电式车高传感器、光电式转向传感器、流量传感器" ORDERLABEL="311"><METS:fptr FILEID="00000317"/>
				<METS:div TYPE="Chapter" LABEL="第一节  光电式车高传感器" ORDERLABEL="311"><METS:fptr FILEID="00000317"/>
				</METS:div>
				<METS:div TYPE="Chapter" LABEL="第二节  光电式转向传感器" ORDERLABEL="322"><METS:fptr FILEID="00000328"/>
				</METS:div>
				<METS:div TYPE="Chapter" LABEL="第三节  流量传感器" ORDERLABEL="322"><METS:fptr FILEID="00000328"/>
				</METS:div>
			</METS:div>
			<METS:div TYPE="Chapter" LABEL="第十三章  气体浓度传感器、爆震传感器、光量传感器" ORDERLABEL="334"><METS:fptr FILEID="00000340"/>
				<METS:div TYPE="Chapter" LABEL="第一节  气体浓度传感器" ORDERLABEL="334"><METS:fptr FILEID="00000340"/>
				</METS:div>
				<METS:div TYPE="Chapter" LABEL="第二节  爆震传感器" ORDERLABEL="352"><METS:fptr FILEID="00000358"/>
				</METS:div>
				<METS:div TYPE="Chapter" LABEL="第三节  光量传感器" ORDERLABEL="358"><METS:fptr FILEID="00000364"/>
				</METS:div>
			</METS:div>
			<METS:div TYPE="Chapter" LABEL="第十四章  磨损检测传感器、位置传感器、湿度传感器电流传感器、距离传感器、方位传感器" ORDERLABEL="367"><METS:fptr FILEID="00000373"/>
				<METS:div TYPE="Chapter" LABEL="第一节  磨损检测传感器" ORDERLABEL="367"><METS:fptr FILEID="00000373"/>
				</METS:div>
				<METS:div TYPE="Chapter" LABEL="第二节  位置传感器" ORDERLABEL="368"><METS:fptr FILEID="00000374"/>
				</METS:div>
				<METS:div TYPE="Chapter" LABEL="第三节  湿度传感器" ORDERLABEL="371"><METS:fptr FILEID="00000377"/>
				</METS:div>
				<METS:div TYPE="Chapter" LABEL="第四节  电流传感器" ORDERLABEL="373"><METS:fptr FILEID="00000379"/>
				</METS:div>
				<METS:div TYPE="Chapter" LABEL="第五节  距离传感器" ORDERLABEL="380"><METS:fptr FILEID="00000386"/>
				</METS:div>
				<METS:div TYPE="Chapter" LABEL="第六节  方位传感器" ORDERLABEL="382"><METS:fptr FILEID="00000388"/>
				</METS:div>
			</METS:div>
		</METS:div>
		<METS:div TYPE="Chapter" LABEL="参考文献" ORDERLABEL="387"><METS:fptr FILEID="00000393"/>
		</METS:div>
	</METS:structMap>
</METS:mets>
