<?xml version="1.0" encoding="utf-8"?>
<METS:mets xmlns:METS="http://www.loc.gov/METS/" xmlns:xsi="http://www.w3.org/2001/XMLSchema-instance" xmlns:gdm="http://sunsite.berkeley.edu/GDM/" xmlns:xlink="http://www.w3.org/TR/xlink" xsi:schemalocation="http://www.loc.gov/METS/http://www.loc.gov/standards/mets/mets.xsd" LABEL="Zhejiang University.jdl.China-America digital library project" TYPE="Section">
	<METS:structMap TYPE="Catalog">
		<METS:div TYPE="Chapter" LABEL="一、光电传感器电路" ORDERLABEL="1"><METS:fptr FILEID="00000011"/>
			<METS:div TYPE="Chapter" LABEL="1.1  光电二极管制作的节日装饰彩灯" ORDERLABEL="1"><METS:fptr FILEID="00000011"/>
			</METS:div>
			<METS:div TYPE="Chapter" LABEL="1.2  光敏管制作的声、光双控节能开关" ORDERLABEL="5"><METS:fptr FILEID="00000015"/>
			</METS:div>
			<METS:div TYPE="Chapter" LABEL="1.3  光电传感器制作的节能灯控制器" ORDERLABEL="6"><METS:fptr FILEID="00000016"/>
			</METS:div>
			<METS:div TYPE="Chapter" LABEL="1.4  光敏电阻制作的室内电灯自动开关" ORDERLABEL="8"><METS:fptr FILEID="00000018"/>
			</METS:div>
			<METS:div TYPE="Chapter" LABEL="1.5  光敏电阻制作的日光灯启辉器" ORDERLABEL="9"><METS:fptr FILEID="00000019"/>
			</METS:div>
			<METS:div TYPE="Chapter" LABEL="1.6  光敏电阻制作的自动调光台灯" ORDERLABEL="10"><METS:fptr FILEID="00000020"/>
			</METS:div>
			<METS:div TYPE="Chapter" LABEL="1.7  光敏电阻制作的应急灯" ORDERLABEL="11"><METS:fptr FILEID="00000021"/>
			</METS:div>
			<METS:div TYPE="Chapter" LABEL="1.8  光敏电阻制作的应急自动照明灯" ORDERLABEL="13"><METS:fptr FILEID="00000023"/>
			</METS:div>
			<METS:div TYPE="Chapter" LABEL="1.9  光敏电阻制作的床头灯兼作光敏电话自动灯" ORDERLABEL="15"><METS:fptr FILEID="00000025"/>
			</METS:div>
			<METS:div TYPE="Chapter" LABEL="1.10  光电传感器制作的门控自动亮灭灯" ORDERLABEL="17"><METS:fptr FILEID="00000027"/>
			</METS:div>
			<METS:div TYPE="Chapter" LABEL="1.11  光敏电阻制作的学生实用测光保健文具盒" ORDERLABEL="19"><METS:fptr FILEID="00000029"/>
			</METS:div>
			<METS:div TYPE="Chapter" LABEL="1.12  光敏电阻制作的歌舞厅自动补光灯" ORDERLABEL="20"><METS:fptr FILEID="00000030"/>
			</METS:div>
			<METS:div TYPE="Chapter" LABEL="1.13  光敏电阻制作的鸡舍自动补光灯" ORDERLABEL="21"><METS:fptr FILEID="00000031"/>
			</METS:div>
			<METS:div TYPE="Chapter" LABEL="1.14  光敏二极管制作的电视遥控器检测仪" ORDERLABEL="23"><METS:fptr FILEID="00000033"/>
			</METS:div>
			<METS:div TYPE="Chapter" LABEL="1.15  光电三极管制作的电视机遥控器检测仪" ORDERLABEL="24"><METS:fptr FILEID="00000034"/>
			</METS:div>
			<METS:div TYPE="Chapter" LABEL="1.16  光电三极管制作的家电遥控器检测仪" ORDERLABEL="24"><METS:fptr FILEID="00000034"/>
			</METS:div>
			<METS:div TYPE="Chapter" LABEL="1.17  光电三极管制作的电冰箱除臭器" ORDERLABEL="25"><METS:fptr FILEID="00000035"/>
			</METS:div>
			<METS:div TYPE="Chapter" LABEL="1.18  光电传感器制作的间歇式臭氧发生器" ORDERLABEL="27"><METS:fptr FILEID="00000037"/>
			</METS:div>
			<METS:div TYPE="Chapter" LABEL="1.19  光电三极管制作的电饭锅饭熟告知器" ORDERLABEL="28"><METS:fptr FILEID="00000038"/>
			</METS:div>
			<METS:div TYPE="Chapter" LABEL="1.20  光电二极管制作的抽屉防盗报警器" ORDERLABEL="29"><METS:fptr FILEID="00000039"/>
			</METS:div>
			<METS:div TYPE="Chapter" LABEL="1.21  光电传感器制作的防盗皮夹" ORDERLABEL="30"><METS:fptr FILEID="00000040"/>
			</METS:div>
			<METS:div TYPE="Chapter" LABEL="1.22  光电三极管制作的红外炉熄火报警器" ORDERLABEL="31"><METS:fptr FILEID="00000041"/>
			</METS:div>
			<METS:div TYPE="Chapter" LABEL="1.23  光电接收二极管制作的吸烟报警器" ORDERLABEL="32"><METS:fptr FILEID="00000042"/>
			</METS:div>
			<METS:div TYPE="Chapter" LABEL="1.24  光电耦合器制作的电话留言附加器" ORDERLABEL="33"><METS:fptr FILEID="00000043"/>
			</METS:div>
			<METS:div TYPE="Chapter" LABEL="1.25  光敏电阻制作的公用电话标志灯控制电路" ORDERLABEL="35"><METS:fptr FILEID="00000045"/>
			</METS:div>
			<METS:div TYPE="Chapter" LABEL="1.26  光电传感器制作的公路夜间路标" ORDERLABEL="36"><METS:fptr FILEID="00000046"/>
			</METS:div>
			<METS:div TYPE="Chapter" LABEL="1.27  光电三极管制作的电子蜡烛" ORDERLABEL="37"><METS:fptr FILEID="00000047"/>
			</METS:div>
			<METS:div TYPE="Chapter" LABEL="1.28  光电指套式传感器制作的光电数字式脉搏计" ORDERLABEL="39"><METS:fptr FILEID="00000049"/>
			</METS:div>
			<METS:div TYPE="Chapter" LABEL="1.29  光电传感器制作的电子识别器" ORDERLABEL="43"><METS:fptr FILEID="00000053"/>
			</METS:div>
			<METS:div TYPE="Chapter" LABEL="1.30  光电传感器制作的燃烧机无触点点火控制器" ORDERLABEL="44"><METS:fptr FILEID="00000054"/>
			</METS:div>
			<METS:div TYPE="Chapter" LABEL="1.31  光电传感器制作的粮食害虫检测报警器" ORDERLABEL="46"><METS:fptr FILEID="00000056"/>
			</METS:div>
			<METS:div TYPE="Chapter" LABEL="1.32  光电传感器制作的汽车前灯忘关报警器" ORDERLABEL="48"><METS:fptr FILEID="00000058"/>
			</METS:div>
			<METS:div TYPE="Chapter" LABEL="1.33  光敏管制作的单摆实验显示仪" ORDERLABEL="49"><METS:fptr FILEID="00000059"/>
			</METS:div>
			<METS:div TYPE="Chapter" LABEL="1.34  光电式摇晃传感器制作的平衡感觉检测仪" ORDERLABEL="52"><METS:fptr FILEID="00000062"/>
			</METS:div>
			<METS:div TYPE="Chapter" LABEL="1.35  光敏电阻制作的“空城计”防盗器" ORDERLABEL="54"><METS:fptr FILEID="00000064"/>
			</METS:div>
		</METS:div>
		<METS:div TYPE="Chapter" LABEL="二、红外线传感器电路" ORDERLABEL="57"><METS:fptr FILEID="00000067"/>
			<METS:div TYPE="Chapter" LABEL="2.1  PIR热释电传感器制作的蚁蝇克星电子纱门" ORDERLABEL="57"><METS:fptr FILEID="00000067"/>
			</METS:div>
			<METS:div TYPE="Chapter" LABEL="2.2  人体红外线热释电传感器制作的家用探盗呼叫机" ORDERLABEL="59"><METS:fptr FILEID="00000069"/>
			</METS:div>
			<METS:div TYPE="Chapter" LABEL="2.3  红外线传感器制作的人体遥感灯光／门铃" ORDERLABEL="62"><METS:fptr FILEID="00000072"/>
			</METS:div>
			<METS:div TYPE="Chapter" LABEL="2.4  热释电红外传感器制作的人体感应电灯" ORDERLABEL="64"><METS:fptr FILEID="00000074"/>
			</METS:div>
			<METS:div TYPE="Chapter" LABEL="2.5  热释电红外传感器制作的楼道照明灯开关" ORDERLABEL="67"><METS:fptr FILEID="00000077"/>
			</METS:div>
			<METS:div TYPE="Chapter" LABEL="2.6  热释电红外传感器PIR制作的人体感应开关电路" ORDERLABEL="68"><METS:fptr FILEID="00000078"/>
			</METS:div>
			<METS:div TYPE="Chapter" LABEL="2.7  红外传感信号处理器和热释电传感器制作的被动式红外开关" ORDERLABEL="71"><METS:fptr FILEID="00000081"/>
			</METS:div>
			<METS:div TYPE="Chapter" LABEL="2.8  红外传感器制作的人体感应多功能自动控制器" ORDERLABEL="74"><METS:fptr FILEID="00000084"/>
			</METS:div>
			<METS:div TYPE="Chapter" LABEL="2.9  红外传感器制作的婴幼儿睡眠状况告知器" ORDERLABEL="76"><METS:fptr FILEID="00000086"/>
			</METS:div>
			<METS:div TYPE="Chapter" LABEL="2.10  热释电红外线传感器制作的电子警犬" ORDERLABEL="78"><METS:fptr FILEID="00000088"/>
			</METS:div>
			<METS:div TYPE="Chapter" LABEL="2.11  热释电红外传感器制作的多路红外防盗报警器" ORDERLABEL="78"><METS:fptr FILEID="00000088"/>
			</METS:div>
			<METS:div TYPE="Chapter" LABEL="2.12  红外探测传感器制作的15路远距离无线电遥控报警装置" ORDERLABEL="81"><METS:fptr FILEID="00000091"/>
			</METS:div>
			<METS:div TYPE="Chapter" LABEL="2.13  热释电人体红外传感器制作的高速公路车辆计数器" ORDERLABEL="85"><METS:fptr FILEID="00000095"/>
			</METS:div>
			<METS:div TYPE="Chapter" LABEL="2.14  热释电人体红外传感器制作的运动员短跑竞赛计时器" ORDERLABEL="87"><METS:fptr FILEID="00000097"/>
			</METS:div>
			<METS:div TYPE="Chapter" LABEL="2.15  红外线反射型光传感器制作的红外线心率计" ORDERLABEL="87"><METS:fptr FILEID="00000097"/>
			</METS:div>
			<METS:div TYPE="Chapter" LABEL="2.16  无需进行频率调整的红外线传感器电路" ORDERLABEL="91"><METS:fptr FILEID="00000101"/>
			</METS:div>
		</METS:div>
		<METS:div TYPE="Chapter" LABEL="三、温度传感器电路" ORDERLABEL="93"><METS:fptr FILEID="00000103"/>
			<METS:div TYPE="Chapter" LABEL="3.1  精密型NTC温度传感器制作的电开水器控制电路" ORDERLABEL="93"><METS:fptr FILEID="00000103"/>
			</METS:div>
			<METS:div TYPE="Chapter" LABEL="3.2  热敏电阻制作的水开报知器" ORDERLABEL="96"><METS:fptr FILEID="00000106"/>
			</METS:div>
			<METS:div TYPE="Chapter" LABEL="3.3  温度传感器制作的水开音乐告知器" ORDERLABEL="98"><METS:fptr FILEID="00000108"/>
			</METS:div>
			<METS:div TYPE="Chapter" LABEL="3.4  温度传感器制作的“热得快”控制器" ORDERLABEL="99"><METS:fptr FILEID="00000109"/>
			</METS:div>
			<METS:div TYPE="Chapter" LABEL="3.5  热敏电阻传感器制作的冰箱电子温控器" ORDERLABEL="101"><METS:fptr FILEID="00000111"/>
			</METS:div>
			<METS:div TYPE="Chapter" LABEL="3.6  温度传感器制作的半导体冰箱温控器" ORDERLABEL="102"><METS:fptr FILEID="00000112"/>
			</METS:div>
			<METS:div TYPE="Chapter" LABEL="3.7  温度传感器制作的家用恒温暖箱" ORDERLABEL="103"><METS:fptr FILEID="00000113"/>
			</METS:div>
			<METS:div TYPE="Chapter" LABEL="3.8  温度传感器制作的空调器电子控制电路" ORDERLABEL="107"><METS:fptr FILEID="00000117"/>
			</METS:div>
			<METS:div TYPE="Chapter" LABEL="3.9  热敏传感器制作的家用热水加热报警器" ORDERLABEL="110"><METS:fptr FILEID="00000120"/>
			</METS:div>
			<METS:div TYPE="Chapter" LABEL="3.10  感温管制作的可预置温度的自动保温电热水器" ORDERLABEL="112"><METS:fptr FILEID="00000122"/>
			</METS:div>
			<METS:div TYPE="Chapter" LABEL="3.11  温度传感器制作的辅助加热式太阳能热水器" ORDERLABEL="114"><METS:fptr FILEID="00000124"/>
			</METS:div>
			<METS:div TYPE="Chapter" LABEL="3.12  热敏传感器制作的淋浴器加热控制电路" ORDERLABEL="119"><METS:fptr FILEID="00000129"/>
			</METS:div>
			<METS:div TYPE="Chapter" LABEL="3.13  热敏电阻制作的电热毯恒温控制器" ORDERLABEL="119"><METS:fptr FILEID="00000129"/>
			</METS:div>
			<METS:div TYPE="Chapter" LABEL="3.14  热敏传感器制作的电热毯温控器" ORDERLABEL="121"><METS:fptr FILEID="00000131"/>
			</METS:div>
			<METS:div TYPE="Chapter" LABEL="3.15  热敏传感器制作的电热毯可调恒温控制电路" ORDERLABEL="122"><METS:fptr FILEID="00000132"/>
			</METS:div>
			<METS:div TYPE="Chapter" LABEL="3.16  温度传感器制作的电风扇温控开关" ORDERLABEL="123"><METS:fptr FILEID="00000133"/>
			</METS:div>
			<METS:div TYPE="Chapter" LABEL="3.17  温度传感器制作的LED数字式温度表" ORDERLABEL="124"><METS:fptr FILEID="00000134"/>
			</METS:div>
			<METS:div TYPE="Chapter" LABEL="3.18  热敏电阻制作的高功率因数电子镇流器" ORDERLABEL="126"><METS:fptr FILEID="00000136"/>
			</METS:div>
			<METS:div TYPE="Chapter" LABEL="3.19  温度传感器制作的电子自动温奶器" ORDERLABEL="128"><METS:fptr FILEID="00000138"/>
			</METS:div>
			<METS:div TYPE="Chapter" LABEL="3.20  热敏传感器制作鱼缸用的自动温控器" ORDERLABEL="130"><METS:fptr FILEID="00000140"/>
			</METS:div>
			<METS:div TYPE="Chapter" LABEL="3.21  SL系列集成温度传感器制作的数字温度计电路和水沸报警电路" ORDERLABEL="132"><METS:fptr FILEID="00000142"/>
			</METS:div>
			<METS:div TYPE="Chapter" LABEL="3.22  温度传感器制作的数字温度计" ORDERLABEL="133"><METS:fptr FILEID="00000143"/>
			</METS:div>
			<METS:div TYPE="Chapter" LABEL="3.23  温度传感器制作的8路LED温度指示仪" ORDERLABEL="134"><METS:fptr FILEID="00000144"/>
			</METS:div>
			<METS:div TYPE="Chapter" LABEL="3.24  温度传感器制作的温度表" ORDERLABEL="136"><METS:fptr FILEID="00000146"/>
			</METS:div>
			<METS:div TYPE="Chapter" LABEL="3.25  热敏传感器制作的数显温度计" ORDERLABEL="138"><METS:fptr FILEID="00000148"/>
			</METS:div>
			<METS:div TYPE="Chapter" LABEL="3.26  半导体传感器制作的温度计" ORDERLABEL="140"><METS:fptr FILEID="00000150"/>
			</METS:div>
			<METS:div TYPE="Chapter" LABEL="3.27  热敏电阻制作的线性刻度温度计" ORDERLABEL="141"><METS:fptr FILEID="00000151"/>
			</METS:div>
			<METS:div TYPE="Chapter" LABEL="3.28  温度传感器制作的光带模拟温度计" ORDERLABEL="142"><METS:fptr FILEID="00000152"/>
			</METS:div>
			<METS:div TYPE="Chapter" LABEL="3.29  桥式温度传感器制作的暗室用恒温槽电路" ORDERLABEL="145"><METS:fptr FILEID="00000155"/>
			</METS:div>
			<METS:div TYPE="Chapter" LABEL="3.30  温度传感器制作的报警型恒温控制器" ORDERLABEL="146"><METS:fptr FILEID="00000156"/>
			</METS:div>
			<METS:div TYPE="Chapter" LABEL="3.31  测控温传感器制作的简单温度控制仪" ORDERLABEL="147"><METS:fptr FILEID="00000157"/>
			</METS:div>
			<METS:div TYPE="Chapter" LABEL="3.32  温度传感器制作的温控电路" ORDERLABEL="148"><METS:fptr FILEID="00000158"/>
			</METS:div>
			<METS:div TYPE="Chapter" LABEL="3.33  测温传感器制作的塑料再生机自控电路" ORDERLABEL="148"><METS:fptr FILEID="00000158"/>
			</METS:div>
			<METS:div TYPE="Chapter" LABEL="3.34  温度传感器制作的农作物防霜报警器" ORDERLABEL="149"><METS:fptr FILEID="00000159"/>
			</METS:div>
			<METS:div TYPE="Chapter" LABEL="3.35  温度传感器制作的霜冻报警电路" ORDERLABEL="151"><METS:fptr FILEID="00000161"/>
			</METS:div>
			<METS:div TYPE="Chapter" LABEL="3.36  防火感温传感器制作的1.5km无线防火、防盗报警器" ORDERLABEL="152"><METS:fptr FILEID="00000162"/>
			</METS:div>
			<METS:div TYPE="Chapter" LABEL="3.37  温度传感器制作的农用双限温度控制器" ORDERLABEL="154"><METS:fptr FILEID="00000164"/>
			</METS:div>
			<METS:div TYPE="Chapter" LABEL="3.38  热敏电阻制作的双限温控组件" ORDERLABEL="157"><METS:fptr FILEID="00000167"/>
			</METS:div>
			<METS:div TYPE="Chapter" LABEL="3.39  温度传感器制作的温度测控仪" ORDERLABEL="159"><METS:fptr FILEID="00000169"/>
			</METS:div>
			<METS:div TYPE="Chapter" LABEL="3.40  新型智能温度传感器制作的可调温控器" ORDERLABEL="161"><METS:fptr FILEID="00000171"/>
			</METS:div>
			<METS:div TYPE="Chapter" LABEL="3.41  温度传感器制作的温度调节器" ORDERLABEL="162"><METS:fptr FILEID="00000172"/>
			</METS:div>
			<METS:div TYPE="Chapter" LABEL="3.42  热敏电阻制作的扩音机自动风冷降温器" ORDERLABEL="164"><METS:fptr FILEID="00000174"/>
			</METS:div>
			<METS:div TYPE="Chapter" LABEL="3.43  温度传感器制作的0℃～150℃温控仪" ORDERLABEL="165"><METS:fptr FILEID="00000175"/>
			</METS:div>
			<METS:div TYPE="Chapter" LABEL="3.44  温度传感器制作的医用恒温箱控制电路" ORDERLABEL="169"><METS:fptr FILEID="00000179"/>
			</METS:div>
			<METS:div TYPE="Chapter" LABEL="3.45  温敏电阻制作的输液加温器" ORDERLABEL="171"><METS:fptr FILEID="00000181"/>
			</METS:div>
			<METS:div TYPE="Chapter" LABEL="3.46  精密热敏电阻制作的巡回检测电力线传输温度的装置" ORDERLABEL="172"><METS:fptr FILEID="00000182"/>
			</METS:div>
		</METS:div>
		<METS:div TYPE="Chapter" LABEL="四、气敏传感器电路" ORDERLABEL="177"><METS:fptr FILEID="00000187"/>
			<METS:div TYPE="Chapter" LABEL="4.1  酒精传感器制作的检测报警器" ORDERLABEL="177"><METS:fptr FILEID="00000187"/>
			</METS:div>
			<METS:div TYPE="Chapter" LABEL="4.2  一组黑白气敏元件制作的排气扇插座盒" ORDERLABEL="178"><METS:fptr FILEID="00000188"/>
			</METS:div>
			<METS:div TYPE="Chapter" LABEL="4.3  半导体气敏传感器制作的抽油烟机" ORDERLABEL="180"><METS:fptr FILEID="00000190"/>
			</METS:div>
			<METS:div TYPE="Chapter" LABEL="4.4  半导体气敏传感器制作的厨用气体监测装置" ORDERLABEL="183"><METS:fptr FILEID="00000193"/>
			</METS:div>
			<METS:div TYPE="Chapter" LABEL="4.5  气敏传感器制作的化学实验室有害气体鉴别器" ORDERLABEL="184"><METS:fptr FILEID="00000194"/>
			</METS:div>
			<METS:div TYPE="Chapter" LABEL="4.6  气敏传感器制作的烟雾报警器" ORDERLABEL="186"><METS:fptr FILEID="00000196"/>
			</METS:div>
			<METS:div TYPE="Chapter" LABEL="4.7  气敏检测头制作的可燃性气体浓度检测电路" ORDERLABEL="187"><METS:fptr FILEID="00000197"/>
			</METS:div>
			<METS:div TYPE="Chapter" LABEL="4.8  气敏传感器制作的气体监控报警器" ORDERLABEL="188"><METS:fptr FILEID="00000198"/>
			</METS:div>
			<METS:div TYPE="Chapter" LABEL="4.9  气敏传感器制作的沼气检测器" ORDERLABEL="189"><METS:fptr FILEID="00000199"/>
			</METS:div>
		</METS:div>
		<METS:div TYPE="Chapter" LABEL="五、压敏、振动、冲击、应变传感器电路" ORDERLABEL="191"><METS:fptr FILEID="00000201"/>
			<METS:div TYPE="Chapter" LABEL="5.1  压敏传感器制作的高功率因数、紧凑型节能灯电子镇流器" ORDERLABEL="191"><METS:fptr FILEID="00000201"/>
			</METS:div>
			<METS:div TYPE="Chapter" LABEL="5.2  压敏传感器制作的全自动交流稳压器" ORDERLABEL="194"><METS:fptr FILEID="00000204"/>
			</METS:div>
			<METS:div TYPE="Chapter" LABEL="5.3  压敏传感器制作的多功能电机保护器" ORDERLABEL="195"><METS:fptr FILEID="00000205"/>
			</METS:div>
			<METS:div TYPE="Chapter" LABEL="5.4  BLR型拉压式传感器制作的简易电子秤" ORDERLABEL="196"><METS:fptr FILEID="00000206"/>
			</METS:div>
			<METS:div TYPE="Chapter" LABEL="5.5  声振动传感检测器制作的电子狗" ORDERLABEL="198"><METS:fptr FILEID="00000208"/>
			</METS:div>
			<METS:div TYPE="Chapter" LABEL="5.6  振动传感器制作的移动、振动报警器" ORDERLABEL="199"><METS:fptr FILEID="00000209"/>
			</METS:div>
			<METS:div TYPE="Chapter" LABEL="5.7  微型振动传感器制作的自行车防盗器" ORDERLABEL="200"><METS:fptr FILEID="00000210"/>
			</METS:div>
			<METS:div TYPE="Chapter" LABEL="5.8  振动传感器制作的贵重家电失窃寻踪器" ORDERLABEL="201"><METS:fptr FILEID="00000211"/>
			</METS:div>
			<METS:div TYPE="Chapter" LABEL="5.9  振动传感器制作的运动计量器" ORDERLABEL="203"><METS:fptr FILEID="00000213"/>
			</METS:div>
			<METS:div TYPE="Chapter" LABEL="5.10  振动传感器制作的摩托车防盗报警器" ORDERLABEL="204"><METS:fptr FILEID="00000214"/>
			</METS:div>
			<METS:div TYPE="Chapter" LABEL="5.11  微振动传感器制作的双路触发式汽车防盗报警器" ORDERLABEL="206"><METS:fptr FILEID="00000216"/>
			</METS:div>
			<METS:div TYPE="Chapter" LABEL="5.12  搬动传感器制作的移动式防盗报警器" ORDERLABEL="209"><METS:fptr FILEID="00000219"/>
			</METS:div>
			<METS:div TYPE="Chapter" LABEL="5.13  冲击传感器制作的防盗报警器" ORDERLABEL="210"><METS:fptr FILEID="00000220"/>
			</METS:div>
			<METS:div TYPE="Chapter" LABEL="5.14  冲击传感器制作的自行车防盗报警器" ORDERLABEL="211"><METS:fptr FILEID="00000221"/>
			</METS:div>
			<METS:div TYPE="Chapter" LABEL="5.15  称重传感器制作的便携式电子手提秤" ORDERLABEL="213"><METS:fptr FILEID="00000223"/>
			</METS:div>
			<METS:div TYPE="Chapter" LABEL="5.16  电阻应变式力传感器制作的数显电子秤" ORDERLABEL="215"><METS:fptr FILEID="00000225"/>
			</METS:div>
			<METS:div TYPE="Chapter" LABEL="5.17  物体重量弹性应变传感器制作的家用电子秤" ORDERLABEL="217"><METS:fptr FILEID="00000227"/>
			</METS:div>
			<METS:div TYPE="Chapter" LABEL="5.18  位移传感器制作的摩托车防盗报警器" ORDERLABEL="218"><METS:fptr FILEID="00000228"/>
			</METS:div>
		</METS:div>
		<METS:div TYPE="Chapter" LABEL="六、湿敏传感器电路" ORDERLABEL="220"><METS:fptr FILEID="00000230"/>
			<METS:div TYPE="Chapter" LABEL="6.1  自制传感器制作的粮油肉水分检查仪" ORDERLABEL="220"><METS:fptr FILEID="00000230"/>
			</METS:div>
			<METS:div TYPE="Chapter" LABEL="6.2  湿敏传感器制作的简单婴儿报尿器" ORDERLABEL="221"><METS:fptr FILEID="00000231"/>
			</METS:div>
			<METS:div TYPE="Chapter" LABEL="6.3  湿敏传感器制作的婴儿尿湿报警器" ORDERLABEL="222"><METS:fptr FILEID="00000232"/>
			</METS:div>
			<METS:div TYPE="Chapter" LABEL="6.4  湿敏传感器制作的鸡舍湿度检测控制电路" ORDERLABEL="224"><METS:fptr FILEID="00000234"/>
			</METS:div>
			<METS:div TYPE="Chapter" LABEL="6.5  湿敏传感器制作的交流市电测湿电路" ORDERLABEL="225"><METS:fptr FILEID="00000235"/>
			</METS:div>
			<METS:div TYPE="Chapter" LABEL="6.6  湿敏传感器制作的便携式测湿电路" ORDERLABEL="226"><METS:fptr FILEID="00000236"/>
			</METS:div>
			<METS:div TYPE="Chapter" LABEL="6.7  硅湿敏传感器制作的电子湿度自动控制器" ORDERLABEL="227"><METS:fptr FILEID="00000237"/>
			</METS:div>
			<METS:div TYPE="Chapter" LABEL="6.8  湿敏传感器制作的房间湿度控制器" ORDERLABEL="228"><METS:fptr FILEID="00000238"/>
			</METS:div>
			<METS:div TYPE="Chapter" LABEL="6.9  湿度传感器制作的湿度数字显示控制仪" ORDERLABEL="229"><METS:fptr FILEID="00000239"/>
			</METS:div>
			<METS:div TYPE="Chapter" LABEL="6.10  ZHG型湿敏电阻制作的湿度电压变送器电路" ORDERLABEL="230"><METS:fptr FILEID="00000240"/>
			</METS:div>
			<METS:div TYPE="Chapter" LABEL="6.11  湿度传感器制作的漏水报警器" ORDERLABEL="233"><METS:fptr FILEID="00000243"/>
			</METS:div>
		</METS:div>
		<METS:div TYPE="Chapter" LABEL="七、霍尔传感器、液位传感器电路" ORDERLABEL="236"><METS:fptr FILEID="00000246"/>
			<METS:div TYPE="Chapter" LABEL="7.1  霍尔传感器制作的柴油机防飞车保护装置" ORDERLABEL="236"><METS:fptr FILEID="00000246"/>
			</METS:div>
			<METS:div TYPE="Chapter" LABEL="7.2  霍尔传感器制作的绕线机电子计数器" ORDERLABEL="237"><METS:fptr FILEID="00000247"/>
			</METS:div>
			<METS:div TYPE="Chapter" LABEL="7.3  霍尔传感器制作的自动凭票（卡）供水装置" ORDERLABEL="239"><METS:fptr FILEID="00000249"/>
			</METS:div>
			<METS:div TYPE="Chapter" LABEL="7.4  霍尔传感器制作的卫生间自动控制器" ORDERLABEL="243"><METS:fptr FILEID="00000253"/>
			</METS:div>
			<METS:div TYPE="Chapter" LABEL="7.5  电容式液位传感器制作的自动抽水系统" ORDERLABEL="246"><METS:fptr FILEID="00000256"/>
			</METS:div>
			<METS:div TYPE="Chapter" LABEL="7.6  电子水位传感器制作的水泵自动控制装置" ORDERLABEL="248"><METS:fptr FILEID="00000258"/>
			</METS:div>
			<METS:div TYPE="Chapter" LABEL="7.7  水位传感器制作的水箱水位无线遥测自控装置" ORDERLABEL="250"><METS:fptr FILEID="00000260"/>
			</METS:div>
			<METS:div TYPE="Chapter" LABEL="7.8  液面传感器制作的液面报警控制电路" ORDERLABEL="252"><METS:fptr FILEID="00000262"/>
			</METS:div>
		</METS:div>
		<METS:div TYPE="Chapter" LABEL="八、其它传感器电路" ORDERLABEL="254"><METS:fptr FILEID="00000264"/>
			<METS:div TYPE="Chapter" LABEL="8.1  结露传感器制作的浴室镜面水气自动清除器" ORDERLABEL="254"><METS:fptr FILEID="00000264"/>
			</METS:div>
			<METS:div TYPE="Chapter" LABEL="8.2  传感器制作的下雨告知器" ORDERLABEL="255"><METS:fptr FILEID="00000265"/>
			</METS:div>
			<METS:div TYPE="Chapter" LABEL="8.3  微波传感器制作的自动灯" ORDERLABEL="256"><METS:fptr FILEID="00000266"/>
			</METS:div>
			<METS:div TYPE="Chapter" LABEL="8.4  传感板制作的自动开关、定时保暖电热毯" ORDERLABEL="258"><METS:fptr FILEID="00000268"/>
			</METS:div>
			<METS:div TYPE="Chapter" LABEL="8.5  传感器制作的窃贼进门以后才触发报警的报警器" ORDERLABEL="260"><METS:fptr FILEID="00000270"/>
			</METS:div>
			<METS:div TYPE="Chapter" LABEL="8.6  多普勒效应传感器制作的微波防盗报警器" ORDERLABEL="262"><METS:fptr FILEID="00000272"/>
			</METS:div>
			<METS:div TYPE="Chapter" LABEL="8.7  磁敏传感器制作的家庭防盗报警器" ORDERLABEL="264"><METS:fptr FILEID="00000274"/>
			</METS:div>
			<METS:div TYPE="Chapter" LABEL="8.8  磁控传感器给电话机增加的防盗报警功能" ORDERLABEL="265"><METS:fptr FILEID="00000275"/>
			</METS:div>
			<METS:div TYPE="Chapter" LABEL="8.9  开关传感器制作的超响度防盗报警器" ORDERLABEL="267"><METS:fptr FILEID="00000277"/>
			</METS:div>
			<METS:div TYPE="Chapter" LABEL="8.10  离子感烟传感器制作的火灾自动报警器" ORDERLABEL="268"><METS:fptr FILEID="00000278"/>
			</METS:div>
			<METS:div TYPE="Chapter" LABEL="8.11  手表式传感器制作的脉搏声光显示器" ORDERLABEL="269"><METS:fptr FILEID="00000279"/>
			</METS:div>
			<METS:div TYPE="Chapter" LABEL="8.12  感应式传感器制作的感应式讯响器" ORDERLABEL="272"><METS:fptr FILEID="00000282"/>
			</METS:div>
			<METS:div TYPE="Chapter" LABEL="8.13  超声波传感器制作的遥控开关及液位指示和控制器" ORDERLABEL="274"><METS:fptr FILEID="00000284"/>
			</METS:div>
			<METS:div TYPE="Chapter" LABEL="8.14  点火传感器制作的汽车高能电子点火电路" ORDERLABEL="277"><METS:fptr FILEID="00000287"/>
			</METS:div>
			<METS:div TYPE="Chapter" LABEL="8.15  倾斜传感器制作的运输车辆拖斗轮胎无气报警器" ORDERLABEL="279"><METS:fptr FILEID="00000289"/>
			</METS:div>
			<METS:div TYPE="Chapter" LABEL="8.16  负载传感器的制作与应用" ORDERLABEL="281"><METS:fptr FILEID="00000291"/>
			</METS:div>
			<METS:div TYPE="Chapter" LABEL="8.17  负载传感器制作的水位控制装置" ORDERLABEL="283"><METS:fptr FILEID="00000293"/>
			</METS:div>
			<METS:div TYPE="Chapter" LABEL="8.18  水银湿簧管传感器制作的液位控制器" ORDERLABEL="285"><METS:fptr FILEID="00000295"/>
			</METS:div>
			<METS:div TYPE="Chapter" LABEL="8.19  传感器制作的鱼缸水温自动调节器" ORDERLABEL="287"><METS:fptr FILEID="00000297"/>
			</METS:div>
		</METS:div>
	</METS:structMap>
</METS:mets>
