<?xml version="1.0" encoding="utf-8"?>
<METS:mets xmlns:METS="http://www.loc.gov/METS/" xmlns:xsi="http://www.w3.org/2001/XMLSchema-instance" xmlns:gdm="http://sunsite.berkeley.edu/GDM/" xmlns:xlink="http://www.w3.org/TR/xlink" xsi:schemalocation="http://www.loc.gov/METS/http://www.loc.gov/standards/mets/mets.xsd" LABEL="Zhejiang University.jdl.China-America digital library project" TYPE="Section">
	<METS:structMap TYPE="Catalog">
		<METS:div TYPE="Chapter" LABEL="第1章  绪论" ORDERLABEL="1"><METS:fptr FILEID="00000013"/>
			<METS:div TYPE="Chapter" LABEL="1.1  现代交流调速的特点" ORDERLABEL="1"><METS:fptr FILEID="00000013"/>
				<METS:div TYPE="Chapter" LABEL="1.1.1  电动机的古典控制和现代控制" ORDERLABEL="1"><METS:fptr FILEID="00000013"/>
				</METS:div>
				<METS:div TYPE="Chapter" LABEL="1.1.2  现代交流调速的特点" ORDERLABEL="2"><METS:fptr FILEID="00000014"/>
				</METS:div>
			</METS:div>
			<METS:div TYPE="Chapter" LABEL="1.2  矢量控制技术研究的发展背景和技术动向" ORDERLABEL="3"><METS:fptr FILEID="00000015"/>
				<METS:div TYPE="Chapter" LABEL="1.2.1  发展背景" ORDERLABEL="3"><METS:fptr FILEID="00000015"/>
				</METS:div>
				<METS:div TYPE="Chapter" LABEL="1.2.2  技术动向" ORDERLABEL="7"><METS:fptr FILEID="00000019"/>
				</METS:div>
			</METS:div>
			<METS:div TYPE="Chapter" LABEL="1.3  无速度传感器矢量控制系统的特色及产品介绍" ORDERLABEL="10"><METS:fptr FILEID="00000022"/>
			</METS:div>
		</METS:div>
		<METS:div TYPE="Chapter" LABEL="第2章  异步电动机的数学模型和坐标变换" ORDERLABEL="14"><METS:fptr FILEID="00000026"/>
			<METS:div TYPE="Chapter" LABEL="2.1  异步电动机的基本方程式" ORDERLABEL="14"><METS:fptr FILEID="00000026"/>
			</METS:div>
			<METS:div TYPE="Chapter" LABEL="2.2  异步电动机的几种等效电路" ORDERLABEL="17"><METS:fptr FILEID="00000029"/>
				<METS:div TYPE="Chapter" LABEL="2.2.1T  型等效电路" ORDERLABEL="17"><METS:fptr FILEID="00000029"/>
				</METS:div>
				<METS:div TYPE="Chapter" LABEL="2.2.2  异步电动机等效电路的通用形式" ORDERLABEL="18"><METS:fptr FILEID="00000030"/>
				</METS:div>
				<METS:div TYPE="Chapter" LABEL="2.2.3  突出转子磁链的T-1型等效电路" ORDERLABEL="20"><METS:fptr FILEID="00000032"/>
				</METS:div>
			</METS:div>
			<METS:div TYPE="Chapter" LABEL="2.3  坐标变换" ORDERLABEL="21"><METS:fptr FILEID="00000033"/>
				<METS:div TYPE="Chapter" LABEL="2.3.1  概念" ORDERLABEL="21"><METS:fptr FILEID="00000033"/>
				</METS:div>
				<METS:div TYPE="Chapter" LABEL="2.3.2  从三相到两相的静止坐标变换（3s/2s变换）" ORDERLABEL="22"><METS:fptr FILEID="00000034"/>
				</METS:div>
				<METS:div TYPE="Chapter" LABEL="2.3.3  从两相静止到两相旋转的坐标变换（2s/2r变换）" ORDERLABEL="24"><METS:fptr FILEID="00000036"/>
				</METS:div>
			</METS:div>
			<METS:div TYPE="Chapter" LABEL="2.4  异步电动机在不同坐标系上的数学模型" ORDERLABEL="25"><METS:fptr FILEID="00000037"/>
				<METS:div TYPE="Chapter" LABEL="2.4.1  在两相（α-β）静止坐标系上的数学模型" ORDERLABEL="25"><METS:fptr FILEID="00000037"/>
				</METS:div>
				<METS:div TYPE="Chapter" LABEL="2.4.2  在两相（M-T）旋转坐标系上的数学模型" ORDERLABEL="27"><METS:fptr FILEID="00000039"/>
				</METS:div>
			</METS:div>
		</METS:div>
		<METS:div TYPE="Chapter" LABEL="第3章  矢量控制变频调速系统的原理、结构和实践" ORDERLABEL="29"><METS:fptr FILEID="00000041"/>
			<METS:div TYPE="Chapter" LABEL="3.1  矢量控制基本方程式" ORDERLABEL="29"><METS:fptr FILEID="00000041"/>
			</METS:div>
			<METS:div TYPE="Chapter" LABEL="3.2  转差型矢量控制变频调速系统的结构和工作原理" ORDERLABEL="31"><METS:fptr FILEID="00000043"/>
			</METS:div>
			<METS:div TYPE="Chapter" LABEL="3.3  系统的单元电路和参数调试" ORDERLABEL="33"><METS:fptr FILEID="00000045"/>
				<METS:div TYPE="Chapter" LABEL="3.3.1  电动机参数测定" ORDERLABEL="33"><METS:fptr FILEID="00000045"/>
				</METS:div>
				<METS:div TYPE="Chapter" LABEL="3.3.2  指令值运算" ORDERLABEL="35"><METS:fptr FILEID="00000047"/>
				</METS:div>
				<METS:div TYPE="Chapter" LABEL="3.3.3  两相正弦波振荡器" ORDERLABEL="36"><METS:fptr FILEID="00000048"/>
				</METS:div>
				<METS:div TYPE="Chapter" LABEL="3.3.4  矢量旋转器" ORDERLABEL="37"><METS:fptr FILEID="00000049"/>
				</METS:div>
				<METS:div TYPE="Chapter" LABEL="3.3.5  两相／三相变换电路" ORDERLABEL="38"><METS:fptr FILEID="00000050"/>
				</METS:div>
				<METS:div TYPE="Chapter" LABEL="3.3.6  实验结果及分析" ORDERLABEL="40"><METS:fptr FILEID="00000052"/>
				</METS:div>
			</METS:div>
		</METS:div>
		<METS:div TYPE="Chapter" LABEL="第4章  无速度传感器矢量控制系统的结构和速度观测理论" ORDERLABEL="41"><METS:fptr FILEID="00000053"/>
			<METS:div TYPE="Chapter" LABEL="4.1  无速度传感器矢量控制系统的原理和结构框图" ORDERLABEL="41"><METS:fptr FILEID="00000053"/>
			</METS:div>
			<METS:div TYPE="Chapter" LABEL="4.2  速度间接观测理论" ORDERLABEL="43"><METS:fptr FILEID="00000055"/>
			</METS:div>
			<METS:div TYPE="Chapter" LABEL="4.3  系统单元电路和参数计算" ORDERLABEL="47"><METS:fptr FILEID="00000059"/>
				<METS:div TYPE="Chapter" LABEL="4.3.1  相电压检测" ORDERLABEL="47"><METS:fptr FILEID="00000059"/>
				</METS:div>
				<METS:div TYPE="Chapter" LABEL="4.3.2  相电流检测" ORDERLABEL="47"><METS:fptr FILEID="00000059"/>
				</METS:div>
				<METS:div TYPE="Chapter" LABEL="4.3.3  三相／两相变换电路" ORDERLABEL="50"><METS:fptr FILEID="00000062"/>
				</METS:div>
				<METS:div TYPE="Chapter" LABEL="4.3.4  ？2运算电路及参数计算" ORDERLABEL="50"><METS:fptr FILEID="00000062"/>
				</METS:div>
				<METS:div TYPE="Chapter" LABEL="4.3.5  ？m2、？运算电路" ORDERLABEL="60"><METS:fptr FILEID="00000072"/>
				</METS:div>
				<METS:div TYPE="Chapter" LABEL="4.3.6  ？、？、ωφ运算电路" ORDERLABEL="60"><METS:fptr FILEID="00000072"/>
				</METS:div>
			</METS:div>
			<METS:div TYPE="Chapter" LABEL="4.4  实验结果及分析" ORDERLABEL="60"><METS:fptr FILEID="00000072"/>
			</METS:div>
		</METS:div>
		<METS:div TYPE="Chapter" LABEL="第5章  典型的无速度传感器矢量控制系统" ORDERLABEL="64"><METS:fptr FILEID="00000076"/>
			<METS:div TYPE="Chapter" LABEL="5.1  只用电流传感器的矢量控制系统" ORDERLABEL="64"><METS:fptr FILEID="00000076"/>
				<METS:div TYPE="Chapter" LABEL="5.1.1  异步电动机的标量解耦控制" ORDERLABEL="64"><METS:fptr FILEID="00000076"/>
				</METS:div>
				<METS:div TYPE="Chapter" LABEL="5.1.2  电压型矢量解耦控制调速系统" ORDERLABEL="65"><METS:fptr FILEID="00000077"/>
				</METS:div>
				<METS:div TYPE="Chapter" LABEL="5.1.3  转子磁链相位偏差补偿原理" ORDERLABEL="69"><METS:fptr FILEID="00000081"/>
				</METS:div>
				<METS:div TYPE="Chapter" LABEL="5.1.4  速度推算原理" ORDERLABEL="72"><METS:fptr FILEID="00000084"/>
				</METS:div>
				<METS:div TYPE="Chapter" LABEL="5.1.5  异步电动机无速度传感器电压解耦矢量控制系统的设计" ORDERLABEL="75"><METS:fptr FILEID="00000087"/>
				</METS:div>
			</METS:div>
			<METS:div TYPE="Chapter" LABEL="5.2  电动机转速的自适应辨识系统" ORDERLABEL="81"><METS:fptr FILEID="00000093"/>
				<METS:div TYPE="Chapter" LABEL="5.2.1  基于模型参考自适应的转速辨识方法" ORDERLABEL="81"><METS:fptr FILEID="00000093"/>
				</METS:div>
				<METS:div TYPE="Chapter" LABEL="5.2.2  基于神经网络的自适应转速辨识方法" ORDERLABEL="84"><METS:fptr FILEID="00000096"/>
				</METS:div>
			</METS:div>
		</METS:div>
		<METS:div TYPE="Chapter" LABEL="第6章  无速度传感器矢量控制系统参数的自检测" ORDERLABEL="88"><METS:fptr FILEID="00000100"/>
			<METS:div TYPE="Chapter" LABEL="6.1  参数自检测概述" ORDERLABEL="88"><METS:fptr FILEID="00000100"/>
			</METS:div>
			<METS:div TYPE="Chapter" LABEL="6.2  电动机参数离线自设定" ORDERLABEL="89"><METS:fptr FILEID="00000101"/>
				<METS:div TYPE="Chapter" LABEL="6.2.1  分类" ORDERLABEL="89"><METS:fptr FILEID="00000101"/>
				</METS:div>
				<METS:div TYPE="Chapter" LABEL="6.2.2  自设定原理" ORDERLABEL="89"><METS:fptr FILEID="00000101"/>
				</METS:div>
				<METS:div TYPE="Chapter" LABEL="6.2.3  自设定系统结构" ORDERLABEL="93"><METS:fptr FILEID="00000105"/>
				</METS:div>
				<METS:div TYPE="Chapter" LABEL="6.2.4  自检测的实现和步骤" ORDERLABEL="94"><METS:fptr FILEID="00000106"/>
				</METS:div>
			</METS:div>
			<METS:div TYPE="Chapter" LABEL="6.3  电动机参数在线自校正" ORDERLABEL="97"><METS:fptr FILEID="00000109"/>
			</METS:div>
		</METS:div>
		<METS:div TYPE="Chapter" LABEL="第7章  DSP在无速度传感器矢量控制系统中的应用" ORDERLABEL="101"><METS:fptr FILEID="00000113"/>
			<METS:div TYPE="Chapter" LABEL="7.1  数字控制基础" ORDERLABEL="101"><METS:fptr FILEID="00000113"/>
				<METS:div TYPE="Chapter" LABEL="7.1.1  微机控制系统的基本结构" ORDERLABEL="101"><METS:fptr FILEID="00000113"/>
				</METS:div>
				<METS:div TYPE="Chapter" LABEL="7.1.2  数字控制的特点" ORDERLABEL="102"><METS:fptr FILEID="00000114"/>
				</METS:div>
				<METS:div TYPE="Chapter" LABEL="7.1.3  数字控制基础" ORDERLABEL="103"><METS:fptr FILEID="00000115"/>
				</METS:div>
			</METS:div>
			<METS:div TYPE="Chapter" LABEL="7.2  用DSP的异步电动机无速度传感器矢量控制系统的构成" ORDERLABEL="114"><METS:fptr FILEID="00000126"/>
				<METS:div TYPE="Chapter" LABEL="7.2.1  DSP的现状和动向" ORDERLABEL="114"><METS:fptr FILEID="00000126"/>
				</METS:div>
				<METS:div TYPE="Chapter" LABEL="7.2.2  DSP系统的结构" ORDERLABEL="115"><METS:fptr FILEID="00000127"/>
				</METS:div>
				<METS:div TYPE="Chapter" LABEL="7.2.3  用DSP的异步电动机无速度传感器矢量控制系统的构成" ORDERLABEL="119"><METS:fptr FILEID="00000131"/>
				</METS:div>
				<METS:div TYPE="Chapter" LABEL="7.2.4  相电压检测" ORDERLABEL="121"><METS:fptr FILEID="00000133"/>
				</METS:div>
				<METS:div TYPE="Chapter" LABEL="7.2.5  相电流检测" ORDERLABEL="121"><METS:fptr FILEID="00000133"/>
				</METS:div>
				<METS:div TYPE="Chapter" LABEL="7.2.6  ？、？、ωφ的运算" ORDERLABEL="121"><METS:fptr FILEID="00000133"/>
				</METS:div>
			</METS:div>
			<METS:div TYPE="Chapter" LABEL="7.3  DSP控制系统软件的设计" ORDERLABEL="122"><METS:fptr FILEID="00000134"/>
				<METS:div TYPE="Chapter" LABEL="7.3.1  控制软件概要" ORDERLABEL="122"><METS:fptr FILEID="00000134"/>
				</METS:div>
				<METS:div TYPE="Chapter" LABEL="7.3.2  各控制环节软件的设计" ORDERLABEL="125"><METS:fptr FILEID="00000137"/>
				</METS:div>
			</METS:div>
			<METS:div TYPE="Chapter" LABEL="7.4  采用DSP的无速度传感器矢量控制系统实验结果分析" ORDERLABEL="130"><METS:fptr FILEID="00000142"/>
				<METS:div TYPE="Chapter" LABEL="7.4.1  微机运算流程图" ORDERLABEL="130"><METS:fptr FILEID="00000142"/>
				</METS:div>
				<METS:div TYPE="Chapter" LABEL="7.4.2  实验波形图" ORDERLABEL="132"><METS:fptr FILEID="00000144"/>
				</METS:div>
				<METS:div TYPE="Chapter" LABEL="7.4.3  结论" ORDERLABEL="136"><METS:fptr FILEID="00000148"/>
				</METS:div>
			</METS:div>
		</METS:div>
	</METS:structMap>
</METS:mets>
