<?xml version="1.0" encoding="utf-8"?>
<METS:mets xmlns:METS="http://www.loc.gov/METS/" xmlns:xsi="http://www.w3.org/2001/XMLSchema-instance" xmlns:gdm="http://sunsite.berkeley.edu/GDM/" xmlns:xlink="http://www.w3.org/TR/xlink" xsi:schemalocation="http://www.loc.gov/METS/http://www.loc.gov/standards/mets/mets.xsd" LABEL="Zhejiang University.jdl.China-America digital library project" TYPE="Section">
	<METS:structMap TYPE="Catalog">
		<METS:div TYPE="Chapter" LABEL="第一章  现代传感器概论" ORDERLABEL="1"><METS:fptr FILEID="00000010"/>
			<METS:div TYPE="Chapter" LABEL="第一节  传感器的基本概念" ORDERLABEL="1"><METS:fptr FILEID="00000010"/>
				<METS:div TYPE="Chapter" LABEL="一、传感器发展概述" ORDERLABEL="1"><METS:fptr FILEID="00000010"/>
				</METS:div>
				<METS:div TYPE="Chapter" LABEL="二、传感器的物理含义" ORDERLABEL="2"><METS:fptr FILEID="00000011"/>
				</METS:div>
				<METS:div TYPE="Chapter" LABEL="三、传感器的组成与分类" ORDERLABEL="2"><METS:fptr FILEID="00000011"/>
				</METS:div>
			</METS:div>
			<METS:div TYPE="Chapter" LABEL="第二节  传感器的一般特性" ORDERLABEL="5"><METS:fptr FILEID="00000014"/>
				<METS:div TYPE="Chapter" LABEL="一、传感器的静态特性" ORDERLABEL="5"><METS:fptr FILEID="00000014"/>
				</METS:div>
				<METS:div TYPE="Chapter" LABEL="二、传感器动态特性的数学模型与响应函数" ORDERLABEL="9"><METS:fptr FILEID="00000018"/>
				</METS:div>
			</METS:div>
			<METS:div TYPE="Chapter" LABEL="第三节  机电类传感器简述" ORDERLABEL="12"><METS:fptr FILEID="00000021"/>
				<METS:div TYPE="Chapter" LABEL="一、电阻式传感器" ORDERLABEL="12"><METS:fptr FILEID="00000021"/>
				</METS:div>
				<METS:div TYPE="Chapter" LABEL="二、电感式传感器" ORDERLABEL="19"><METS:fptr FILEID="00000028"/>
				</METS:div>
				<METS:div TYPE="Chapter" LABEL="三、电容式传感器" ORDERLABEL="23"><METS:fptr FILEID="00000032"/>
				</METS:div>
				<METS:div TYPE="Chapter" LABEL="四、涡流式传感器" ORDERLABEL="27"><METS:fptr FILEID="00000036"/>
				</METS:div>
				<METS:div TYPE="Chapter" LABEL="五、压电式传感器" ORDERLABEL="29"><METS:fptr FILEID="00000038"/>
				</METS:div>
				<METS:div TYPE="Chapter" LABEL="六、磁电式传感器" ORDERLABEL="36"><METS:fptr FILEID="00000045"/>
				</METS:div>
				<METS:div TYPE="Chapter" LABEL="七、霍尔传感器" ORDERLABEL="38"><METS:fptr FILEID="00000047"/>
				</METS:div>
			</METS:div>
			<METS:div TYPE="Chapter" LABEL="第四节  现代传感器的发展" ORDERLABEL="40"><METS:fptr FILEID="00000049"/>
				<METS:div TYPE="Chapter" LABEL="一、现代传感器的性能要求" ORDERLABEL="40"><METS:fptr FILEID="00000049"/>
				</METS:div>
				<METS:div TYPE="Chapter" LABEL="二、传感器的发展过程" ORDERLABEL="41"><METS:fptr FILEID="00000050"/>
				</METS:div>
				<METS:div TYPE="Chapter" LABEL="三、现代光学传感器" ORDERLABEL="43"><METS:fptr FILEID="00000052"/>
				</METS:div>
			</METS:div>
		</METS:div>
		<METS:div TYPE="Chapter" LABEL="第二章  特殊的光学传感器——光探测器" ORDERLABEL="47"><METS:fptr FILEID="00000056"/>
			<METS:div TYPE="Chapter" LABEL="第一节  外光电效应型光电探测器" ORDERLABEL="47"><METS:fptr FILEID="00000056"/>
				<METS:div TYPE="Chapter" LABEL="一、光电管" ORDERLABEL="47"><METS:fptr FILEID="00000056"/>
				</METS:div>
				<METS:div TYPE="Chapter" LABEL="二、光电倍增管" ORDERLABEL="49"><METS:fptr FILEID="00000058"/>
				</METS:div>
			</METS:div>
			<METS:div TYPE="Chapter" LABEL="第二节  内光电效应型光电探测器" ORDERLABEL="51"><METS:fptr FILEID="00000060"/>
				<METS:div TYPE="Chapter" LABEL="一、半导体器件的物理基础" ORDERLABEL="52"><METS:fptr FILEID="00000061"/>
				</METS:div>
				<METS:div TYPE="Chapter" LABEL="二、光电导型光传感器" ORDERLABEL="55"><METS:fptr FILEID="00000064"/>
				</METS:div>
				<METS:div TYPE="Chapter" LABEL="三、光伏效应型光探测器" ORDERLABEL="58"><METS:fptr FILEID="00000067"/>
				</METS:div>
				<METS:div TYPE="Chapter" LABEL="四、半导体光磁电红外探测器" ORDERLABEL="69"><METS:fptr FILEID="00000078"/>
				</METS:div>
			</METS:div>
			<METS:div TYPE="Chapter" LABEL="第三节  热电型辐射探测器" ORDERLABEL="69"><METS:fptr FILEID="00000078"/>
				<METS:div TYPE="Chapter" LABEL="一、热电偶辐射探测器" ORDERLABEL="70"><METS:fptr FILEID="00000079"/>
				</METS:div>
				<METS:div TYPE="Chapter" LABEL="二、热敏电阻" ORDERLABEL="71"><METS:fptr FILEID="00000080"/>
				</METS:div>
				<METS:div TYPE="Chapter" LABEL="三、热释电效应探测器" ORDERLABEL="72"><METS:fptr FILEID="00000081"/>
				</METS:div>
			</METS:div>
			<METS:div TYPE="Chapter" LABEL="第四节  一维与二维光电探测器" ORDERLABEL="75"><METS:fptr FILEID="00000084"/>
				<METS:div TYPE="Chapter" LABEL="一、光电二极管及光电三极管阵列探测器" ORDERLABEL="75"><METS:fptr FILEID="00000084"/>
				</METS:div>
				<METS:div TYPE="Chapter" LABEL="二、电荷耦合器件及图像传感器" ORDERLABEL="80"><METS:fptr FILEID="00000089"/>
				</METS:div>
				<METS:div TYPE="Chapter" LABEL="三、红外区的二维传感器（红外热像传感器）" ORDERLABEL="91"><METS:fptr FILEID="00000100"/>
				</METS:div>
				<METS:div TYPE="Chapter" LABEL="四、光电位置敏感器件" ORDERLABEL="93"><METS:fptr FILEID="00000102"/>
				</METS:div>
			</METS:div>
		</METS:div>
		<METS:div TYPE="Chapter" LABEL="第三章  现代光学传感器的信号检测技术" ORDERLABEL="107"><METS:fptr FILEID="00000116"/>
			<METS:div TYPE="Chapter" LABEL="第一节  光波强度信号的直接检测技术" ORDERLABEL="108"><METS:fptr FILEID="00000117"/>
				<METS:div TYPE="Chapter" LABEL="一、光波（场）的参量与特性" ORDERLABEL="108"><METS:fptr FILEID="00000117"/>
				</METS:div>
				<METS:div TYPE="Chapter" LABEL="二、光探测器的性能参数" ORDERLABEL="109"><METS:fptr FILEID="00000118"/>
				</METS:div>
				<METS:div TYPE="Chapter" LABEL="三、光源的稳定性及背景光等的消除" ORDERLABEL="115"><METS:fptr FILEID="00000124"/>
				</METS:div>
				<METS:div TYPE="Chapter" LABEL="四、相关检测和锁相放大技术" ORDERLABEL="124"><METS:fptr FILEID="00000133"/>
				</METS:div>
				<METS:div TYPE="Chapter" LABEL="五、差动技术" ORDERLABEL="128"><METS:fptr FILEID="00000137"/>
				</METS:div>
			</METS:div>
			<METS:div TYPE="Chapter" LABEL="第二节  强度调制探测光束的位相检测" ORDERLABEL="129"><METS:fptr FILEID="00000138"/>
			</METS:div>
			<METS:div TYPE="Chapter" LABEL="第三节  光外差探测技术" ORDERLABEL="132"><METS:fptr FILEID="00000141"/>
				<METS:div TYPE="Chapter" LABEL="一、光外差的基本原理" ORDERLABEL="132"><METS:fptr FILEID="00000141"/>
				</METS:div>
				<METS:div TYPE="Chapter" LABEL="二、信噪比" ORDERLABEL="134"><METS:fptr FILEID="00000143"/>
				</METS:div>
			</METS:div>
			<METS:div TYPE="Chapter" LABEL="第四节  光波的相位检测技术" ORDERLABEL="136"><METS:fptr FILEID="00000145"/>
				<METS:div TYPE="Chapter" LABEL="一、光波相位的检测原理" ORDERLABEL="136"><METS:fptr FILEID="00000145"/>
				</METS:div>
				<METS:div TYPE="Chapter" LABEL="二、位相型光学传感器——光学干涉仪" ORDERLABEL="139"><METS:fptr FILEID="00000148"/>
				</METS:div>
			</METS:div>
		</METS:div>
		<METS:div TYPE="Chapter" LABEL="第四章  光束（或光波）传感器" ORDERLABEL="147"><METS:fptr FILEID="00000156"/>
			<METS:div TYPE="Chapter" LABEL="第一节  光强型传感器" ORDERLABEL="147"><METS:fptr FILEID="00000156"/>
				<METS:div TYPE="Chapter" LABEL="一、透射光强传感器" ORDERLABEL="147"><METS:fptr FILEID="00000156"/>
				</METS:div>
				<METS:div TYPE="Chapter" LABEL="二、散射型光学传感器" ORDERLABEL="148"><METS:fptr FILEID="00000157"/>
				</METS:div>
			</METS:div>
			<METS:div TYPE="Chapter" LABEL="第二节  多普勒速度传感原理与技术" ORDERLABEL="161"><METS:fptr FILEID="00000170"/>
				<METS:div TYPE="Chapter" LABEL="一、多普勒测速原理" ORDERLABEL="161"><METS:fptr FILEID="00000170"/>
				</METS:div>
				<METS:div TYPE="Chapter" LABEL="二、多普勒频移的外差检测" ORDERLABEL="163"><METS:fptr FILEID="00000172"/>
				</METS:div>
				<METS:div TYPE="Chapter" LABEL="三、多普勒测速传感原理的应用" ORDERLABEL="167"><METS:fptr FILEID="00000176"/>
				</METS:div>
			</METS:div>
			<METS:div TYPE="Chapter" LABEL="第三节  目标跟踪识别传感器——激光雷达" ORDERLABEL="169"><METS:fptr FILEID="00000178"/>
				<METS:div TYPE="Chapter" LABEL="一、光学定位系统的构成原理和应用" ORDERLABEL="169"><METS:fptr FILEID="00000178"/>
				</METS:div>
				<METS:div TYPE="Chapter" LABEL="二、激光定位系统的核心单元——激光测距仪" ORDERLABEL="171"><METS:fptr FILEID="00000180"/>
				</METS:div>
				<METS:div TYPE="Chapter" LABEL="三、激光测距仪和二维图像传感器的信息融合" ORDERLABEL="179"><METS:fptr FILEID="00000188"/>
				</METS:div>
				<METS:div TYPE="Chapter" LABEL="四、激光扫描三维成像雷达" ORDERLABEL="179"><METS:fptr FILEID="00000188"/>
				</METS:div>
			</METS:div>
		</METS:div>
		<METS:div TYPE="Chapter" LABEL="第五章  光纤传感原理与技术" ORDERLABEL="189"><METS:fptr FILEID="00000198"/>
			<METS:div TYPE="Chapter" LABEL="第一节  光纤的特性及基本理论" ORDERLABEL="190"><METS:fptr FILEID="00000199"/>
				<METS:div TYPE="Chapter" LABEL="一、光纤的特性及传感器设计对光纤的要求" ORDERLABEL="190"><METS:fptr FILEID="00000199"/>
				</METS:div>
				<METS:div TYPE="Chapter" LABEL="二、光纤波导的导光原理" ORDERLABEL="192"><METS:fptr FILEID="00000201"/>
				</METS:div>
				<METS:div TYPE="Chapter" LABEL="三、光纤波导的传输特性" ORDERLABEL="200"><METS:fptr FILEID="00000209"/>
				</METS:div>
				<METS:div TYPE="Chapter" LABEL="四、几种主要光纤波导" ORDERLABEL="201"><METS:fptr FILEID="00000210"/>
				</METS:div>
				<METS:div TYPE="Chapter" LABEL="五、光纤的激励" ORDERLABEL="204"><METS:fptr FILEID="00000213"/>
				</METS:div>
				<METS:div TYPE="Chapter" LABEL="六、光纤元件的连接" ORDERLABEL="206"><METS:fptr FILEID="00000215"/>
				</METS:div>
				<METS:div TYPE="Chapter" LABEL="七、光纤耦合器" ORDERLABEL="207"><METS:fptr FILEID="00000216"/>
				</METS:div>
			</METS:div>
			<METS:div TYPE="Chapter" LABEL="第二节  光纤传感器工作原理与分类" ORDERLABEL="211"><METS:fptr FILEID="00000220"/>
				<METS:div TYPE="Chapter" LABEL="一、光纤传感器的分类与特点" ORDERLABEL="211"><METS:fptr FILEID="00000220"/>
				</METS:div>
				<METS:div TYPE="Chapter" LABEL="二、强度调制光纤传感器" ORDERLABEL="212"><METS:fptr FILEID="00000221"/>
				</METS:div>
				<METS:div TYPE="Chapter" LABEL="三、调相光纤传感器" ORDERLABEL="216"><METS:fptr FILEID="00000225"/>
				</METS:div>
			</METS:div>
			<METS:div TYPE="Chapter" LABEL="第三节  光纤传感器的应用" ORDERLABEL="227"><METS:fptr FILEID="00000236"/>
				<METS:div TYPE="Chapter" LABEL="一、光纤压力（声压）传感器" ORDERLABEL="227"><METS:fptr FILEID="00000236"/>
				</METS:div>
				<METS:div TYPE="Chapter" LABEL="二、光纤磁传感器" ORDERLABEL="229"><METS:fptr FILEID="00000238"/>
				</METS:div>
				<METS:div TYPE="Chapter" LABEL="三、光纤电流电压传感器" ORDERLABEL="232"><METS:fptr FILEID="00000241"/>
				</METS:div>
				<METS:div TYPE="Chapter" LABEL="四、光纤电磁传感器" ORDERLABEL="234"><METS:fptr FILEID="00000243"/>
				</METS:div>
				<METS:div TYPE="Chapter" LABEL="五、光纤分光（光谱）传感器" ORDERLABEL="235"><METS:fptr FILEID="00000244"/>
				</METS:div>
				<METS:div TYPE="Chapter" LABEL="六、光纤温度传感器" ORDERLABEL="238"><METS:fptr FILEID="00000247"/>
				</METS:div>
				<METS:div TYPE="Chapter" LABEL="七、光纤图像传感器" ORDERLABEL="240"><METS:fptr FILEID="00000249"/>
				</METS:div>
			</METS:div>
		</METS:div>
		<METS:div TYPE="Chapter" LABEL="第六章  传感器的应用" ORDERLABEL="243"><METS:fptr FILEID="00000252"/>
			<METS:div TYPE="Chapter" LABEL="第一节  位移传感器的应用" ORDERLABEL="243"><METS:fptr FILEID="00000252"/>
				<METS:div TYPE="Chapter" LABEL="一、电阻式传感器的应用" ORDERLABEL="243"><METS:fptr FILEID="00000252"/>
				</METS:div>
				<METS:div TYPE="Chapter" LABEL="二、电容式位移传感器的应用" ORDERLABEL="244"><METS:fptr FILEID="00000253"/>
				</METS:div>
				<METS:div TYPE="Chapter" LABEL="三、电感式位移传感器的应用" ORDERLABEL="246"><METS:fptr FILEID="00000255"/>
				</METS:div>
				<METS:div TYPE="Chapter" LABEL="四、光栅数字式传感器的应用" ORDERLABEL="257"><METS:fptr FILEID="00000266"/>
				</METS:div>
				<METS:div TYPE="Chapter" LABEL="五、激光干涉数字传感器" ORDERLABEL="263"><METS:fptr FILEID="00000272"/>
				</METS:div>
			</METS:div>
			<METS:div TYPE="Chapter" LABEL="第二节  温度传感器的应用" ORDERLABEL="265"><METS:fptr FILEID="00000274"/>
				<METS:div TYPE="Chapter" LABEL="一、热电阻" ORDERLABEL="266"><METS:fptr FILEID="00000275"/>
				</METS:div>
				<METS:div TYPE="Chapter" LABEL="二、热敏电阻" ORDERLABEL="267"><METS:fptr FILEID="00000276"/>
				</METS:div>
				<METS:div TYPE="Chapter" LABEL="三、热电偶" ORDERLABEL="269"><METS:fptr FILEID="00000278"/>
				</METS:div>
				<METS:div TYPE="Chapter" LABEL="四、PN结温度传感器" ORDERLABEL="272"><METS:fptr FILEID="00000281"/>
				</METS:div>
				<METS:div TYPE="Chapter" LABEL="五、其它温度传感器" ORDERLABEL="274"><METS:fptr FILEID="00000283"/>
				</METS:div>
			</METS:div>
			<METS:div TYPE="Chapter" LABEL="第三节  激光光谱测温技术" ORDERLABEL="276"><METS:fptr FILEID="00000285"/>
				<METS:div TYPE="Chapter" LABEL="一、拉曼散射测温技术" ORDERLABEL="276"><METS:fptr FILEID="00000285"/>
				</METS:div>
				<METS:div TYPE="Chapter" LABEL="二、激光感生荧光测温技术" ORDERLABEL="282"><METS:fptr FILEID="00000291"/>
				</METS:div>
				<METS:div TYPE="Chapter" LABEL="三、光声光偏转测温技术" ORDERLABEL="285"><METS:fptr FILEID="00000294"/>
				</METS:div>
				<METS:div TYPE="Chapter" LABEL="四、相干反斯托克斯拉曼光谱（CARS）测温技术" ORDERLABEL="288"><METS:fptr FILEID="00000297"/>
				</METS:div>
			</METS:div>
			<METS:div TYPE="Chapter" LABEL="第四节  半导体气敏传感器及应用" ORDERLABEL="299"><METS:fptr FILEID="00000308"/>
				<METS:div TYPE="Chapter" LABEL="一、半导体气敏传感器的机理" ORDERLABEL="299"><METS:fptr FILEID="00000308"/>
				</METS:div>
				<METS:div TYPE="Chapter" LABEL="二、半导体气敏传感器的结构" ORDERLABEL="300"><METS:fptr FILEID="00000309"/>
				</METS:div>
				<METS:div TYPE="Chapter" LABEL="三、半导体气敏传感器的应用" ORDERLABEL="302"><METS:fptr FILEID="00000311"/>
				</METS:div>
			</METS:div>
			<METS:div TYPE="Chapter" LABEL="第五节  半导体湿敏传感器及应用" ORDERLABEL="306"><METS:fptr FILEID="00000315"/>
				<METS:div TYPE="Chapter" LABEL="一、MgCr2O4-TiO2陶瓷湿敏传感器件" ORDERLABEL="307"><METS:fptr FILEID="00000316"/>
				</METS:div>
				<METS:div TYPE="Chapter" LABEL="二、四氧化三铁（Fe3O4）湿敏传感器" ORDERLABEL="307"><METS:fptr FILEID="00000316"/>
				</METS:div>
				<METS:div TYPE="Chapter" LABEL="三、半导体湿敏传感器的应用" ORDERLABEL="308"><METS:fptr FILEID="00000317"/>
				</METS:div>
			</METS:div>
			<METS:div TYPE="Chapter" LABEL="第六节  半导体色敏器件及应用" ORDERLABEL="310"><METS:fptr FILEID="00000319"/>
				<METS:div TYPE="Chapter" LABEL="一、测色原理" ORDERLABEL="310"><METS:fptr FILEID="00000319"/>
				</METS:div>
				<METS:div TYPE="Chapter" LABEL="二、半导体色敏器件的工作原理" ORDERLABEL="312"><METS:fptr FILEID="00000321"/>
				</METS:div>
				<METS:div TYPE="Chapter" LABEL="三、半导体色敏器件的应用" ORDERLABEL="313"><METS:fptr FILEID="00000322"/>
				</METS:div>
			</METS:div>
			<METS:div TYPE="Chapter" LABEL="第七节  新型传感器及应用" ORDERLABEL="315"><METS:fptr FILEID="00000324"/>
				<METS:div TYPE="Chapter" LABEL="一、仿生传感器及应用" ORDERLABEL="316"><METS:fptr FILEID="00000325"/>
				</METS:div>
				<METS:div TYPE="Chapter" LABEL="二、超导传感器及应用" ORDERLABEL="323"><METS:fptr FILEID="00000332"/>
				</METS:div>
				<METS:div TYPE="Chapter" LABEL="三、生物分子传感器及应用" ORDERLABEL="330"><METS:fptr FILEID="00000339"/>
				</METS:div>
			</METS:div>
		</METS:div>
	</METS:structMap>
</METS:mets>
