<?xml version="1.0" encoding="utf-8"?>
<METS:mets xmlns:METS="http://www.loc.gov/METS/" xmlns:xsi="http://www.w3.org/2001/XMLSchema-instance" xmlns:gdm="http://sunsite.berkeley.edu/GDM/" xmlns:xlink="http://www.w3.org/TR/xlink" xsi:schemalocation="http://www.loc.gov/METS/http://www.loc.gov/standards/mets/mets.xsd" LABEL="Zhejiang University.jdl.China-America digital library project" TYPE="Section">
	<METS:structMap TYPE="Catalog">
		<METS:div TYPE="Chapter" LABEL="第一章　绪论" ORDERLABEL="1"><METS:fptr FILEID="00000009"/>
			<METS:div TYPE="Chapter" LABEL="第一节　传感器的定义和组成" ORDERLABEL="1"><METS:fptr FILEID="00000009"/>
			</METS:div>
			<METS:div TYPE="Chapter" LABEL="第二节　传感器的作用和分类" ORDERLABEL="2"><METS:fptr FILEID="00000010"/>
			</METS:div>
			<METS:div TYPE="Chapter" LABEL="第三节　医用传感器的特点和要求" ORDERLABEL="4"><METS:fptr FILEID="00000012"/>
			</METS:div>
			<METS:div TYPE="Chapter" LABEL="第四节　医用传感器的发展" ORDERLABEL="4"><METS:fptr FILEID="00000012"/>
			</METS:div>
		</METS:div>
		<METS:div TYPE="Chapter" LABEL="第二章　传感器的基本特性" ORDERLABEL="8"><METS:fptr FILEID="00000016"/>
			<METS:div TYPE="Chapter" LABEL="第一节　传感器的静态特性" ORDERLABEL="8"><METS:fptr FILEID="00000016"/>
			</METS:div>
			<METS:div TYPE="Chapter" LABEL="第二节　传感器的动态特性" ORDERLABEL="12"><METS:fptr FILEID="00000020"/>
			</METS:div>
			<METS:div TYPE="Chapter" LABEL="第三节　传感器动态特性例举" ORDERLABEL="19"><METS:fptr FILEID="00000027"/>
			</METS:div>
			<METS:div TYPE="Chapter" LABEL="第四节　传感器的误差" ORDERLABEL="22"><METS:fptr FILEID="00000030"/>
			</METS:div>
		</METS:div>
		<METS:div TYPE="Chapter" LABEL="第三章　电阻式传感器" ORDERLABEL="25"><METS:fptr FILEID="00000033"/>
			<METS:div TYPE="Chapter" LABEL="第一节　电阻传感器测量电路——直流电桥" ORDERLABEL="25"><METS:fptr FILEID="00000033"/>
			</METS:div>
			<METS:div TYPE="Chapter" LABEL="第二节　电阻应变片式传感器" ORDERLABEL="35"><METS:fptr FILEID="00000043"/>
			</METS:div>
			<METS:div TYPE="Chapter" LABEL="第三节　固态压阻式传感器" ORDERLABEL="46"><METS:fptr FILEID="00000054"/>
			</METS:div>
		</METS:div>
		<METS:div TYPE="Chapter" LABEL="第四章　电容式传感器" ORDERLABEL="53"><METS:fptr FILEID="00000061"/>
			<METS:div TYPE="Chapter" LABEL="第一节　基本工作原理、结构及特点" ORDERLABEL="53"><METS:fptr FILEID="00000061"/>
			</METS:div>
			<METS:div TYPE="Chapter" LABEL="第二节  电容传感器的测量电路" ORDERLABEL="58"><METS:fptr FILEID="00000066"/>
			</METS:div>
			<METS:div TYPE="Chapter" LABEL="第三节　等效电路及分布电容的消除方法" ORDERLABEL="65"><METS:fptr FILEID="00000073"/>
			</METS:div>
			<METS:div TYPE="Chapter" LABEL="第四节　电容式压力传感器及血压测量" ORDERLABEL="68"><METS:fptr FILEID="00000076"/>
			</METS:div>
			<METS:div TYPE="Chapter" LABEL="第五节　直流极化型电容传感器及呼吸测量" ORDERLABEL="71"><METS:fptr FILEID="00000079"/>
			</METS:div>
			<METS:div TYPE="Chapter" LABEL="第六节　电容位置传感器及心电图测量" ORDERLABEL="73"><METS:fptr FILEID="00000081"/>
			</METS:div>
		</METS:div>
		<METS:div TYPE="Chapter" LABEL="第五章　电感式传感器" ORDERLABEL="77"><METS:fptr FILEID="00000085"/>
			<METS:div TYPE="Chapter" LABEL="第一节　自感式传感器" ORDERLABEL="77"><METS:fptr FILEID="00000085"/>
			</METS:div>
			<METS:div TYPE="Chapter" LABEL="第二节　差动式电感传感器" ORDERLABEL="81"><METS:fptr FILEID="00000089"/>
			</METS:div>
			<METS:div TYPE="Chapter" LABEL="第三节　电涡流式传感器" ORDERLABEL="83"><METS:fptr FILEID="00000091"/>
			</METS:div>
			<METS:div TYPE="Chapter" LABEL="第四节　测量电路" ORDERLABEL="85"><METS:fptr FILEID="00000093"/>
			</METS:div>
			<METS:div TYPE="Chapter" LABEL="第五节　电感式传感器的应用" ORDERLABEL="87"><METS:fptr FILEID="00000095"/>
			</METS:div>
		</METS:div>
		<METS:div TYPE="Chapter" LABEL="第六章　压电式传感器" ORDERLABEL="89"><METS:fptr FILEID="00000097"/>
			<METS:div TYPE="Chapter" LABEL="第一节　压电效应" ORDERLABEL="89"><METS:fptr FILEID="00000097"/>
			</METS:div>
			<METS:div TYPE="Chapter" LABEL="第二节　压电方程与压电常数" ORDERLABEL="92"><METS:fptr FILEID="00000100"/>
			</METS:div>
			<METS:div TYPE="Chapter" LABEL="第三节　压电材料特性" ORDERLABEL="96"><METS:fptr FILEID="00000104"/>
			</METS:div>
			<METS:div TYPE="Chapter" LABEL="第四节　压电振子" ORDERLABEL="104"><METS:fptr FILEID="00000112"/>
			</METS:div>
			<METS:div TYPE="Chapter" LABEL="第五节　压电传感器" ORDERLABEL="108"><METS:fptr FILEID="00000116"/>
			</METS:div>
		</METS:div>
		<METS:div TYPE="Chapter" LABEL="第七章　磁电式传感器" ORDERLABEL="118"><METS:fptr FILEID="00000126"/>
			<METS:div TYPE="Chapter" LABEL="第一节　磁电式传感器的工作原理与结构" ORDERLABEL="118"><METS:fptr FILEID="00000126"/>
			</METS:div>
			<METS:div TYPE="Chapter" LABEL="第二节　电磁血流量计" ORDERLABEL="122"><METS:fptr FILEID="00000130"/>
			</METS:div>
			<METS:div TYPE="Chapter" LABEL="第三节　霍尔式传感器" ORDERLABEL="127"><METS:fptr FILEID="00000135"/>
			</METS:div>
			<METS:div TYPE="Chapter" LABEL="第四节　磁敏二极管和三极管" ORDERLABEL="137"><METS:fptr FILEID="00000145"/>
			</METS:div>
		</METS:div>
		<METS:div TYPE="Chapter" LABEL="第八章　热电式传感器" ORDERLABEL="145"><METS:fptr FILEID="00000153"/>
			<METS:div TYPE="Chapter" LABEL="第一节　热敏电阻式传感器" ORDERLABEL="145"><METS:fptr FILEID="00000153"/>
			</METS:div>
			<METS:div TYPE="Chapter" LABEL="第二节　金属热电偶传感器" ORDERLABEL="152"><METS:fptr FILEID="00000160"/>
			</METS:div>
			<METS:div TYPE="Chapter" LABEL="第三节　PN结型温度传感器" ORDERLABEL="157"><METS:fptr FILEID="00000165"/>
			</METS:div>
			<METS:div TYPE="Chapter" LABEL="第四节　石英晶体测温传感器" ORDERLABEL="164"><METS:fptr FILEID="00000172"/>
			</METS:div>
			<METS:div TYPE="Chapter" LABEL="第五节　热释电传感器" ORDERLABEL="165"><METS:fptr FILEID="00000173"/>
			</METS:div>
		</METS:div>
		<METS:div TYPE="Chapter" LABEL="第九章　光学传感器" ORDERLABEL="170"><METS:fptr FILEID="00000178"/>
			<METS:div TYPE="Chapter" LABEL="第一节　光电传感器的基本理论" ORDERLABEL="170"><METS:fptr FILEID="00000178"/>
			</METS:div>
			<METS:div TYPE="Chapter" LABEL="第二节　光电器件的基本特性" ORDERLABEL="172"><METS:fptr FILEID="00000180"/>
			</METS:div>
			<METS:div TYPE="Chapter" LABEL="第三节　光电管、光电倍增管及其应用" ORDERLABEL="174"><METS:fptr FILEID="00000182"/>
			</METS:div>
			<METS:div TYPE="Chapter" LABEL="第四节　光电池及其应用" ORDERLABEL="179"><METS:fptr FILEID="00000187"/>
			</METS:div>
			<METS:div TYPE="Chapter" LABEL="第五节　光敏二极管及其应用" ORDERLABEL="182"><METS:fptr FILEID="00000190"/>
			</METS:div>
			<METS:div TYPE="Chapter" LABEL="第六节　光敏三极管及其应用" ORDERLABEL="188"><METS:fptr FILEID="00000196"/>
			</METS:div>
			<METS:div TYPE="Chapter" LABEL="第七节　光敏场效应管" ORDERLABEL="192"><METS:fptr FILEID="00000200"/>
			</METS:div>
			<METS:div TYPE="Chapter" LABEL="第八节　光电耦合器件" ORDERLABEL="194"><METS:fptr FILEID="00000202"/>
			</METS:div>
			<METS:div TYPE="Chapter" LABEL="第九节　光纤传感器及其医学应用" ORDERLABEL="198"><METS:fptr FILEID="00000206"/>
			</METS:div>
			<METS:div TYPE="Chapter" LABEL="第十节　CCD器件工作原理及应用" ORDERLABEL="202"><METS:fptr FILEID="00000210"/>
			</METS:div>
		</METS:div>
		<METS:div TYPE="Chapter" LABEL="第十章　化学传感器" ORDERLABEL="207"><METS:fptr FILEID="00000215"/>
			<METS:div TYPE="Chapter" LABEL="第一节　电化学测量基础" ORDERLABEL="207"><METS:fptr FILEID="00000215"/>
			</METS:div>
			<METS:div TYPE="Chapter" LABEL="第二节　离子选择电极" ORDERLABEL="216"><METS:fptr FILEID="00000224"/>
			</METS:div>
			<METS:div TYPE="Chapter" LABEL="第三节　气敏电极" ORDERLABEL="227"><METS:fptr FILEID="00000235"/>
			</METS:div>
			<METS:div TYPE="Chapter" LABEL="第四节　离子敏场效应管" ORDERLABEL="231"><METS:fptr FILEID="00000239"/>
			</METS:div>
			<METS:div TYPE="Chapter" LABEL="第五节　半导体陶瓷气敏传感器" ORDERLABEL="234"><METS:fptr FILEID="00000242"/>
			</METS:div>
			<METS:div TYPE="Chapter" LABEL="第六节　半导体陶瓷湿度传感器" ORDERLABEL="239"><METS:fptr FILEID="00000247"/>
			</METS:div>
		</METS:div>
		<METS:div TYPE="Chapter" LABEL="第十一章　生物传感器" ORDERLABEL="244"><METS:fptr FILEID="00000252"/>
			<METS:div TYPE="Chapter" LABEL="第一节　生物传感器工作原理和分类" ORDERLABEL="244"><METS:fptr FILEID="00000252"/>
			</METS:div>
			<METS:div TYPE="Chapter" LABEL="第二节　酶传感器" ORDERLABEL="249"><METS:fptr FILEID="00000257"/>
			</METS:div>
			<METS:div TYPE="Chapter" LABEL="第三节　微生物传感器" ORDERLABEL="261"><METS:fptr FILEID="00000269"/>
			</METS:div>
			<METS:div TYPE="Chapter" LABEL="第四节  电化学免疫传感器" ORDERLABEL="270"><METS:fptr FILEID="00000278"/>
			</METS:div>
		</METS:div>
		<METS:div TYPE="Chapter" LABEL="第十二章　生物医用电极" ORDERLABEL="280"><METS:fptr FILEID="00000288"/>
			<METS:div TYPE="Chapter" LABEL="第一节　检测电极和刺激电极" ORDERLABEL="280"><METS:fptr FILEID="00000288"/>
			</METS:div>
			<METS:div TYPE="Chapter" LABEL="第二节　极化现象及其对生物电检测和电刺激的影响" ORDERLABEL="281"><METS:fptr FILEID="00000289"/>
			</METS:div>
			<METS:div TYPE="Chapter" LABEL="第三节　极化电极和不极化电极" ORDERLABEL="285"><METS:fptr FILEID="00000293"/>
			</METS:div>
			<METS:div TYPE="Chapter" LABEL="第四节　电极的阻抗特性" ORDERLABEL="287"><METS:fptr FILEID="00000295"/>
			</METS:div>
			<METS:div TYPE="Chapter" LABEL="第五节　检测电极和电刺激电极" ORDERLABEL="296"><METS:fptr FILEID="00000304"/>
			</METS:div>
			<METS:div TYPE="Chapter" LABEL="第六节　微电极" ORDERLABEL="306"><METS:fptr FILEID="00000314"/>
			</METS:div>
		</METS:div>
	</METS:structMap>
</METS:mets>
