<?xml version="1.0" encoding="utf-8"?>
<METS:mets xmlns:METS="http://www.loc.gov/METS/" xmlns:xsi="http://www.w3.org/2001/XMLSchema-instance" xmlns:gdm="http://sunsite.berkeley.edu/GDM/" xmlns:xlink="http://www.w3.org/TR/xlink" xsi:schemalocation="http://www.loc.gov/METS/http://www.loc.gov/standards/mets/mets.xsd" LABEL="Zhejiang University.jdl.China-America digital library project" TYPE="Section">
	<METS:structMap TYPE="Catalog">
		<METS:div TYPE="Chapter" LABEL="第一章 结论" ORDERLABEL="1"><METS:fptr FILEID="00000008"/>
			<METS:div TYPE="Chapter" LABEL="第一节 传感器的定义" ORDERLABEL="1"><METS:fptr FILEID="00000008"/>
			</METS:div>
			<METS:div TYPE="Chapter" LABEL="第二节 开发新型传感器的途径" ORDERLABEL="2"><METS:fptr FILEID="00000009"/>
			</METS:div>
			<METS:div TYPE="Chapter" LABEL="第三节 传感器的发展动向" ORDERLABEL="2"><METS:fptr FILEID="00000009"/>
			</METS:div>
			<METS:div TYPE="Chapter" LABEL="第四节 生物医学传感器的地位与用途" ORDERLABEL="4"><METS:fptr FILEID="00000011"/>
			</METS:div>
			<METS:div TYPE="Chapter" LABEL="第五节 生物医学传感器的几点特殊要求" ORDERLABEL="6"><METS:fptr FILEID="00000013"/>
			</METS:div>
		</METS:div>
		<METS:div TYPE="Chapter" LABEL="第二节 传感器基础" ORDERLABEL="7"><METS:fptr FILEID="00000014"/>
			<METS:div TYPE="Chapter" LABEL="第一节 传感器的静态特性" ORDERLABEL="7"><METS:fptr FILEID="00000014"/>
			</METS:div>
			<METS:div TYPE="Chapter" LABEL="第二节 传感器的动态特性" ORDERLABEL="12"><METS:fptr FILEID="00000019"/>
			</METS:div>
			<METS:div TYPE="Chapter" LABEL="第三节 机电模拟和传感器分类" ORDERLABEL="30"><METS:fptr FILEID="00000037"/>
			</METS:div>
			<METS:div TYPE="Chapter" LABEL="第四节 被测量的分类和单位" ORDERLABEL="34"><METS:fptr FILEID="00000041"/>
			</METS:div>
			<METS:div TYPE="Chapter" LABEL="第五节 可靠性设计" ORDERLABEL="36"><METS:fptr FILEID="00000043"/>
			</METS:div>
		</METS:div>
		<METS:div TYPE="Chapter" LABEL="第三章 敏感元件" ORDERLABEL="47"><METS:fptr FILEID="00000054"/>
			<METS:div TYPE="Chapter" LABEL="第一节 变换力和压力的弹性敏感元件" ORDERLABEL="47"><METS:fptr FILEID="00000054"/>
			</METS:div>
			<METS:div TYPE="Chapter" LABEL="第二节 常用敏感元件的形式及原理" ORDERLABEL="51"><METS:fptr FILEID="00000058"/>
			</METS:div>
		</METS:div>
		<METS:div TYPE="Chapter" LABEL="第四章 电阻式传感器" ORDERLABEL="55"><METS:fptr FILEID="00000062"/>
			<METS:div TYPE="Chapter" LABEL="第一节 电位器式传感器" ORDERLABEL="55"><METS:fptr FILEID="00000062"/>
			</METS:div>
			<METS:div TYPE="Chapter" LABEL="第二节 电阻应变式传感器" ORDERLABEL="59"><METS:fptr FILEID="00000066"/>
			</METS:div>
			<METS:div TYPE="Chapter" LABEL="第三节 固态压阻式传感器" ORDERLABEL="76"><METS:fptr FILEID="00000083"/>
			</METS:div>
			<METS:div TYPE="Chapter" LABEL="第四节 电阻式传感器的测量电路" ORDERLABEL="84"><METS:fptr FILEID="00000091"/>
			</METS:div>
		</METS:div>
		<METS:div TYPE="Chapter" LABEL="第五章 电容式传感器" ORDERLABEL="91"><METS:fptr FILEID="00000098"/>
			<METS:div TYPE="Chapter" LABEL="第一节 电容式传感器的原理及结构形式" ORDERLABEL="91"><METS:fptr FILEID="00000098"/>
			</METS:div>
			<METS:div TYPE="Chapter" LABEL="第二节 电容式传感器的测量电路" ORDERLABEL="97"><METS:fptr FILEID="00000104"/>
			</METS:div>
			<METS:div TYPE="Chapter" LABEL="第三节 电容式传感器存在的问题及影响精度的原因" ORDERLABEL="103"><METS:fptr FILEID="00000110"/>
			</METS:div>
			<METS:div TYPE="Chapter" LABEL="第四节 电容式传感器的应用" ORDERLABEL="105"><METS:fptr FILEID="00000112"/>
			</METS:div>
		</METS:div>
		<METS:div TYPE="Chapter" LABEL="第六章 电感式传感器" ORDERLABEL="108"><METS:fptr FILEID="00000115"/>
			<METS:div TYPE="Chapter" LABEL="第一节 自感式传感器" ORDERLABEL="108"><METS:fptr FILEID="00000115"/>
			</METS:div>
			<METS:div TYPE="Chapter" LABEL="第二节 差动变压器式电感传感器" ORDERLABEL="112"><METS:fptr FILEID="00000119"/>
			</METS:div>
			<METS:div TYPE="Chapter" LABEL="第三节 电涡流式传感器" ORDERLABEL="114"><METS:fptr FILEID="00000121"/>
			</METS:div>
			<METS:div TYPE="Chapter" LABEL="第四节 电感式传感器的测量电路" ORDERLABEL="117"><METS:fptr FILEID="00000124"/>
			</METS:div>
			<METS:div TYPE="Chapter" LABEL="第五节 电感式传感器的应用" ORDERLABEL="122"><METS:fptr FILEID="00000129"/>
			</METS:div>
		</METS:div>
		<METS:div TYPE="Chapter" LABEL="第七章 压电式传感器" ORDERLABEL="125"><METS:fptr FILEID="00000132"/>
			<METS:div TYPE="Chapter" LABEL="第一节 压电效应" ORDERLABEL="125"><METS:fptr FILEID="00000132"/>
			</METS:div>
			<METS:div TYPE="Chapter" LABEL="第二节 压电材料" ORDERLABEL="131"><METS:fptr FILEID="00000138"/>
			</METS:div>
			<METS:div TYPE="Chapter" LABEL="第三节 压电式传感器的特性与特点" ORDERLABEL="134"><METS:fptr FILEID="00000141"/>
			</METS:div>
			<METS:div TYPE="Chapter" LABEL="第四节 压电式传感器的测量线路" ORDERLABEL="137"><METS:fptr FILEID="00000144"/>
			</METS:div>
			<METS:div TYPE="Chapter" LABEL="第五节 压电式力和加速度传感器" ORDERLABEL="141"><METS:fptr FILEID="00000148"/>
			</METS:div>
			<METS:div TYPE="Chapter" LABEL="第六节 压电式传感器的误差" ORDERLABEL="145"><METS:fptr FILEID="00000152"/>
			</METS:div>
			<METS:div TYPE="Chapter" LABEL="第七节 压电声表面波传感器" ORDERLABEL="147"><METS:fptr FILEID="00000154"/>
			</METS:div>
			<METS:div TYPE="Chapter" LABEL="第八节 聚偏二氟乙稀PVDF及其作用" ORDERLABEL="150"><METS:fptr FILEID="00000157"/>
			</METS:div>
			<METS:div TYPE="Chapter" LABEL="第九节 压电式传感器的应用" ORDERLABEL="155"><METS:fptr FILEID="00000162"/>
			</METS:div>
		</METS:div>
		<METS:div TYPE="Chapter" LABEL="第八章 光电传感器" ORDERLABEL="159"><METS:fptr FILEID="00000166"/>
			<METS:div TYPE="Chapter" LABEL="第一节 光电效应" ORDERLABEL="159"><METS:fptr FILEID="00000166"/>
			</METS:div>
			<METS:div TYPE="Chapter" LABEL="第二节 光电器件基本特性" ORDERLABEL="160"><METS:fptr FILEID="00000167"/>
			</METS:div>
			<METS:div TYPE="Chapter" LABEL="第三节 光电器件" ORDERLABEL="161"><METS:fptr FILEID="00000168"/>
			</METS:div>
			<METS:div TYPE="Chapter" LABEL="第四节 光电传感器的计算" ORDERLABEL="168"><METS:fptr FILEID="00000175"/>
			</METS:div>
			<METS:div TYPE="Chapter" LABEL="第五节 光电传感器类型" ORDERLABEL="170"><METS:fptr FILEID="00000177"/>
			</METS:div>
			<METS:div TYPE="Chapter" LABEL="第六节 光电传感器在生物医学中的应用" ORDERLABEL="171"><METS:fptr FILEID="00000178"/>
			</METS:div>
		</METS:div>
		<METS:div TYPE="Chapter" LABEL="第九章 热电式传感器" ORDERLABEL="178"><METS:fptr FILEID="00000185"/>
			<METS:div TYPE="Chapter" LABEL="第一节 热电阻式传感器" ORDERLABEL="178"><METS:fptr FILEID="00000185"/>
			</METS:div>
			<METS:div TYPE="Chapter" LABEL="第二节 热电偶" ORDERLABEL="183"><METS:fptr FILEID="00000190"/>
			</METS:div>
			<METS:div TYPE="Chapter" LABEL="第三节 PN结型温度传感器" ORDERLABEL="187"><METS:fptr FILEID="00000194"/>
			</METS:div>
			<METS:div TYPE="Chapter" LABEL="第四节 石英晶体测温传感器" ORDERLABEL="193"><METS:fptr FILEID="00000200"/>
			</METS:div>
			<METS:div TYPE="Chapter" LABEL="第五节 热象传感器" ORDERLABEL="195"><METS:fptr FILEID="00000202"/>
			</METS:div>
			<METS:div TYPE="Chapter" LABEL="第六节 热电传感器在医学中的应用" ORDERLABEL="199"><METS:fptr FILEID="00000206"/>
			</METS:div>
		</METS:div>
		<METS:div TYPE="Chapter" LABEL="第十章 光纤传感器" ORDERLABEL="209"><METS:fptr FILEID="00000216"/>
			<METS:div TYPE="Chapter" LABEL="第一节 光纤传感元件" ORDERLABEL="209"><METS:fptr FILEID="00000216"/>
			</METS:div>
			<METS:div TYPE="Chapter" LABEL="第二节 光纤传感器及在医学中的应用" ORDERLABEL="212"><METS:fptr FILEID="00000219"/>
			</METS:div>
		</METS:div>
		<METS:div TYPE="Chapter" LABEL="第十一章 化学传感器" ORDERLABEL="219"><METS:fptr FILEID="00000226"/>
			<METS:div TYPE="Chapter" LABEL="第一节 离子选择性电极" ORDERLABEL="219"><METS:fptr FILEID="00000226"/>
			</METS:div>
			<METS:div TYPE="Chapter" LABEL="第二节 电化学气体传感器" ORDERLABEL="221"><METS:fptr FILEID="00000228"/>
			</METS:div>
			<METS:div TYPE="Chapter" LABEL="第三节 半导体陶瓷气体传感器" ORDERLABEL="225"><METS:fptr FILEID="00000232"/>
			</METS:div>
			<METS:div TYPE="Chapter" LABEL="第四节 半导体场效应化学传感器" ORDERLABEL="227"><METS:fptr FILEID="00000234"/>
			</METS:div>
		</METS:div>
		<METS:div TYPE="Chapter" LABEL="第十二章 生物传感器" ORDERLABEL="233"><METS:fptr FILEID="00000240"/>
			<METS:div TYPE="Chapter" LABEL="第一节 生物传感器原理和特点" ORDERLABEL="233"><METS:fptr FILEID="00000240"/>
			</METS:div>
			<METS:div TYPE="Chapter" LABEL="第二节 生物传感器的分类" ORDERLABEL="234"><METS:fptr FILEID="00000241"/>
			</METS:div>
			<METS:div TYPE="Chapter" LABEL="第三节 生物活性物质固定化技术" ORDERLABEL="235"><METS:fptr FILEID="00000242"/>
			</METS:div>
			<METS:div TYPE="Chapter" LABEL="第四节 酶传感器" ORDERLABEL="238"><METS:fptr FILEID="00000245"/>
			</METS:div>
			<METS:div TYPE="Chapter" LABEL="第五节 微生物传感器" ORDERLABEL="241"><METS:fptr FILEID="00000248"/>
			</METS:div>
			<METS:div TYPE="Chapter" LABEL="第六节 免疫传感器" ORDERLABEL="243"><METS:fptr FILEID="00000250"/>
			</METS:div>
			<METS:div TYPE="Chapter" LABEL="第七节 生物传感器在医学中的应用" ORDERLABEL="244"><METS:fptr FILEID="00000251"/>
			</METS:div>
		</METS:div>
	</METS:structMap>
</METS:mets>
