<?xml version="1.0" encoding="utf-8"?>
<METS:mets xmlns:METS="http://www.loc.gov/METS/" xmlns:xsi="http://www.w3.org/2001/XMLSchema-instance" xmlns:gdm="http://sunsite.berkeley.edu/GDM/" xmlns:xlink="http://www.w3.org/TR/xlink" xsi:schemalocation="http://www.loc.gov/METS/http://www.loc.gov/standards/mets/mets.xsd" LABEL="Zhejiang University.jdl.China-America digital library project" TYPE="Section">
	<METS:structMap TYPE="Catalog">
		<METS:div TYPE="Chapter" LABEL="第一章 容栅传感器概述" ORDERLABEL="1"><METS:fptr FILEID="00000010"/>
			<METS:div TYPE="Chapter" LABEL="第一节 容栅传感器的定义" ORDERLABEL="1"><METS:fptr FILEID="00000010"/>
			</METS:div>
			<METS:div TYPE="Chapter" LABEL="第二节 容栅传感器的发展" ORDERLABEL="2"><METS:fptr FILEID="00000011"/>
			</METS:div>
			<METS:div TYPE="Chapter" LABEL="第三节 容栅传感器的测量电路" ORDERLABEL="13"><METS:fptr FILEID="00000022"/>
			</METS:div>
		</METS:div>
		<METS:div TYPE="Chapter" LABEL="第二章 容栅传感器有限元法分析" ORDERLABEL="23"><METS:fptr FILEID="00000032"/>
			<METS:div TYPE="Chapter" LABEL="第一节 引言" ORDERLABEL="23"><METS:fptr FILEID="00000032"/>
			</METS:div>
			<METS:div TYPE="Chapter" LABEL="第二节 梳状电容传感器建模" ORDERLABEL="25"><METS:fptr FILEID="00000034"/>
			</METS:div>
			<METS:div TYPE="Chapter" LABEL="第三节 梳状电容传感器模型的改进" ORDERLABEL="44"><METS:fptr FILEID="00000053"/>
			</METS:div>
			<METS:div TYPE="Chapter" LABEL="第四节 系列电极式电容传感器建模" ORDERLABEL="55"><METS:fptr FILEID="00000064"/>
			</METS:div>
		</METS:div>
		<METS:div TYPE="Chapter" LABEL="第三章 容栅传感器谐波法分析" ORDERLABEL="64"><METS:fptr FILEID="00000073"/>
			<METS:div TYPE="Chapter" LABEL="第一节 等效电路" ORDERLABEL="64"><METS:fptr FILEID="00000073"/>
			</METS:div>
			<METS:div TYPE="Chapter" LABEL="第二节 激励信号" ORDERLABEL="67"><METS:fptr FILEID="00000076"/>
			</METS:div>
			<METS:div TYPE="Chapter" LABEL="第三节 工作电容" ORDERLABEL="78"><METS:fptr FILEID="00000087"/>
			</METS:div>
			<METS:div TYPE="Chapter" LABEL="第四节 输出电荷" ORDERLABEL="80"><METS:fptr FILEID="00000089"/>
			</METS:div>
			<METS:div TYPE="Chapter" LABEL="第五节 输出电压" ORDERLABEL="84"><METS:fptr FILEID="00000093"/>
			</METS:div>
			<METS:div TYPE="Chapter" LABEL="第六节 反射电极的改进" ORDERLABEL="86"><METS:fptr FILEID="00000095"/>
			</METS:div>
		</METS:div>
		<METS:div TYPE="Chapter" LABEL="第四章 容栅传感器优化设计" ORDERLABEL="88"><METS:fptr FILEID="00000097"/>
			<METS:div TYPE="Chapter" LABEL="第一节 引言" ORDERLABEL="88"><METS:fptr FILEID="00000097"/>
			</METS:div>
			<METS:div TYPE="Chapter" LABEL="第二节 性能指标" ORDERLABEL="89"><METS:fptr FILEID="00000098"/>
			</METS:div>
			<METS:div TYPE="Chapter" LABEL="第三节 优化算法" ORDERLABEL="94"><METS:fptr FILEID="00000103"/>
			</METS:div>
			<METS:div TYPE="Chapter" LABEL="第四节 梳状电容传感器优化设计" ORDERLABEL="99"><METS:fptr FILEID="00000108"/>
			</METS:div>
			<METS:div TYPE="Chapter" LABEL="第五节 系列电极式电容传感器优化设计" ORDERLABEL="109"><METS:fptr FILEID="00000118"/>
			</METS:div>
		</METS:div>
		<METS:div TYPE="Chapter" LABEL="第五章 容栅传感器误差分析" ORDERLABEL="115"><METS:fptr FILEID="00000124"/>
			<METS:div TYPE="Chapter" LABEL="第一节 引言" ORDERLABEL="115"><METS:fptr FILEID="00000124"/>
			</METS:div>
			<METS:div TYPE="Chapter" LABEL="第二节 误差测试" ORDERLABEL="115"><METS:fptr FILEID="00000124"/>
			</METS:div>
			<METS:div TYPE="Chapter" LABEL="第三节 误差分析" ORDERLABEL="119"><METS:fptr FILEID="00000128"/>
			</METS:div>
			<METS:div TYPE="Chapter" LABEL="第四节 误差建模" ORDERLABEL="123"><METS:fptr FILEID="00000132"/>
			</METS:div>
			<METS:div TYPE="Chapter" LABEL="第五节 误差修正" ORDERLABEL="129"><METS:fptr FILEID="00000138"/>
			</METS:div>
		</METS:div>
		<METS:div TYPE="Chapter" LABEL="第六章 容栅传感器应用" ORDERLABEL="136"><METS:fptr FILEID="00000145"/>
			<METS:div TYPE="Chapter" LABEL="第一节 容栅式数显卡尺智能接口" ORDERLABEL="136"><METS:fptr FILEID="00000145"/>
			</METS:div>
			<METS:div TYPE="Chapter" LABEL="第二节 容栅式数显机床标尺" ORDERLABEL="140"><METS:fptr FILEID="00000149"/>
			</METS:div>
			<METS:div TYPE="Chapter" LABEL="第三节 容栅式数显沟槽测量仪" ORDERLABEL="144"><METS:fptr FILEID="00000153"/>
			</METS:div>
		</METS:div>
	</METS:structMap>
</METS:mets>
