<?xml version="1.0" encoding="utf-8"?>
<METS:mets xmlns:METS="http://www.loc.gov/METS/" xmlns:xsi="http://www.w3.org/2001/XMLSchema-instance" xmlns:gdm="http://sunsite.berkeley.edu/GDM/" xmlns:xlink="http://www.w3.org/TR/xlink" xsi:schemalocation="http://www.loc.gov/METS/http://www.loc.gov/standards/mets/mets.xsd" LABEL="Zhejiang University.jdl.China-America digital library project" TYPE="Section">
	<METS:structMap TYPE="Catalog">
		<METS:div TYPE="Chapter" LABEL="第一章 緒論" ORDERLABEL="1"><METS:fptr FILEID="00000011"/>
			<METS:div TYPE="Chapter" LABEL="1-1基本觀念" ORDERLABEL="1"><METS:fptr FILEID="00000011"/>
			</METS:div>
			<METS:div TYPE="Chapter" LABEL="1-2無向量與有向量" ORDERLABEL="3"><METS:fptr FILEID="00000013"/>
			</METS:div>
			<METS:div TYPE="Chapter" LABEL="1-3向量之性質" ORDERLABEL="4"><METS:fptr FILEID="00000014"/>
			</METS:div>
			<METS:div TYPE="Chapter" LABEL="1-4向量之矩" ORDERLABEL="7"><METS:fptr FILEID="00000017"/>
			</METS:div>
			<METS:div TYPE="Chapter" LABEL="1-5角速度向量" ORDERLABEL="8"><METS:fptr FILEID="00000018"/>
			</METS:div>
			<METS:div TYPE="Chapter" LABEL="1-6向量之導数" ORDERLABEL="10"><METS:fptr FILEID="00000020"/>
			</METS:div>
		</METS:div>
		<METS:div TYPE="Chapter" LABEL="第二章 運動學" ORDERLABEL="15"><METS:fptr FILEID="00000025"/>
			<METS:div TYPE="Chapter" LABEL="2-1速度與加速度" ORDERLABEL="15"><METS:fptr FILEID="00000025"/>
			</METS:div>
			<METS:div TYPE="Chapter" LABEL="2-2平面運動（徑向與横向分量）" ORDERLABEL="16"><METS:fptr FILEID="00000026"/>
			</METS:div>
			<METS:div TYPE="Chapter" LABEL="2-3切向與法向分量" ORDERLABEL="18"><METS:fptr FILEID="00000028"/>
			</METS:div>
			<METS:div TYPE="Chapter" LABEL="2-4沿轉動曲線之平面運動（相對運動）" ORDERLABEL="21"><METS:fptr FILEID="00000031"/>
			</METS:div>
			<METS:div TYPE="Chapter" LABEL="2-5-般空間運動" ORDERLABEL="23"><METS:fptr FILEID="00000033"/>
			</METS:div>
			<METS:div TYPE="Chapter" LABEL="2-6封轉動地球之相對運動" ORDERLABEL="30"><METS:fptr FILEID="00000040"/>
			</METS:div>
		</METS:div>
		<METS:div TYPE="Chapter" LABEL="第三章 座標變换" ORDERLABEL="33"><METS:fptr FILEID="00000043"/>
			<METS:div TYPE="Chapter" LABEL="3-1位移之變换" ORDERLABEL="33"><METS:fptr FILEID="00000043"/>
			</METS:div>
			<METS:div TYPE="Chapter" LABEL="3-2速度之變换" ORDERLABEL="35"><METS:fptr FILEID="00000045"/>
			</METS:div>
			<METS:div TYPE="Chapter" LABEL="3-3瞬時中心" ORDERLABEL="36"><METS:fptr FILEID="00000046"/>
			</METS:div>
			<METS:div TYPE="Chapter" LABEL="3-4欧位角" ORDERLABEL="37"><METS:fptr FILEID="00000047"/>
			</METS:div>
			<METS:div TYPE="Chapter" LABEL="3-5角速度之變换" ORDERLABEL="41"><METS:fptr FILEID="00000051"/>
			</METS:div>
		</METS:div>
		<METS:div TYPE="Chapter" LABEL="第四章 質點動力學（衛星轨道）" ORDERLABEL="49"><METS:fptr FILEID="00000059"/>
			<METS:div TYPE="Chapter" LABEL="4-1力學動量" ORDERLABEL="49"><METS:fptr FILEID="00000059"/>
			</METS:div>
			<METS:div TYPE="Chapter" LABEL="4-2衡量與動量" ORDERLABEL="49"><METS:fptr FILEID="00000059"/>
			</METS:div>
			<METS:div TYPE="Chapter" LABEL="4-3功與能量" ORDERLABEL="51"><METS:fptr FILEID="00000061"/>
			</METS:div>
			<METS:div TYPE="Chapter" LABEL="4-4動量之矩" ORDERLABEL="54"><METS:fptr FILEID="00000064"/>
			</METS:div>
			<METS:div TYPE="Chapter" LABEL="4-5受中心力之運動" ORDERLABEL="57"><METS:fptr FILEID="00000067"/>
			</METS:div>
			<METS:div TYPE="Chapter" LABEL="4-6二體問题" ORDERLABEL="60"><METS:fptr FILEID="00000070"/>
			</METS:div>
			<METS:div TYPE="Chapter" LABEL="4-7行星及衛星之轨道" ORDERLABEL="62"><METS:fptr FILEID="00000072"/>
			</METS:div>
			<METS:div TYPE="Chapter" LABEL="4-8圆錐曲線之幾何" ORDERLABEL="65"><METS:fptr FILEID="00000075"/>
			</METS:div>
			<METS:div TYPE="Chapter" LABEL="4-9由始動條件所建立之轨道" ORDERLABEL="67"><METS:fptr FILEID="00000077"/>
			</METS:div>
			<METS:div TYPE="Chapter" LABEL="4-10在β_0＝0發射之衛星" ORDERLABEL="71"><METS:fptr FILEID="00000081"/>
			</METS:div>
			<METS:div TYPE="Chapter" LABEL="4-11共面圆形轨道之共切變换" ORDERLABEL="73"><METS:fptr FILEID="00000083"/>
			</METS:div>
			<METS:div TYPE="Chapter" LABEL="4-12共面共軸椭圆轨道之變换" ORDERLABEL="78"><METS:fptr FILEID="00000088"/>
			</METS:div>
			<METS:div TYPE="Chapter" LABEL="4-13由衛動推力而生之軌道變化" ORDERLABEL="79"><METS:fptr FILEID="00000089"/>
			</METS:div>
			<METS:div TYPE="Chapter" LABEL="4-14轨道参變数之摄動" ORDERLABEL="88"><METS:fptr FILEID="00000100"/>
			</METS:div>
			<METS:div TYPE="Chapter" LABEL="4-15對圆形轨道，作小擺動時之稳定性" ORDERLABEL="91"><METS:fptr FILEID="00000103"/>
			</METS:div>
			<METS:div TYPE="Chapter" LABEL="4-16攔截與會合" ORDERLABEL="93"><METS:fptr FILEID="00000105"/>
			</METS:div>
			<METS:div TYPE="Chapter" LABEL="4-17長程弹道轨道" ORDERLABEL="102"><METS:fptr FILEID="00000114"/>
			</METS:div>
			<METS:div TYPE="Chapter" LABEL="4-18地球扁圆之影響" ORDERLABEL="105"><METS:fptr FILEID="00000117"/>
			</METS:div>
		</METS:div>
		<METS:div TYPE="Chapter" LABEL="第五章 迥轉動力學" ORDERLABEL="113"><METS:fptr FILEID="00000125"/>
			<METS:div TYPE="Chapter" LABEL="5-1剛體之位移" ORDERLABEL="113"><METS:fptr FILEID="00000125"/>
			</METS:div>
			<METS:div TYPE="Chapter" LABEL="5-2刚體之動量矩（對於一個定點或運動之質量中心）" ORDERLABEL="114"><METS:fptr FILEID="00000126"/>
			</METS:div>
			<METS:div TYPE="Chapter" LABEL="5-3刚體之動能" ORDERLABEL="117"><METS:fptr FILEID="00000129"/>
			</METS:div>
			<METS:div TYPE="Chapter" LABEL="5-4對於轉軸之惯性矩" ORDERLABEL="118"><METS:fptr FILEID="00000130"/>
			</METS:div>
			<METS:div TYPE="Chapter" LABEL="5-5主軸" ORDERLABEL="120"><METS:fptr FILEID="00000132"/>
			</METS:div>
			<METS:div TYPE="Chapter" LABEL="5-6欧拉之矩方程式" ORDERLABEL="124"><METS:fptr FILEID="00000136"/>
			</METS:div>
			<METS:div TYPE="Chapter" LABEL="5-7對主軸之欧拉方程式" ORDERLABEL="126"><METS:fptr FILEID="00000138"/>
			</METS:div>
			<METS:div TYPE="Chapter" LABEL="5-8無外矩之迥轉形體（本體座標）" ORDERLABEL="127"><METS:fptr FILEID="00000139"/>
			</METS:div>
			<METS:div TYPE="Chapter" LABEL="5-9無外矩之迥轉形體，以欧拉角表示其運動" ORDERLABEL="130"><METS:fptr FILEID="00000142"/>
			</METS:div>
			<METS:div TYPE="Chapter" LABEL="5-10無外矩之不對稱體（彭梭之幾何解法）" ORDERLABEL="135"><METS:fptr FILEID="00000147"/>
			</METS:div>
			<METS:div TYPE="Chapter" LABEL="5-11無外矩之不等慣性矩（分析解答）" ORDERLABEL="141"><METS:fptr FILEID="00000153"/>
			</METS:div>
			<METS:div TYPE="Chapter" LABEL="5-12依主軸轉動之稳定性" ORDERLABEL="145"><METS:fptr FILEID="00000157"/>
			</METS:div>
			<METS:div TYPE="Chapter" LABEL="5-13對稱迥轉儀或陀羅之-般運動" ORDERLABEL="147"><METS:fptr FILEID="00000159"/>
			</METS:div>
			<METS:div TYPE="Chapter" LABEL="5-14對稱迥轉儀或陀羅之稳定運進動" ORDERLABEL="155"><METS:fptr FILEID="00000167"/>
			</METS:div>
			<METS:div TYPE="Chapter" LABEL="5-15地球極軸之進動與章動" ORDERLABEL="164"><METS:fptr FILEID="00000176"/>
			</METS:div>
			<METS:div TYPE="Chapter" LABEL="5-16剛體之一般運動" ORDERLABEL="167"><METS:fptr FILEID="00000179"/>
			</METS:div>
		</METS:div>
		<METS:div TYPE="Chapter" LABEL="第六章 迥轉儀表之動力學" ORDERLABEL="175"><METS:fptr FILEID="00000187"/>
			<METS:div TYPE="Chapter" LABEL="6-1迥轉儀之少量擺動" ORDERLABEL="175"><METS:fptr FILEID="00000187"/>
			</METS:div>
			<METS:div TYPE="Chapter" LABEL="6-2依平衡環軸之擺動" ORDERLABEL="177"><METS:fptr FILEID="00000189"/>
			</METS:div>
			<METS:div TYPE="Chapter" LABEL="6-3平衡環質量，計算在内時（摄動法）" ORDERLABEL="184"><METS:fptr FILEID="00000196"/>
			</METS:div>
			<METS:div TYPE="Chapter" LABEL="6-4迥轉羅盤" ORDERLABEL="192"><METS:fptr FILEID="00000204"/>
			</METS:div>
			<METS:div TYPE="Chapter" LABEL="6-5迥轉羅盤之擺動" ORDERLABEL="194"><METS:fptr FILEID="00000206"/>
			</METS:div>
			<METS:div TYPE="Chapter" LABEL="6-6速率迥轉儀" ORDERLABEL="201"><METS:fptr FILEID="00000213"/>
			</METS:div>
			<METS:div TYPE="Chapter" LABEL="6-7積分迥轉儀" ORDERLABEL="203"><METS:fptr FILEID="00000215"/>
			</METS:div>
			<METS:div TYPE="Chapter" LABEL="6-8稳定平台" ORDERLABEL="204"><METS:fptr FILEID="00000216"/>
			</METS:div>
			<METS:div TYPE="Chapter" LABEL="6-9三軸平台" ORDERLABEL="207"><METS:fptr FILEID="00000219"/>
			</METS:div>
			<METS:div TYPE="Chapter" LABEL="6-10惯性航行" ORDERLABEL="210"><METS:fptr FILEID="00000222"/>
			</METS:div>
			<METS:div TYPE="Chapter" LABEL="6-11航行改差之擺動" ORDERLABEL="212"><METS:fptr FILEID="00000224"/>
			</METS:div>
		</METS:div>
		<METS:div TYPE="Chapter" LABEL="第七章 太空航行器運動" ORDERLABEL="219"><METS:fptr FILEID="00000231"/>
			<METS:div TYPE="Chapter" LABEL="7-1體座標内之-般方程式" ORDERLABEL="219"><METS:fptr FILEID="00000231"/>
			</METS:div>
			<METS:div TYPE="Chapter" LABEL="7-2推力偏向" ORDERLABEL="220"><METS:fptr FILEID="00000232"/>
			</METS:div>
			<METS:div TYPE="Chapter" LABEL="7-3對慣性座標之轉動" ORDERLABEL="223"><METS:fptr FILEID="00000235"/>
			</METS:div>
			<METS:div TYPE="Chapter" LABEL="7-4近於對稱迥轉形體，不受外矩時之運動" ORDERLABEL="228"><METS:fptr FILEID="00000240"/>
			</METS:div>
			<METS:div TYPE="Chapter" LABEL="7-5衡星自轉之消失" ORDERLABEL="236"><METS:fptr FILEID="00000248"/>
			</METS:div>
			<METS:div TYPE="Chapter" LABEL="7-6太空航行器之方位偏離" ORDERLABEL="240"><METS:fptr FILEID="00000252"/>
			</METS:div>
			<METS:div TYPE="Chapter" LABEL="7-7變質量" ORDERLABEL="250"><METS:fptr FILEID="00000262"/>
			</METS:div>
			<METS:div TYPE="Chapter" LABEL="7-8喷氣阻尼（變質量而不自轉之火箭）" ORDERLABEL="251"><METS:fptr FILEID="00000263"/>
			</METS:div>
			<METS:div TYPE="Chapter" LABEL="7-9自轉火箭之欧拉動力方程式" ORDERLABEL="253"><METS:fptr FILEID="00000265"/>
			</METS:div>
			<METS:div TYPE="Chapter" LABEL="7-10飛弹之迎衡角" ORDERLABEL="258"><METS:fptr FILEID="00000270"/>
			</METS:div>
			<METS:div TYPE="Chapter" LABEL="7-11自轉物體，當其形状與質量變化時之-般運動" ORDERLABEL="262"><METS:fptr FILEID="00000274"/>
			</METS:div>
		</METS:div>
		<METS:div TYPE="Chapter" LABEL="第八章 性能及最佳情况" ORDERLABEL="273"><METS:fptr FILEID="00000285"/>
			<METS:div TYPE="Chapter" LABEL="8-1一級火箭之性能" ORDERLABEL="273"><METS:fptr FILEID="00000285"/>
			</METS:div>
			<METS:div TYPE="Chapter" LABEL="8-2多級火箭之最佳使用" ORDERLABEL="280"><METS:fptr FILEID="00000292"/>
			</METS:div>
			<METS:div TYPE="Chapter" LABEL="8-3最佳發射轨道" ORDERLABEL="284"><METS:fptr FILEID="00000296"/>
			</METS:div>
			<METS:div TYPE="Chapter" LABEL="8-4推進劑利用之最佳程序" ORDERLABEL="289"><METS:fptr FILEID="00000301"/>
			</METS:div>
			<METS:div TYPE="Chapter" LABEL="8-5重力轉向" ORDERLABEL="294"><METS:fptr FILEID="00000306"/>
			</METS:div>
		</METS:div>
		<METS:div TYPE="Chapter" LABEL="第九章 力學之廣義理論" ORDERLABEL="299"><METS:fptr FILEID="00000311"/>
			<METS:div TYPE="Chapter" LABEL="9-1緒言" ORDERLABEL="299"><METS:fptr FILEID="00000311"/>
			</METS:div>
			<METS:div TYPE="Chapter" LABEL="9-2有拘束之系" ORDERLABEL="299"><METS:fptr FILEID="00000311"/>
			</METS:div>
			<METS:div TYPE="Chapter" LABEL="9-3廣義座標" ORDERLABEL="301"><METS:fptr FILEID="00000313"/>
			</METS:div>
			<METS:div TYPE="Chapter" LABEL="9-4完整拘束系與不完整拘束系" ORDERLABEL="303"><METS:fptr FILEID="00000315"/>
			</METS:div>
			<METS:div TYPE="Chapter" LABEL="9-5虚功之原理" ORDERLABEL="305"><METS:fptr FILEID="00000317"/>
			</METS:div>
			<METS:div TYPE="Chapter" LABEL="9-6達朗伯原理" ORDERLABEL="307"><METS:fptr FILEID="00000319"/>
			</METS:div>
			<METS:div TYPE="Chapter" LABEL="9-7哈密爾敦原理" ORDERLABEL="308"><METS:fptr FILEID="00000320"/>
			</METS:div>
			<METS:div TYPE="Chapter" LABEL="9-8蘭格倫日方程式（完整拘束系）" ORDERLABEL="310"><METS:fptr FILEID="00000322"/>
			</METS:div>
			<METS:div TYPE="Chapter" LABEL="9-9不完整拘束系" ORDERLABEL="319"><METS:fptr FILEID="00000331"/>
			</METS:div>
			<METS:div TYPE="Chapter" LABEL="9-10動力之蘭格倫日方程式" ORDERLABEL="323"><METS:fptr FILEID="00000335"/>
			</METS:div>
			<METS:div TYPE="Chapter" LABEL="9-11轉動座標之蘭格倫日方程式" ORDERLABEL="333"><METS:fptr FILEID="00000345"/>
			</METS:div>
			<METS:div TYPE="Chapter" LABEL="9-12飛弹之動力分析" ORDERLABEL="335"><METS:fptr FILEID="00000347"/>
			</METS:div>
		</METS:div>
	</METS:structMap>
</METS:mets>
