<?xml version="1.0" encoding="utf-8"?>
<METS:mets xmlns:METS="http://www.loc.gov/METS/" xmlns:xsi="http://www.w3.org/2001/XMLSchema-instance" xmlns:gdm="http://sunsite.berkeley.edu/GDM/" xmlns:xlink="http://www.w3.org/TR/xlink" xsi:schemalocation="http://www.loc.gov/METS/http://www.loc.gov/standards/mets/mets.xsd" LABEL="Zhejiang University.jdl.China-America digital library project" TYPE="Section">
	<METS:structMap TYPE="Catalog">
		<METS:div TYPE="Chapter" LABEL="第一章 緒論" ORDERLABEL="1"><METS:fptr FILEID="00000012"/>
			<METS:div TYPE="Chapter" LABEL="§1.實際對象與理想模型" ORDERLABEL="1"><METS:fptr FILEID="00000012"/>
			</METS:div>
			<METS:div TYPE="Chapter" LABEL="§2.物理量的测量" ORDERLABEL="5"><METS:fptr FILEID="00000016"/>
			</METS:div>
			<METS:div TYPE="Chapter" LABEL="§3.單位制度" ORDERLABEL="8"><METS:fptr FILEID="00000019"/>
			</METS:div>
			<METS:div TYPE="Chapter" LABEL="§4.物理量的因次" ORDERLABEL="10"><METS:fptr FILEID="00000021"/>
			</METS:div>
			<METS:div TYPE="Chapter" LABEL="§5.物理定律與量的因次" ORDERLABEL="12"><METS:fptr FILEID="00000023"/>
			</METS:div>
			<METS:div TYPE="Chapter" LABEL="§6.因次法則" ORDERLABEL="14"><METS:fptr FILEID="00000025"/>
			</METS:div>
		</METS:div>
		<METS:div TYPE="Chapter" LABEL="第二章 運動學" ORDERLABEL="18"><METS:fptr FILEID="00000029"/>
			<METS:div TYPE="Chapter" LABEL="§7.空間-時間計算系統" ORDERLABEL="18"><METS:fptr FILEID="00000029"/>
			</METS:div>
			<METS:div TYPE="Chapter" LABEL="§8.點位移" ORDERLABEL="21"><METS:fptr FILEID="00000032"/>
			</METS:div>
			<METS:div TYPE="Chapter" LABEL="§9.速度" ORDERLABEL="22"><METS:fptr FILEID="00000033"/>
			</METS:div>
			<METS:div TYPE="Chapter" LABEL="§10.加速度" ORDERLABEL="24"><METS:fptr FILEID="00000035"/>
			</METS:div>
			<METS:div TYPE="Chapter" LABEL="§11.切線及法線加速度" ORDERLABEL="26"><METS:fptr FILEID="00000037"/>
			</METS:div>
			<METS:div TYPE="Chapter" LABEL="§12.刚體的位移" ORDERLABEL="30"><METS:fptr FILEID="00000041"/>
			</METS:div>
			<METS:div TYPE="Chapter" LABEL="§13.轉動" ORDERLABEL="32"><METS:fptr FILEID="00000043"/>
			</METS:div>
			<METS:div TYPE="Chapter" LABEL="§14.線速度向量與角速度向量間的關係" ORDERLABEL="37"><METS:fptr FILEID="00000048"/>
			</METS:div>
		</METS:div>
		<METS:div TYPE="Chapter" LABEL="第三章 運動坐標系" ORDERLABEL="39"><METS:fptr FILEID="00000050"/>
			<METS:div TYPE="Chapter" LABEL="§15.在運動坐標系中時間的計算" ORDERLABEL="39"><METS:fptr FILEID="00000050"/>
			</METS:div>
			<METS:div TYPE="Chapter" LABEL="§16.運動坐標系" ORDERLABEL="41"><METS:fptr FILEID="00000052"/>
			</METS:div>
			<METS:div TYPE="Chapter" LABEL="§17.轉動坐標系" ORDERLABEL="45"><METS:fptr FILEID="00000056"/>
			</METS:div>
			<METS:div TYPE="Chapter" LABEL="§18.剛體運動的一些情形" ORDERLABEL="53"><METS:fptr FILEID="00000064"/>
			</METS:div>
		</METS:div>
		<METS:div TYPE="Chapter" LABEL="第四章 牛顿定律" ORDERLABEL="61"><METS:fptr FILEID="00000072"/>
			<METS:div TYPE="Chapter" LABEL="§19.計算系統的選择" ORDERLABEL="61"><METS:fptr FILEID="00000072"/>
			</METS:div>
			<METS:div TYPE="Chapter" LABEL="§20.質點" ORDERLABEL="62"><METS:fptr FILEID="00000073"/>
			</METS:div>
			<METS:div TYPE="Chapter" LABEL="§21.在牛顿力學中的力" ORDERLABEL="62"><METS:fptr FILEID="00000073"/>
			</METS:div>
			<METS:div TYPE="Chapter" LABEL="§22.力的测量" ORDERLABEL="66"><METS:fptr FILEID="00000077"/>
			</METS:div>
			<METS:div TYPE="Chapter" LABEL="§23.力與加速度之間的關係" ORDERLABEL="68"><METS:fptr FILEID="00000079"/>
			</METS:div>
			<METS:div TYPE="Chapter" LABEL="§24.質量.牛顿第二定律" ORDERLABEL="70"><METS:fptr FILEID="00000081"/>
			</METS:div>
			<METS:div TYPE="Chapter" LABEL="§25.動量" ORDERLABEL="73"><METS:fptr FILEID="00000084"/>
			</METS:div>
			<METS:div TYPE="Chapter" LABEL="§26.牛顿第三定律" ORDERLABEL="74"><METS:fptr FILEID="00000085"/>
			</METS:div>
			<METS:div TYPE="Chapter" LABEL="§27.牛顿諸定律與質量的定義" ORDERLABEL="76"><METS:fptr FILEID="00000087"/>
			</METS:div>
			<METS:div TYPE="Chapter" LABEL="§28.運動方程式" ORDERLABEL="79"><METS:fptr FILEID="00000090"/>
			</METS:div>
			<METS:div TYPE="Chapter" LABEL="§29.慣性坐標系" ORDERLABEL="80"><METS:fptr FILEID="00000091"/>
			</METS:div>
			<METS:div TYPE="Chapter" LABEL="§30.傅科實驗" ORDERLABEL="84"><METS:fptr FILEID="00000095"/>
			</METS:div>
		</METS:div>
		<METS:div TYPE="Chapter" LABEL="第五章 力與變形" ORDERLABEL="85"><METS:fptr FILEID="00000096"/>
			<METS:div TYPE="Chapter" LABEL="§31.變形的發生" ORDERLABEL="85"><METS:fptr FILEID="00000096"/>
			</METS:div>
			<METS:div TYPE="Chapter" LABEL="§32.在轉動時的變形" ORDERLABEL="87"><METS:fptr FILEID="00000098"/>
			</METS:div>
			<METS:div TYPE="Chapter" LABEL="§33.在“複合”運動中的變形" ORDERLABEL="89"><METS:fptr FILEID="00000100"/>
			</METS:div>
			<METS:div TYPE="Chapter" LABEL="§34.力與變形" ORDERLABEL="92"><METS:fptr FILEID="00000103"/>
			</METS:div>
		</METS:div>
		<METS:div TYPE="Chapter" LABEL="第六章 在重力作用下的運動" ORDERLABEL="94"><METS:fptr FILEID="00000105"/>
			<METS:div TYPE="Chapter" LABEL="§35.地心引力" ORDERLABEL="94"><METS:fptr FILEID="00000105"/>
			</METS:div>
			<METS:div TYPE="Chapter" LABEL="§36.物體的秤量" ORDERLABEL="96"><METS:fptr FILEID="00000107"/>
			</METS:div>
			<METS:div TYPE="Chapter" LABEL="§37.用秤量決定質量" ORDERLABEL="99"><METS:fptr FILEID="00000110"/>
			</METS:div>
			<METS:div TYPE="Chapter" LABEL="§38.重物的變形" ORDERLABEL="101"><METS:fptr FILEID="00000112"/>
			</METS:div>
		</METS:div>
		<METS:div TYPE="Chapter" LABEL="第七章 質點的平衡" ORDERLABEL="103"><METS:fptr FILEID="00000114"/>
			<METS:div TYPE="Chapter" LABEL="§39.平衡状態及其穩定性" ORDERLABEL="103"><METS:fptr FILEID="00000114"/>
			</METS:div>
			<METS:div TYPE="Chapter" LABEL="§40.絕對刚性約束" ORDERLABEL="104"><METS:fptr FILEID="00000115"/>
			</METS:div>
			<METS:div TYPE="Chapter" LABEL="§41.在絕對剛性約束下的平衡" ORDERLABEL="105"><METS:fptr FILEID="00000116"/>
			</METS:div>
		</METS:div>
		<METS:div TYPE="Chapter" LABEL="第八章 摩擦力" ORDERLABEL="107"><METS:fptr FILEID="00000118"/>
			<METS:div TYPE="Chapter" LABEL="§42.摩擦力" ORDERLABEL="107"><METS:fptr FILEID="00000118"/>
			</METS:div>
			<METS:div TYPE="Chapter" LABEL="§43.摩擦力的测量" ORDERLABEL="109"><METS:fptr FILEID="00000120"/>
			</METS:div>
			<METS:div TYPE="Chapter" LABEL="§44.乾摩擦和濕摩擦" ORDERLABEL="110"><METS:fptr FILEID="00000121"/>
			</METS:div>
			<METS:div TYPE="Chapter" LABEL="§45.濕摩擦力與速度的依存關係" ORDERLABEL="110"><METS:fptr FILEID="00000121"/>
			</METS:div>
			<METS:div TYPE="Chapter" LABEL="§46.在阻抗介質中物體的落下" ORDERLABEL="111"><METS:fptr FILEID="00000122"/>
			</METS:div>
			<METS:div TYPE="Chapter" LABEL="§47.落下傘" ORDERLABEL="112"><METS:fptr FILEID="00000123"/>
			</METS:div>
			<METS:div TYPE="Chapter" LABEL="§48.小速度落下" ORDERLABEL="114"><METS:fptr FILEID="00000125"/>
			</METS:div>
			<METS:div TYPE="Chapter" LABEL="§49.靜摩擦" ORDERLABEL="114"><METS:fptr FILEID="00000125"/>
			</METS:div>
			<METS:div TYPE="Chapter" LABEL="§50.滑動摩擦" ORDERLABEL="117"><METS:fptr FILEID="00000128"/>
			</METS:div>
			<METS:div TYPE="Chapter" LABEL="§51.乾摩擦的作用" ORDERLABEL="118"><METS:fptr FILEID="00000129"/>
			</METS:div>
			<METS:div TYPE="Chapter" LABEL="§52.停滞现象" ORDERLABEL="119"><METS:fptr FILEID="00000130"/>
			</METS:div>
			<METS:div TYPE="Chapter" LABEL="§53.乾摩擦與平衡状態的穩定性" ORDERLABEL="122"><METS:fptr FILEID="00000133"/>
			</METS:div>
		</METS:div>
		<METS:div TYPE="Chapter" LABEL="第九章 動量不滅定律" ORDERLABEL="124"><METS:fptr FILEID="00000135"/>
			<METS:div TYPE="Chapter" LABEL="§54.動量不滅定律" ORDERLABEL="124"><METS:fptr FILEID="00000135"/>
			</METS:div>
			<METS:div TYPE="Chapter" LABEL="§55.動量不滅定律的應用" ORDERLABEL="125"><METS:fptr FILEID="00000136"/>
			</METS:div>
			<METS:div TYPE="Chapter" LABEL="§56.絕對非弹性碰撞" ORDERLABEL="128"><METS:fptr FILEID="00000139"/>
			</METS:div>
		</METS:div>
		<METS:div TYPE="Chapter" LABEL="第十章 動量矩不滅定律" ORDERLABEL="130"><METS:fptr FILEID="00000141"/>
			<METS:div TYPE="Chapter" LABEL="§57.力矩和動量矩" ORDERLABEL="130"><METS:fptr FILEID="00000141"/>
			</METS:div>
			<METS:div TYPE="Chapter" LABEL="§58.矩方程式" ORDERLABEL="132"><METS:fptr FILEID="00000143"/>
			</METS:div>
			<METS:div TYPE="Chapter" LABEL="§59.数學擺" ORDERLABEL="135"><METS:fptr FILEID="00000146"/>
			</METS:div>
			<METS:div TYPE="Chapter" LABEL="§60.對質點系的動量矩不滅定律" ORDERLABEL="138"><METS:fptr FILEID="00000149"/>
			</METS:div>
			<METS:div TYPE="Chapter" LABEL="§61.動量矩方向的改變" ORDERLABEL="142"><METS:fptr FILEID="00000153"/>
			</METS:div>
		</METS:div>
		<METS:div TYPE="Chapter" LABEL="第十一章 功和能" ORDERLABEL="148"><METS:fptr FILEID="00000159"/>
			<METS:div TYPE="Chapter" LABEL="§62.力的功" ORDERLABEL="148"><METS:fptr FILEID="00000159"/>
			</METS:div>
			<METS:div TYPE="Chapter" LABEL="§63.摩擦力的功" ORDERLABEL="151"><METS:fptr FILEID="00000162"/>
			</METS:div>
			<METS:div TYPE="Chapter" LABEL="§64.位能" ORDERLABEL="152"><METS:fptr FILEID="00000163"/>
			</METS:div>
			<METS:div TYPE="Chapter" LABEL="§65.位能與平衡状態" ORDERLABEL="154"><METS:fptr FILEID="00000165"/>
			</METS:div>
			<METS:div TYPE="Chapter" LABEL="§66.能量不滅定律" ORDERLABEL="155"><METS:fptr FILEID="00000166"/>
			</METS:div>
			<METS:div TYPE="Chapter" LABEL="§67.在力發生時的振動" ORDERLABEL="158"><METS:fptr FILEID="00000169"/>
			</METS:div>
			<METS:div TYPE="Chapter" LABEL="§68.能量不滅定律和動量矩不滅定律" ORDERLABEL="160"><METS:fptr FILEID="00000171"/>
			</METS:div>
			<METS:div TYPE="Chapter" LABEL="§69.能量不滅定律和摩擦力" ORDERLABEL="161"><METS:fptr FILEID="00000172"/>
			</METS:div>
			<METS:div TYPE="Chapter" LABEL="§70.功率" ORDERLABEL="163"><METS:fptr FILEID="00000174"/>
			</METS:div>
			<METS:div TYPE="Chapter" LABEL="§71.功的傳遞" ORDERLABEL="164"><METS:fptr FILEID="00000175"/>
			</METS:div>
			<METS:div TYPE="Chapter" LABEL="§72.絕對彈性碰撞" ORDERLABEL="166"><METS:fptr FILEID="00000177"/>
			</METS:div>
			<METS:div TYPE="Chapter" LABEL="§73.在運動坐標系中的不滅定律" ORDERLABEL="169"><METS:fptr FILEID="00000180"/>
			</METS:div>
		</METS:div>
		<METS:div TYPE="Chapter" LABEL="第十二章 非惯性坐標系" ORDERLABEL="172"><METS:fptr FILEID="00000183"/>
			<METS:div TYPE="Chapter" LABEL="§74.慣性力" ORDERLABEL="172"><METS:fptr FILEID="00000183"/>
			</METS:div>
			<METS:div TYPE="Chapter" LABEL="§75.直線運動的坐標系" ORDERLABEL="175"><METS:fptr FILEID="00000186"/>
			</METS:div>
			<METS:div TYPE="Chapter" LABEL="§76.迥轉坐標系" ORDERLABEL="178"><METS:fptr FILEID="00000189"/>
			</METS:div>
			<METS:div TYPE="Chapter" LABEL="§77.科賴奥來慣性力" ORDERLABEL="181"><METS:fptr FILEID="00000192"/>
			</METS:div>
			<METS:div TYPE="Chapter" LABEL="§78.在地球表面上的運動" ORDERLABEL="185"><METS:fptr FILEID="00000196"/>
			</METS:div>
			<METS:div TYPE="Chapter" LABEL="§79.非惯性坐標系與不滅定律" ORDERLABEL="190"><METS:fptr FILEID="00000201"/>
			</METS:div>
			<METS:div TYPE="Chapter" LABEL="§80.惯性力與萬有引力的等價" ORDERLABEL="192"><METS:fptr FILEID="00000203"/>
			</METS:div>
		</METS:div>
		<METS:div TYPE="Chapter" LABEL="第十三章 剛體力學" ORDERLABEL="195"><METS:fptr FILEID="00000206"/>
			<METS:div TYPE="Chapter" LABEL="§81.刚體就是質點系" ORDERLABEL="195"><METS:fptr FILEID="00000206"/>
			</METS:div>
			<METS:div TYPE="Chapter" LABEL="§82.刚體重心的運動" ORDERLABEL="196"><METS:fptr FILEID="00000207"/>
			</METS:div>
			<METS:div TYPE="Chapter" LABEL="§83.支持在轴上的刚體的運動.慣性矩" ORDERLABEL="199"><METS:fptr FILEID="00000210"/>
			</METS:div>
			<METS:div TYPE="Chapter" LABEL="§84.刚體惯性矩的忽略" ORDERLABEL="203"><METS:fptr FILEID="00000214"/>
			</METS:div>
			<METS:div TYPE="Chapter" LABEL="§85.物理擺" ORDERLABEL="204"><METS:fptr FILEID="00000215"/>
			</METS:div>
			<METS:div TYPE="Chapter" LABEL="§86.重力的测量" ORDERLABEL="207"><METS:fptr FILEID="00000218"/>
			</METS:div>
			<METS:div TYPE="Chapter" LABEL="§87.刚體運動方程式.刚體的平衡" ORDERLABEL="208"><METS:fptr FILEID="00000219"/>
			</METS:div>
			<METS:div TYPE="Chapter" LABEL="§88.天秤" ORDERLABEL="210"><METS:fptr FILEID="00000221"/>
			</METS:div>
			<METS:div TYPE="Chapter" LABEL="§89.刚體的平面運動" ORDERLABEL="213"><METS:fptr FILEID="00000224"/>
			</METS:div>
			<METS:div TYPE="Chapter" LABEL="§90.對刚體系的動量矩不滅定律" ORDERLABEL="216"><METS:fptr FILEID="00000227"/>
			</METS:div>
			<METS:div TYPE="Chapter" LABEL="§91.刚體的滚動.滚動摩擦" ORDERLABEL="218"><METS:fptr FILEID="00000229"/>
			</METS:div>
			<METS:div TYPE="Chapter" LABEL="§92.自動運輸工具" ORDERLABEL="222"><METS:fptr FILEID="00000233"/>
			</METS:div>
			<METS:div TYPE="Chapter" LABEL="§93.自由軸" ORDERLABEL="225"><METS:fptr FILEID="00000236"/>
			</METS:div>
			<METS:div TYPE="Chapter" LABEL="§94.固定在一點的刚體運動" ORDERLABEL="228"><METS:fptr FILEID="00000239"/>
			</METS:div>
			<METS:div TYPE="Chapter" LABEL="§95.迥轉儀" ORDERLABEL="233"><METS:fptr FILEID="00000244"/>
			</METS:div>
			<METS:div TYPE="Chapter" LABEL="§96.迥轉儀的應用" ORDERLABEL="239"><METS:fptr FILEID="00000250"/>
			</METS:div>
		</METS:div>
		<METS:div TYPE="Chapter" LABEL="第十四章 萬有引力" ORDERLABEL="243"><METS:fptr FILEID="00000254"/>
			<METS:div TYPE="Chapter" LABEL="§97.萬有引力定律" ORDERLABEL="243"><METS:fptr FILEID="00000254"/>
			</METS:div>
			<METS:div TYPE="Chapter" LABEL="§98.引力常数" ORDERLABEL="246"><METS:fptr FILEID="00000257"/>
			</METS:div>
			<METS:div TYPE="Chapter" LABEL="§99.潮" ORDERLABEL="249"><METS:fptr FILEID="00000260"/>
			</METS:div>
		</METS:div>
	</METS:structMap>
</METS:mets>
