<?xml version="1.0" encoding="utf-8"?>
<METS:mets xmlns:METS="http://www.loc.gov/METS/" xmlns:xsi="http://www.w3.org/2001/XMLSchema-instance" xmlns:gdm="http://sunsite.berkeley.edu/GDM/" xmlns:xlink="http://www.w3.org/TR/xlink" xsi:schemalocation="http://www.loc.gov/METS/http://www.loc.gov/standards/mets/mets.xsd" LABEL="Zhejiang University.jdl.China-America digital library project" TYPE="Section">
	<METS:structMap TYPE="Catalog">
		<METS:div TYPE="Chapter" LABEL="第一篇 静力学" ORDERLABEL="11"><METS:fptr FILEID="00000012"/>
			<METS:div TYPE="Chapter" LABEL="第一章静力学之基本概念及公理" ORDERLABEL="11"><METS:fptr FILEID="00000012"/>
				<METS:div TYPE="Chapter" LABEL="第一节刚体与質点" ORDERLABEL="11"><METS:fptr FILEID="00000012"/>
				</METS:div>
				<METS:div TYPE="Chapter" LABEL="第二节力的概念" ORDERLABEL="12"><METS:fptr FILEID="00000013"/>
				</METS:div>
				<METS:div TYPE="Chapter" LABEL="第三节静力学基本定义及公理" ORDERLABEL="13"><METS:fptr FILEID="00000014"/>
				</METS:div>
				<METS:div TYPE="Chapter" LABEL="第四节約束及約束反作用力" ORDERLABEL="15"><METS:fptr FILEID="00000016"/>
				</METS:div>
			</METS:div>
			<METS:div TYPE="Chapter" LABEL="第二章平面汇交力系" ORDERLABEL="20"><METS:fptr FILEID="00000021"/>
				<METS:div TYPE="Chapter" LABEL="第一节汇交于一点的二力的合成" ORDERLABEL="20"><METS:fptr FILEID="00000021"/>
				</METS:div>
				<METS:div TYPE="Chapter" LABEL="第二节将一个力分解为两个分力" ORDERLABEL="22"><METS:fptr FILEID="00000023"/>
				</METS:div>
				<METS:div TYPE="Chapter" LABEL="第三节三个不平行力的平衡定理" ORDERLABEL="24"><METS:fptr FILEID="00000025"/>
				</METS:div>
				<METS:div TYPE="Chapter" LABEL="第四节平面汇交力系的合力" ORDERLABEL="25"><METS:fptr FILEID="00000026"/>
				</METS:div>
				<METS:div TYPE="Chapter" LABEL="第五节平面汇交力系平衡的几何条件" ORDERLABEL="26"><METS:fptr FILEID="00000027"/>
				</METS:div>
				<METS:div TYPE="Chapter" LABEL="第六节力在轴上的投影" ORDERLABEL="28"><METS:fptr FILEID="00000029"/>
				</METS:div>
				<METS:div TYPE="Chapter" LABEL="第七节力的几何和在轴上的投影" ORDERLABEL="29"><METS:fptr FILEID="00000030"/>
				</METS:div>
				<METS:div TYPE="Chapter" LABEL="第八节力在直角坐标轴上的投影" ORDERLABEL="29"><METS:fptr FILEID="00000030"/>
				</METS:div>
				<METS:div TYPE="Chapter" LABEL="第九节用解析法求汇交力系的合力" ORDERLABEL="30"><METS:fptr FILEID="00000031"/>
				</METS:div>
				<METS:div TYPE="Chapter" LABEL="第十节平面汇交力系的平衡方程式" ORDERLABEL="31"><METS:fptr FILEID="00000032"/>
				</METS:div>
				<METS:div TYPE="Chapter" LABEL="第十一节力对于点的矩．槓杆平衡的条件" ORDERLABEL="32"><METS:fptr FILEID="00000033"/>
				</METS:div>
			</METS:div>
			<METS:div TYPE="Chapter" LABEL="第三章平面平行力系.力偶" ORDERLABEL="39"><METS:fptr FILEID="00000040"/>
				<METS:div TYPE="Chapter" LABEL="第一节同方向的两个平行力的合成" ORDERLABEL="39"><METS:fptr FILEID="00000040"/>
				</METS:div>
				<METS:div TYPE="Chapter" LABEL="第二节反方向的两个平行力的合成" ORDERLABEL="41"><METS:fptr FILEID="00000042"/>
				</METS:div>
				<METS:div TYPE="Chapter" LABEL="第三节力偶的概念" ORDERLABEL="43"><METS:fptr FILEID="00000044"/>
				</METS:div>
				<METS:div TYPE="Chapter" LABEL="第四节力偶的等效性" ORDERLABEL="44"><METS:fptr FILEID="00000045"/>
				</METS:div>
				<METS:div TYPE="Chapter" LABEL="第五节力偶的合成.方偶的平衡条件" ORDERLABEL="47"><METS:fptr FILEID="00000048"/>
				</METS:div>
			</METS:div>
			<METS:div TYPE="Chapter" LABEL="第四章平面任意力系" ORDERLABEL="54"><METS:fptr FILEID="00000052"/>
				<METS:div TYPE="Chapter" LABEL="第二节力向已知点的简化" ORDERLABEL="51"><METS:fptr FILEID="00000052"/>
				</METS:div>
				<METS:div TYPE="Chapter" LABEL="第二节平面力系向已知点的简化" ORDERLABEL="51"><METS:fptr FILEID="00000052"/>
				</METS:div>
				<METS:div TYPE="Chapter" LABEL="第三节平面力系的合力 万里农定理" ORDERLABEL="53"><METS:fptr FILEID="00000054"/>
				</METS:div>
				<METS:div TYPE="Chapter" LABEL="第西节平面任意力系的平衡方程式" ORDERLABEL="54"><METS:fptr FILEID="00000055"/>
				</METS:div>
				<METS:div TYPE="Chapter" LABEL="第五节平面平行力系的平衡方程式" ORDERLABEL="57"><METS:fptr FILEID="00000058"/>
				</METS:div>
				<METS:div TYPE="Chapter" LABEL="第六节梁的支座构造及其反作用力" ORDERLABEL="59"><METS:fptr FILEID="00000060"/>
				</METS:div>
			</METS:div>
			<METS:div TYPE="Chapter" LABEL="第五章空间力系" ORDERLABEL="63"><METS:fptr FILEID="00000064"/>
				<METS:div TYPE="Chapter" LABEL="第一节空间一力的分解" ORDERLABEL="63"><METS:fptr FILEID="00000064"/>
				</METS:div>
				<METS:div TYPE="Chapter" LABEL="第二节力对于一轴的矩" ORDERLABEL="63"><METS:fptr FILEID="00000064"/>
				</METS:div>
				<METS:div TYPE="Chapter" LABEL="第三节物体受空间力系作用时的平衡条件" ORDERLABEL="64"><METS:fptr FILEID="00000065"/>
				</METS:div>
				<METS:div TYPE="Chapter" LABEL="第四节空间平行力系万里农定理" ORDERLABEL="66"><METS:fptr FILEID="00000067"/>
				</METS:div>
				<METS:div TYPE="Chapter" LABEL="第五节平行力系中心" ORDERLABEL="68"><METS:fptr FILEID="00000069"/>
				</METS:div>
			</METS:div>
			<METS:div TYPE="Chapter" LABEL="第六章重心" ORDERLABEL="71"><METS:fptr FILEID="00000072"/>
				<METS:div TYPE="Chapter" LABEL="第一节刚体的重心" ORDERLABEL="71"><METS:fptr FILEID="00000072"/>
				</METS:div>
				<METS:div TYPE="Chapter" LABEL="第二节体积、面积和线段的重心座标公式" ORDERLABEL="71"><METS:fptr FILEID="00000072"/>
				</METS:div>
				<METS:div TYPE="Chapter" LABEL="第三节简单平面图形的面积重心" ORDERLABEL="73"><METS:fptr FILEID="00000074"/>
				</METS:div>
				<METS:div TYPE="Chapter" LABEL="第四节面积的静力矩" ORDERLABEL="74"><METS:fptr FILEID="00000075"/>
				</METS:div>
			</METS:div>
			<METS:div TYPE="Chapter" LABEL="第七章摩擦" ORDERLABEL="78"><METS:fptr FILEID="00000079"/>
				<METS:div TYPE="Chapter" LABEL="第一节滑动摩擦" ORDERLABEL="78"><METS:fptr FILEID="00000079"/>
				</METS:div>
				<METS:div TYPE="Chapter" LABEL="第二节滚动摩擦" ORDERLABEL="81"><METS:fptr FILEID="00000082"/>
				</METS:div>
			</METS:div>
		</METS:div>
		<METS:div TYPE="Chapter" LABEL="第二篇 运动学" ORDERLABEL="85"><METS:fptr FILEID="00000086"/>
			<METS:div TYPE="Chapter" LABEL="第一章点的运动规律" ORDERLABEL="85"><METS:fptr FILEID="00000086"/>
				<METS:div TYPE="Chapter" LABEL="第一节运动学概论" ORDERLABEL="85"><METS:fptr FILEID="00000086"/>
				</METS:div>
				<METS:div TYPE="Chapter" LABEL="第二节点沿已知轨迹的运动规律" ORDERLABEL="86"><METS:fptr FILEID="00000087"/>
				</METS:div>
				<METS:div TYPE="Chapter" LABEL="第三节距离曲线" ORDERLABEL="87"><METS:fptr FILEID="00000088"/>
				</METS:div>
			</METS:div>
			<METS:div TYPE="Chapter" LABEL="第二章点的直线运动" ORDERLABEL="89"><METS:fptr FILEID="00000090"/>
				<METS:div TYPE="Chapter" LABEL="第一节等速运动速度" ORDERLABEL="89"><METS:fptr FILEID="00000090"/>
				</METS:div>
				<METS:div TYPE="Chapter" LABEL="第二节变速运动及其速度" ORDERLABEL="91"><METS:fptr FILEID="00000092"/>
				</METS:div>
				<METS:div TYPE="Chapter" LABEL="第三节等变速运动、加速度" ORDERLABEL="92"><METS:fptr FILEID="00000093"/>
				</METS:div>
				<METS:div TYPE="Chapter" LABEL="第四节平均加速度和瞬时加速度" ORDERLABEL="95"><METS:fptr FILEID="00000096"/>
				</METS:div>
			</METS:div>
			<METS:div TYPE="Chapter" LABEL="第三章点的曲球运动" ORDERLABEL="98"><METS:fptr FILEID="00000099"/>
				<METS:div TYPE="Chapter" LABEL="第一节曲线运动的速度与加速度" ORDERLABEL="98"><METS:fptr FILEID="00000099"/>
				</METS:div>
				<METS:div TYPE="Chapter" LABEL="第二节曲率与曲率半径" ORDERLABEL="100"><METS:fptr FILEID="00000101"/>
				</METS:div>
				<METS:div TYPE="Chapter" LABEL="第三节法向加速度和切向加速度" ORDERLABEL="101"><METS:fptr FILEID="00000102"/>
				</METS:div>
				<METS:div TYPE="Chapter" LABEL="第四节曲线运动的特殊情形" ORDERLABEL="103"><METS:fptr FILEID="00000104"/>
				</METS:div>
			</METS:div>
			<METS:div TYPE="Chapter" LABEL="第四章刚体的最简单运动" ORDERLABEL="107"><METS:fptr FILEID="00000108"/>
				<METS:div TYPE="Chapter" LABEL="第一节刚体的平动" ORDERLABEL="107"><METS:fptr FILEID="00000108"/>
				</METS:div>
				<METS:div TYPE="Chapter" LABEL="第二节刚休绕定轴的转动" ORDERLABEL="108"><METS:fptr FILEID="00000109"/>
				</METS:div>
				<METS:div TYPE="Chapter" LABEL="第三节等速转动、角速度" ORDERLABEL="109"><METS:fptr FILEID="00000110"/>
				</METS:div>
				<METS:div TYPE="Chapter" LABEL="第四节变速轉動·平均角速度与瞬时角速度" ORDERLABEL="111"><METS:fptr FILEID="00000112"/>
				</METS:div>
				<METS:div TYPE="Chapter" LABEL="第五节等变速轉动·角加速度" ORDERLABEL="111"><METS:fptr FILEID="00000112"/>
				</METS:div>
				<METS:div TYPE="Chapter" LABEL="第六节平均角加速度和瞬时角加速度" ORDERLABEL="114"><METS:fptr FILEID="00000115"/>
				</METS:div>
				<METS:div TYPE="Chapter" LABEL="第七节轉动刚体上質点的速度与加速度" ORDERLABEL="114"><METS:fptr FILEID="00000115"/>
				</METS:div>
			</METS:div>
			<METS:div TYPE="Chapter" LABEL="第五章質点的合成运动" ORDERLABEL="118"><METS:fptr FILEID="00000119"/>
				<METS:div TYPE="Chapter" LABEL="第一节絕对、相对和牵連运动" ORDERLABEL="118"><METS:fptr FILEID="00000119"/>
				</METS:div>
				<METS:div TYPE="Chapter" LABEL="第二节位移的合成" ORDERLABEL="119"><METS:fptr FILEID="00000120"/>
				</METS:div>
				<METS:div TYPE="Chapter" LABEL="第三节速度合成定理" ORDERLABEL="120"><METS:fptr FILEID="00000121"/>
				</METS:div>
			</METS:div>
			<METS:div TYPE="Chapter" LABEL="第六章刚体的平面平行运动" ORDERLABEL="125"><METS:fptr FILEID="00000126"/>
				<METS:div TYPE="Chapter" LABEL="第一节平面平行运动的概念" ORDERLABEL="125"><METS:fptr FILEID="00000126"/>
				</METS:div>
				<METS:div TYPE="Chapter" LABEL="第二节平面平行运动分解为平动和轉动" ORDERLABEL="126"><METS:fptr FILEID="00000127"/>
				</METS:div>
				<METS:div TYPE="Chapter" LABEL="第三节瞬时轉动中心" ORDERLABEL="127"><METS:fptr FILEID="00000128"/>
				</METS:div>
				<METS:div TYPE="Chapter" LABEL="第四节求瞬时轉动中心的方法" ORDERLABEL="129"><METS:fptr FILEID="00000130"/>
				</METS:div>
			</METS:div>
			<METS:div TYPE="Chapter" LABEL="第七章机器运动学概要" ORDERLABEL="135"><METS:fptr FILEID="00000136"/>
				<METS:div TYPE="Chapter" LABEL="第一节机器与机构" ORDERLABEL="135"><METS:fptr FILEID="00000136"/>
				</METS:div>
				<METS:div TYPE="Chapter" LABEL="第二节运动副和运动鏈的概念" ORDERLABEL="136"><METS:fptr FILEID="00000137"/>
				</METS:div>
				<METS:div TYPE="Chapter" LABEL="第三节四杆机构" ORDERLABEL="137"><METS:fptr FILEID="00000138"/>
				</METS:div>
				<METS:div TYPE="Chapter" LABEL="第四节曲柄連杆机構" ORDERLABEL="141"><METS:fptr FILEID="00000142"/>
				</METS:div>
				<METS:div TYPE="Chapter" LABEL="第五节摆动槽杆机构" ORDERLABEL="142"><METS:fptr FILEID="00000143"/>
				</METS:div>
				<METS:div TYPE="Chapter" LABEL="第六节凸輸机构的概念" ORDERLABEL="143"><METS:fptr FILEID="00000144"/>
				</METS:div>
				<METS:div TYPE="Chapter" LABEL="第七節从动件运动的研究" ORDERLABEL="144"><METS:fptr FILEID="00000145"/>
				</METS:div>
				<METS:div TYPE="Chapter" LABEL="第八节凸輸輪廓曲線的画法" ORDERLABEL="147"><METS:fptr FILEID="00000148"/>
				</METS:div>
				<METS:div TYPE="Chapter" LABEL="第九节偏心輪机构" ORDERLABEL="152"><METS:fptr FILEID="00000153"/>
				</METS:div>
				<METS:div TYPE="Chapter" LABEL="第十节普通輸系的传动計算" ORDERLABEL="154"><METS:fptr FILEID="00000155"/>
				</METS:div>
				<METS:div TYPE="Chapter" LABEL="第十一节周轉輸系的传動計算" ORDERLABEL="157"><METS:fptr FILEID="00000158"/>
				</METS:div>
			</METS:div>
		</METS:div>
		<METS:div TYPE="Chapter" LABEL="第三篇 动力学" ORDERLABEL="163"><METS:fptr FILEID="00000164"/>
			<METS:div TYPE="Chapter" LABEL="第一章动力学引言" ORDERLABEL="163"><METS:fptr FILEID="00000164"/>
				<METS:div TYPE="Chapter" LABEL="第一节动力学的内容" ORDERLABEL="163"><METS:fptr FILEID="00000164"/>
				</METS:div>
				<METS:div TYPE="Chapter" LABEL="第二节动力学基本定律" ORDERLABEL="163"><METS:fptr FILEID="00000164"/>
				</METS:div>
				<METS:div TYPE="Chapter" LABEL="第三节重量和質量間的关系" ORDERLABEL="166"><METS:fptr FILEID="00000167"/>
				</METS:div>
				<METS:div TYPE="Chapter" LABEL="第四节单位制" ORDERLABEL="167"><METS:fptr FILEID="00000168"/>
				</METS:div>
			</METS:div>
			<METS:div TYPE="Chapter" LABEL="第二章功和功率" ORDERLABEL="172"><METS:fptr FILEID="00000173"/>
				<METS:div TYPE="Chapter" LABEL="第一节在直線路程上不变力的功" ORDERLABEL="172"><METS:fptr FILEID="00000173"/>
				</METS:div>
				<METS:div TYPE="Chapter" LABEL="第二节重力所作的功" ORDERLABEL="174"><METS:fptr FILEID="00000175"/>
				</METS:div>
				<METS:div TYPE="Chapter" LABEL="第三节轉动时不变力所作的功" ORDERLABEL="176"><METS:fptr FILEID="00000177"/>
				</METS:div>
				<METS:div TYPE="Chapter" LABEL="第四节功率" ORDERLABEL="177"><METS:fptr FILEID="00000178"/>
				</METS:div>
				<METS:div TYPE="Chapter" LABEL="第五节轉矩，功率和轉数的關系" ORDERLABEL="179"><METS:fptr FILEID="00000180"/>
				</METS:div>
				<METS:div TYPE="Chapter" LABEL="第六节效率概念" ORDERLABEL="180"><METS:fptr FILEID="00000181"/>
				</METS:div>
			</METS:div>
			<METS:div TYPE="Chapter" LABEL="第三章質点动力学的一般定理" ORDERLABEL="182"><METS:fptr FILEID="00000183"/>
				<METS:div TYPE="Chapter" LABEL="第一节动量和冲量" ORDERLABEL="182"><METS:fptr FILEID="00000183"/>
				</METS:div>
				<METS:div TYPE="Chapter" LABEL="第二节受不变力时的动量定理" ORDERLABEL="182"><METS:fptr FILEID="00000183"/>
				</METS:div>
				<METS:div TYPE="Chapter" LABEL="第三节动能定理" ORDERLABEL="184"><METS:fptr FILEID="00000185"/>
				</METS:div>
			</METS:div>
			<METS:div TYPE="Chapter" LABEL="第四章非自由質点的运动" ORDERLABEL="188"><METS:fptr FILEID="00000189"/>
				<METS:div TYPE="Chapter" LABEL="第一节非自由質点和約束" ORDERLABEL="188"><METS:fptr FILEID="00000189"/>
				</METS:div>
				<METS:div TYPE="Chapter" LABEL="第二节非自由質點的动能方程式" ORDERLABEL="188"><METS:fptr FILEID="00000189"/>
				</METS:div>
				<METS:div TYPE="Chapter" LABEL="第三節慣性力" ORDERLABEL="190"><METS:fptr FILEID="00000191"/>
				</METS:div>
				<METS:div TYPE="Chapter" LABEL="第四节达朗培尔原理" ORDERLABEL="192"><METS:fptr FILEID="00000193"/>
				</METS:div>
			</METS:div>
			<METS:div TYPE="Chapter" LABEL="第五章質点系动力学概要" ORDERLABEL="199"><METS:fptr FILEID="00000200"/>
				<METS:div TYPE="Chapter" LABEL="第一節質点系.内力和外力" ORDERLABEL="199"><METS:fptr FILEID="00000200"/>
				</METS:div>
				<METS:div TYPE="Chapter" LABEL="第二节刚体繞定軸的轉動" ORDERLABEL="199"><METS:fptr FILEID="00000200"/>
				</METS:div>
				<METS:div TYPE="Chapter" LABEL="第三節慣性矩" ORDERLABEL="201"><METS:fptr FILEID="00000202"/>
				</METS:div>
				<METS:div TYPE="Chapter" LABEL="第四节許泰乃尔定理" ORDERLABEL="204"><METS:fptr FILEID="00000205"/>
				</METS:div>
				<METS:div TYPE="Chapter" LABEL="第五节轉動刚体的动能" ORDERLABEL="205"><METS:fptr FILEID="00000206"/>
				</METS:div>
				<METS:div TYPE="Chapter" LABEL="第六节轉动刚體的动能定理" ORDERLABEL="206"><METS:fptr FILEID="00000207"/>
				</METS:div>
			</METS:div>
			<METS:div TYPE="Chapter" LABEL="第六章机器动力学概要" ORDERLABEL="209"><METS:fptr FILEID="00000210"/>
				<METS:div TYPE="Chapter" LABEL="第一节机器运动方程式" ORDERLABEL="209"><METS:fptr FILEID="00000210"/>
				</METS:div>
				<METS:div TYPE="Chapter" LABEL="第二节机械效率" ORDERLABEL="211"><METS:fptr FILEID="00000212"/>
				</METS:div>
				<METS:div TYPE="Chapter" LABEL="第三节机器运动的調节" ORDERLABEL="214"><METS:fptr FILEID="00000215"/>
				</METS:div>
				<METS:div TYPE="Chapter" LABEL="第四节惯性力的平衡" ORDERLABEL="215"><METS:fptr FILEID="00000216"/>
				</METS:div>
			</METS:div>
		</METS:div>
	</METS:structMap>
</METS:mets>
