<?xml version="1.0" encoding="utf-8"?>
<METS:mets xmlns:METS="http://www.loc.gov/METS/" xmlns:xsi="http://www.w3.org/2001/XMLSchema-instance" xmlns:gdm="http://sunsite.berkeley.edu/GDM/" xmlns:xlink="http://www.w3.org/TR/xlink" xsi:schemalocation="http://www.loc.gov/METS/http://www.loc.gov/standards/mets/mets.xsd" LABEL="Zhejiang University.jdl.China-America digital library project" TYPE="Section">
	<METS:structMap TYPE="Catalog">
		<METS:div TYPE="Chapter" LABEL="第一章 运动方程" ORDERLABEL="1"><METS:fptr FILEID="00000007"/>
			<METS:div TYPE="Chapter" LABEL="§1.广义坐标" ORDERLABEL="1"><METS:fptr FILEID="00000007"/>
			</METS:div>
			<METS:div TYPE="Chapter" LABEL="§2.最小作用量原理" ORDERLABEL="2"><METS:fptr FILEID="00000008"/>
			</METS:div>
			<METS:div TYPE="Chapter" LABEL="§3.伽利略相对性原理" ORDERLABEL="6"><METS:fptr FILEID="00000012"/>
			</METS:div>
			<METS:div TYPE="Chapter" LABEL="§4.自由质点的拉格朗日函数" ORDERLABEL="8"><METS:fptr FILEID="00000014"/>
			</METS:div>
			<METS:div TYPE="Chapter" LABEL="§5.置点系的拉格朗日函数" ORDERLABEL="10"><METS:fptr FILEID="00000016"/>
			</METS:div>
		</METS:div>
		<METS:div TYPE="Chapter" LABEL="第二章 守恒定律" ORDERLABEL="17"><METS:fptr FILEID="00000023"/>
			<METS:div TYPE="Chapter" LABEL="§6.能量" ORDERLABEL="17"><METS:fptr FILEID="00000023"/>
			</METS:div>
			<METS:div TYPE="Chapter" LABEL="§7.冲量" ORDERLABEL="19"><METS:fptr FILEID="00000025"/>
			</METS:div>
			<METS:div TYPE="Chapter" LABEL="§8.惯性中心" ORDERLABEL="21"><METS:fptr FILEID="00000027"/>
			</METS:div>
			<METS:div TYPE="Chapter" LABEL="§9.冲量矩" ORDERLABEL="23"><METS:fptr FILEID="00000029"/>
			</METS:div>
			<METS:div TYPE="Chapter" LABEL="§10.力学的相似" ORDERLABEL="28"><METS:fptr FILEID="00000034"/>
			</METS:div>
		</METS:div>
		<METS:div TYPE="Chapter" LABEL="第三章 运动方程的积分" ORDERLABEL="32"><METS:fptr FILEID="00000038"/>
			<METS:div TYPE="Chapter" LABEL="§11.一维运动" ORDERLABEL="32"><METS:fptr FILEID="00000038"/>
			</METS:div>
			<METS:div TYPE="Chapter" LABEL="§12.由振动周期求位能" ORDERLABEL="35"><METS:fptr FILEID="00000041"/>
			</METS:div>
			<METS:div TYPE="Chapter" LABEL="§13.折合质量" ORDERLABEL="37"><METS:fptr FILEID="00000043"/>
			</METS:div>
			<METS:div TYPE="Chapter" LABEL="§14.在中心場中的运动" ORDERLABEL="39"><METS:fptr FILEID="00000045"/>
			</METS:div>
			<METS:div TYPE="Chapter" LABEL="§15.刻卜勒問題" ORDERLABEL="45"><METS:fptr FILEID="00000051"/>
			</METS:div>
		</METS:div>
		<METS:div TYPE="Chapter" LABEL="第四章 粒子碰撞" ORDERLABEL="53"><METS:fptr FILEID="00000059"/>
			<METS:div TYPE="Chapter" LABEL="§16.粒子的分裂" ORDERLABEL="53"><METS:fptr FILEID="00000059"/>
			</METS:div>
			<METS:div TYPE="Chapter" LABEL="§17.粒子的弹性碰撞" ORDERLABEL="58"><METS:fptr FILEID="00000064"/>
			</METS:div>
			<METS:div TYPE="Chapter" LABEL="§18.粒子的散射" ORDERLABEL="62"><METS:fptr FILEID="00000068"/>
			</METS:div>
			<METS:div TYPE="Chapter" LABEL="§19.慮瑟福公式" ORDERLABEL="68"><METS:fptr FILEID="00000074"/>
			</METS:div>
			<METS:div TYPE="Chapter" LABEL="§20.微偏角散射" ORDERLABEL="72"><METS:fptr FILEID="00000078"/>
			</METS:div>
		</METS:div>
		<METS:div TYPE="Chapter" LABEL="第五章 微振动" ORDERLABEL="75"><METS:fptr FILEID="00000081"/>
			<METS:div TYPE="Chapter" LABEL="§21.一維自由振动" ORDERLABEL="75"><METS:fptr FILEID="00000081"/>
			</METS:div>
			<METS:div TYPE="Chapter" LABEL="§22.强迫振动" ORDERLABEL="79"><METS:fptr FILEID="00000085"/>
			</METS:div>
			<METS:div TYPE="Chapter" LABEL="§23.多自由度体系的振动" ORDERLABEL="85"><METS:fptr FILEID="00000091"/>
			</METS:div>
			<METS:div TYPE="Chapter" LABEL="§24.分子振动" ORDERLABEL="92"><METS:fptr FILEID="00000098"/>
			</METS:div>
			<METS:div TYPE="Chapter" LABEL="§25.阻尼振动" ORDERLABEL="97"><METS:fptr FILEID="00000103"/>
			</METS:div>
			<METS:div TYPE="Chapter" LABEL="§26.有摩擦存在的强迫振动" ORDERLABEL="102"><METS:fptr FILEID="00000108"/>
			</METS:div>
			<METS:div TYPE="Chapter" LABEL="§27.參数共振" ORDERLABEL="105"><METS:fptr FILEID="00000111"/>
			</METS:div>
			<METS:div TYPE="Chapter" LABEL="§28.非諧和振动" ORDERLABEL="111"><METS:fptr FILEID="00000117"/>
			</METS:div>
			<METS:div TYPE="Chapter" LABEL="§29.非線性振动中的共振" ORDERLABEL="115"><METS:fptr FILEID="00000121"/>
			</METS:div>
			<METS:div TYPE="Chapter" LABEL="§30.快速交变場中的运动" ORDERLABEL="123"><METS:fptr FILEID="00000129"/>
			</METS:div>
		</METS:div>
		<METS:div TYPE="Chapter" LABEL="第六章 剛体运动" ORDERLABEL="127"><METS:fptr FILEID="00000133"/>
			<METS:div TYPE="Chapter" LABEL="§31.角速度" ORDERLABEL="127"><METS:fptr FILEID="00000133"/>
			</METS:div>
			<METS:div TYPE="Chapter" LABEL="§32.慣量張量" ORDERLABEL="130"><METS:fptr FILEID="00000136"/>
			</METS:div>
			<METS:div TYPE="Chapter" LABEL="§33.剛体的冲量矩" ORDERLABEL="139"><METS:fptr FILEID="00000145"/>
			</METS:div>
			<METS:div TYPE="Chapter" LABEL="§34.刚體运动方程" ORDERLABEL="142"><METS:fptr FILEID="00000148"/>
			</METS:div>
			<METS:div TYPE="Chapter" LABEL="§35.欧勒角" ORDERLABEL="145"><METS:fptr FILEID="00000151"/>
			</METS:div>
			<METS:div TYPE="Chapter" LABEL="§36.歐勒方程" ORDERLABEL="151"><METS:fptr FILEID="00000157"/>
			</METS:div>
			<METS:div TYPE="Chapter" LABEL="§37.不对称陀螺" ORDERLABEL="153"><METS:fptr FILEID="00000159"/>
			</METS:div>
			<METS:div TYPE="Chapter" LABEL="§38.剛体的接触" ORDERLABEL="162"><METS:fptr FILEID="00000168"/>
			</METS:div>
			<METS:div TYPE="Chapter" LABEL="§39.在非惯性計算系統中的运动" ORDERLABEL="167"><METS:fptr FILEID="00000173"/>
			</METS:div>
		</METS:div>
		<METS:div TYPE="Chapter" LABEL="第七章 正则方程" ORDERLABEL="173"><METS:fptr FILEID="00000179"/>
			<METS:div TYPE="Chapter" LABEL="§40.哈密頓方程" ORDERLABEL="173"><METS:fptr FILEID="00000179"/>
			</METS:div>
			<METS:div TYPE="Chapter" LABEL="§41.拉烏斯函數" ORDERLABEL="176"><METS:fptr FILEID="00000182"/>
			</METS:div>
			<METS:div TYPE="Chapter" LABEL="§42.泊松括号" ORDERLABEL="178"><METS:fptr FILEID="00000184"/>
			</METS:div>
			<METS:div TYPE="Chapter" LABEL="§43.作为坐标函数的作用量" ORDERLABEL="182"><METS:fptr FILEID="00000188"/>
			</METS:div>
			<METS:div TYPE="Chapter" LABEL="§44.莫培督原理" ORDERLABEL="185"><METS:fptr FILEID="00000191"/>
			</METS:div>
			<METS:div TYPE="Chapter" LABEL="§45.正則变换" ORDERLABEL="188"><METS:fptr FILEID="00000194"/>
			</METS:div>
			<METS:div TYPE="Chapter" LABEL="§46.刘維定理" ORDERLABEL="192"><METS:fptr FILEID="00000198"/>
			</METS:div>
			<METS:div TYPE="Chapter" LABEL="§47.哈密頓-雅可比方程" ORDERLABEL="194"><METS:fptr FILEID="00000200"/>
			</METS:div>
			<METS:div TYPE="Chapter" LABEL="§48.分离变量" ORDERLABEL="197"><METS:fptr FILEID="00000203"/>
			</METS:div>
			<METS:div TYPE="Chapter" LABEL="§49.絕热不变量" ORDERLABEL="204"><METS:fptr FILEID="00000210"/>
			</METS:div>
			<METS:div TYPE="Chapter" LABEL="§50.多維运动的一般性質" ORDERLABEL="208"><METS:fptr FILEID="00000214"/>
			</METS:div>
		</METS:div>
	</METS:structMap>
</METS:mets>
