<?xml version="1.0" encoding="utf-8"?>
<METS:mets xmlns:METS="http://www.loc.gov/METS/" xmlns:xsi="http://www.w3.org/2001/XMLSchema-instance" xmlns:gdm="http://sunsite.berkeley.edu/GDM/" xmlns:xlink="http://www.w3.org/TR/xlink" xsi:schemalocation="http://www.loc.gov/METS/http://www.loc.gov/standards/mets/mets.xsd" LABEL="Zhejiang University.jdl.China-America digital library project" TYPE="Section">
	<METS:structMap TYPE="Catalog">
		<METS:div TYPE="Chapter" LABEL="第一章 速度" ORDERLABEL="1"><METS:fptr FILEID="00000006"/>
		</METS:div>
		<METS:div TYPE="Chapter" LABEL="第二章 向量" ORDERLABEL="29"><METS:fptr FILEID="00000034"/>
		</METS:div>
		<METS:div TYPE="Chapter" LABEL="第三章 角速度" ORDERLABEL="49"><METS:fptr FILEID="00000054"/>
		</METS:div>
		<METS:div TYPE="Chapter" LABEL="第四章 加速度" ORDERLABEL="59"><METS:fptr FILEID="00000064"/>
		</METS:div>
		<METS:div TYPE="Chapter" LABEL="第五章 谐和運動" ORDERLABEL="89"><METS:fptr FILEID="00000094"/>
		</METS:div>
		<METS:div TYPE="Chapter" LABEL="第六章 食性與質量" ORDERLABEL="111"><METS:fptr FILEID="00000116"/>
		</METS:div>
		<METS:div TYPE="Chapter" LABEL="第七章 直線運動之基本方程式" ORDERLABEL="123"><METS:fptr FILEID="00000128"/>
		</METS:div>
		<METS:div TYPE="Chapter" LABEL="第八章 純轉動運動方程式" ORDERLABEL="145"><METS:fptr FILEID="00000150"/>
		</METS:div>
		<METS:div TYPE="Chapter" LABEL="第九章 静力學" ORDERLABEL="171"><METS:fptr FILEID="00000176"/>
		</METS:div>
		<METS:div TYPE="Chapter" LABEL="第十章 引力及势" ORDERLABEL="203"><METS:fptr FILEID="00000208"/>
		</METS:div>
		<METS:div TYPE="Chapter" LABEL="第十一章 中心力" ORDERLABEL="221"><METS:fptr FILEID="00000226"/>
		</METS:div>
		<METS:div TYPE="Chapter" LABEL="第十二章 質點在流體中運動之阻力" ORDERLABEL="243"><METS:fptr FILEID="00000248"/>
		</METS:div>
		<METS:div TYPE="Chapter" LABEL="第十三章 阻尼諧和運動" ORDERLABEL="255"><METS:fptr FILEID="00000260"/>
		</METS:div>
		<METS:div TYPE="Chapter" LABEL="第十四章 向量場" ORDERLABEL="277"><METS:fptr FILEID="00000282"/>
		</METS:div>
		<METS:div TYPE="Chapter" LABEL="第十五章 基本原理問题之說明" ORDERLABEL="301"><METS:fptr FILEID="00000306"/>
		</METS:div>
		<METS:div TYPE="Chapter" LABEL="第十六章 剛體之一般運動" ORDERLABEL="331"><METS:fptr FILEID="00000336"/>
		</METS:div>
		<METS:div TYPE="Chapter" LABEL="第十七章 其他一般原理" ORDERLABEL="349"><METS:fptr FILEID="00000354"/>
		</METS:div>
	</METS:structMap>
</METS:mets>
