<?xml version="1.0" encoding="utf-8"?>
<METS:mets xmlns:METS="http://www.loc.gov/METS/" xmlns:xsi="http://www.w3.org/2001/XMLSchema-instance" xmlns:gdm="http://sunsite.berkeley.edu/GDM/" xmlns:xlink="http://www.w3.org/TR/xlink" xsi:schemalocation="http://www.loc.gov/METS/http://www.loc.gov/standards/mets/mets.xsd" LABEL="Zhejiang University.jdl.China-America digital library project" TYPE="Section">
	<METS:structMap TYPE="Catalog">
		<METS:div TYPE="Chapter" LABEL="緒論" ORDERLABEL="1"><METS:fptr FILEID="00000011"/>
			<METS:div TYPE="Chapter" LABEL="一、理論力学的研究对象" ORDERLABEL="1"><METS:fptr FILEID="00000011"/>
			</METS:div>
			<METS:div TYPE="Chapter" LABEL="二、理論力学的任务及其研究内容" ORDERLABEL="1"><METS:fptr FILEID="00000011"/>
			</METS:div>
			<METS:div TYPE="Chapter" LABEL="三、理論力学的研究方法" ORDERLABEL="2"><METS:fptr FILEID="00000012"/>
			</METS:div>
			<METS:div TYPE="Chapter" LABEL="四、理論力学发展簡史" ORDERLABEL="4"><METS:fptr FILEID="00000014"/>
			</METS:div>
		</METS:div>
		<METS:div TYPE="Chapter" LABEL="静力学" ORDERLABEL="8"><METS:fptr FILEID="00000018"/>
			<METS:div TYPE="Chapter" LABEL="第一章静力学的基本概念与公理" ORDERLABEL="8"><METS:fptr FILEID="00000018"/>
				<METS:div TYPE="Chapter" LABEL="§1-1基本概念" ORDERLABEL="8"><METS:fptr FILEID="00000018"/>
				</METS:div>
				<METS:div TYPE="Chapter" LABEL="§1-2靜力学公理" ORDERLABEL="11"><METS:fptr FILEID="00000021"/>
				</METS:div>
				<METS:div TYPE="Chapter" LABEL="§1-3約束与約束反力" ORDERLABEL="14"><METS:fptr FILEID="00000024"/>
				</METS:div>
				<METS:div TYPE="Chapter" LABEL="§1-4受力圖" ORDERLABEL="19"><METS:fptr FILEID="00000029"/>
				</METS:div>
			</METS:div>
			<METS:div TYPE="Chapter" LABEL="第二章平面汇交力系" ORDERLABEL="21"><METS:fptr FILEID="00000031"/>
				<METS:div TYPE="Chapter" LABEL="§2-1汇交力系合成与平衡的几何法" ORDERLABEL="21"><METS:fptr FILEID="00000031"/>
				</METS:div>
				<METS:div TYPE="Chapter" LABEL="§2-2力的分解" ORDERLABEL="25"><METS:fptr FILEID="00000035"/>
				</METS:div>
				<METS:div TYPE="Chapter" LABEL="§2-3力在轴上的投影" ORDERLABEL="26"><METS:fptr FILEID="00000036"/>
				</METS:div>
				<METS:div TYPE="Chapter" LABEL="§2-4汇交力系合成的解析法·汇交力系平衡的解析条件" ORDERLABEL="27"><METS:fptr FILEID="00000037"/>
				</METS:div>
			</METS:div>
			<METS:div TYPE="Chapter" LABEL="第三章平面力偶系" ORDERLABEL="31"><METS:fptr FILEID="00000041"/>
				<METS:div TYPE="Chapter" LABEL="§3-1两平行力的合成" ORDERLABEL="31"><METS:fptr FILEID="00000041"/>
				</METS:div>
				<METS:div TYPE="Chapter" LABEL="§3-2力偶·力偶矩" ORDERLABEL="34"><METS:fptr FILEID="00000044"/>
				</METS:div>
				<METS:div TYPE="Chapter" LABEL="§3-3力偶的等效" ORDERLABEL="35"><METS:fptr FILEID="00000045"/>
				</METS:div>
				<METS:div TYPE="Chapter" LABEL="§3-4力偶系的合成与平衡" ORDERLABEL="37"><METS:fptr FILEID="00000047"/>
				</METS:div>
			</METS:div>
			<METS:div TYPE="Chapter" LABEL="第四章平面任意力系" ORDERLABEL="39"><METS:fptr FILEID="00000049"/>
				<METS:div TYPE="Chapter" LABEL="§4-1力对于点之矩" ORDERLABEL="39"><METS:fptr FILEID="00000049"/>
				</METS:div>
				<METS:div TYPE="Chapter" LABEL="§4-2力線的平移" ORDERLABEL="41"><METS:fptr FILEID="00000051"/>
				</METS:div>
				<METS:div TYPE="Chapter" LABEL="§4-3平面任意力系向已知点的簡化·主矢与主矩" ORDERLABEL="42"><METS:fptr FILEID="00000052"/>
				</METS:div>
				<METS:div TYPE="Chapter" LABEL="§4-4簡化結果的分析·合力之矩定理" ORDERLABEL="45"><METS:fptr FILEID="00000055"/>
				</METS:div>
				<METS:div TYPE="Chapter" LABEL="§4-5平面任意力系的平衡条件与平衡方程" ORDERLABEL="47"><METS:fptr FILEID="00000057"/>
				</METS:div>
				<METS:div TYPE="Chapter" LABEL="§4-6平行力系的合成与平衡" ORDERLABEL="51"><METS:fptr FILEID="00000061"/>
				</METS:div>
				<METS:div TYPE="Chapter" LABEL="§4-7物体系的平衡·静定与静不定的概念" ORDERLABEL="54"><METS:fptr FILEID="00000064"/>
				</METS:div>
				<METS:div TYPE="Chapter" LABEL="§4-8平面靜定桁架内力的分析" ORDERLABEL="59"><METS:fptr FILEID="00000069"/>
				</METS:div>
			</METS:div>
			<METS:div TYPE="Chapter" LABEL="第五章摩擦" ORDERLABEL="65"><METS:fptr FILEID="00000075"/>
				<METS:div TYPE="Chapter" LABEL="§5-1摩擦現象" ORDERLABEL="65"><METS:fptr FILEID="00000075"/>
				</METS:div>
				<METS:div TYPE="Chapter" LABEL="§5-2滑动摩擦·极限摩擦定律" ORDERLABEL="66"><METS:fptr FILEID="00000076"/>
				</METS:div>
				<METS:div TYPE="Chapter" LABEL="§5-3具有滑动摩擦的平衡問题" ORDERLABEL="70"><METS:fptr FILEID="00000080"/>
				</METS:div>
				<METS:div TYPE="Chapter" LABEL="§5-4滚动磨擦" ORDERLABEL="74"><METS:fptr FILEID="00000084"/>
				</METS:div>
			</METS:div>
			<METS:div TYPE="Chapter" LABEL="第六章平面力系图解法" ORDERLABEL="78"><METS:fptr FILEID="00000088"/>
				<METS:div TYPE="Chapter" LABEL="§6-1平面任意力系的合成及平衡条件" ORDERLABEL="78"><METS:fptr FILEID="00000088"/>
				</METS:div>
				<METS:div TYPE="Chapter" LABEL="§6-2用图解法求支座反力" ORDERLABEL="81"><METS:fptr FILEID="00000091"/>
				</METS:div>
			</METS:div>
			<METS:div TYPE="Chapter" LABEL="第七章空間汇交力系" ORDERLABEL="83"><METS:fptr FILEID="00000093"/>
				<METS:div TYPE="Chapter" LABEL="§7-1空間汇交力系的合成" ORDERLABEL="83"><METS:fptr FILEID="00000093"/>
				</METS:div>
				<METS:div TYPE="Chapter" LABEL="§7-2空間汇交力系的平衡条件" ORDERLABEL="86"><METS:fptr FILEID="00000096"/>
				</METS:div>
			</METS:div>
			<METS:div TYPE="Chapter" LABEL="第八章空間力偶系" ORDERLABEL="88"><METS:fptr FILEID="00000098"/>
				<METS:div TYPE="Chapter" LABEL="§8-1空間力偶的等效·力偶矩矢" ORDERLABEL="88"><METS:fptr FILEID="00000098"/>
				</METS:div>
				<METS:div TYPE="Chapter" LABEL="§8-2力偶系的合成与平衡" ORDERLABEL="90"><METS:fptr FILEID="00000100"/>
				</METS:div>
			</METS:div>
			<METS:div TYPE="Chapter" LABEL="第九章空間任意力系" ORDERLABEL="93"><METS:fptr FILEID="00000103"/>
				<METS:div TYPE="Chapter" LABEL="§9-1力对于点之矩的矢量表示法" ORDERLABEL="93"><METS:fptr FILEID="00000103"/>
				</METS:div>
				<METS:div TYPE="Chapter" LABEL="§9-2力对于軸之矩" ORDERLABEL="94"><METS:fptr FILEID="00000104"/>
				</METS:div>
				<METS:div TYPE="Chapter" LABEL="§9-3力对於点之矩與力对於通过此点的軸之矩間的关系" ORDERLABEL="96"><METS:fptr FILEID="00000106"/>
				</METS:div>
				<METS:div TYPE="Chapter" LABEL="§9-4空間力系向已知点的簡化·主矢与主矩" ORDERLABEL="97"><METS:fptr FILEID="00000107"/>
				</METS:div>
				<METS:div TYPE="Chapter" LABEL="§9-5簡化結果的分析·合力之矩定理" ORDERLABEL="100"><METS:fptr FILEID="00000110"/>
				</METS:div>
				<METS:div TYPE="Chapter" LABEL="§9-6空間任意力系的平衡方程" ORDERLABEL="102"><METS:fptr FILEID="00000112"/>
				</METS:div>
				<METS:div TYPE="Chapter" LABEL="§9-7平行力系的中心与重心" ORDERLABEL="106"><METS:fptr FILEID="00000116"/>
				</METS:div>
			</METS:div>
		</METS:div>
		<METS:div TYPE="Chapter" LABEL="运动学" ORDERLABEL="114"><METS:fptr FILEID="00000124"/>
			<METS:div TYPE="Chapter" LABEL="第十章运动学的基本概念及点的运动学" ORDERLABEL="114"><METS:fptr FILEID="00000124"/>
				<METS:div TYPE="Chapter" LABEL="§10-1運动学的基本概念" ORDERLABEL="114"><METS:fptr FILEID="00000124"/>
				</METS:div>
				<METS:div TYPE="Chapter" LABEL="§10-2决定点的运动的基本方法" ORDERLABEL="116"><METS:fptr FILEID="00000126"/>
				</METS:div>
				<METS:div TYPE="Chapter" LABEL="§10-3点的直線运动方程·速度與加速度" ORDERLABEL="119"><METS:fptr FILEID="00000129"/>
				</METS:div>
				<METS:div TYPE="Chapter" LABEL="§10-4簡諧运动及曲栖連杆机构中滑块的运動" ORDERLABEL="122"><METS:fptr FILEID="00000132"/>
				</METS:div>
				<METS:div TYPE="Chapter" LABEL="§10-5速度與加速度的天徑禅表示法" ORDERLABEL="126"><METS:fptr FILEID="00000136"/>
				</METS:div>
				<METS:div TYPE="Chapter" LABEL="§10-6速度与加速度的直角坐标表示法" ORDERLABEL="127"><METS:fptr FILEID="00000137"/>
				</METS:div>
				<METS:div TYPE="Chapter" LABEL="§10-7自然軸系" ORDERLABEL="131"><METS:fptr FILEID="00000141"/>
				</METS:div>
				<METS:div TYPE="Chapter" LABEL="§10-8速度与加速度的自然表示法" ORDERLABEL="132"><METS:fptr FILEID="00000142"/>
				</METS:div>
			</METS:div>
			<METS:div TYPE="Chapter" LABEL="第十一章刚体运动的基本种类" ORDERLABEL="138"><METS:fptr FILEID="00000148"/>
				<METS:div TYPE="Chapter" LABEL="§11-1引言" ORDERLABEL="138"><METS:fptr FILEID="00000148"/>
				</METS:div>
				<METS:div TYPE="Chapter" LABEL="§11-2刚体的平行移动" ORDERLABEL="139"><METS:fptr FILEID="00000149"/>
				</METS:div>
				<METS:div TYPE="Chapter" LABEL="§11-3剛体的定軸轉動" ORDERLABEL="141"><METS:fptr FILEID="00000151"/>
				</METS:div>
				<METS:div TYPE="Chapter" LABEL="§11-4轉动刚体内各点的速度与加速度" ORDERLABEL="144"><METS:fptr FILEID="00000154"/>
				</METS:div>
				<METS:div TYPE="Chapter" LABEL="§11-5繞定軸轉动剛体的傅动問题" ORDERLABEL="148"><METS:fptr FILEID="00000158"/>
				</METS:div>
				<METS:div TYPE="Chapter" LABEL="§11-6角速度及角加速度的矢量表示·以矢积表示轉动剛体内点的速度与加速度" ORDERLABEL="151"><METS:fptr FILEID="00000161"/>
				</METS:div>
			</METS:div>
			<METS:div TYPE="Chapter" LABEL="第十二章点的合成运动" ORDERLABEL="154"><METS:fptr FILEID="00000164"/>
				<METS:div TYPE="Chapter" LABEL="§12-1点的合成运动的概念" ORDERLABEL="154"><METS:fptr FILEID="00000164"/>
				</METS:div>
				<METS:div TYPE="Chapter" LABEL="§12-2絕对运动、相对运动和牵速运动的速度与加速度" ORDERLABEL="156"><METS:fptr FILEID="00000166"/>
				</METS:div>
				<METS:div TYPE="Chapter" LABEL="§12-3点的速度合成定理" ORDERLABEL="158"><METS:fptr FILEID="00000168"/>
				</METS:div>
				<METS:div TYPE="Chapter" LABEL="§12-4牵速运动为平动时点的加速度合成定理" ORDERLABEL="161"><METS:fptr FILEID="00000171"/>
				</METS:div>
				<METS:div TYPE="Chapter" LABEL="§12-5牵述运动为轉动时点的加速度合成定理" ORDERLABEL="163"><METS:fptr FILEID="00000173"/>
				</METS:div>
			</METS:div>
			<METS:div TYPE="Chapter" LABEL="第十三章剛体的平面平行运动" ORDERLABEL="167"><METS:fptr FILEID="00000177"/>
				<METS:div TYPE="Chapter" LABEL="§13-1刚体平面平行运動的概述" ORDERLABEL="167"><METS:fptr FILEID="00000177"/>
				</METS:div>
				<METS:div TYPE="Chapter" LABEL="§13-2平面运动分解为平动与轉动·剛体平面运动的运动方程" ORDERLABEL="168"><METS:fptr FILEID="00000178"/>
				</METS:div>
				<METS:div TYPE="Chapter" LABEL="§13-3平面图形内各点的速度·速度投影定理·速度瞬心" ORDERLABEL="171"><METS:fptr FILEID="00000181"/>
				</METS:div>
				<METS:div TYPE="Chapter" LABEL="§13-4平面图形内各点的加速度·加速度瞬心的概念" ORDERLABEL="178"><METS:fptr FILEID="00000188"/>
				</METS:div>
				<METS:div TYPE="Chapter" LABEL="§13-5剛体繞平行軸轉动的合成" ORDERLABEL="181"><METS:fptr FILEID="00000191"/>
				</METS:div>
			</METS:div>
		</METS:div>
		<METS:div TYPE="Chapter" LABEL="动力学" ORDERLABEL="185"><METS:fptr FILEID="00000195"/>
			<METS:div TYPE="Chapter" LABEL="第十四章动力学基本定律" ORDERLABEL="185"><METS:fptr FILEID="00000195"/>
				<METS:div TYPE="Chapter" LABEL="§14-1緒言" ORDERLABEL="185"><METS:fptr FILEID="00000195"/>
				</METS:div>
				<METS:div TYPE="Chapter" LABEL="§14-2动力学基本定律" ORDERLABEL="186"><METS:fptr FILEID="00000196"/>
				</METS:div>
			</METS:div>
			<METS:div TYPE="Chapter" LABEL="第十五章质点的运动微分方程" ORDERLABEL="190"><METS:fptr FILEID="00000200"/>
				<METS:div TYPE="Chapter" LABEL="§15-1质点的运动微分方程" ORDERLABEL="190"><METS:fptr FILEID="00000200"/>
				</METS:div>
				<METS:div TYPE="Chapter" LABEL="§15-2动力学第一类基本問題" ORDERLABEL="192"><METS:fptr FILEID="00000202"/>
				</METS:div>
				<METS:div TYPE="Chapter" LABEL="§15-3动力学第二类基本問題" ORDERLABEL="195"><METS:fptr FILEID="00000205"/>
				</METS:div>
			</METS:div>
			<METS:div TYPE="Chapter" LABEL="第十六章质点的振动" ORDERLABEL="203"><METS:fptr FILEID="00000213"/>
				<METS:div TYPE="Chapter" LABEL="§16-1振动的概念" ORDERLABEL="203"><METS:fptr FILEID="00000213"/>
				</METS:div>
				<METS:div TYPE="Chapter" LABEL="§16-2质点的自由振动" ORDERLABEL="203"><METS:fptr FILEID="00000213"/>
				</METS:div>
				<METS:div TYPE="Chapter" LABEL="§16-3阻力对于自由振动的影响" ORDERLABEL="209"><METS:fptr FILEID="00000219"/>
				</METS:div>
				<METS:div TYPE="Chapter" LABEL="§16-4质点的强迫振动·共振" ORDERLABEL="214"><METS:fptr FILEID="00000224"/>
				</METS:div>
				<METS:div TYPE="Chapter" LABEL="§16-5阻力对于强迫振动的影响" ORDERLABEL="219"><METS:fptr FILEID="00000229"/>
				</METS:div>
				<METS:div TYPE="Chapter" LABEL="§16-6振动的利用和消除" ORDERLABEL="221"><METS:fptr FILEID="00000231"/>
				</METS:div>
			</METS:div>
			<METS:div TYPE="Chapter" LABEL="第十七章质点的相对运动" ORDERLABEL="223"><METS:fptr FILEID="00000233"/>
				<METS:div TYPE="Chapter" LABEL="§17-1质点的相对运动动力学" ORDERLABEL="223"><METS:fptr FILEID="00000233"/>
				</METS:div>
				<METS:div TYPE="Chapter" LABEL="§17-2牵速运动为平動时质点的相对运动微分方程" ORDERLABEL="223"><METS:fptr FILEID="00000233"/>
				</METS:div>
				<METS:div TYPE="Chapter" LABEL="§17-3牵速运动为定轴轉动时质点的相对运动" ORDERLABEL="226"><METS:fptr FILEID="00000236"/>
				</METS:div>
			</METS:div>
			<METS:div TYPE="Chapter" LABEL="第十八章动量定理" ORDERLABEL="230"><METS:fptr FILEID="00000240"/>
				<METS:div TYPE="Chapter" LABEL="§18-1动力学普遍定理" ORDERLABEL="230"><METS:fptr FILEID="00000240"/>
				</METS:div>
				<METS:div TYPE="Chapter" LABEL="§18-2动量与冲量" ORDERLABEL="230"><METS:fptr FILEID="00000240"/>
				</METS:div>
				<METS:div TYPE="Chapter" LABEL="§18-3质点的动量定理" ORDERLABEL="232"><METS:fptr FILEID="00000242"/>
				</METS:div>
				<METS:div TYPE="Chapter" LABEL="§18-4质点系的动量定理" ORDERLABEL="235"><METS:fptr FILEID="00000245"/>
				</METS:div>
				<METS:div TYPE="Chapter" LABEL="§18-5质心运动定理" ORDERLABEL="240"><METS:fptr FILEID="00000250"/>
				</METS:div>
			</METS:div>
			<METS:div TYPE="Chapter" LABEL="第十九章动量矩定理" ORDERLABEL="245"><METS:fptr FILEID="00000255"/>
				<METS:div TYPE="Chapter" LABEL="§19-1质点的动量矩定理" ORDERLABEL="245"><METS:fptr FILEID="00000255"/>
				</METS:div>
				<METS:div TYPE="Chapter" LABEL="§19-2质点系的动量矩定理" ORDERLABEL="248"><METS:fptr FILEID="00000258"/>
				</METS:div>
				<METS:div TYPE="Chapter" LABEL="§19-3剛体的定轴轉动微分方程" ORDERLABEL="252"><METS:fptr FILEID="00000262"/>
				</METS:div>
				<METS:div TYPE="Chapter" LABEL="§19-4轉动惯量" ORDERLABEL="256"><METS:fptr FILEID="00000266"/>
				</METS:div>
			</METS:div>
			<METS:div TYPE="Chapter" LABEL="第二十章动能定理" ORDERLABEL="261"><METS:fptr FILEID="00000271"/>
				<METS:div TYPE="Chapter" LABEL="§20-1能的概念的起源" ORDERLABEL="261"><METS:fptr FILEID="00000271"/>
				</METS:div>
				<METS:div TYPE="Chapter" LABEL="§20-2功与功率" ORDERLABEL="262"><METS:fptr FILEID="00000272"/>
				</METS:div>
				<METS:div TYPE="Chapter" LABEL="§20-3质点的动能定理" ORDERLABEL="267"><METS:fptr FILEID="00000277"/>
				</METS:div>
				<METS:div TYPE="Chapter" LABEL="§20-4作用于质点系與剛体上的力系的功" ORDERLABEL="269"><METS:fptr FILEID="00000279"/>
				</METS:div>
				<METS:div TYPE="Chapter" LABEL="§20-5质点系和剛体的动能" ORDERLABEL="272"><METS:fptr FILEID="00000282"/>
				</METS:div>
				<METS:div TYPE="Chapter" LABEL="§20-6质点系的动能定理" ORDERLABEL="274"><METS:fptr FILEID="00000284"/>
				</METS:div>
				<METS:div TYPE="Chapter" LABEL="§20-7势力場·势能·机械能守恒定律" ORDERLABEL="278"><METS:fptr FILEID="00000288"/>
				</METS:div>
			</METS:div>
			<METS:div TYPE="Chapter" LABEL="第二十一章碰撞理論" ORDERLABEL="281"><METS:fptr FILEID="00000291"/>
				<METS:div TYPE="Chapter" LABEL="§21-1碰撞现象" ORDERLABEL="281"><METS:fptr FILEID="00000291"/>
				</METS:div>
				<METS:div TYPE="Chapter" LABEL="§21-2碰撞的基本方程-碰撞时动量的变化" ORDERLABEL="282"><METS:fptr FILEID="00000292"/>
				</METS:div>
				<METS:div TYPE="Chapter" LABEL="§21-3两物体的对心碰撞" ORDERLABEL="284"><METS:fptr FILEID="00000294"/>
				</METS:div>
				<METS:div TYPE="Chapter" LABEL="§21-4碰撞时动能的变化" ORDERLABEL="287"><METS:fptr FILEID="00000297"/>
				</METS:div>
				<METS:div TYPE="Chapter" LABEL="§21-5小球对于固定面的碰撞·恢复系数的测定" ORDERLABEL="288"><METS:fptr FILEID="00000298"/>
				</METS:div>
				<METS:div TYPE="Chapter" LABEL="§21-6碰撞时动量矩的变化·碰撞对繞定軸轉動的剛体的作用" ORDERLABEL="291"><METS:fptr FILEID="00000301"/>
				</METS:div>
				<METS:div TYPE="Chapter" LABEL="§21-7打击中心" ORDERLABEL="293"><METS:fptr FILEID="00000303"/>
				</METS:div>
			</METS:div>
			<METS:div TYPE="Chapter" LABEL="第二十二章达朗伯原理与剛体动力学基础" ORDERLABEL="295"><METS:fptr FILEID="00000305"/>
				<METS:div TYPE="Chapter" LABEL="§22-1质点的达朗伯原理·惯性力" ORDERLABEL="295"><METS:fptr FILEID="00000305"/>
				</METS:div>
				<METS:div TYPE="Chapter" LABEL="§22-2质点系的达朗伯原理" ORDERLABEL="300"><METS:fptr FILEID="00000310"/>
				</METS:div>
				<METS:div TYPE="Chapter" LABEL="§22-3惯性力系的簡化" ORDERLABEL="301"><METS:fptr FILEID="00000311"/>
				</METS:div>
				<METS:div TYPE="Chapter" LABEL="§22-4轉动剛体对于轴承的压力" ORDERLABEL="305"><METS:fptr FILEID="00000315"/>
				</METS:div>
				<METS:div TYPE="Chapter" LABEL="§22-5刚体的平面运动微分方程" ORDERLABEL="308"><METS:fptr FILEID="00000318"/>
				</METS:div>
			</METS:div>
			<METS:div TYPE="Chapter" LABEL="第二十三章虚位移原理" ORDERLABEL="310"><METS:fptr FILEID="00000320"/>
				<METS:div TYPE="Chapter" LABEL="§23-1质点系的自由度·約束与广义坐标" ORDERLABEL="310"><METS:fptr FILEID="00000320"/>
				</METS:div>
				<METS:div TYPE="Chapter" LABEL="§23-2虚位移与理想約束" ORDERLABEL="314"><METS:fptr FILEID="00000324"/>
				</METS:div>
				<METS:div TYPE="Chapter" LABEL="§23-3虚位移原理" ORDERLABEL="315"><METS:fptr FILEID="00000325"/>
				</METS:div>
				<METS:div TYPE="Chapter" LABEL="§23-4用虚位移原理求約束反力" ORDERLABEL="320"><METS:fptr FILEID="00000330"/>
				</METS:div>
				<METS:div TYPE="Chapter" LABEL="§23-5动力学的普遍方程" ORDERLABEL="322"><METS:fptr FILEID="00000332"/>
				</METS:div>
			</METS:div>
		</METS:div>
	</METS:structMap>
</METS:mets>
