<?xml version="1.0" encoding="utf-8"?>
<METS:mets xmlns:METS="http://www.loc.gov/METS/" xmlns:xsi="http://www.w3.org/2001/XMLSchema-instance" xmlns:gdm="http://sunsite.berkeley.edu/GDM/" xmlns:xlink="http://www.w3.org/TR/xlink" xsi:schemalocation="http://www.loc.gov/METS/http://www.loc.gov/standards/mets/mets.xsd" LABEL="Zhejiang University.jdl.China-America digital library project" TYPE="Section">
	<METS:structMap TYPE="Catalog">
		<METS:div TYPE="Chapter" LABEL="緒論" ORDERLABEL="1"><METS:fptr FILEID="00000010"/>
		</METS:div>
		<METS:div TYPE="Chapter" LABEL="第一篇 靜力学" ORDERLABEL="5"><METS:fptr FILEID="00000014"/>
			<METS:div TYPE="Chapter" LABEL="第一章靜力学的基本概念和公理" ORDERLABEL="5"><METS:fptr FILEID="00000014"/>
				<METS:div TYPE="Chapter" LABEL="§1-1靜力学的对象" ORDERLABEL="5"><METS:fptr FILEID="00000014"/>
				</METS:div>
				<METS:div TYPE="Chapter" LABEL="§1-2剛体的概念" ORDERLABEL="5"><METS:fptr FILEID="00000014"/>
				</METS:div>
				<METS:div TYPE="Chapter" LABEL="§1-3力的概念" ORDERLABEL="6"><METS:fptr FILEID="00000015"/>
				</METS:div>
				<METS:div TYPE="Chapter" LABEL="§1-4靜力学公理" ORDERLABEL="8"><METS:fptr FILEID="00000017"/>
				</METS:div>
				<METS:div TYPE="Chapter" LABEL="§1-5約束及約束反作用力" ORDERLABEL="11"><METS:fptr FILEID="00000020"/>
				</METS:div>
				<METS:div TYPE="Chapter" LABEL="§1-6分离体和受力图" ORDERLABEL="17"><METS:fptr FILEID="00000026"/>
				</METS:div>
			</METS:div>
			<METS:div TYPE="Chapter" LABEL="第二章平面汇交力系" ORDERLABEL="21"><METS:fptr FILEID="00000030"/>
				<METS:div TYPE="Chapter" LABEL="§2-1平面汇交力系合成的几何法" ORDERLABEL="21"><METS:fptr FILEID="00000030"/>
				</METS:div>
				<METS:div TYPE="Chapter" LABEL="§2-2平面汇交力系平衡的几何条件" ORDERLABEL="23"><METS:fptr FILEID="00000032"/>
				</METS:div>
				<METS:div TYPE="Chapter" LABEL="§2-3力的分解" ORDERLABEL="24"><METS:fptr FILEID="00000033"/>
				</METS:div>
				<METS:div TYPE="Chapter" LABEL="§2-4力在軸上的投影·合力投影定理" ORDERLABEL="25"><METS:fptr FILEID="00000034"/>
				</METS:div>
				<METS:div TYPE="Chapter" LABEL="§2-5平面汇交力系合成的解析法" ORDERLABEL="26"><METS:fptr FILEID="00000035"/>
				</METS:div>
				<METS:div TYPE="Chapter" LABEL="§2-6平面汇交力系平衡的解析条件·平衡方程" ORDERLABEL="27"><METS:fptr FILEID="00000036"/>
				</METS:div>
				<METS:div TYPE="Chapter" LABEL="§2-7平面汇交力系平衡問題的解題步驟" ORDERLABEL="28"><METS:fptr FILEID="00000037"/>
				</METS:div>
			</METS:div>
			<METS:div TYPE="Chapter" LABEL="第三章平面力偶系" ORDERLABEL="33"><METS:fptr FILEID="00000042"/>
				<METS:div TYPE="Chapter" LABEL="§3-1同向和反向两平行力的合成" ORDERLABEL="33"><METS:fptr FILEID="00000042"/>
				</METS:div>
				<METS:div TYPE="Chapter" LABEL="§3-2力对点的矩" ORDERLABEL="35"><METS:fptr FILEID="00000044"/>
				</METS:div>
				<METS:div TYPE="Chapter" LABEL="§3-3力偶矩·等效力偶" ORDERLABEL="35"><METS:fptr FILEID="00000044"/>
				</METS:div>
				<METS:div TYPE="Chapter" LABEL="§3-4力的平移和力对点取矩" ORDERLABEL="37"><METS:fptr FILEID="00000046"/>
				</METS:div>
				<METS:div TYPE="Chapter" LABEL="§3-5平面力偶系的合成和平衡条件" ORDERLABEL="40"><METS:fptr FILEID="00000049"/>
				</METS:div>
			</METS:div>
			<METS:div TYPE="Chapter" LABEL="第四章平面任意力系" ORDERLABEL="43"><METS:fptr FILEID="00000052"/>
				<METS:div TYPE="Chapter" LABEL="§4-1平面任意力系向作用面内任-点的簡化" ORDERLABEL="43"><METS:fptr FILEID="00000052"/>
				</METS:div>
				<METS:div TYPE="Chapter" LABEL="§4-2平面任意力系合成为合力的情况·合力矩定理(伐里农定理)" ORDERLABEL="45"><METS:fptr FILEID="00000054"/>
				</METS:div>
				<METS:div TYPE="Chapter" LABEL="§4-3平面任意力系合成为力偶的情况" ORDERLABEL="46"><METS:fptr FILEID="00000055"/>
				</METS:div>
				<METS:div TYPE="Chapter" LABEL="§4-4平面任意力系的平衡条件和平衡方程" ORDERLABEL="48"><METS:fptr FILEID="00000057"/>
				</METS:div>
				<METS:div TYPE="Chapter" LABEL="§4-5平面任意力系平衡問題的解題方法" ORDERLABEL="49"><METS:fptr FILEID="00000058"/>
				</METS:div>
				<METS:div TYPE="Chapter" LABEL="§4-6平面平行力系的合成和平衡方程" ORDERLABEL="55"><METS:fptr FILEID="00000064"/>
				</METS:div>
				<METS:div TYPE="Chapter" LABEL="§4-7靜定和靜不定問題的概念" ORDERLABEL="57"><METS:fptr FILEID="00000066"/>
				</METS:div>
				<METS:div TYPE="Chapter" LABEL="§4-8物体系的平衡" ORDERLABEL="58"><METS:fptr FILEID="00000067"/>
				</METS:div>
				<METS:div TYPE="Chapter" LABEL="§4-9滑动摩擦" ORDERLABEL="64"><METS:fptr FILEID="00000073"/>
				</METS:div>
				<METS:div TYPE="Chapter" LABEL="§4-10有摩擦时的平衡問題" ORDERLABEL="67"><METS:fptr FILEID="00000076"/>
				</METS:div>
			</METS:div>
			<METS:div TYPE="Chapter" LABEL="第五章空間力系" ORDERLABEL="72"><METS:fptr FILEID="00000081"/>
				<METS:div TYPE="Chapter" LABEL="§5-1空間汇交力系的合成和平衡条件" ORDERLABEL="72"><METS:fptr FILEID="00000081"/>
				</METS:div>
				<METS:div TYPE="Chapter" LABEL="§5-2力偶矩矢的概念" ORDERLABEL="75"><METS:fptr FILEID="00000084"/>
				</METS:div>
				<METS:div TYPE="Chapter" LABEL="§5-3空間力偶系的合成和平衡条件" ORDERLABEL="76"><METS:fptr FILEID="00000085"/>
				</METS:div>
				<METS:div TYPE="Chapter" LABEL="§5-4力对軸的矩" ORDERLABEL="78"><METS:fptr FILEID="00000087"/>
				</METS:div>
				<METS:div TYPE="Chapter" LABEL="§5-5空間平行力系的合成和平衡方程" ORDERLABEL="80"><METS:fptr FILEID="00000089"/>
				</METS:div>
				<METS:div TYPE="Chapter" LABEL="§5-6空間任意力系的平衡条件和平衡方程" ORDERLABEL="83"><METS:fptr FILEID="00000092"/>
				</METS:div>
				<METS:div TYPE="Chapter" LABEL="§5-7平行力系中心和重心的概念" ORDERLABEL="87"><METS:fptr FILEID="00000096"/>
				</METS:div>
			</METS:div>
		</METS:div>
		<METS:div TYPE="Chapter" LABEL="第二篇 运动学" ORDERLABEL="96"><METS:fptr FILEID="00000105"/>
			<METS:div TYPE="Chapter" LABEL="第六章点的运动" ORDERLABEL="96"><METS:fptr FILEID="00000105"/>
				<METS:div TYPE="Chapter" LABEL="§6-1运动学基本概念" ORDERLABEL="96"><METS:fptr FILEID="00000105"/>
				</METS:div>
				<METS:div TYPE="Chapter" LABEL="§6-2平面曲綫运动中动点位置的决定法·运动方程" ORDERLABEL="98"><METS:fptr FILEID="00000107"/>
				</METS:div>
				<METS:div TYPE="Chapter" LABEL="§6-3点的速度和加速度在直角坐标軸上的投影" ORDERLABEL="101"><METS:fptr FILEID="00000110"/>
				</METS:div>
				<METS:div TYPE="Chapter" LABEL="§6-4点的速度和加速度在自然坐标軸上的投影" ORDERLABEL="104"><METS:fptr FILEID="00000113"/>
				</METS:div>
			</METS:div>
			<METS:div TYPE="Chapter" LABEL="第七章剛体的基本运动" ORDERLABEL="112"><METS:fptr FILEID="00000121"/>
				<METS:div TYPE="Chapter" LABEL="§7-1剛体的平动" ORDERLABEL="112"><METS:fptr FILEID="00000121"/>
				</METS:div>
				<METS:div TYPE="Chapter" LABEL="§7-2剛体繞定軸的轉动" ORDERLABEL="114"><METS:fptr FILEID="00000123"/>
				</METS:div>
				<METS:div TYPE="Chapter" LABEL="§7-3轉动剛体内各点的速度和加速度" ORDERLABEL="117"><METS:fptr FILEID="00000126"/>
				</METS:div>
			</METS:div>
			<METS:div TYPE="Chapter" LABEL="第八章点的复合运动" ORDERLABEL="121"><METS:fptr FILEID="00000130"/>
				<METS:div TYPE="Chapter" LABEL="§8-1点的复合运动的意义" ORDERLABEL="121"><METS:fptr FILEID="00000130"/>
				</METS:div>
				<METS:div TYPE="Chapter" LABEL="§8-2点的速度合成定理" ORDERLABEL="123"><METS:fptr FILEID="00000132"/>
				</METS:div>
				<METS:div TYPE="Chapter" LABEL="§8-3点的速度合成問題举例" ORDERLABEL="125"><METS:fptr FILEID="00000134"/>
				</METS:div>
				<METS:div TYPE="Chapter" LABEL="§8-4两个互不相关的动点的和对速度" ORDERLABEL="128"><METS:fptr FILEID="00000137"/>
				</METS:div>
			</METS:div>
			<METS:div TYPE="Chapter" LABEL="第九章剛体的平面运动" ORDERLABEL="131"><METS:fptr FILEID="00000140"/>
				<METS:div TYPE="Chapter" LABEL="§9-1剛体平面运动的概述" ORDERLABEL="131"><METS:fptr FILEID="00000140"/>
				</METS:div>
				<METS:div TYPE="Chapter" LABEL="§9-2平面运动分解为平动和轉动" ORDERLABEL="132"><METS:fptr FILEID="00000141"/>
				</METS:div>
				<METS:div TYPE="Chapter" LABEL="§9-3平面图形内各点的速度" ORDERLABEL="133"><METS:fptr FILEID="00000142"/>
				</METS:div>
				<METS:div TYPE="Chapter" LABEL="§9-4平面图形的速度瞬心" ORDERLABEL="137"><METS:fptr FILEID="00000146"/>
				</METS:div>
			</METS:div>
		</METS:div>
		<METS:div TYPE="Chapter" LABEL="第三篇 动力学" ORDERLABEL="144"><METS:fptr FILEID="00000153"/>
			<METS:div TYPE="Chapter" LABEL="第十章动力学导論" ORDERLABEL="144"><METS:fptr FILEID="00000153"/>
				<METS:div TYPE="Chapter" LABEL="§10-1动力学的研究对象" ORDERLABEL="144"><METS:fptr FILEID="00000153"/>
				</METS:div>
				<METS:div TYPE="Chapter" LABEL="§10-2质点和质点系" ORDERLABEL="145"><METS:fptr FILEID="00000154"/>
				</METS:div>
				<METS:div TYPE="Chapter" LABEL="§10-3动力学的基本定律" ORDERLABEL="146"><METS:fptr FILEID="00000155"/>
				</METS:div>
				<METS:div TYPE="Chapter" LABEL="§10-4质点和质点系的运动微分方程" ORDERLABEL="148"><METS:fptr FILEID="00000157"/>
				</METS:div>
			</METS:div>
			<METS:div TYPE="Chapter" LABEL="第十一章动量定理" ORDERLABEL="153"><METS:fptr FILEID="00000162"/>
				<METS:div TYPE="Chapter" LABEL="§11-1动力学普遍定理的概述" ORDERLABEL="153"><METS:fptr FILEID="00000162"/>
				</METS:div>
				<METS:div TYPE="Chapter" LABEL="§11-2动量和冲量" ORDERLABEL="153"><METS:fptr FILEID="00000162"/>
				</METS:div>
				<METS:div TYPE="Chapter" LABEL="§11-3动量定理" ORDERLABEL="156"><METS:fptr FILEID="00000165"/>
				</METS:div>
				<METS:div TYPE="Chapter" LABEL="§11-4质点系的质量中心·质心运动定理" ORDERLABEL="160"><METS:fptr FILEID="00000169"/>
				</METS:div>
			</METS:div>
			<METS:div TYPE="Chapter" LABEL="第十二章动量矩定理" ORDERLABEL="165"><METS:fptr FILEID="00000174"/>
				<METS:div TYPE="Chapter" LABEL="§12-1质点和质点系对軸的动量矩" ORDERLABEL="165"><METS:fptr FILEID="00000174"/>
				</METS:div>
				<METS:div TYPE="Chapter" LABEL="§12-2动量矩定理" ORDERLABEL="167"><METS:fptr FILEID="00000176"/>
				</METS:div>
				<METS:div TYPE="Chapter" LABEL="§12-3剛体繞定軸轉动的微分方程" ORDERLABEL="170"><METS:fptr FILEID="00000179"/>
				</METS:div>
				<METS:div TYPE="Chapter" LABEL="§12-4剛体的轉动慣量" ORDERLABEL="171"><METS:fptr FILEID="00000180"/>
				</METS:div>
			</METS:div>
			<METS:div TYPE="Chapter" LABEL="第十三章动能定理" ORDERLABEL="177"><METS:fptr FILEID="00000186"/>
				<METS:div TYPE="Chapter" LABEL="§13-1功和功率的概念" ORDERLABEL="177"><METS:fptr FILEID="00000186"/>
				</METS:div>
				<METS:div TYPE="Chapter" LABEL="§13-2动能的概念" ORDERLABEL="183"><METS:fptr FILEID="00000192"/>
				</METS:div>
				<METS:div TYPE="Chapter" LABEL="§13-3动能定理" ORDERLABEL="185"><METS:fptr FILEID="00000194"/>
				</METS:div>
			</METS:div>
			<METS:div TYPE="Chapter" LABEL="第十四章达朗伯原理" ORDERLABEL="192"><METS:fptr FILEID="00000201"/>
				<METS:div TYPE="Chapter" LABEL="§14-1慣性力的概念" ORDERLABEL="192"><METS:fptr FILEID="00000201"/>
				</METS:div>
				<METS:div TYPE="Chapter" LABEL="§14-2达朗伯原理·动靜法" ORDERLABEL="193"><METS:fptr FILEID="00000202"/>
				</METS:div>
				<METS:div TYPE="Chapter" LABEL="§14-3剛体作基本运动时慣性力的合成" ORDERLABEL="197"><METS:fptr FILEID="00000206"/>
				</METS:div>
				<METS:div TYPE="Chapter" LABEL="§14-4剛体繞定軸轉动时的約束反力·轉动剛体的动均衡概念" ORDERLABEL="200"><METS:fptr FILEID="00000209"/>
				</METS:div>
			</METS:div>
		</METS:div>
	</METS:structMap>
</METS:mets>
