<?xml version="1.0" encoding="utf-8"?>
<METS:mets xmlns:METS="http://www.loc.gov/METS/" xmlns:xsi="http://www.w3.org/2001/XMLSchema-instance" xmlns:gdm="http://sunsite.berkeley.edu/GDM/" xmlns:xlink="http://www.w3.org/TR/xlink" xsi:schemalocation="http://www.loc.gov/METS/http://www.loc.gov/standards/mets/mets.xsd" LABEL="Zhejiang University.jdl.China-America digital library project" TYPE="Section">
	<METS:structMap TYPE="Catalog">
		<METS:div TYPE="Chapter" LABEL="第一章 力学的基本定律" ORDERLABEL="1"><METS:fptr FILEID="00000007"/>
			<METS:div TYPE="Chapter" LABEL="两只鸡蛋的题目" ORDERLABEL="1"><METS:fptr FILEID="00000007"/>
			</METS:div>
			<METS:div TYPE="Chapter" LABEL="木马旅行记" ORDERLABEL="3"><METS:fptr FILEID="00000009"/>
			</METS:div>
			<METS:div TYPE="Chapter" LABEL="常识和力学" ORDERLABEL="4"><METS:fptr FILEID="00000010"/>
			</METS:div>
			<METS:div TYPE="Chapter" LABEL="船上的决斗" ORDERLABEL="5"><METS:fptr FILEID="00000011"/>
			</METS:div>
			<METS:div TYPE="Chapter" LABEL="风洞" ORDERLABEL="7"><METS:fptr FILEID="00000013"/>
			</METS:div>
			<METS:div TYPE="Chapter" LABEL="疾驰中的火车" ORDERLABEL="8"><METS:fptr FILEID="00000014"/>
			</METS:div>
			<METS:div TYPE="Chapter" LABEL="要怎样理解惯性定律?" ORDERLABEL="10"><METS:fptr FILEID="00000016"/>
			</METS:div>
			<METS:div TYPE="Chapter" LABEL="作用和反作用" ORDERLABEL="13"><METS:fptr FILEID="00000019"/>
			</METS:div>
			<METS:div TYPE="Chapter" LABEL="两匹马的题目" ORDERLABEL="15"><METS:fptr FILEID="00000021"/>
			</METS:div>
			<METS:div TYPE="Chapter" LABEL="两只游艇的题目" ORDERLABEL="16"><METS:fptr FILEID="00000022"/>
			</METS:div>
			<METS:div TYPE="Chapter" LABEL="步行的人和机车之谜" ORDERLABEL="17"><METS:fptr FILEID="00000023"/>
			</METS:div>
			<METS:div TYPE="Chapter" LABEL="怪铅笔" ORDERLABEL="19"><METS:fptr FILEID="00000025"/>
			</METS:div>
			<METS:div TYPE="Chapter" LABEL="什么叫做“克服惯性”?" ORDERLABEL="20"><METS:fptr FILEID="00000026"/>
			</METS:div>
			<METS:div TYPE="Chapter" LABEL="铁路车辆" ORDERLABEL="21"><METS:fptr FILEID="00000027"/>
			</METS:div>
		</METS:div>
		<METS:div TYPE="Chapter" LABEL="第二章 力和运动" ORDERLABEL="23"><METS:fptr FILEID="00000029"/>
			<METS:div TYPE="Chapter" LABEL="力学公式一览表" ORDERLABEL="23"><METS:fptr FILEID="00000029"/>
			</METS:div>
			<METS:div TYPE="Chapter" LABEL="步枪的后坐力" ORDERLABEL="25"><METS:fptr FILEID="00000031"/>
			</METS:div>
			<METS:div TYPE="Chapter" LABEL="日常经验和科学知识" ORDERLABEL="28"><METS:fptr FILEID="00000034"/>
			</METS:div>
			<METS:div TYPE="Chapter" LABEL="月球上的大炮" ORDERLABEL="30"><METS:fptr FILEID="00000036"/>
			</METS:div>
			<METS:div TYPE="Chapter" LABEL="海底的射击" ORDERLABEL="31"><METS:fptr FILEID="00000037"/>
			</METS:div>
			<METS:div TYPE="Chapter" LABEL="移动地球" ORDERLABEL="33"><METS:fptr FILEID="00000039"/>
			</METS:div>
			<METS:div TYPE="Chapter" LABEL="错误的发明道路" ORDERLABEL="37"><METS:fptr FILEID="00000043"/>
			</METS:div>
			<METS:div TYPE="Chapter" LABEL="飞行火箭的重心在哪里?" ORDERLABEL="39"><METS:fptr FILEID="00000045"/>
			</METS:div>
		</METS:div>
		<METS:div TYPE="Chapter" LABEL="第三章 重力" ORDERLABEL="41"><METS:fptr FILEID="00000047"/>
			<METS:div TYPE="Chapter" LABEL="悬锤和摆证明了什么?" ORDERLABEL="41"><METS:fptr FILEID="00000047"/>
			</METS:div>
			<METS:div TYPE="Chapter" LABEL="在水里的摆" ORDERLABEL="44"><METS:fptr FILEID="00000050"/>
			</METS:div>
			<METS:div TYPE="Chapter" LABEL="在斜面上" ORDERLABEL="45"><METS:fptr FILEID="00000051"/>
			</METS:div>
			<METS:div TYPE="Chapter" LABEL="什么时候“水平”线不水平?" ORDERLABEL="46"><METS:fptr FILEID="00000052"/>
			</METS:div>
			<METS:div TYPE="Chapter" LABEL="磁山" ORDERLABEL="51"><METS:fptr FILEID="00000057"/>
			</METS:div>
			<METS:div TYPE="Chapter" LABEL="向山里流去的河" ORDERLABEL="52"><METS:fptr FILEID="00000058"/>
			</METS:div>
			<METS:div TYPE="Chapter" LABEL="铁棒的题目" ORDERLABEL="53"><METS:fptr FILEID="00000059"/>
			</METS:div>
		</METS:div>
		<METS:div TYPE="Chapter" LABEL="第四章 落下和抛掷" ORDERLABEL="55"><METS:fptr FILEID="00000061"/>
			<METS:div TYPE="Chapter" LABEL="七里靴" ORDERLABEL="55"><METS:fptr FILEID="00000061"/>
			</METS:div>
			<METS:div TYPE="Chapter" LABEL="肉弹" ORDERLABEL="59"><METS:fptr FILEID="00000065"/>
			</METS:div>
			<METS:div TYPE="Chapter" LABEL="过危桥" ORDERLABEL="64"><METS:fptr FILEID="00000070"/>
			</METS:div>
			<METS:div TYPE="Chapter" LABEL="三条路" ORDERLABEL="67"><METS:fptr FILEID="00000073"/>
			</METS:div>
			<METS:div TYPE="Chapter" LABEL="四块石头的题目" ORDERLABEL="69"><METS:fptr FILEID="00000075"/>
			</METS:div>
			<METS:div TYPE="Chapter" LABEL="两块石头的题目" ORDERLABEL="70"><METS:fptr FILEID="00000076"/>
			</METS:div>
			<METS:div TYPE="Chapter" LABEL="掷球游戏" ORDERLABEL="70"><METS:fptr FILEID="00000076"/>
			</METS:div>
		</METS:div>
		<METS:div TYPE="Chapter" LABEL="第五章 圆周运动" ORDERLABEL="72"><METS:fptr FILEID="00000078"/>
			<METS:div TYPE="Chapter" LABEL="向心力" ORDERLABEL="72"><METS:fptr FILEID="00000078"/>
			</METS:div>
			<METS:div TYPE="Chapter" LABEL="第一宇宙速度" ORDERLABEL="74"><METS:fptr FILEID="00000080"/>
			</METS:div>
			<METS:div TYPE="Chapter" LABEL="固定的人造地球卫星" ORDERLABEL="77"><METS:fptr FILEID="00000083"/>
			</METS:div>
			<METS:div TYPE="Chapter" LABEL="增加体重的简单方法" ORDERLABEL="79"><METS:fptr FILEID="00000085"/>
			</METS:div>
			<METS:div TYPE="Chapter" LABEL="不安全的旋转飞机" ORDERLABEL="82"><METS:fptr FILEID="00000088"/>
			</METS:div>
			<METS:div TYPE="Chapter" LABEL="铁路转弯的地方" ORDERLABEL="83"><METS:fptr FILEID="00000089"/>
			</METS:div>
			<METS:div TYPE="Chapter" LABEL="不是给步行的人走的道路" ORDERLABEL="85"><METS:fptr FILEID="00000091"/>
			</METS:div>
			<METS:div TYPE="Chapter" LABEL="倾斜的大地" ORDERLABEL="86"><METS:fptr FILEID="00000092"/>
			</METS:div>
			<METS:div TYPE="Chapter" LABEL="河流为什么是弯的?" ORDERLABEL="89"><METS:fptr FILEID="00000095"/>
			</METS:div>
		</METS:div>
		<METS:div TYPE="Chapter" LABEL="第六章 碰撞" ORDERLABEL="92"><METS:fptr FILEID="00000098"/>
			<METS:div TYPE="Chapter" LABEL="研究碰撞现象为什么重要?" ORDERLABEL="92"><METS:fptr FILEID="00000098"/>
			</METS:div>
			<METS:div TYPE="Chapter" LABEL="碰撞的力学" ORDERLABEL="93"><METS:fptr FILEID="00000099"/>
			</METS:div>
			<METS:div TYPE="Chapter" LABEL="研究一下你的皮球" ORDERLABEL="96"><METS:fptr FILEID="00000102"/>
			</METS:div>
			<METS:div TYPE="Chapter" LABEL="在木槌球场上" ORDERLABEL="102"><METS:fptr FILEID="00000108"/>
			</METS:div>
			<METS:div TYPE="Chapter" LABEL="“力从速度而来”" ORDERLABEL="104"><METS:fptr FILEID="00000110"/>
			</METS:div>
			<METS:div TYPE="Chapter" LABEL="受得住铁锤锤击的人" ORDERLABEL="106"><METS:fptr FILEID="00000112"/>
			</METS:div>
		</METS:div>
		<METS:div TYPE="Chapter" LABEL="第七章 略谈强度" ORDERLABEL="108"><METS:fptr FILEID="00000114"/>
			<METS:div TYPE="Chapter" LABEL="关于海洋深度的测量" ORDERLABEL="108"><METS:fptr FILEID="00000114"/>
			</METS:div>
			<METS:div TYPE="Chapter" LABEL="最长的悬垂线" ORDERLABEL="110"><METS:fptr FILEID="00000116"/>
			</METS:div>
			<METS:div TYPE="Chapter" LABEL="最强韧的材料" ORDERLABEL="111"><METS:fptr FILEID="00000117"/>
			</METS:div>
			<METS:div TYPE="Chapter" LABEL="什么东西比头发更强韧?" ORDERLABEL="112"><METS:fptr FILEID="00000118"/>
			</METS:div>
			<METS:div TYPE="Chapter" LABEL="自行车架为什么是管子做的?" ORDERLABEL="113"><METS:fptr FILEID="00000119"/>
			</METS:div>
			<METS:div TYPE="Chapter" LABEL="七根树枝的寓言" ORDERLABEL="116"><METS:fptr FILEID="00000122"/>
			</METS:div>
		</METS:div>
		<METS:div TYPE="Chapter" LABEL="第八章 功·功率·能" ORDERLABEL="119"><METS:fptr FILEID="00000125"/>
			<METS:div TYPE="Chapter" LABEL="许多人对功的单位还不知道的东西" ORDERLABEL="119"><METS:fptr FILEID="00000125"/>
			</METS:div>
			<METS:div TYPE="Chapter" LABEL="怎样产生一公斤米的功?" ORDERLABEL="120"><METS:fptr FILEID="00000126"/>
			</METS:div>
			<METS:div TYPE="Chapter" LABEL="怎样计算功?" ORDERLABEL="121"><METS:fptr FILEID="00000127"/>
			</METS:div>
			<METS:div TYPE="Chapter" LABEL="宇宙火箭的运行速度" ORDERLABEL="123"><METS:fptr FILEID="00000129"/>
			</METS:div>
			<METS:div TYPE="Chapter" LABEL="第二宇宙速度" ORDERLABEL="128"><METS:fptr FILEID="00000134"/>
			</METS:div>
			<METS:div TYPE="Chapter" LABEL="第三宇宙速度" ORDERLABEL="129"><METS:fptr FILEID="00000135"/>
			</METS:div>
			<METS:div TYPE="Chapter" LABEL="拖拉机的牵引力" ORDERLABEL="130"><METS:fptr FILEID="00000136"/>
			</METS:div>
			<METS:div TYPE="Chapter" LABEL="活发动机和机械发动机" ORDERLABEL="131"><METS:fptr FILEID="00000137"/>
			</METS:div>
			<METS:div TYPE="Chapter" LABEL="一百只兔子和一只象" ORDERLABEL="133"><METS:fptr FILEID="00000139"/>
			</METS:div>
			<METS:div TYPE="Chapter" LABEL="人类的机器奴隶" ORDERLABEL="134"><METS:fptr FILEID="00000140"/>
			</METS:div>
			<METS:div TYPE="Chapter" LABEL="不老实的称货法" ORDERLABEL="138"><METS:fptr FILEID="00000144"/>
			</METS:div>
			<METS:div TYPE="Chapter" LABEL="亚理士多德的题目" ORDERLABEL="139"><METS:fptr FILEID="00000145"/>
			</METS:div>
			<METS:div TYPE="Chapter" LABEL="脆性物品的包装" ORDERLABEL="141"><METS:fptr FILEID="00000147"/>
			</METS:div>
			<METS:div TYPE="Chapter" LABEL="是谁的能量?" ORDERLABEL="143"><METS:fptr FILEID="00000149"/>
			</METS:div>
			<METS:div TYPE="Chapter" LABEL="自动机械" ORDERLABEL="145"><METS:fptr FILEID="00000151"/>
			</METS:div>
			<METS:div TYPE="Chapter" LABEL="摩擦取火" ORDERLABEL="147"><METS:fptr FILEID="00000153"/>
			</METS:div>
			<METS:div TYPE="Chapter" LABEL="被硫酸溶解掉的弹簧的能" ORDERLABEL="152"><METS:fptr FILEID="00000158"/>
			</METS:div>
		</METS:div>
		<METS:div TYPE="Chapter" LABEL="第九章 摩擦和介质阻力" ORDERLABEL="155"><METS:fptr FILEID="00000161"/>
			<METS:div TYPE="Chapter" LABEL="从雪山上滑下" ORDERLABEL="155"><METS:fptr FILEID="00000161"/>
			</METS:div>
			<METS:div TYPE="Chapter" LABEL="停下了发动机" ORDERLABEL="156"><METS:fptr FILEID="00000162"/>
			</METS:div>
			<METS:div TYPE="Chapter" LABEL="马车的轮子" ORDERLABEL="157"><METS:fptr FILEID="00000163"/>
			</METS:div>
			<METS:div TYPE="Chapter" LABEL="机车和轮船的能量用在什么地方?" ORDERLABEL="158"><METS:fptr FILEID="00000164"/>
			</METS:div>
			<METS:div TYPE="Chapter" LABEL="被水冲走的石块" ORDERLABEL="159"><METS:fptr FILEID="00000165"/>
			</METS:div>
			<METS:div TYPE="Chapter" LABEL="雨滴的速度" ORDERLABEL="162"><METS:fptr FILEID="00000168"/>
			</METS:div>
			<METS:div TYPE="Chapter" LABEL="物体落下之谜" ORDERLABEL="166"><METS:fptr FILEID="00000172"/>
			</METS:div>
			<METS:div TYPE="Chapter" LABEL="顺流而下" ORDERLABEL="169"><METS:fptr FILEID="00000175"/>
			</METS:div>
			<METS:div TYPE="Chapter" LABEL="舵怎样操纵船只?" ORDERLABEL="171"><METS:fptr FILEID="00000177"/>
			</METS:div>
			<METS:div TYPE="Chapter" LABEL="什么时侯雨水淋得更湿一些?" ORDERLABEL="172"><METS:fptr FILEID="00000178"/>
			</METS:div>
		</METS:div>
		<METS:div TYPE="Chapter" LABEL="第十章 生物世界里的力学" ORDERLABEL="176"><METS:fptr FILEID="00000182"/>
			<METS:div TYPE="Chapter" LABEL="格列佛和大人国" ORDERLABEL="176"><METS:fptr FILEID="00000182"/>
			</METS:div>
			<METS:div TYPE="Chapter" LABEL="河马为什么笨重不灵?" ORDERLABEL="178"><METS:fptr FILEID="00000184"/>
			</METS:div>
			<METS:div TYPE="Chapter" LABEL="陆生动物的构造" ORDERLABEL="179"><METS:fptr FILEID="00000185"/>
			</METS:div>
			<METS:div TYPE="Chapter" LABEL="灭绝的巨兽的命运" ORDERLABEL="180"><METS:fptr FILEID="00000186"/>
			</METS:div>
			<METS:div TYPE="Chapter" LABEL="哪一个更能跳?" ORDERLABEL="182"><METS:fptr FILEID="00000188"/>
			</METS:div>
			<METS:div TYPE="Chapter" LABEL="哪一个更能飞?" ORDERLABEL="184"><METS:fptr FILEID="00000190"/>
			</METS:div>
			<METS:div TYPE="Chapter" LABEL="没有损伤的落下" ORDERLABEL="186"><METS:fptr FILEID="00000192"/>
			</METS:div>
			<METS:div TYPE="Chapter" LABEL="树木为什么不长高到天顶?" ORDERLABEL="187"><METS:fptr FILEID="00000193"/>
			</METS:div>
			<METS:div TYPE="Chapter" LABEL="摘录伽利略的著作" ORDERLABEL="188"><METS:fptr FILEID="00000194"/>
			</METS:div>
		</METS:div>
	</METS:structMap>
</METS:mets>
