<?xml version="1.0" encoding="utf-8"?>
<METS:mets xmlns:METS="http://www.loc.gov/METS/" xmlns:xsi="http://www.w3.org/2001/XMLSchema-instance" xmlns:gdm="http://sunsite.berkeley.edu/GDM/" xmlns:xlink="http://www.w3.org/TR/xlink" xsi:schemalocation="http://www.loc.gov/METS/http://www.loc.gov/standards/mets/mets.xsd" LABEL="Zhejiang University.jdl.China-America digital library project" TYPE="Section">
	<METS:structMap TYPE="Catalog">
		<METS:div TYPE="Chapter" LABEL="第一篇 静力学" ORDERLABEL="9"><METS:fptr FILEID="00000017"/>
			<METS:div TYPE="Chapter" LABEL="第一章基本概念与公理" ORDERLABEL="9"><METS:fptr FILEID="00000017"/>
				<METS:div TYPE="Chapter" LABEL="§1-1剛体与質点" ORDERLABEL="9"><METS:fptr FILEID="00000017"/>
				</METS:div>
				<METS:div TYPE="Chapter" LABEL="§1-2力的概念" ORDERLABEL="10"><METS:fptr FILEID="00000018"/>
				</METS:div>
				<METS:div TYPE="Chapter" LABEL="§1-3静力学公理" ORDERLABEL="11"><METS:fptr FILEID="00000019"/>
				</METS:div>
				<METS:div TYPE="Chapter" LABEL="§1-4約束与約束力。解除約束原理。示力图" ORDERLABEL="14"><METS:fptr FILEID="00000022"/>
				</METS:div>
			</METS:div>
			<METS:div TYPE="Chapter" LABEL="第二章平面汇交力系" ORDERLABEL="19"><METS:fptr FILEID="00000027"/>
				<METS:div TYPE="Chapter" LABEL="§2-1合成——几何法" ORDERLABEL="20"><METS:fptr FILEID="00000028"/>
				</METS:div>
				<METS:div TYPE="Chapter" LABEL="§2-2平衡条件" ORDERLABEL="22"><METS:fptr FILEID="00000030"/>
				</METS:div>
				<METS:div TYPE="Chapter" LABEL="§2-3共面不平行的三个力的平衡" ORDERLABEL="24"><METS:fptr FILEID="00000032"/>
				</METS:div>
				<METS:div TYPE="Chapter" LABEL="§2-4力的分解" ORDERLABEL="25"><METS:fptr FILEID="00000033"/>
				</METS:div>
				<METS:div TYPE="Chapter" LABEL="§2-5力在軸上的投影。合力投影定理" ORDERLABEL="25"><METS:fptr FILEID="00000033"/>
				</METS:div>
				<METS:div TYPE="Chapter" LABEL="§2-6力沿直角坐标軸的分解" ORDERLABEL="26"><METS:fptr FILEID="00000034"/>
				</METS:div>
				<METS:div TYPE="Chapter" LABEL="§2-7合成——解析法。平衡方程式" ORDERLABEL="27"><METS:fptr FILEID="00000035"/>
				</METS:div>
			</METS:div>
			<METS:div TYPE="Chapter" LABEL="第三章平面力偶系" ORDERLABEL="31"><METS:fptr FILEID="00000039"/>
				<METS:div TYPE="Chapter" LABEL="§3-1力对于一点的矩" ORDERLABEL="31"><METS:fptr FILEID="00000039"/>
				</METS:div>
				<METS:div TYPE="Chapter" LABEL="§3-2同向的两个平行力的合成" ORDERLABEL="31"><METS:fptr FILEID="00000039"/>
				</METS:div>
				<METS:div TYPE="Chapter" LABEL="§3-3反向的两个平行力的合成" ORDERLABEL="33"><METS:fptr FILEID="00000041"/>
				</METS:div>
				<METS:div TYPE="Chapter" LABEL="§3-4力偶与力偶矩" ORDERLABEL="33"><METS:fptr FILEID="00000041"/>
				</METS:div>
				<METS:div TYPE="Chapter" LABEL="§3-5等效力偶" ORDERLABEL="35"><METS:fptr FILEID="00000043"/>
				</METS:div>
				<METS:div TYPE="Chapter" LABEL="§3-6平面力偶系的合成及平衡" ORDERLABEL="36"><METS:fptr FILEID="00000044"/>
				</METS:div>
			</METS:div>
			<METS:div TYPE="Chapter" LABEL="第四章平面一般力系" ORDERLABEL="38"><METS:fptr FILEID="00000046"/>
				<METS:div TYPE="Chapter" LABEL="§4-1力的平行移动" ORDERLABEL="39"><METS:fptr FILEID="00000047"/>
				</METS:div>
				<METS:div TYPE="Chapter" LABEL="§4-2平面力系的簡化" ORDERLABEL="40"><METS:fptr FILEID="00000048"/>
				</METS:div>
				<METS:div TYPE="Chapter" LABEL="§4-3平面力系簡化为一个力。力矩定理" ORDERLABEL="41"><METS:fptr FILEID="00000049"/>
				</METS:div>
				<METS:div TYPE="Chapter" LABEL="§4-4平面力系簡化为一个力偶" ORDERLABEL="44"><METS:fptr FILEID="00000052"/>
				</METS:div>
				<METS:div TYPE="Chapter" LABEL="§4-5平面力系的平衡条件。平衡方程式" ORDERLABEL="45"><METS:fptr FILEID="00000053"/>
				</METS:div>
				<METS:div TYPE="Chapter" LABEL="§4-6平面平行力系的簡化及平衡" ORDERLABEL="49"><METS:fptr FILEID="00000057"/>
				</METS:div>
				<METS:div TYPE="Chapter" LABEL="§4-7静定与超静定問題的概念" ORDERLABEL="51"><METS:fptr FILEID="00000059"/>
				</METS:div>
				<METS:div TYPE="Chapter" LABEL="§4-8物体系統的平衡" ORDERLABEL="52"><METS:fptr FILEID="00000060"/>
				</METS:div>
			</METS:div>
			<METS:div TYPE="Chapter" LABEL="第五章平面力系图解法(索線多边形法)" ORDERLABEL="56"><METS:fptr FILEID="00000064"/>
				<METS:div TYPE="Chapter" LABEL="§5-1平面力系簡化为一个力的情况" ORDERLABEL="56"><METS:fptr FILEID="00000064"/>
				</METS:div>
				<METS:div TYPE="Chapter" LABEL="§5-2平面力系簡化为一个力偶的情況" ORDERLABEL="59"><METS:fptr FILEID="00000067"/>
				</METS:div>
				<METS:div TYPE="Chapter" LABEL="§5-3平面力系平衡的图解条件。用图解法求約束反力" ORDERLABEL="61"><METS:fptr FILEID="00000069"/>
				</METS:div>
			</METS:div>
			<METS:div TYPE="Chapter" LABEL="第六章桁架与柔索" ORDERLABEL="63"><METS:fptr FILEID="00000071"/>
				<METS:div TYPE="Chapter" LABEL="§6-1桁架的概念与桁架分析" ORDERLABEL="63"><METS:fptr FILEID="00000071"/>
				</METS:div>
				<METS:div TYPE="Chapter" LABEL="§6-2节点解析法" ORDERLABEL="66"><METS:fptr FILEID="00000074"/>
				</METS:div>
				<METS:div TYPE="Chapter" LABEL="§6-3截面法" ORDERLABEL="68"><METS:fptr FILEID="00000076"/>
				</METS:div>
				<METS:div TYPE="Chapter" LABEL="§6-4节点图解法—桁架内力图" ORDERLABEL="70"><METS:fptr FILEID="00000078"/>
				</METS:div>
				<METS:div TYPE="Chapter" LABEL="§6-5载荷沿两端支点連線均勻分布的柔索" ORDERLABEL="74"><METS:fptr FILEID="00000082"/>
				</METS:div>
				<METS:div TYPE="Chapter" LABEL="§6-6载荷沿索長均匀分布的柔索" ORDERLABEL="78"><METS:fptr FILEID="00000086"/>
				</METS:div>
			</METS:div>
			<METS:div TYPE="Chapter" LABEL="第七章空間匯交力系" ORDERLABEL="80"><METS:fptr FILEID="00000088"/>
				<METS:div TYPE="Chapter" LABEL="§7-1合成(几何法)及平衡条件" ORDERLABEL="80"><METS:fptr FILEID="00000088"/>
				</METS:div>
				<METS:div TYPE="Chapter" LABEL="§7-2力在軸上的投影与在平面上的投影" ORDERLABEL="81"><METS:fptr FILEID="00000089"/>
				</METS:div>
				<METS:div TYPE="Chapter" LABEL="§7-3力沿着直角坐标軸的分解" ORDERLABEL="82"><METS:fptr FILEID="00000090"/>
				</METS:div>
				<METS:div TYPE="Chapter" LABEL="§7-4合成的解析計算。平衡方程式" ORDERLABEL="83"><METS:fptr FILEID="00000091"/>
				</METS:div>
			</METS:div>
			<METS:div TYPE="Chapter" LABEL="第八章空間力偶系" ORDERLABEL="85"><METS:fptr FILEID="00000093"/>
				<METS:div TYPE="Chapter" LABEL="§8-1等效力偶" ORDERLABEL="85"><METS:fptr FILEID="00000093"/>
				</METS:div>
				<METS:div TYPE="Chapter" LABEL="§8-2力偶矩作为矢量" ORDERLABEL="86"><METS:fptr FILEID="00000094"/>
				</METS:div>
				<METS:div TYPE="Chapter" LABEL="§8-3空間力偶系的合成及平衡" ORDERLABEL="87"><METS:fptr FILEID="00000095"/>
				</METS:div>
			</METS:div>
			<METS:div TYPE="Chapter" LABEL="第九章空間一般力系" ORDERLABEL="89"><METS:fptr FILEID="00000097"/>
				<METS:div TYPE="Chapter" LABEL="§9-1力对于一軸的矩" ORDERLABEL="90"><METS:fptr FILEID="00000098"/>
				</METS:div>
				<METS:div TYPE="Chapter" LABEL="§9-2力对于直角坐标軸的矩" ORDERLABEL="91"><METS:fptr FILEID="00000099"/>
				</METS:div>
				<METS:div TYPE="Chapter" LABEL="§9-3力对于一点的矩作为矢量。力对于一点的矩用矢徑与力的矢积表示" ORDERLABEL="92"><METS:fptr FILEID="00000100"/>
				</METS:div>
				<METS:div TYPE="Chapter" LABEL="§9-4力对于一点的矩与对于經过該点的任一軸的矩之間的关系" ORDERLABEL="94"><METS:fptr FILEID="00000102"/>
				</METS:div>
				<METS:div TYPE="Chapter" LABEL="§9-5空間力系的簡化" ORDERLABEL="94"><METS:fptr FILEID="00000102"/>
				</METS:div>
				<METS:div TYPE="Chapter" LABEL="§9-6空間力系简化为一个力。力矩定理" ORDERLABEL="97"><METS:fptr FILEID="00000105"/>
				</METS:div>
				<METS:div TYPE="Chapter" LABEL="§9-7空間力系簡化为一个力偶" ORDERLABEL="99"><METS:fptr FILEID="00000107"/>
				</METS:div>
				<METS:div TYPE="Chapter" LABEL="§9-8空間力系简化成为力螺" ORDERLABEL="99"><METS:fptr FILEID="00000107"/>
				</METS:div>
				<METS:div TYPE="Chapter" LABEL="§9-9空間力系的平衡条件。平衡方程式" ORDERLABEL="100"><METS:fptr FILEID="00000108"/>
				</METS:div>
				<METS:div TYPE="Chapter" LABEL="§9-10空間平行力系的簡化及平衡" ORDERLABEL="104"><METS:fptr FILEID="00000112"/>
				</METS:div>
			</METS:div>
			<METS:div TYPE="Chapter" LABEL="第十章平行力系中心重心" ORDERLABEL="107"><METS:fptr FILEID="00000115"/>
				<METS:div TYPE="Chapter" LABEL="§10-1平行力系中心" ORDERLABEL="107"><METS:fptr FILEID="00000115"/>
				</METS:div>
				<METS:div TYPE="Chapter" LABEL="§10-2刚体的重心" ORDERLABEL="108"><METS:fptr FILEID="00000116"/>
				</METS:div>
				<METS:div TYPE="Chapter" LABEL="§10-3均质刚体的重心" ORDERLABEL="109"><METS:fptr FILEID="00000117"/>
				</METS:div>
				<METS:div TYPE="Chapter" LABEL="§10-4对称物体的重心" ORDERLABEL="110"><METS:fptr FILEID="00000118"/>
				</METS:div>
				<METS:div TYPE="Chapter" LABEL="§10-5几种簡单形体的重心" ORDERLABEL="112"><METS:fptr FILEID="00000120"/>
				</METS:div>
				<METS:div TYPE="Chapter" LABEL="§10-6組合物体的重心" ORDERLABEL="113"><METS:fptr FILEID="00000121"/>
				</METS:div>
				<METS:div TYPE="Chapter" LABEL="§10-7平行分布力" ORDERLABEL="116"><METS:fptr FILEID="00000124"/>
				</METS:div>
			</METS:div>
			<METS:div TYPE="Chapter" LABEL="第十一章摩阻与滚阻" ORDERLABEL="119"><METS:fptr FILEID="00000127"/>
				<METS:div TYPE="Chapter" LABEL="§11-1摩阻现象。摩阻力" ORDERLABEL="119"><METS:fptr FILEID="00000127"/>
				</METS:div>
				<METS:div TYPE="Chapter" LABEL="§11-2有摩阻的平衡問题" ORDERLABEL="121"><METS:fptr FILEID="00000129"/>
				</METS:div>
				<METS:div TYPE="Chapter" LABEL="§11-3滾阻" ORDERLABEL="125"><METS:fptr FILEID="00000133"/>
				</METS:div>
			</METS:div>
		</METS:div>
		<METS:div TYPE="Chapter" LABEL="第二篇 运动学" ORDERLABEL="129"><METS:fptr FILEID="00000137"/>
			<METS:div TYPE="Chapter" LABEL="緒言" ORDERLABEL="129"><METS:fptr FILEID="00000137"/>
			</METS:div>
			<METS:div TYPE="Chapter" LABEL="第十二章点的直線运动" ORDERLABEL="131"><METS:fptr FILEID="00000139"/>
				<METS:div TYPE="Chapter" LABEL="§12-1運動方程式" ORDERLABEL="131"><METS:fptr FILEID="00000139"/>
				</METS:div>
				<METS:div TYPE="Chapter" LABEL="§12-2速度" ORDERLABEL="132"><METS:fptr FILEID="00000140"/>
				</METS:div>
				<METS:div TYPE="Chapter" LABEL="§12-3加速度" ORDERLABEL="133"><METS:fptr FILEID="00000141"/>
				</METS:div>
				<METS:div TYPE="Chapter" LABEL="§12-4点的直線运動的基本問题。勻速及匀变速直線运動" ORDERLABEL="134"><METS:fptr FILEID="00000142"/>
				</METS:div>
				<METS:div TYPE="Chapter" LABEL="§12-5图解法" ORDERLABEL="138"><METS:fptr FILEID="00000146"/>
				</METS:div>
			</METS:div>
			<METS:div TYPE="Chapter" LABEL="第十三章点的曲線运动" ORDERLABEL="140"><METS:fptr FILEID="00000148"/>
				<METS:div TYPE="Chapter" LABEL="§13-1变矢最与矢量导数" ORDERLABEL="140"><METS:fptr FILEID="00000148"/>
				</METS:div>
				<METS:div TYPE="Chapter" LABEL="§13-2運动方程式、速度及加速度的矢量表示" ORDERLABEL="142"><METS:fptr FILEID="00000150"/>
				</METS:div>
				<METS:div TYPE="Chapter" LABEL="§13-3運动方程式、速度及加速度的坐标表示" ORDERLABEL="144"><METS:fptr FILEID="00000152"/>
				</METS:div>
				<METS:div TYPE="Chapter" LABEL="§13-4曲線的曲率、曲率半徑与密切面。自然坐标軸" ORDERLABEL="151"><METS:fptr FILEID="00000159"/>
				</METS:div>
				<METS:div TYPE="Chapter" LABEL="§13-5自然法或路徑表示法" ORDERLABEL="152"><METS:fptr FILEID="00000160"/>
				</METS:div>
			</METS:div>
			<METS:div TYPE="Chapter" LABEL="第十四章刚体运动的基本形式—平行移动与定軸轉动" ORDERLABEL="159"><METS:fptr FILEID="00000167"/>
				<METS:div TYPE="Chapter" LABEL="§14-1剛体的平行移动" ORDERLABEL="159"><METS:fptr FILEID="00000167"/>
				</METS:div>
				<METS:div TYPE="Chapter" LABEL="§14-2刚体的定軸轉动" ORDERLABEL="160"><METS:fptr FILEID="00000168"/>
				</METS:div>
				<METS:div TYPE="Chapter" LABEL="§14-3定軸轉动剛体内各点的速度和加速度" ORDERLABEL="163"><METS:fptr FILEID="00000171"/>
				</METS:div>
				<METS:div TYPE="Chapter" LABEL="§14-4角速度的矢量表示。以矢积表示点的速度及加速度" ORDERLABEL="166"><METS:fptr FILEID="00000174"/>
				</METS:div>
			</METS:div>
			<METS:div TYPE="Chapter" LABEL="第十五章点的合成运动" ORDERLABEL="168"><METS:fptr FILEID="00000176"/>
				<METS:div TYPE="Chapter" LABEL="§15-1絕对运动、相对運动和牵連運动" ORDERLABEL="168"><METS:fptr FILEID="00000176"/>
				</METS:div>
				<METS:div TYPE="Chapter" LABEL="§15-2速度合成" ORDERLABEL="170"><METS:fptr FILEID="00000178"/>
				</METS:div>
				<METS:div TYPE="Chapter" LABEL="§15-3牵連运动为平行移动时加速度的合成" ORDERLABEL="173"><METS:fptr FILEID="00000181"/>
				</METS:div>
				<METS:div TYPE="Chapter" LABEL="§15-4牵連運动为定軸轉动时加速度的合成" ORDERLABEL="175"><METS:fptr FILEID="00000183"/>
				</METS:div>
			</METS:div>
			<METS:div TYPE="Chapter" LABEL="第十六章刚体平面运动" ORDERLABEL="181"><METS:fptr FILEID="00000189"/>
				<METS:div TYPE="Chapter" LABEL="§16-1运动方程式。平面運动作为平动和轉动的合成" ORDERLABEL="181"><METS:fptr FILEID="00000189"/>
				</METS:div>
				<METS:div TYPE="Chapter" LABEL="§16-2平面图形内各点的速度。速度瞬心" ORDERLABEL="183"><METS:fptr FILEID="00000191"/>
				</METS:div>
				<METS:div TYPE="Chapter" LABEL="§16-3速度图" ORDERLABEL="187"><METS:fptr FILEID="00000195"/>
				</METS:div>
				<METS:div TYPE="Chapter" LABEL="§16-4平面图形内各点的加速度。加速度瞬心" ORDERLABEL="189"><METS:fptr FILEID="00000197"/>
				</METS:div>
			</METS:div>
			<METS:div TYPE="Chapter" LABEL="第十七章刚体的定点运动及一般运动" ORDERLABEL="193"><METS:fptr FILEID="00000201"/>
				<METS:div TYPE="Chapter" LABEL="§17-1作定点運动的刚体的位置的确定—欧拉角。运动方程式" ORDERLABEL="193"><METS:fptr FILEID="00000201"/>
				</METS:div>
				<METS:div TYPE="Chapter" LABEL="§17-2位移定理" ORDERLABEL="194"><METS:fptr FILEID="00000202"/>
				</METS:div>
				<METS:div TYPE="Chapter" LABEL="§17-3轉動瞬軸。角速度及角加速度" ORDERLABEL="195"><METS:fptr FILEID="00000203"/>
				</METS:div>
				<METS:div TYPE="Chapter" LABEL="§17-4作定点运动的剛体內各点的速度" ORDERLABEL="197"><METS:fptr FILEID="00000205"/>
				</METS:div>
				<METS:div TYPE="Chapter" LABEL="§17-5作定点运动的刚体内各点的加速度" ORDERLABEL="199"><METS:fptr FILEID="00000207"/>
				</METS:div>
				<METS:div TYPE="Chapter" LABEL="§17-6自由刚体的一般运动。运动方程式。一般运动分解为平动与繞一点的轉动" ORDERLABEL="203"><METS:fptr FILEID="00000211"/>
				</METS:div>
				<METS:div TYPE="Chapter" LABEL="§17-7作一般運动的刚体内各点的速度及加速度" ORDERLABEL="204"><METS:fptr FILEID="00000212"/>
				</METS:div>
			</METS:div>
			<METS:div TYPE="Chapter" LABEL="第十八章刚体的合成运动" ORDERLABEL="205"><METS:fptr FILEID="00000213"/>
				<METS:div TYPE="Chapter" LABEL="§18-1平动与平動的合成" ORDERLABEL="205"><METS:fptr FILEID="00000213"/>
				</METS:div>
				<METS:div TYPE="Chapter" LABEL="§18-2平动与轉动的合成" ORDERLABEL="206"><METS:fptr FILEID="00000214"/>
				</METS:div>
				<METS:div TYPE="Chapter" LABEL="§18-3繞平行軸的两个轉动的合成" ORDERLABEL="208"><METS:fptr FILEID="00000216"/>
				</METS:div>
				<METS:div TYPE="Chapter" LABEL="§18-4繞相交軸的两个轉動的合成" ORDERLABEL="211"><METS:fptr FILEID="00000219"/>
				</METS:div>
			</METS:div>
		</METS:div>
		<METS:div TYPE="Chapter" LABEL="第三篇 动力学" ORDERLABEL="213"><METS:fptr FILEID="00000221"/>
			<METS:div TYPE="Chapter" LABEL="緒言" ORDERLABEL="213"><METS:fptr FILEID="00000221"/>
			</METS:div>
			<METS:div TYPE="Chapter" LABEL="第十九章动力学基本定律" ORDERLABEL="214"><METS:fptr FILEID="00000222"/>
				<METS:div TYPE="Chapter" LABEL="§19-1第一定律(惯性定律)" ORDERLABEL="214"><METS:fptr FILEID="00000222"/>
				</METS:div>
				<METS:div TYPE="Chapter" LABEL="§19-2第二定律" ORDERLABEL="214"><METS:fptr FILEID="00000222"/>
				</METS:div>
				<METS:div TYPE="Chapter" LABEL="§19-3第三定律(作用与反作用相等定律)" ORDERLABEL="216"><METS:fptr FILEID="00000224"/>
				</METS:div>
				<METS:div TYPE="Chapter" LABEL="§19-4力的独立作用定律" ORDERLABEL="216"><METS:fptr FILEID="00000224"/>
				</METS:div>
				<METS:div TYPE="Chapter" LABEL="§19-5惯性坐标系" ORDERLABEL="217"><METS:fptr FILEID="00000225"/>
				</METS:div>
			</METS:div>
			<METS:div TYPE="Chapter" LABEL="第二十章运动微分方程式" ORDERLABEL="218"><METS:fptr FILEID="00000226"/>
				<METS:div TYPE="Chapter" LABEL="§20-1質点运动微分方程式" ORDERLABEL="218"><METS:fptr FILEID="00000226"/>
				</METS:div>
				<METS:div TYPE="Chapter" LABEL="§20-2質点动力学第一类問题" ORDERLABEL="219"><METS:fptr FILEID="00000227"/>
				</METS:div>
				<METS:div TYPE="Chapter" LABEL="§20-3質点动力学第二类問题" ORDERLABEL="222"><METS:fptr FILEID="00000230"/>
				</METS:div>
				<METS:div TYPE="Chapter" LABEL="§20-4質点系。作用于质点系的力的分类" ORDERLABEL="232"><METS:fptr FILEID="00000240"/>
				</METS:div>
				<METS:div TYPE="Chapter" LABEL="§20-5質点系运动微分方程式" ORDERLABEL="233"><METS:fptr FILEID="00000241"/>
				</METS:div>
			</METS:div>
			<METS:div TYPE="Chapter" LABEL="第二十一章动量定理" ORDERLABEL="233"><METS:fptr FILEID="00000241"/>
				<METS:div TYPE="Chapter" LABEL="§21-1动力学普遍定理概述" ORDERLABEL="233"><METS:fptr FILEID="00000241"/>
				</METS:div>
				<METS:div TYPE="Chapter" LABEL="§21-2质点系的質心。質心运动定理" ORDERLABEL="234"><METS:fptr FILEID="00000242"/>
				</METS:div>
				<METS:div TYPE="Chapter" LABEL="§21-3质点及質点系的动量" ORDERLABEL="239"><METS:fptr FILEID="00000247"/>
				</METS:div>
				<METS:div TYPE="Chapter" LABEL="§21-4力的冲量" ORDERLABEL="240"><METS:fptr FILEID="00000248"/>
				</METS:div>
				<METS:div TYPE="Chapter" LABEL="§21-5質点的动量定理" ORDERLABEL="241"><METS:fptr FILEID="00000249"/>
				</METS:div>
				<METS:div TYPE="Chapter" LABEL="§21-6質点系动量定理" ORDERLABEL="243"><METS:fptr FILEID="00000251"/>
				</METS:div>
				<METS:div TYPE="Chapter" LABEL="§21-7动量守恒定理在火箭技术中的应用——齐奥尔柯夫斯基公式" ORDERLABEL="247"><METS:fptr FILEID="00000255"/>
				</METS:div>
			</METS:div>
			<METS:div TYPE="Chapter" LABEL="第二十二章动量矩定理" ORDERLABEL="248"><METS:fptr FILEID="00000256"/>
				<METS:div TYPE="Chapter" LABEL="§22-1質点及质点系的动量矩" ORDERLABEL="248"><METS:fptr FILEID="00000256"/>
				</METS:div>
				<METS:div TYPE="Chapter" LABEL="§22-2慣矩" ORDERLABEL="250"><METS:fptr FILEID="00000258"/>
				</METS:div>
				<METS:div TYPE="Chapter" LABEL="§22-3質点的动量矩定理" ORDERLABEL="257"><METS:fptr FILEID="00000265"/>
				</METS:div>
				<METS:div TYPE="Chapter" LABEL="§22-4质点系動量矩定理。刚体定軸轉動微分方程式" ORDERLABEL="261"><METS:fptr FILEID="00000269"/>
				</METS:div>
				<METS:div TYPE="Chapter" LABEL="§22-5質点系相对于其质心运动的动量短定理。刚体平面运动微分方程式" ORDERLABEL="266"><METS:fptr FILEID="00000274"/>
				</METS:div>
			</METS:div>
			<METS:div TYPE="Chapter" LABEL="第二十三章动能定理" ORDERLABEL="272"><METS:fptr FILEID="00000280"/>
				<METS:div TYPE="Chapter" LABEL="§23-1質点及質点系的动能" ORDERLABEL="272"><METS:fptr FILEID="00000280"/>
				</METS:div>
				<METS:div TYPE="Chapter" LABEL="§23-2功与功率" ORDERLABEL="275"><METS:fptr FILEID="00000283"/>
				</METS:div>
				<METS:div TYPE="Chapter" LABEL="§23-3功的計算举例" ORDERLABEL="279"><METS:fptr FILEID="00000287"/>
				</METS:div>
				<METS:div TYPE="Chapter" LABEL="§23-4質点的动能定理" ORDERLABEL="282"><METS:fptr FILEID="00000290"/>
				</METS:div>
				<METS:div TYPE="Chapter" LABEL="§23-5质点系动能定理" ORDERLABEL="285"><METS:fptr FILEID="00000293"/>
				</METS:div>
				<METS:div TYPE="Chapter" LABEL="§23-6势力場。势能" ORDERLABEL="288"><METS:fptr FILEID="00000296"/>
				</METS:div>
				<METS:div TYPE="Chapter" LABEL="§23-7机械能守恒定理" ORDERLABEL="292"><METS:fptr FILEID="00000300"/>
				</METS:div>
				<METS:div TYPE="Chapter" LABEL="§23-8質点在地球引力作用下的运動" ORDERLABEL="293"><METS:fptr FILEID="00000301"/>
				</METS:div>
			</METS:div>
			<METS:div TYPE="Chapter" LABEL="第二十四章达兰貝尔原理" ORDERLABEL="298"><METS:fptr FILEID="00000306"/>
				<METS:div TYPE="Chapter" LABEL="§24-1惯性力" ORDERLABEL="298"><METS:fptr FILEID="00000306"/>
				</METS:div>
				<METS:div TYPE="Chapter" LABEL="§24-2质點的达兰貝尔原理" ORDERLABEL="299"><METS:fptr FILEID="00000307"/>
				</METS:div>
				<METS:div TYPE="Chapter" LABEL="§24-3质点系达兰貝尔原理。運动刚体的慣性力系的簡化" ORDERLABEL="301"><METS:fptr FILEID="00000309"/>
				</METS:div>
			</METS:div>
			<METS:div TYPE="Chapter" LABEL="第二十五章質点的振动" ORDERLABEL="306"><METS:fptr FILEID="00000314"/>
				<METS:div TYPE="Chapter" LABEL="§25-1在与質点到平衡位置的距离成比例的恢复力作用下,质点的自由振动" ORDERLABEL="307"><METS:fptr FILEID="00000315"/>
				</METS:div>
				<METS:div TYPE="Chapter" LABEL="§25-2当阻尼力与速度的一次方成比例时,質点的衰减振动" ORDERLABEL="310"><METS:fptr FILEID="00000318"/>
				</METS:div>
				<METS:div TYPE="Chapter" LABEL="§25-3在周期性干扰力作用下,質点的强迫振动。共振现象" ORDERLABEL="315"><METS:fptr FILEID="00000323"/>
				</METS:div>
				<METS:div TYPE="Chapter" LABEL="§25-4与速度一次方成比例的阻尼力对强迫振动的影响" ORDERLABEL="322"><METS:fptr FILEID="00000330"/>
				</METS:div>
			</METS:div>
			<METS:div TYPE="Chapter" LABEL="第二十六章質點的相对运动" ORDERLABEL="325"><METS:fptr FILEID="00000333"/>
				<METS:div TYPE="Chapter" LABEL="§26-1相对平衡" ORDERLABEL="326"><METS:fptr FILEID="00000334"/>
				</METS:div>
				<METS:div TYPE="Chapter" LABEL="§26-2牵連運动为平行移动时,質点的相对运动" ORDERLABEL="327"><METS:fptr FILEID="00000335"/>
				</METS:div>
				<METS:div TYPE="Chapter" LABEL="§26-3牽連運动为定軸轉動时,质点的相对运动" ORDERLABEL="330"><METS:fptr FILEID="00000338"/>
				</METS:div>
			</METS:div>
			<METS:div TYPE="Chapter" LABEL="第二十七章碰撞" ORDERLABEL="333"><METS:fptr FILEID="00000341"/>
				<METS:div TYPE="Chapter" LABEL="§27-1碰撞现象。瞬時力" ORDERLABEL="333"><METS:fptr FILEID="00000341"/>
				</METS:div>
				<METS:div TYPE="Chapter" LABEL="§27-2碰撞对于質点的作用" ORDERLABEL="333"><METS:fptr FILEID="00000341"/>
				</METS:div>
				<METS:div TYPE="Chapter" LABEL="§27-3小球对固定面的碰撞。恢复系数" ORDERLABEL="335"><METS:fptr FILEID="00000343"/>
				</METS:div>
				<METS:div TYPE="Chapter" LABEL="§27-4两物体的正碰撞" ORDERLABEL="337"><METS:fptr FILEID="00000345"/>
				</METS:div>
				<METS:div TYPE="Chapter" LABEL="§27-5碰撞对于質点系的作用" ORDERLABEL="342"><METS:fptr FILEID="00000350"/>
				</METS:div>
				<METS:div TYPE="Chapter" LABEL="§27-6碰撞对于繞固定軸轉动的剛体的作用。撞击中心" ORDERLABEL="343"><METS:fptr FILEID="00000351"/>
				</METS:div>
			</METS:div>
			<METS:div TYPE="Chapter" LABEL="第二十八章虚位移原理" ORDERLABEL="347"><METS:fptr FILEID="00000355"/>
				<METS:div TYPE="Chapter" LABEL="§28-1約束的分类" ORDERLABEL="347"><METS:fptr FILEID="00000355"/>
				</METS:div>
				<METS:div TYPE="Chapter" LABEL="§28-2自由度。广义坐标" ORDERLABEL="349"><METS:fptr FILEID="00000357"/>
				</METS:div>
				<METS:div TYPE="Chapter" LABEL="§28-3虚位移" ORDERLABEL="350"><METS:fptr FILEID="00000358"/>
				</METS:div>
				<METS:div TYPE="Chapter" LABEL="§28-4理想約束" ORDERLABEL="352"><METS:fptr FILEID="00000360"/>
				</METS:div>
				<METS:div TYPE="Chapter" LABEL="§28-5虚位移原理" ORDERLABEL="353"><METS:fptr FILEID="00000361"/>
				</METS:div>
				<METS:div TYPE="Chapter" LABEL="§28-6用虚位移原理求約束力" ORDERLABEL="358"><METS:fptr FILEID="00000366"/>
				</METS:div>
				<METS:div TYPE="Chapter" LABEL="§28-7动力学普遍方程式" ORDERLABEL="359"><METS:fptr FILEID="00000367"/>
				</METS:div>
			</METS:div>
			<METS:div TYPE="Chapter" LABEL="第二十九章拉格朗日方程式" ORDERLABEL="362"><METS:fptr FILEID="00000370"/>
				<METS:div TYPE="Chapter" LABEL="§29-1广义力" ORDERLABEL="362"><METS:fptr FILEID="00000370"/>
				</METS:div>
				<METS:div TYPE="Chapter" LABEL="§29-2用广义力表示質点系的平衡条件" ORDERLABEL="366"><METS:fptr FILEID="00000374"/>
				</METS:div>
				<METS:div TYPE="Chapter" LABEL="§29-3拉格朗日方程式" ORDERLABEL="368"><METS:fptr FILEID="00000376"/>
				</METS:div>
				<METS:div TYPE="Chapter" LABEL="§29-4拉格朗日方程式应用举例" ORDERLABEL="373"><METS:fptr FILEID="00000381"/>
				</METS:div>
			</METS:div>
		</METS:div>
	</METS:structMap>
</METS:mets>
