<?xml version="1.0" encoding="utf-8"?>
<METS:mets xmlns:METS="http://www.loc.gov/METS/" xmlns:xsi="http://www.w3.org/2001/XMLSchema-instance" xmlns:gdm="http://sunsite.berkeley.edu/GDM/" xmlns:xlink="http://www.w3.org/TR/xlink" xsi:schemalocation="http://www.loc.gov/METS/http://www.loc.gov/standards/mets/mets.xsd" LABEL="Zhejiang University.jdl.China-America digital library project" TYPE="Section">
	<METS:structMap TYPE="Catalog">
		<METS:div TYPE="Chapter" LABEL="静力学 " ORDERLABEL="19"><METS:fptr FILEID="00000020"/>
			<METS:div TYPE="Chapter" LABEL="第一章静力学的基本概念及公理" ORDERLABEL="19"><METS:fptr FILEID="00000020"/>
				<METS:div TYPE="Chapter" LABEL="§1-1.刚体的概念" ORDERLABEL="19"><METS:fptr FILEID="00000020"/>
				</METS:div>
				<METS:div TYPE="Chapter" LABEL="§1-2.力的概念" ORDERLABEL="20"><METS:fptr FILEID="00000021"/>
				</METS:div>
				<METS:div TYPE="Chapter" LABEL="§1-3.静力学基本定义及公理" ORDERLABEL="21"><METS:fptr FILEID="00000022"/>
				</METS:div>
				<METS:div TYPE="Chapter" LABEL="§1-4.约束及约束反作用力" ORDERLABEL="24"><METS:fptr FILEID="00000025"/>
				</METS:div>
			</METS:div>
			<METS:div TYPE="Chapter" LABEL="第二章平面匯交力系" ORDERLABEL="27"><METS:fptr FILEID="00000028"/>
				<METS:div TYPE="Chapter" LABEL="§2-1.平面匯交力系合成的几何法" ORDERLABEL="27"><METS:fptr FILEID="00000028"/>
				</METS:div>
				<METS:div TYPE="Chapter" LABEL="§2-2.力的分解" ORDERLABEL="29"><METS:fptr FILEID="00000030"/>
				</METS:div>
				<METS:div TYPE="Chapter" LABEL="§2-3.两匯交力的合力的分析求法" ORDERLABEL="30"><METS:fptr FILEID="00000031"/>
				</METS:div>
				<METS:div TYPE="Chapter" LABEL="§2-4.力在軸上的投影" ORDERLABEL="31"><METS:fptr FILEID="00000032"/>
				</METS:div>
				<METS:div TYPE="Chapter" LABEL="§2-5.平面匯交力系合成的分析法" ORDERLABEL="34"><METS:fptr FILEID="00000035"/>
				</METS:div>
				<METS:div TYPE="Chapter" LABEL="§2-6.平面匯交力系的平衡" ORDERLABEL="36"><METS:fptr FILEID="00000037"/>
				</METS:div>
			</METS:div>
			<METS:div TYPE="Chapter" LABEL="第三章平面平行力系" ORDERLABEL="42"><METS:fptr FILEID="00000043"/>
				<METS:div TYPE="Chapter" LABEL="§3-1.同向及反向兩平行力的合成" ORDERLABEL="42"><METS:fptr FILEID="00000043"/>
				</METS:div>
				<METS:div TYPE="Chapter" LABEL="§3-2.将已知力分解为与它平行的兩分力" ORDERLABEL="44"><METS:fptr FILEID="00000045"/>
				</METS:div>
				<METS:div TYPE="Chapter" LABEL="§3-3.力对点的矩代里囊定理" ORDERLABEL="45"><METS:fptr FILEID="00000046"/>
				</METS:div>
				<METS:div TYPE="Chapter" LABEL="§3-4.諸平行力的合成平面平行力系的平衡条件" ORDERLABEL="48"><METS:fptr FILEID="00000049"/>
				</METS:div>
			</METS:div>
			<METS:div TYPE="Chapter" LABEL="第四章力偶系" ORDERLABEL="53"><METS:fptr FILEID="00000054"/>
				<METS:div TYPE="Chapter" LABEL="§4-1.力偶矩" ORDERLABEL="53"><METS:fptr FILEID="00000054"/>
				</METS:div>
				<METS:div TYPE="Chapter" LABEL="§4-2.力偶的互等力偶矩被视为向量" ORDERLABEL="53"><METS:fptr FILEID="00000054"/>
				</METS:div>
				<METS:div TYPE="Chapter" LABEL="§4-3.力偶的合成" ORDERLABEL="59"><METS:fptr FILEID="00000060"/>
				</METS:div>
				<METS:div TYPE="Chapter" LABEL="§4-4.力偶系的平衡条件" ORDERLABEL="65"><METS:fptr FILEID="00000066"/>
				</METS:div>
			</METS:div>
			<METS:div TYPE="Chapter" LABEL="第五章平面力系" ORDERLABEL="67"><METS:fptr FILEID="00000068"/>
				<METS:div TYPE="Chapter" LABEL="§5-1.平面力系向已知点的簡化" ORDERLABEL="67"><METS:fptr FILEID="00000068"/>
				</METS:div>
				<METS:div TYPE="Chapter" LABEL="§5-2.平面力系的合力代裏囊定理" ORDERLABEL="70"><METS:fptr FILEID="00000071"/>
				</METS:div>
				<METS:div TYPE="Chapter" LABEL="§5-3.平面力系簡化为一力偶時的情况" ORDERLABEL="71"><METS:fptr FILEID="00000072"/>
				</METS:div>
				<METS:div TYPE="Chapter" LABEL="§5-4.平面力系的平衡条件" ORDERLABEL="71"><METS:fptr FILEID="00000072"/>
				</METS:div>
				<METS:div TYPE="Chapter" LABEL="§5-5.平面力系平衡問題举例" ORDERLABEL="72"><METS:fptr FILEID="00000073"/>
				</METS:div>
				<METS:div TYPE="Chapter" LABEL="§5-6.平面力系平衡条件的另几种形式" ORDERLABEL="76"><METS:fptr FILEID="00000077"/>
				</METS:div>
				<METS:div TYPE="Chapter" LABEL="§5-7.靜不定問題的概念" ORDERLABEL="79"><METS:fptr FILEID="00000080"/>
				</METS:div>
				<METS:div TYPE="Chapter" LABEL="§5-8.物系的平衡" ORDERLABEL="79"><METS:fptr FILEID="00000080"/>
				</METS:div>
			</METS:div>
			<METS:div TYPE="Chapter" LABEL="第六章滑动摩擦" ORDERLABEL="83"><METS:fptr FILEID="00000084"/>
				<METS:div TYPE="Chapter" LABEL="§6-1.靜滑动摩擦" ORDERLABEL="83"><METS:fptr FILEID="00000084"/>
				</METS:div>
				<METS:div TYPE="Chapter" LABEL="§6-2.有摩擦力存在的物体平衡問题的計算" ORDERLABEL="86"><METS:fptr FILEID="00000087"/>
				</METS:div>
				<METS:div TYPE="Chapter" LABEL="§6-3.动滑动摩擦" ORDERLABEL="91"><METS:fptr FILEID="00000092"/>
				</METS:div>
			</METS:div>
			<METS:div TYPE="Chapter" LABEL="第七章圓解静力学基本知識" ORDERLABEL="93"><METS:fptr FILEID="00000094"/>
				<METS:div TYPE="Chapter" LABEL="§7-1.同平面内諸力的合成平面力系平衡的圖解条件" ORDERLABEL="93"><METS:fptr FILEID="00000094"/>
				</METS:div>
				<METS:div TYPE="Chapter" LABEL="§7-2.平面力系平衡問題圖解法舉例" ORDERLABEL="97"><METS:fptr FILEID="00000098"/>
				</METS:div>
			</METS:div>
			<METS:div TYPE="Chapter" LABEL="第八章桁架" ORDERLABEL="101"><METS:fptr FILEID="00000102"/>
				<METS:div TYPE="Chapter" LABEL="§8-1.桁架的概念有关桁架計算的几个問題" ORDERLABEL="101"><METS:fptr FILEID="00000102"/>
				</METS:div>
				<METS:div TYPE="Chapter" LABEL="§8-2.節点截割法" ORDERLABEL="103"><METS:fptr FILEID="00000104"/>
				</METS:div>
				<METS:div TYPE="Chapter" LABEL="§8-3.克林蒙納-馬克斯韋法" ORDERLABEL="106"><METS:fptr FILEID="00000107"/>
				</METS:div>
				<METS:div TYPE="Chapter" LABEL="§8-4.李特尔法" ORDERLABEL="110"><METS:fptr FILEID="00000111"/>
				</METS:div>
			</METS:div>
			<METS:div TYPE="Chapter" LABEL="第九章空間力系" ORDERLABEL="115"><METS:fptr FILEID="00000116"/>
				<METS:div TYPE="Chapter" LABEL="§9-1.一力沿空間坐标軸的分解" ORDERLABEL="115"><METS:fptr FILEID="00000116"/>
				</METS:div>
				<METS:div TYPE="Chapter" LABEL="§9-2.空間匯交力系的合成" ORDERLABEL="116"><METS:fptr FILEID="00000117"/>
				</METS:div>
				<METS:div TYPE="Chapter" LABEL="§9-3.空間匯交力系的平衡条件" ORDERLABEL="117"><METS:fptr FILEID="00000118"/>
				</METS:div>
				<METS:div TYPE="Chapter" LABEL="§9-4.力对於軸的矩" ORDERLABEL="120"><METS:fptr FILEID="00000121"/>
				</METS:div>
				<METS:div TYPE="Chapter" LABEL="§9-5.力对於坐标軸的矩的公式" ORDERLABEL="122"><METS:fptr FILEID="00000123"/>
				</METS:div>
				<METS:div TYPE="Chapter" LABEL="§9-6.力对於点的矩被看作向量" ORDERLABEL="124"><METS:fptr FILEID="00000125"/>
				</METS:div>
				<METS:div TYPE="Chapter" LABEL="§9-7.力对於已知点的矩与对於通过此点的軸的矩的关系" ORDERLABEL="126"><METS:fptr FILEID="00000127"/>
				</METS:div>
				<METS:div TYPE="Chapter" LABEL="§9-8.空間力偶合成的分析法" ORDERLABEL="127"><METS:fptr FILEID="00000128"/>
				</METS:div>
				<METS:div TYPE="Chapter" LABEL="§9-9.空間力系向已知点的簡化及其簡化結果的討論空間力系的平衡條件" ORDERLABEL="128"><METS:fptr FILEID="00000129"/>
				</METS:div>
				<METS:div TYPE="Chapter" LABEL="§9-10.空間平行力系的平衡条件" ORDERLABEL="135"><METS:fptr FILEID="00000136"/>
				</METS:div>
			</METS:div>
			<METS:div TYPE="Chapter" LABEL="第十章重心" ORDERLABEL="137"><METS:fptr FILEID="00000138"/>
				<METS:div TYPE="Chapter" LABEL="§10-1.空間平行力系的中心" ORDERLABEL="137"><METS:fptr FILEID="00000138"/>
				</METS:div>
				<METS:div TYPE="Chapter" LABEL="§10-2.空間平行力系中心位置的分析求法" ORDERLABEL="138"><METS:fptr FILEID="00000139"/>
				</METS:div>
				<METS:div TYPE="Chapter" LABEL="§10-3.重心重心坐标的普遍公式" ORDERLABEL="140"><METS:fptr FILEID="00000141"/>
				</METS:div>
				<METS:div TYPE="Chapter" LABEL="§10-4.对称面与对称軸" ORDERLABEL="143"><METS:fptr FILEID="00000144"/>
				</METS:div>
				<METS:div TYPE="Chapter" LABEL="§10-5.幾種簡單圖形与物体的重心" ORDERLABEL="143"><METS:fptr FILEID="00000144"/>
				</METS:div>
				<METS:div TYPE="Chapter" LABEL="§10-6.复什形状的物体和圖形的重心的求法" ORDERLABEL="147"><METS:fptr FILEID="00000148"/>
				</METS:div>
			</METS:div>
		</METS:div>
		<METS:div TYPE="Chapter" LABEL="运动学" ORDERLABEL="151"><METS:fptr FILEID="00000152"/>
			<METS:div TYPE="Chapter" LABEL="第十一章点的平面曲線運動" ORDERLABEL="151"><METS:fptr FILEID="00000152"/>
				<METS:div TYPE="Chapter" LABEL="§11-1.導言" ORDERLABEL="151"><METS:fptr FILEID="00000152"/>
				</METS:div>
				<METS:div TYPE="Chapter" LABEL="§11-2.点的平面曲線运动的决定法" ORDERLABEL="153"><METS:fptr FILEID="00000154"/>
				</METS:div>
				<METS:div TYPE="Chapter" LABEL="§11-3.自然法决定点的平面曲線運動时點的速度與加速度的求法" ORDERLABEL="154"><METS:fptr FILEID="00000155"/>
				</METS:div>
				<METS:div TYPE="Chapter" LABEL="§11-4.用坐标法決定点的平面曲線運动时点的速度与加速度的求法" ORDERLABEL="163"><METS:fptr FILEID="00000164"/>
				</METS:div>
				<METS:div TYPE="Chapter" LABEL="§11-5.点的直線运动" ORDERLABEL="169"><METS:fptr FILEID="00000170"/>
				</METS:div>
			</METS:div>
			<METS:div TYPE="Chapter" LABEL="第十二章剛体运动的基本种類—剛体的平动与繞定軸的轉动" ORDERLABEL="171"><METS:fptr FILEID="00000172"/>
				<METS:div TYPE="Chapter" LABEL="§12-1.導言" ORDERLABEL="171"><METS:fptr FILEID="00000172"/>
				</METS:div>
				<METS:div TYPE="Chapter" LABEL="§12-2.刚体的平動" ORDERLABEL="171"><METS:fptr FILEID="00000172"/>
				</METS:div>
				<METS:div TYPE="Chapter" LABEL="§12-3.剛体繞固定軸的轉动" ORDERLABEL="173"><METS:fptr FILEID="00000174"/>
				</METS:div>
				<METS:div TYPE="Chapter" LABEL="§12-4.剛體的等速轉动及等变速轉動" ORDERLABEL="176"><METS:fptr FILEID="00000177"/>
				</METS:div>
				<METS:div TYPE="Chapter" LABEL="§12-5.轉动刚体内各点的速度及加速度" ORDERLABEL="179"><METS:fptr FILEID="00000180"/>
				</METS:div>
			</METS:div>
			<METS:div TYPE="Chapter" LABEL="第十三章点的复合运动" ORDERLABEL="185"><METS:fptr FILEID="00000186"/>
				<METS:div TYPE="Chapter" LABEL="§13-1.点的复合运动的定义相对运动、牽連运动与絕对运动" ORDERLABEL="185"><METS:fptr FILEID="00000186"/>
				</METS:div>
				<METS:div TYPE="Chapter" LABEL="§13-2.點的速度合成定理" ORDERLABEL="186"><METS:fptr FILEID="00000187"/>
				</METS:div>
				<METS:div TYPE="Chapter" LABEL="§13-3.當牵連运动为平动时点的加速度合成定理" ORDERLABEL="190"><METS:fptr FILEID="00000191"/>
				</METS:div>
			</METS:div>
			<METS:div TYPE="Chapter" LABEL="第十四章剛體的平面平行运动" ORDERLABEL="194"><METS:fptr FILEID="00000195"/>
				<METS:div TYPE="Chapter" LABEL="§14-1.剛體平面平行运动的基本概念与定义" ORDERLABEL="194"><METS:fptr FILEID="00000195"/>
				</METS:div>
				<METS:div TYPE="Chapter" LABEL="§14-2.剛体平面平行运动的运动方程式" ORDERLABEL="195"><METS:fptr FILEID="00000196"/>
				</METS:div>
				<METS:div TYPE="Chapter" LABEL="§14-3.将刚體的平面平行运動分解为平動与轉动" ORDERLABEL="195"><METS:fptr FILEID="00000196"/>
				</METS:div>
				<METS:div TYPE="Chapter" LABEL="§14-4.圖形上各点速度的求法曖時轉動中心" ORDERLABEL="197"><METS:fptr FILEID="00000198"/>
				</METS:div>
				<METS:div TYPE="Chapter" LABEL="§14-5.平面圖形内各点的加速度" ORDERLABEL="202"><METS:fptr FILEID="00000203"/>
				</METS:div>
			</METS:div>
		</METS:div>
		<METS:div TYPE="Chapter" LABEL="动力学" ORDERLABEL="205"><METS:fptr FILEID="00000206"/>
			<METS:div TYPE="Chapter" LABEL="第十五章动力学的基本定律" ORDERLABEL="205"><METS:fptr FILEID="00000206"/>
				<METS:div TYPE="Chapter" LABEL="§15-1.導論" ORDERLABEL="205"><METS:fptr FILEID="00000206"/>
				</METS:div>
				<METS:div TYPE="Chapter" LABEL="§15-2.动力学的基本概念与定律" ORDERLABEL="206"><METS:fptr FILEID="00000207"/>
				</METS:div>
			</METS:div>
			<METS:div TYPE="Chapter" LABEL="第十六章質点的运动微分方程式" ORDERLABEL="211"><METS:fptr FILEID="00000212"/>
				<METS:div TYPE="Chapter" LABEL="§16-1.質点的運动微分方程式" ORDERLABEL="211"><METS:fptr FILEID="00000212"/>
				</METS:div>
				<METS:div TYPE="Chapter" LABEL="§16-2.質点动力学的兩大基本問題" ORDERLABEL="212"><METS:fptr FILEID="00000213"/>
				</METS:div>
			</METS:div>
			<METS:div TYPE="Chapter" LABEL="第十七章質点系的运动微分方程式" ORDERLABEL="218"><METS:fptr FILEID="00000219"/>
				<METS:div TYPE="Chapter" LABEL="§17-1.質点系質点系的内力与外力" ORDERLABEL="218"><METS:fptr FILEID="00000219"/>
				</METS:div>
				<METS:div TYPE="Chapter" LABEL="§17-2.質点系的运动微分方程式" ORDERLABEL="219"><METS:fptr FILEID="00000220"/>
				</METS:div>
			</METS:div>
			<METS:div TYPE="Chapter" LABEL="第十八章动量与冲量" ORDERLABEL="223"><METS:fptr FILEID="00000224"/>
				<METS:div TYPE="Chapter" LABEL="§18-1.質点的动量" ORDERLABEL="223"><METS:fptr FILEID="00000224"/>
				</METS:div>
				<METS:div TYPE="Chapter" LABEL="§18-2.質点系的動量" ORDERLABEL="223"><METS:fptr FILEID="00000224"/>
				</METS:div>
				<METS:div TYPE="Chapter" LABEL="§18-3.力的冲量" ORDERLABEL="224"><METS:fptr FILEID="00000225"/>
				</METS:div>
				<METS:div TYPE="Chapter" LABEL="§18-4.質点的动量定理" ORDERLABEL="226"><METS:fptr FILEID="00000227"/>
				</METS:div>
				<METS:div TYPE="Chapter" LABEL="§18-5.質点系的动量定理" ORDERLABEL="230"><METS:fptr FILEID="00000231"/>
				</METS:div>
				<METS:div TYPE="Chapter" LABEL="§18-6.質点系的动量在某一固定軸上守恒的条件" ORDERLABEL="233"><METS:fptr FILEID="00000234"/>
				</METS:div>
				<METS:div TYPE="Chapter" LABEL="§18-7.質点系的質量中心的概念" ORDERLABEL="234"><METS:fptr FILEID="00000235"/>
				</METS:div>
				<METS:div TYPE="Chapter" LABEL="§18-8.質点系的質量中心运动定理" ORDERLABEL="237"><METS:fptr FILEID="00000238"/>
				</METS:div>
			</METS:div>
			<METS:div TYPE="Chapter" LABEL="第十九章动量矩定理" ORDERLABEL="244"><METS:fptr FILEID="00000245"/>
				<METS:div TYPE="Chapter" LABEL="§19-1.動量矩" ORDERLABEL="244"><METS:fptr FILEID="00000245"/>
				</METS:div>
				<METS:div TYPE="Chapter" LABEL="§19-2.質点的动量矩定理" ORDERLABEL="246"><METS:fptr FILEID="00000247"/>
				</METS:div>
				<METS:div TYPE="Chapter" LABEL="§19-3.質点系的动量矩定理" ORDERLABEL="247"><METS:fptr FILEID="00000248"/>
				</METS:div>
				<METS:div TYPE="Chapter" LABEL="§19-4.剛體繞定軸轉动的微分方程式" ORDERLABEL="251"><METS:fptr FILEID="00000252"/>
				</METS:div>
			</METS:div>
			<METS:div TYPE="Chapter" LABEL="第二十章轉动惯量" ORDERLABEL="255"><METS:fptr FILEID="00000256"/>
				<METS:div TYPE="Chapter" LABEL="§20-1.轉动慣量的普通公式" ORDERLABEL="255"><METS:fptr FILEID="00000256"/>
				</METS:div>
				<METS:div TYPE="Chapter" LABEL="§20-2.轉动慣量計算举例" ORDERLABEL="256"><METS:fptr FILEID="00000257"/>
				</METS:div>
				<METS:div TYPE="Chapter" LABEL="§20-3.平行軸定理" ORDERLABEL="259"><METS:fptr FILEID="00000260"/>
				</METS:div>
			</METS:div>
			<METS:div TYPE="Chapter" LABEL="第二十一章相对於質心的动量矩定理刚体平面平行运动的微分方程式" ORDERLABEL="262"><METS:fptr FILEID="00000263"/>
				<METS:div TYPE="Chapter" LABEL="§21-1.相对於質心的动量定理" ORDERLABEL="262"><METS:fptr FILEID="00000263"/>
				</METS:div>
				<METS:div TYPE="Chapter" LABEL="§21-2.刚体平面平行運动的微分方程式" ORDERLABEL="265"><METS:fptr FILEID="00000266"/>
				</METS:div>
				<METS:div TYPE="Chapter" LABEL="§21-3.剛体平动的条件及其運動微分方程式" ORDERLABEL="268"><METS:fptr FILEID="00000269"/>
				</METS:div>
			</METS:div>
			<METS:div TYPE="Chapter" LABEL="第二十二章功与动能" ORDERLABEL="270"><METS:fptr FILEID="00000271"/>
				<METS:div TYPE="Chapter" LABEL="§22-1.功" ORDERLABEL="270"><METS:fptr FILEID="00000271"/>
				</METS:div>
				<METS:div TYPE="Chapter" LABEL="§22-2.功率" ORDERLABEL="276"><METS:fptr FILEID="00000277"/>
				</METS:div>
				<METS:div TYPE="Chapter" LABEL="§22-3.動能" ORDERLABEL="277"><METS:fptr FILEID="00000278"/>
				</METS:div>
				<METS:div TYPE="Chapter" LABEL="§22-4.質点的动能定理" ORDERLABEL="279"><METS:fptr FILEID="00000280"/>
				</METS:div>
				<METS:div TYPE="Chapter" LABEL="§22-5.質点系的动能定理" ORDERLABEL="280"><METS:fptr FILEID="00000281"/>
				</METS:div>
			</METS:div>
		</METS:div>
	</METS:structMap>
</METS:mets>
