<?xml version="1.0" encoding="utf-8"?>
<METS:mets xmlns:METS="http://www.loc.gov/METS/" xmlns:xsi="http://www.w3.org/2001/XMLSchema-instance" xmlns:gdm="http://sunsite.berkeley.edu/GDM/" xmlns:xlink="http://www.w3.org/TR/xlink" xsi:schemalocation="http://www.loc.gov/METS/http://www.loc.gov/standards/mets/mets.xsd" LABEL="Zhejiang University.jdl.China-America digital library project" TYPE="Section">
	<METS:structMap TYPE="Catalog">
		<METS:div TYPE="Chapter" LABEL="绪论" ORDERLABEL="1"><METS:fptr FILEID="00000010"/>
			<METS:div TYPE="Chapter" LABEL="§1.物质与运动" ORDERLABEL="1"><METS:fptr FILEID="00000010"/>
			</METS:div>
			<METS:div TYPE="Chapter" LABEL="§2.物理学" ORDERLABEL="3"><METS:fptr FILEID="00000012"/>
			</METS:div>
			<METS:div TYPE="Chapter" LABEL="§3.量度.单位制.量纲" ORDERLABEL="6"><METS:fptr FILEID="00000015"/>
			</METS:div>
			<METS:div TYPE="Chapter" LABEL="§4.实际对象的简化.理想化的模型" ORDERLABEL="8"><METS:fptr FILEID="00000017"/>
			</METS:div>
			<METS:div TYPE="Chapter" LABEL="§5.力学" ORDERLABEL="10"><METS:fptr FILEID="00000019"/>
			</METS:div>
		</METS:div>
		<METS:div TYPE="Chapter" LABEL="第一章 质点运动学" ORDERLABEL="13"><METS:fptr FILEID="00000022"/>
			<METS:div TYPE="Chapter" LABEL="§6.空间与时间.参考系统" ORDERLABEL="13"><METS:fptr FILEID="00000022"/>
			</METS:div>
			<METS:div TYPE="Chapter" LABEL="§7.直线运动" ORDERLABEL="17"><METS:fptr FILEID="00000026"/>
			</METS:div>
			<METS:div TYPE="Chapter" LABEL="§8.曲线运动.位移" ORDERLABEL="30"><METS:fptr FILEID="00000039"/>
			</METS:div>
			<METS:div TYPE="Chapter" LABEL="§9.速度.速率" ORDERLABEL="33"><METS:fptr FILEID="00000042"/>
			</METS:div>
			<METS:div TYPE="Chapter" LABEL="§10.加速度" ORDERLABEL="35"><METS:fptr FILEID="00000044"/>
			</METS:div>
			<METS:div TYPE="Chapter" LABEL="§11.坐标系的运用" ORDERLABEL="39"><METS:fptr FILEID="00000048"/>
			</METS:div>
			<METS:div TYPE="Chapter" LABEL="§12.直角坐标系" ORDERLABEL="40"><METS:fptr FILEID="00000049"/>
				<METS:div TYPE="Chapter" LABEL="(1)直角坐标系" ORDERLABEL="40"><METS:fptr FILEID="00000049"/>
				</METS:div>
				<METS:div TYPE="Chapter" LABEL="(2)矢量及其分量" ORDERLABEL="41"><METS:fptr FILEID="00000050"/>
				</METS:div>
				<METS:div TYPE="Chapter" LABEL="(3)质点的位置" ORDERLABEL="43"><METS:fptr FILEID="00000052"/>
				</METS:div>
				<METS:div TYPE="Chapter" LABEL="(4)质点的速度与速率" ORDERLABEL="43"><METS:fptr FILEID="00000052"/>
				</METS:div>
				<METS:div TYPE="Chapter" LABEL="(5)质点的加速度" ORDERLABEL="44"><METS:fptr FILEID="00000053"/>
				</METS:div>
			</METS:div>
			<METS:div TYPE="Chapter" LABEL="§13.极坐标系" ORDERLABEL="48"><METS:fptr FILEID="00000057"/>
				<METS:div TYPE="Chapter" LABEL="(1)极坐标系" ORDERLABEL="48"><METS:fptr FILEID="00000057"/>
				</METS:div>
				<METS:div TYPE="Chapter" LABEL="(2)矢量及其分量" ORDERLABEL="49"><METS:fptr FILEID="00000058"/>
				</METS:div>
				<METS:div TYPE="Chapter" LABEL="(3)质点的位置" ORDERLABEL="51"><METS:fptr FILEID="00000060"/>
				</METS:div>
				<METS:div TYPE="Chapter" LABEL="(4)质点的速度与速率" ORDERLABEL="51"><METS:fptr FILEID="00000060"/>
				</METS:div>
				<METS:div TYPE="Chapter" LABEL="(5)质点的加速度" ORDERLABEL="54"><METS:fptr FILEID="00000063"/>
				</METS:div>
			</METS:div>
			<METS:div TYPE="Chapter" LABEL="§14.自然“坐标系”" ORDERLABEL="58"><METS:fptr FILEID="00000067"/>
			</METS:div>
			<METS:div TYPE="Chapter" LABEL="复习问题" ORDERLABEL="60"><METS:fptr FILEID="00000069"/>
			</METS:div>
		</METS:div>
		<METS:div TYPE="Chapter" LABEL="第二章 质点动力学的基本定律" ORDERLABEL="63"><METS:fptr FILEID="00000072"/>
			<METS:div TYPE="Chapter" LABEL="§15.惯性定律.惯性参考系统" ORDERLABEL="63"><METS:fptr FILEID="00000072"/>
			</METS:div>
			<METS:div TYPE="Chapter" LABEL="§16.力与加速度.惯性质量" ORDERLABEL="65"><METS:fptr FILEID="00000074"/>
				<METS:div TYPE="Chapter" LABEL="(1)力的概念" ORDERLABEL="65"><METS:fptr FILEID="00000074"/>
				</METS:div>
				<METS:div TYPE="Chapter" LABEL="(2)力的量度" ORDERLABEL="66"><METS:fptr FILEID="00000075"/>
				</METS:div>
				<METS:div TYPE="Chapter" LABEL="(3)力与加速度的关系" ORDERLABEL="67"><METS:fptr FILEID="00000076"/>
				</METS:div>
				<METS:div TYPE="Chapter" LABEL="(4)惯性质量" ORDERLABEL="68"><METS:fptr FILEID="00000077"/>
				</METS:div>
				<METS:div TYPE="Chapter" LABEL="(5)牛顿第二定律.单位制" ORDERLABEL="70"><METS:fptr FILEID="00000079"/>
				</METS:div>
				<METS:div TYPE="Chapter" LABEL="(6)力是矢量" ORDERLABEL="73"><METS:fptr FILEID="00000082"/>
				</METS:div>
			</METS:div>
			<METS:div TYPE="Chapter" LABEL="§17.力学中常遇到的力.作用力与反作用力" ORDERLABEL="74"><METS:fptr FILEID="00000083"/>
				<METS:div TYPE="Chapter" LABEL="(1)万有引力" ORDERLABEL="74"><METS:fptr FILEID="00000083"/>
				</METS:div>
				<METS:div TYPE="Chapter" LABEL="(2)弹性力" ORDERLABEL="77"><METS:fptr FILEID="00000086"/>
				</METS:div>
				<METS:div TYPE="Chapter" LABEL="(3)摩擦力" ORDERLABEL="78"><METS:fptr FILEID="00000087"/>
				</METS:div>
				<METS:div TYPE="Chapter" LABEL="(4)力是一种接触作用" ORDERLABEL="78"><METS:fptr FILEID="00000087"/>
				</METS:div>
				<METS:div TYPE="Chapter" LABEL="(5)作用力与反作用力" ORDERLABEL="78"><METS:fptr FILEID="00000087"/>
				</METS:div>
			</METS:div>
			<METS:div TYPE="Chapter" LABEL="§18.力的合成与分解算法举例" ORDERLABEL="82"><METS:fptr FILEID="00000091"/>
			</METS:div>
			<METS:div TYPE="Chapter" LABEL="§19.质点动力学问题" ORDERLABEL="87"><METS:fptr FILEID="00000096"/>
			</METS:div>
			<METS:div TYPE="Chapter" LABEL="§20.摩擦力" ORDERLABEL="109"><METS:fptr FILEID="00000118"/>
				<METS:div TYPE="Chapter" LABEL="(1)干摩擦" ORDERLABEL="110"><METS:fptr FILEID="00000119"/>
				</METS:div>
				<METS:div TYPE="Chapter" LABEL="(2)湿摩擦" ORDERLABEL="122"><METS:fptr FILEID="00000131"/>
				</METS:div>
				<METS:div TYPE="Chapter" LABEL="(3)干摩擦而带有湿摩擦的特点" ORDERLABEL="126"><METS:fptr FILEID="00000135"/>
				</METS:div>
			</METS:div>
			<METS:div TYPE="Chapter" LABEL="§21.约束运动" ORDERLABEL="127"><METS:fptr FILEID="00000136"/>
			</METS:div>
			<METS:div TYPE="Chapter" LABEL="复习问题" ORDERLABEL="133"><METS:fptr FILEID="00000142"/>
			</METS:div>
		</METS:div>
		<METS:div TYPE="Chapter" LABEL="第三章 运动定律与非惯性参考系统" ORDERLABEL="136"><METS:fptr FILEID="00000145"/>
			<METS:div TYPE="Chapter" LABEL="§22.问题的提出.解决途径" ORDERLABEL="136"><METS:fptr FILEID="00000145"/>
			</METS:div>
			<METS:div TYPE="Chapter" LABEL="§23.平动参考系统" ORDERLABEL="138"><METS:fptr FILEID="00000147"/>
			</METS:div>
			<METS:div TYPE="Chapter" LABEL="§24.转动参考系统(一)" ORDERLABEL="146"><METS:fptr FILEID="00000155"/>
			</METS:div>
			<METS:div TYPE="Chapter" LABEL="§25.转动参考系统(二)" ORDERLABEL="155"><METS:fptr FILEID="00000164"/>
				<METS:div TYPE="Chapter" LABEL="(1)柯里奥利加速度的概念" ORDERLABEL="155"><METS:fptr FILEID="00000164"/>
				</METS:div>
				<METS:div TYPE="Chapter" LABEL="(2)柯里奥利加速度的表达式" ORDERLABEL="157"><METS:fptr FILEID="00000166"/>
				</METS:div>
				<METS:div TYPE="Chapter" LABEL="(3)柯里奥利惯性力" ORDERLABEL="158"><METS:fptr FILEID="00000167"/>
				</METS:div>
				<METS:div TYPE="Chapter" LABEL="(4)质点作一般的“相对”运动" ORDERLABEL="159"><METS:fptr FILEID="00000168"/>
				</METS:div>
				<METS:div TYPE="Chapter" LABEL="(5)地球自转对地面上物体运动的影响" ORDERLABEL="159"><METS:fptr FILEID="00000168"/>
				</METS:div>
			</METS:div>
			<METS:div TYPE="Chapter" LABEL="复习问题" ORDERLABEL="165"><METS:fptr FILEID="00000174"/>
			</METS:div>
		</METS:div>
		<METS:div TYPE="Chapter" LABEL="第四章 质点动力学的运动定理" ORDERLABEL="167"><METS:fptr FILEID="00000176"/>
			<METS:div TYPE="Chapter" LABEL="§26.动量定理" ORDERLABEL="168"><METS:fptr FILEID="00000177"/>
			</METS:div>
			<METS:div TYPE="Chapter" LABEL="§27.动量矩定理" ORDERLABEL="170"><METS:fptr FILEID="00000179"/>
				<METS:div TYPE="Chapter" LABEL="(1)力对于轴线的力矩" ORDERLABEL="170"><METS:fptr FILEID="00000179"/>
				</METS:div>
				<METS:div TYPE="Chapter" LABEL="(2)力对于轴线的动量矩(角动量)和动量矩定理" ORDERLABEL="172"><METS:fptr FILEID="00000181"/>
				</METS:div>
				<METS:div TYPE="Chapter" LABEL="(3)动量矩守恒原理" ORDERLABEL="175"><METS:fptr FILEID="00000184"/>
				</METS:div>
				<METS:div TYPE="Chapter" LABEL="(4)对于点的力矩、动量矩、动量矩定理、动量矩守恒原理" ORDERLABEL="176"><METS:fptr FILEID="00000185"/>
				</METS:div>
			</METS:div>
			<METS:div TYPE="Chapter" LABEL="§28.功" ORDERLABEL="179"><METS:fptr FILEID="00000188"/>
			</METS:div>
			<METS:div TYPE="Chapter" LABEL="§29.势能(位能)" ORDERLABEL="185"><METS:fptr FILEID="00000194"/>
				<METS:div TYPE="Chapter" LABEL="(1)势能的概念" ORDERLABEL="185"><METS:fptr FILEID="00000194"/>
				</METS:div>
				<METS:div TYPE="Chapter" LABEL="(2)如何计算质点在已知的势力场中的势能" ORDERLABEL="187"><METS:fptr FILEID="00000196"/>
				</METS:div>
				<METS:div TYPE="Chapter" LABEL="(3)质点在势力场中的势能为已知,如何计算相应的势力" ORDERLABEL="187"><METS:fptr FILEID="00000196"/>
				</METS:div>
			</METS:div>
			<METS:div TYPE="Chapter" LABEL="§30.动能.动能定理" ORDERLABEL="189"><METS:fptr FILEID="00000198"/>
				<METS:div TYPE="Chapter" LABEL="(1)动能" ORDERLABEL="189"><METS:fptr FILEID="00000198"/>
				</METS:div>
				<METS:div TYPE="Chapter" LABEL="(2)动能定理" ORDERLABEL="191"><METS:fptr FILEID="00000200"/>
				</METS:div>
			</METS:div>
			<METS:div TYPE="Chapter" LABEL="§31.机械能守恒原理" ORDERLABEL="192"><METS:fptr FILEID="00000201"/>
			</METS:div>
			<METS:div TYPE="Chapter" LABEL="§32.功能原理" ORDERLABEL="195"><METS:fptr FILEID="00000204"/>
			</METS:div>
			<METS:div TYPE="Chapter" LABEL="§33.功率" ORDERLABEL="196"><METS:fptr FILEID="00000205"/>
			</METS:div>
			<METS:div TYPE="Chapter" LABEL="§34.有心力" ORDERLABEL="198"><METS:fptr FILEID="00000207"/>
				<METS:div TYPE="Chapter" LABEL="(1)有心力" ORDERLABEL="198"><METS:fptr FILEID="00000207"/>
				</METS:div>
				<METS:div TYPE="Chapter" LABEL="(2)研究有心力问题的基本方程式" ORDERLABEL="198"><METS:fptr FILEID="00000207"/>
				</METS:div>
				<METS:div TYPE="Chapter" LABEL="(3)有心力问题的详尽解决" ORDERLABEL="200"><METS:fptr FILEID="00000209"/>
				</METS:div>
				<METS:div TYPE="Chapter" LABEL="(4)轨道问题" ORDERLABEL="201"><METS:fptr FILEID="00000210"/>
				</METS:div>
			</METS:div>
			<METS:div TYPE="Chapter" LABEL="§35.平方反比吸引力" ORDERLABEL="202"><METS:fptr FILEID="00000211"/>
				<METS:div TYPE="Chapter" LABEL="(1)刻卜勒行星运动定律" ORDERLABEL="202"><METS:fptr FILEID="00000211"/>
				</METS:div>
				<METS:div TYPE="Chapter" LABEL="(2)平方反比引力作用下的运动" ORDERLABEL="204"><METS:fptr FILEID="00000213"/>
				</METS:div>
				<METS:div TYPE="Chapter" LABEL="(3)平方反比引力作用下的轨道" ORDERLABEL="205"><METS:fptr FILEID="00000214"/>
				</METS:div>
			</METS:div>
			<METS:div TYPE="Chapter" LABEL="§36.平方反比斥力" ORDERLABEL="206"><METS:fptr FILEID="00000215"/>
			</METS:div>
			<METS:div TYPE="Chapter" LABEL="复习问题" ORDERLABEL="207"><METS:fptr FILEID="00000216"/>
			</METS:div>
		</METS:div>
		<METS:div TYPE="Chapter" LABEL="第五章 质点组动力学的运动定理" ORDERLABEL="210"><METS:fptr FILEID="00000219"/>
			<METS:div TYPE="Chapter" LABEL="§37.质点组动力学的困难所在.两体问题" ORDERLABEL="210"><METS:fptr FILEID="00000219"/>
				<METS:div TYPE="Chapter" LABEL="(1)质点组动力学的困难所在" ORDERLABEL="210"><METS:fptr FILEID="00000219"/>
				</METS:div>
				<METS:div TYPE="Chapter" LABEL="(2)两体问题" ORDERLABEL="211"><METS:fptr FILEID="00000220"/>
				</METS:div>
				<METS:div TYPE="Chapter" LABEL="(3)质心的运动" ORDERLABEL="212"><METS:fptr FILEID="00000221"/>
				</METS:div>
				<METS:div TYPE="Chapter" LABEL="(4)相对的运动" ORDERLABEL="213"><METS:fptr FILEID="00000222"/>
				</METS:div>
			</METS:div>
			<METS:div TYPE="Chapter" LABEL="§38.质心运动定理-动量定理" ORDERLABEL="215"><METS:fptr FILEID="00000224"/>
			</METS:div>
			<METS:div TYPE="Chapter" LABEL="§39.碰撞" ORDERLABEL="219"><METS:fptr FILEID="00000228"/>
				<METS:div TYPE="Chapter" LABEL="(1)对心碰撞(正碰)" ORDERLABEL="219"><METS:fptr FILEID="00000228"/>
				</METS:div>
				<METS:div TYPE="Chapter" LABEL="(2)斜碰" ORDERLABEL="224"><METS:fptr FILEID="00000233"/>
				</METS:div>
			</METS:div>
			<METS:div TYPE="Chapter" LABEL="§40.变质量质点动力学" ORDERLABEL="225"><METS:fptr FILEID="00000234"/>
			</METS:div>
			<METS:div TYPE="Chapter" LABEL="§41.动量矩定理" ORDERLABEL="228"><METS:fptr FILEID="00000237"/>
				<METS:div TYPE="Chapter" LABEL="(1)对于轴线的动量矩定理" ORDERLABEL="228"><METS:fptr FILEID="00000237"/>
				</METS:div>
				<METS:div TYPE="Chapter" LABEL="(2)质点组的动量矩与质心的动量矩" ORDERLABEL="230"><METS:fptr FILEID="00000239"/>
				</METS:div>
				<METS:div TYPE="Chapter" LABEL="(3)参考系统的选择" ORDERLABEL="231"><METS:fptr FILEID="00000240"/>
				</METS:div>
				<METS:div TYPE="Chapter" LABEL="(4)动量矩守恒原理" ORDERLABEL="232"><METS:fptr FILEID="00000241"/>
				</METS:div>
				<METS:div TYPE="Chapter" LABEL="(5)对于点的动量矩定理" ORDERLABEL="234"><METS:fptr FILEID="00000243"/>
				</METS:div>
			</METS:div>
			<METS:div TYPE="Chapter" LABEL="§42.动能定理" ORDERLABEL="234"><METS:fptr FILEID="00000243"/>
				<METS:div TYPE="Chapter" LABEL="(1)动能定理" ORDERLABEL="234"><METS:fptr FILEID="00000243"/>
				</METS:div>
				<METS:div TYPE="Chapter" LABEL="(2)质点组的动能与质心的动能" ORDERLABEL="236"><METS:fptr FILEID="00000245"/>
				</METS:div>
				<METS:div TYPE="Chapter" LABEL="(3)机械能守恒原理与功能原理" ORDERLABEL="238"><METS:fptr FILEID="00000247"/>
				</METS:div>
				<METS:div TYPE="Chapter" LABEL="(4)参考系统的选择" ORDERLABEL="239"><METS:fptr FILEID="00000248"/>
				</METS:div>
			</METS:div>
			<METS:div TYPE="Chapter" LABEL="复习问题" ORDERLABEL="242"><METS:fptr FILEID="00000251"/>
			</METS:div>
		</METS:div>
		<METS:div TYPE="Chapter" LABEL="第六章 刚体力学" ORDERLABEL="245"><METS:fptr FILEID="00000254"/>
			<METS:div TYPE="Chapter" LABEL="§43.刚体—一种质点组" ORDERLABEL="245"><METS:fptr FILEID="00000254"/>
				<METS:div TYPE="Chapter" LABEL="(1)刚体" ORDERLABEL="245"><METS:fptr FILEID="00000254"/>
				</METS:div>
				<METS:div TYPE="Chapter" LABEL="(2)刚体是一种质点组,有六个自由度" ORDERLABEL="246"><METS:fptr FILEID="00000255"/>
				</METS:div>
				<METS:div TYPE="Chapter" LABEL="(3)刚体的质心" ORDERLABEL="248"><METS:fptr FILEID="00000257"/>
				</METS:div>
				<METS:div TYPE="Chapter" LABEL="(4)对于刚体,内力所作功的和为零" ORDERLABEL="251"><METS:fptr FILEID="00000260"/>
				</METS:div>
			</METS:div>
			<METS:div TYPE="Chapter" LABEL="§44.施于刚体的力系的简化" ORDERLABEL="253"><METS:fptr FILEID="00000262"/>
				<METS:div TYPE="Chapter" LABEL="(1)滑移矢量" ORDERLABEL="253"><METS:fptr FILEID="00000262"/>
				</METS:div>
				<METS:div TYPE="Chapter" LABEL="(2)特例:共点力系、平行力系" ORDERLABEL="254"><METS:fptr FILEID="00000263"/>
				</METS:div>
				<METS:div TYPE="Chapter" LABEL="(3)力系简化的困难及其克服" ORDERLABEL="255"><METS:fptr FILEID="00000264"/>
				</METS:div>
				<METS:div TYPE="Chapter" LABEL="(4)力系的简化" ORDERLABEL="257"><METS:fptr FILEID="00000266"/>
				</METS:div>
				<METS:div TYPE="Chapter" LABEL="[附]关于力偶的若干运算规则" ORDERLABEL="259"><METS:fptr FILEID="00000268"/>
				</METS:div>
			</METS:div>
			<METS:div TYPE="Chapter" LABEL="§45.刚体的平衡" ORDERLABEL="261"><METS:fptr FILEID="00000270"/>
				<METS:div TYPE="Chapter" LABEL="(1)刚体的平衡问题" ORDERLABEL="261"><METS:fptr FILEID="00000270"/>
				</METS:div>
				<METS:div TYPE="Chapter" LABEL="(2)平衡的稳定性问题" ORDERLABEL="267"><METS:fptr FILEID="00000276"/>
				</METS:div>
				<METS:div TYPE="Chapter" LABEL="(3)析架问题" ORDERLABEL="268"><METS:fptr FILEID="00000277"/>
				</METS:div>
			</METS:div>
			<METS:div TYPE="Chapter" LABEL="§46.刚体的平动" ORDERLABEL="271"><METS:fptr FILEID="00000280"/>
			</METS:div>
			<METS:div TYPE="Chapter" LABEL="§47.刚体的定轴转动" ORDERLABEL="275"><METS:fptr FILEID="00000284"/>
				<METS:div TYPE="Chapter" LABEL="(1)定轴转动的运动学" ORDERLABEL="275"><METS:fptr FILEID="00000284"/>
				</METS:div>
				<METS:div TYPE="Chapter" LABEL="(2)定轴转动的动力学基本方程式" ORDERLABEL="277"><METS:fptr FILEID="00000286"/>
				</METS:div>
				<METS:div TYPE="Chapter" LABEL="(3)转动惯量的计算" ORDERLABEL="278"><METS:fptr FILEID="00000287"/>
				</METS:div>
				<METS:div TYPE="Chapter" LABEL="(4)惯量张量.惯量主轴" ORDERLABEL="283"><METS:fptr FILEID="00000292"/>
				</METS:div>
				<METS:div TYPE="Chapter" LABEL="(5)刚体定轴转动问题举例" ORDERLABEL="285"><METS:fptr FILEID="00000294"/>
				</METS:div>
				<METS:div TYPE="Chapter" LABEL="(6)动能定理的应用" ORDERLABEL="288"><METS:fptr FILEID="00000297"/>
				</METS:div>
				<METS:div TYPE="Chapter" LABEL="(7)约束反力问题与动平衡问题" ORDERLABEL="291"><METS:fptr FILEID="00000300"/>
				</METS:div>
			</METS:div>
			<METS:div TYPE="Chapter" LABEL="§48.刚体的平面平行运动" ORDERLABEL="295"><METS:fptr FILEID="00000304"/>
				<METS:div TYPE="Chapter" LABEL="(1)平面平行运动的运动学" ORDERLABEL="295"><METS:fptr FILEID="00000304"/>
				</METS:div>
				<METS:div TYPE="Chapter" LABEL="(2)平面平行运动的动力学" ORDERLABEL="301"><METS:fptr FILEID="00000310"/>
				</METS:div>
				<METS:div TYPE="Chapter" LABEL="(3)滚动摩擦" ORDERLABEL="307"><METS:fptr FILEID="00000316"/>
				</METS:div>
			</METS:div>
			<METS:div TYPE="Chapter" LABEL="§49.刚体的定点运动" ORDERLABEL="309"><METS:fptr FILEID="00000318"/>
				<METS:div TYPE="Chapter" LABEL="(1)没有外加力矩的定点运动" ORDERLABEL="310"><METS:fptr FILEID="00000319"/>
				</METS:div>
				<METS:div TYPE="Chapter" LABEL="(2)旋转对称重刚体的定点运动" ORDERLABEL="313"><METS:fptr FILEID="00000322"/>
				</METS:div>
				<METS:div TYPE="Chapter" LABEL="(3)两个自由度回转刚体的定点运动" ORDERLABEL="322"><METS:fptr FILEID="00000330"/>
				</METS:div>
				<METS:div TYPE="Chapter" LABEL="[附]回转仪进动的浅近说明" ORDERLABEL="322"><METS:fptr FILEID="00000331"/>
				</METS:div>
			</METS:div>
			<METS:div TYPE="Chapter" LABEL="复习问题" ORDERLABEL="323"><METS:fptr FILEID="00000332"/>
			</METS:div>
		</METS:div>
		<METS:div TYPE="Chapter" LABEL="附录 (习题及答案)" ORDERLABEL="326"><METS:fptr FILEID="00000335"/>
		</METS:div>
	</METS:structMap>
</METS:mets>
