<?xml version="1.0" encoding="utf-8"?>
<METS:mets xmlns:METS="http://www.loc.gov/METS/" xmlns:xsi="http://www.w3.org/2001/XMLSchema-instance" xmlns:gdm="http://sunsite.berkeley.edu/GDM/" xmlns:xlink="http://www.w3.org/TR/xlink" xsi:schemalocation="http://www.loc.gov/METS/http://www.loc.gov/standards/mets/mets.xsd" LABEL="Zhejiang University.jdl.China-America digital library project" TYPE="Section">
	<METS:structMap TYPE="Catalog">
		<METS:div TYPE="Chapter" LABEL="第一編 靜力学" ORDERLABEL="7"><METS:fptr FILEID="00000014"/>
			<METS:div TYPE="Chapter" LABEL="引言" ORDERLABEL="7"><METS:fptr FILEID="00000014"/>
			</METS:div>
			<METS:div TYPE="Chapter" LABEL="第一章靜力学的基本概念和公理" ORDERLABEL="7"><METS:fptr FILEID="00000014"/>
				<METS:div TYPE="Chapter" LABEL="1-1剛体和質点" ORDERLABEL="7"><METS:fptr FILEID="00000014"/>
				</METS:div>
				<METS:div TYPE="Chapter" LABEL="1-2力的概念和特征" ORDERLABEL="8"><METS:fptr FILEID="00000015"/>
				</METS:div>
				<METS:div TYPE="Chapter" LABEL="1-3靜力学的基本公理" ORDERLABEL="9"><METS:fptr FILEID="00000016"/>
				</METS:div>
				<METS:div TYPE="Chapter" LABEL="1-4約束和約束力" ORDERLABEL="12"><METS:fptr FILEID="00000019"/>
				</METS:div>
				<METS:div TYPE="Chapter" LABEL="1-5約束解除原理,外力和内力" ORDERLABEL="14"><METS:fptr FILEID="00000021"/>
				</METS:div>
				<METS:div TYPE="Chapter" LABEL="习題" ORDERLABEL="18"><METS:fptr FILEID="00000025"/>
				</METS:div>
			</METS:div>
			<METS:div TYPE="Chapter" LABEL="第二章平面汇交力系" ORDERLABEL="21"><METS:fptr FILEID="00000028"/>
				<METS:div TYPE="Chapter" LABEL="2-1概述" ORDERLABEL="21"><METS:fptr FILEID="00000028"/>
				</METS:div>
				<METS:div TYPE="Chapter" LABEL="2-2力的合成的几何法" ORDERLABEL="22"><METS:fptr FILEID="00000029"/>
				</METS:div>
				<METS:div TYPE="Chapter" LABEL="2-3力的分解" ORDERLABEL="23"><METS:fptr FILEID="00000030"/>
				</METS:div>
				<METS:div TYPE="Chapter" LABEL="2-4力在軸上的投影" ORDERLABEL="25"><METS:fptr FILEID="00000032"/>
				</METS:div>
				<METS:div TYPE="Chapter" LABEL="2-5力的合成的解析法" ORDERLABEL="26"><METS:fptr FILEID="00000033"/>
				</METS:div>
				<METS:div TYPE="Chapter" LABEL="2-6平面汇交力系的平衡" ORDERLABEL="28"><METS:fptr FILEID="00000035"/>
				</METS:div>
				<METS:div TYPE="Chapter" LABEL="2-7平面内三个不平行力的平衡" ORDERLABEL="32"><METS:fptr FILEID="00000039"/>
				</METS:div>
				<METS:div TYPE="Chapter" LABEL="习題" ORDERLABEL="34"><METS:fptr FILEID="00000041"/>
				</METS:div>
			</METS:div>
			<METS:div TYPE="Chapter" LABEL="第三章平面力偶理論" ORDERLABEL="37"><METS:fptr FILEID="00000044"/>
				<METS:div TYPE="Chapter" LABEL="3-1同向两平行力的合成" ORDERLABEL="37"><METS:fptr FILEID="00000044"/>
				</METS:div>
				<METS:div TYPE="Chapter" LABEL="3-2反向两平行力的合成" ORDERLABEL="39"><METS:fptr FILEID="00000046"/>
				</METS:div>
				<METS:div TYPE="Chapter" LABEL="3-3力偶,力偶矩" ORDERLABEL="39"><METS:fptr FILEID="00000046"/>
				</METS:div>
				<METS:div TYPE="Chapter" LABEL="3-4互等力偶,力偶的特性" ORDERLABEL="40"><METS:fptr FILEID="00000047"/>
				</METS:div>
				<METS:div TYPE="Chapter" LABEL="3-5平面力偶的合成和平衡条件" ORDERLABEL="41"><METS:fptr FILEID="00000048"/>
				</METS:div>
				<METS:div TYPE="Chapter" LABEL="习題" ORDERLABEL="44"><METS:fptr FILEID="00000051"/>
				</METS:div>
			</METS:div>
			<METS:div TYPE="Chapter" LABEL="第四章平面一般力系" ORDERLABEL="46"><METS:fptr FILEID="00000053"/>
				<METS:div TYPE="Chapter" LABEL="4-1平面一般力系是工程实际問題中力系的簡化和抽象" ORDERLABEL="46"><METS:fptr FILEID="00000053"/>
				</METS:div>
				<METS:div TYPE="Chapter" LABEL="4-2力对于点的矩" ORDERLABEL="47"><METS:fptr FILEID="00000054"/>
				</METS:div>
				<METS:div TYPE="Chapter" LABEL="4-3力的平行移动" ORDERLABEL="48"><METS:fptr FILEID="00000055"/>
				</METS:div>
				<METS:div TYPE="Chapter" LABEL="4-4平面力系向已知点的簡化,主矢量,主矩" ORDERLABEL="49"><METS:fptr FILEID="00000056"/>
				</METS:div>
				<METS:div TYPE="Chapter" LABEL="4-5平面力系簡化結果的几种情形-力矩定理" ORDERLABEL="50"><METS:fptr FILEID="00000057"/>
				</METS:div>
				<METS:div TYPE="Chapter" LABEL="4-6平面一般力系的平衡条件,平衡方程式" ORDERLABEL="52"><METS:fptr FILEID="00000059"/>
				</METS:div>
				<METS:div TYPE="Chapter" LABEL="4-7平面平行力系的合成和平衡" ORDERLABEL="56"><METS:fptr FILEID="00000063"/>
				</METS:div>
				<METS:div TYPE="Chapter" LABEL="4-8物体系統的平衡,靜定和靜不定問題的概念" ORDERLABEL="59"><METS:fptr FILEID="00000066"/>
				</METS:div>
				<METS:div TYPE="Chapter" LABEL="4-9平面桁架" ORDERLABEL="62"><METS:fptr FILEID="00000069"/>
				</METS:div>
				<METS:div TYPE="Chapter" LABEL="习題" ORDERLABEL="64"><METS:fptr FILEID="00000071"/>
				</METS:div>
			</METS:div>
			<METS:div TYPE="Chapter" LABEL="第五章摩阻" ORDERLABEL="69"><METS:fptr FILEID="00000076"/>
				<METS:div TYPE="Chapter" LABEL="5-1摩阻問題的概說" ORDERLABEL="69"><METS:fptr FILEID="00000076"/>
				</METS:div>
				<METS:div TYPE="Chapter" LABEL="5-2滑动摩阻定律" ORDERLABEL="69"><METS:fptr FILEID="00000076"/>
				</METS:div>
				<METS:div TYPE="Chapter" LABEL="5-3摩阻系数,摩阻角和摩阻錐" ORDERLABEL="71"><METS:fptr FILEID="00000078"/>
				</METS:div>
				<METS:div TYPE="Chapter" LABEL="5-4有摩阻的平衡問題" ORDERLABEL="72"><METS:fptr FILEID="00000079"/>
				</METS:div>
				<METS:div TYPE="Chapter" LABEL="5-5滾动摩阻" ORDERLABEL="74"><METS:fptr FILEID="00000081"/>
				</METS:div>
				<METS:div TYPE="Chapter" LABEL="习題" ORDERLABEL="76"><METS:fptr FILEID="00000083"/>
				</METS:div>
			</METS:div>
			<METS:div TYPE="Chapter" LABEL="第六章空間力系" ORDERLABEL="78"><METS:fptr FILEID="00000085"/>
				<METS:div TYPE="Chapter" LABEL="6-1引言" ORDERLABEL="78"><METS:fptr FILEID="00000085"/>
				</METS:div>
				<METS:div TYPE="Chapter" LABEL="6-2一力在空間座标L軸的投影" ORDERLABEL="78"><METS:fptr FILEID="00000085"/>
				</METS:div>
				<METS:div TYPE="Chapter" LABEL="6-3空間汇交力系的合成及其平衡方程式" ORDERLABEL="79"><METS:fptr FILEID="00000086"/>
				</METS:div>
				<METS:div TYPE="Chapter" LABEL="6-4空間力偶" ORDERLABEL="82"><METS:fptr FILEID="00000089"/>
				</METS:div>
				<METS:div TYPE="Chapter" LABEL="6-5力对于点的矩与力对于軸的矩" ORDERLABEL="84"><METS:fptr FILEID="00000091"/>
				</METS:div>
				<METS:div TYPE="Chapter" LABEL="6-6空間一般力系的簡化" ORDERLABEL="86"><METS:fptr FILEID="00000093"/>
				</METS:div>
				<METS:div TYPE="Chapter" LABEL="6-7空間一般力系的平衡条件" ORDERLABEL="88"><METS:fptr FILEID="00000095"/>
				</METS:div>
				<METS:div TYPE="Chapter" LABEL="6-8空間平行力系的合成和平衡" ORDERLABEL="89"><METS:fptr FILEID="00000096"/>
				</METS:div>
				<METS:div TYPE="Chapter" LABEL="习題" ORDERLABEL="92"><METS:fptr FILEID="00000099"/>
				</METS:div>
			</METS:div>
			<METS:div TYPE="Chapter" LABEL="第七章重心" ORDERLABEL="96"><METS:fptr FILEID="00000103"/>
				<METS:div TYPE="Chapter" LABEL="7-1平行力系的中心" ORDERLABEL="96"><METS:fptr FILEID="00000103"/>
				</METS:div>
				<METS:div TYPE="Chapter" LABEL="7-2重心坐标的普遍公式" ORDERLABEL="97"><METS:fptr FILEID="00000104"/>
				</METS:div>
				<METS:div TYPE="Chapter" LABEL="7-3对称物体重心的位置" ORDERLABEL="99"><METS:fptr FILEID="00000106"/>
				</METS:div>
				<METS:div TYPE="Chapter" LABEL="7-4几种簡单图形和物体的重心" ORDERLABEL="100"><METS:fptr FILEID="00000107"/>
				</METS:div>
				<METS:div TYPE="Chapter" LABEL="7-5合成体的重心" ORDERLABEL="103"><METS:fptr FILEID="00000110"/>
				</METS:div>
				<METS:div TYPE="Chapter" LABEL="7-6用实驗法求物体的重心" ORDERLABEL="106"><METS:fptr FILEID="00000113"/>
				</METS:div>
				<METS:div TYPE="Chapter" LABEL="习題" ORDERLABEL="107"><METS:fptr FILEID="00000114"/>
				</METS:div>
			</METS:div>
		</METS:div>
		<METS:div TYPE="Chapter" LABEL="第二編 运动学" ORDERLABEL="109"><METS:fptr FILEID="00000116"/>
			<METS:div TYPE="Chapter" LABEL="引言" ORDERLABEL="109"><METS:fptr FILEID="00000116"/>
			</METS:div>
			<METS:div TYPE="Chapter" LABEL="第一章点的运动" ORDERLABEL="110"><METS:fptr FILEID="00000117"/>
				<METS:div TYPE="Chapter" LABEL="1-1点的直綫运动" ORDERLABEL="110"><METS:fptr FILEID="00000117"/>
				</METS:div>
				<METS:div TYPE="Chapter" LABEL="1-2点的有綫运动中的速度,加速度" ORDERLABEL="110"><METS:fptr FILEID="00000117"/>
				</METS:div>
				<METS:div TYPE="Chapter" LABEL="1-3由加速度求路程" ORDERLABEL="113"><METS:fptr FILEID="00000120"/>
				</METS:div>
				<METS:div TYPE="Chapter" LABEL="1-4点的平面曲綫运动,运动方程式" ORDERLABEL="115"><METS:fptr FILEID="00000122"/>
				</METS:div>
				<METS:div TYPE="Chapter" LABEL="1-5平面曲綫运动的速度" ORDERLABEL="117"><METS:fptr FILEID="00000124"/>
				</METS:div>
				<METS:div TYPE="Chapter" LABEL="1-6平面曲綫运动的加速度" ORDERLABEL="119"><METS:fptr FILEID="00000126"/>
				</METS:div>
				<METS:div TYPE="Chapter" LABEL="习題" ORDERLABEL="126"><METS:fptr FILEID="00000133"/>
				</METS:div>
			</METS:div>
			<METS:div TYPE="Chapter" LABEL="第二章剛体的平行移动和定軸轉动" ORDERLABEL="128"><METS:fptr FILEID="00000135"/>
				<METS:div TYPE="Chapter" LABEL="2-1剛体的平行移动" ORDERLABEL="128"><METS:fptr FILEID="00000135"/>
				</METS:div>
				<METS:div TYPE="Chapter" LABEL="2-2剛体的定軸轉动" ORDERLABEL="129"><METS:fptr FILEID="00000136"/>
				</METS:div>
				<METS:div TYPE="Chapter" LABEL="2-3轉动剛体内各点的速度和加速度" ORDERLABEL="132"><METS:fptr FILEID="00000139"/>
				</METS:div>
				<METS:div TYPE="Chapter" LABEL="习題" ORDERLABEL="134"><METS:fptr FILEID="00000141"/>
				</METS:div>
			</METS:div>
			<METS:div TYPE="Chapter" LABEL="第三章点的合成运动" ORDERLABEL="136"><METS:fptr FILEID="00000143"/>
				<METS:div TYPE="Chapter" LABEL="3-1合成运动的概念" ORDERLABEL="136"><METS:fptr FILEID="00000143"/>
				</METS:div>
				<METS:div TYPE="Chapter" LABEL="3-2速度的合成定理" ORDERLABEL="139"><METS:fptr FILEID="00000146"/>
				</METS:div>
				<METS:div TYPE="Chapter" LABEL="3-3动坐标为平移时的加速度合成定理" ORDERLABEL="143"><METS:fptr FILEID="00000150"/>
				</METS:div>
				<METS:div TYPE="Chapter" LABEL="3-4动坐标为轉动时的加速度合成定理" ORDERLABEL="145"><METS:fptr FILEID="00000152"/>
				</METS:div>
				<METS:div TYPE="Chapter" LABEL="习題" ORDERLABEL="147"><METS:fptr FILEID="00000154"/>
				</METS:div>
			</METS:div>
			<METS:div TYPE="Chapter" LABEL="第四章剛体的平面运动" ORDERLABEL="151"><METS:fptr FILEID="00000158"/>
				<METS:div TYPE="Chapter" LABEL="4-1剛体平面运运的概念" ORDERLABEL="151"><METS:fptr FILEID="00000158"/>
				</METS:div>
				<METS:div TYPE="Chapter" LABEL="4-2平面运动的方程式" ORDERLABEL="152"><METS:fptr FILEID="00000159"/>
				</METS:div>
				<METS:div TYPE="Chapter" LABEL="4-3平面运动中点的速度" ORDERLABEL="153"><METS:fptr FILEID="00000160"/>
				</METS:div>
				<METS:div TYPE="Chapter" LABEL="4-4平面运动的速度瞬心" ORDERLABEL="154"><METS:fptr FILEID="00000161"/>
				</METS:div>
				<METS:div TYPE="Chapter" LABEL="4-5平面运动的加速度" ORDERLABEL="157"><METS:fptr FILEID="00000164"/>
				</METS:div>
				<METS:div TYPE="Chapter" LABEL="4-6速度图解" ORDERLABEL="159"><METS:fptr FILEID="00000166"/>
				</METS:div>
				<METS:div TYPE="Chapter" LABEL="习题" ORDERLABEL="162"><METS:fptr FILEID="00000169"/>
				</METS:div>
			</METS:div>
		</METS:div>
		<METS:div TYPE="Chapter" LABEL="第三編 动力学" ORDERLABEL="165"><METS:fptr FILEID="00000172"/>
			<METS:div TYPE="Chapter" LABEL="引言" ORDERLABEL="165"><METS:fptr FILEID="00000172"/>
			</METS:div>
			<METS:div TYPE="Chapter" LABEL="第一章动力学的基础" ORDERLABEL="166"><METS:fptr FILEID="00000173"/>
				<METS:div TYPE="Chapter" LABEL="1-1动力学的基本定律" ORDERLABEL="166"><METS:fptr FILEID="00000173"/>
				</METS:div>
				<METS:div TYPE="Chapter" LABEL="1-2質点运动微分方程式,質点动力学的两大基本問題" ORDERLABEL="167"><METS:fptr FILEID="00000174"/>
				</METS:div>
				<METS:div TYPE="Chapter" LABEL="1-3抛射体运动" ORDERLABEL="170"><METS:fptr FILEID="00000177"/>
				</METS:div>
				<METS:div TYPE="Chapter" LABEL="1-4慣性力,达倫培尔原理" ORDERLABEL="173"><METS:fptr FILEID="00000180"/>
				</METS:div>
				<METS:div TYPE="Chapter" LABEL="1-5質点系的运动微分方程式" ORDERLABEL="175"><METS:fptr FILEID="00000182"/>
				</METS:div>
				<METS:div TYPE="Chapter" LABEL="习題" ORDERLABEL="175"><METS:fptr FILEID="00000182"/>
				</METS:div>
			</METS:div>
			<METS:div TYPE="Chapter" LABEL="第二章質点和質点系动量定理" ORDERLABEL="177"><METS:fptr FILEID="00000184"/>
				<METS:div TYPE="Chapter" LABEL="2-1概說" ORDERLABEL="177"><METS:fptr FILEID="00000184"/>
				</METS:div>
				<METS:div TYPE="Chapter" LABEL="2-2冲量与动量" ORDERLABEL="177"><METS:fptr FILEID="00000184"/>
				</METS:div>
				<METS:div TYPE="Chapter" LABEL="2-3質点的动量定理" ORDERLABEL="178"><METS:fptr FILEID="00000185"/>
				</METS:div>
				<METS:div TYPE="Chapter" LABEL="2-4点系的动量定理" ORDERLABEL="180"><METS:fptr FILEID="00000187"/>
				</METS:div>
				<METS:div TYPE="Chapter" LABEL="2-5質心运动定理" ORDERLABEL="182"><METS:fptr FILEID="00000189"/>
				</METS:div>
				<METS:div TYPE="Chapter" LABEL="习題" ORDERLABEL="186"><METS:fptr FILEID="00000193"/>
				</METS:div>
			</METS:div>
			<METS:div TYPE="Chapter" LABEL="第三章功,功率和功能定理" ORDERLABEL="188"><METS:fptr FILEID="00000195"/>
				<METS:div TYPE="Chapter" LABEL="3-1概說" ORDERLABEL="188"><METS:fptr FILEID="00000195"/>
				</METS:div>
				<METS:div TYPE="Chapter" LABEL="3-2常力与变力的功" ORDERLABEL="188"><METS:fptr FILEID="00000195"/>
				</METS:div>
				<METS:div TYPE="Chapter" LABEL="3-3合力的功" ORDERLABEL="190"><METS:fptr FILEID="00000197"/>
				</METS:div>
				<METS:div TYPE="Chapter" LABEL="3-4重力的功" ORDERLABEL="191"><METS:fptr FILEID="00000198"/>
				</METS:div>
				<METS:div TYPE="Chapter" LABEL="3-5功的图解法" ORDERLABEL="192"><METS:fptr FILEID="00000199"/>
				</METS:div>
				<METS:div TYPE="Chapter" LABEL="3-6功率" ORDERLABEL="193"><METS:fptr FILEID="00000200"/>
				</METS:div>
				<METS:div TYPE="Chapter" LABEL="3-7質点的动能定理" ORDERLABEL="195"><METS:fptr FILEID="00000202"/>
				</METS:div>
				<METS:div TYPE="Chapter" LABEL="3-8質点系的动能定理" ORDERLABEL="198"><METS:fptr FILEID="00000205"/>
				</METS:div>
				<METS:div TYPE="Chapter" LABEL="习題" ORDERLABEL="202"><METS:fptr FILEID="00000209"/>
				</METS:div>
			</METS:div>
			<METS:div TYPE="Chapter" LABEL="第四章質点及質点系动量矩定理" ORDERLABEL="204"><METS:fptr FILEID="00000211"/>
				<METS:div TYPE="Chapter" LABEL="4-1概說" ORDERLABEL="204"><METS:fptr FILEID="00000211"/>
				</METS:div>
				<METS:div TYPE="Chapter" LABEL="4-2动量矩" ORDERLABEL="205"><METS:fptr FILEID="00000212"/>
				</METS:div>
				<METS:div TYPE="Chapter" LABEL="4-3質点的动量矩定理" ORDERLABEL="206"><METS:fptr FILEID="00000213"/>
				</METS:div>
				<METS:div TYPE="Chapter" LABEL="4-4質点系的动量矩定理" ORDERLABEL="207"><METS:fptr FILEID="00000214"/>
				</METS:div>
				<METS:div TYPE="Chapter" LABEL="4-5剛体繞定軸轉动的微分方程式" ORDERLABEL="207"><METS:fptr FILEID="00000214"/>
				</METS:div>
				<METS:div TYPE="Chapter" LABEL="4-6轉动慣量" ORDERLABEL="210"><METS:fptr FILEID="00000217"/>
				</METS:div>
				<METS:div TYPE="Chapter" LABEL="4-7几种簡单形状物体的轉动慣量" ORDERLABEL="211"><METS:fptr FILEID="00000218"/>
				</METS:div>
				<METS:div TYPE="Chapter" LABEL="4-8对于平行軸轉动慣量的定理" ORDERLABEL="214"><METS:fptr FILEID="00000221"/>
				</METS:div>
				<METS:div TYPE="Chapter" LABEL="习題" ORDERLABEL="215"><METS:fptr FILEID="00000222"/>
				</METS:div>
			</METS:div>
			<METS:div TYPE="Chapter" LABEL="第五章机械振动" ORDERLABEL="217"><METS:fptr FILEID="00000224"/>
				<METS:div TYPE="Chapter" LABEL="5-1引言" ORDERLABEL="217"><METS:fptr FILEID="00000224"/>
				</METS:div>
				<METS:div TYPE="Chapter" LABEL="5-2物体的自由振动" ORDERLABEL="218"><METS:fptr FILEID="00000225"/>
				</METS:div>
				<METS:div TYPE="Chapter" LABEL="5-3衰減的自由振动" ORDERLABEL="222"><METS:fptr FILEID="00000229"/>
				</METS:div>
				<METS:div TYPE="Chapter" LABEL="5-4无阻尼的强迫振动" ORDERLABEL="224"><METS:fptr FILEID="00000231"/>
				</METS:div>
				<METS:div TYPE="Chapter" LABEL="5-5阻尼对强迫振动的影响" ORDERLABEL="227"><METS:fptr FILEID="00000234"/>
				</METS:div>
				<METS:div TYPE="Chapter" LABEL="5一6强迫振动理論的应用" ORDERLABEL="227"><METS:fptr FILEID="00000234"/>
				</METS:div>
				<METS:div TYPE="Chapter" LABEL="习題" ORDERLABEL="229"><METS:fptr FILEID="00000236"/>
				</METS:div>
			</METS:div>
		</METS:div>
	</METS:structMap>
</METS:mets>
