<?xml version="1.0" encoding="utf-8"?>
<METS:mets xmlns:METS="http://www.loc.gov/METS/" xmlns:xsi="http://www.w3.org/2001/XMLSchema-instance" xmlns:gdm="http://sunsite.berkeley.edu/GDM/" xmlns:xlink="http://www.w3.org/TR/xlink" xsi:schemalocation="http://www.loc.gov/METS/http://www.loc.gov/standards/mets/mets.xsd" LABEL="Zhejiang University.jdl.China-America digital library project" TYPE="Section">
	<METS:structMap TYPE="Catalog">
		<METS:div TYPE="Chapter" LABEL="一 車輪的运动和它的力学" ORDERLABEL="5"><METS:fptr FILEID="00000006"/>
		</METS:div>
		<METS:div TYPE="Chapter" LABEL="二 輪胎的轉向及方向性的控制" ORDERLABEL="15"><METS:fptr FILEID="00000016"/>
		</METS:div>
		<METS:div TYPE="Chapter" LABEL="三 汽車轉向的作用力和稳定性" ORDERLABEL="25"><METS:fptr FILEID="00000026"/>
		</METS:div>
		<METS:div TYPE="Chapter" LABEL="四 汽車曲線行駛时的稳定性" ORDERLABEL="40"><METS:fptr FILEID="00000041"/>
		</METS:div>
		<METS:div TYPE="Chapter" LABEL="五 运动的各项阻力" ORDERLABEL="49"><METS:fptr FILEID="00000050"/>
		</METS:div>
		<METS:div TYPE="Chapter" LABEL="六 汽車的阻力" ORDERLABEL="58"><METS:fptr FILEID="00000059"/>
		</METS:div>
		<METS:div TYPE="Chapter" LABEL="七 汽車的重心" ORDERLABEL="71"><METS:fptr FILEID="00000072"/>
		</METS:div>
		<METS:div TYPE="Chapter" LABEL="八 縱向稳定性" ORDERLABEL="79"><METS:fptr FILEID="00000080"/>
		</METS:div>
		<METS:div TYPE="Chapter" LABEL="九 汽車性能的極限" ORDERLABEL="91"><METS:fptr FILEID="00000092"/>
		</METS:div>
		<METS:div TYPE="Chapter" LABEL="十 汽車性能的極限(續)" ORDERLABEL="101"><METS:fptr FILEID="00000102"/>
		</METS:div>
		<METS:div TYPE="Chapter" LABEL="十一 制动的动力学" ORDERLABEL="108"><METS:fptr FILEID="00000109"/>
		</METS:div>
		<METS:div TYPE="Chapter" LABEL="十二 制动性能的極限" ORDERLABEL="118"><METS:fptr FILEID="00000119"/>
		</METS:div>
		<METS:div TYPE="Chapter" LABEL="十三 發动机的特性" ORDERLABEL="133"><METS:fptr FILEID="00000134"/>
		</METS:div>
		<METS:div TYPE="Chapter" LABEL="十四 汽車性能的预計" ORDERLABEL="142"><METS:fptr FILEID="00000143"/>
		</METS:div>
	</METS:structMap>
</METS:mets>
