<?xml version="1.0" encoding="utf-8"?>
<METS:mets xmlns:METS="http://www.loc.gov/METS/" xmlns:xsi="http://www.w3.org/2001/XMLSchema-instance" xmlns:gdm="http://sunsite.berkeley.edu/GDM/" xmlns:xlink="http://www.w3.org/TR/xlink" xsi:schemalocation="http://www.loc.gov/METS/http://www.loc.gov/standards/mets/mets.xsd" LABEL="Zhejiang University.jdl.China-America digital library project" TYPE="Section">
	<METS:structMap TYPE="Catalog">
		<METS:div TYPE="Chapter" LABEL="第一章 塑性理論" ORDERLABEL="13"><METS:fptr FILEID="00000014"/>
			<METS:div TYPE="Chapter" LABEL="第一節主应力" ORDERLABEL="13"><METS:fptr FILEID="00000014"/>
			</METS:div>
			<METS:div TYPE="Chapter" LABEL="第二節主变形和主变形速度" ORDERLABEL="18"><METS:fptr FILEID="00000019"/>
			</METS:div>
			<METS:div TYPE="Chapter" LABEL="第三節切应力强度不变条件及其推廣" ORDERLABEL="20"><METS:fptr FILEID="00000021"/>
			</METS:div>
			<METS:div TYPE="Chapter" LABEL="第四節最大切应力不变条件及其推廣" ORDERLABEL="23"><METS:fptr FILEID="00000024"/>
			</METS:div>
			<METS:div TYPE="Chapter" LABEL="第五節彈性变形理論的基本方程式" ORDERLABEL="27"><METS:fptr FILEID="00000028"/>
			</METS:div>
			<METS:div TYPE="Chapter" LABEL="第六節塑性变形理論的基本方程式" ORDERLABEL="29"><METS:fptr FILEID="00000030"/>
			</METS:div>
			<METS:div TYPE="Chapter" LABEL="第七節应力强度与变形强度的关系。卸荷重的基本方程式" ORDERLABEL="34"><METS:fptr FILEID="00000035"/>
			</METS:div>
			<METS:div TYPE="Chapter" LABEL="第八節塑性流动理論的基本方程式" ORDERLABEL="38"><METS:fptr FILEID="00000039"/>
			</METS:div>
		</METS:div>
		<METS:div TYPE="Chapter" LABEL="第二章 塑性平衡的基本方程式" ORDERLABEL="41"><METS:fptr FILEID="00000042"/>
			<METS:div TYPE="Chapter" LABEL="第九節应力張量。平衡方程式" ORDERLABEL="41"><METS:fptr FILEID="00000042"/>
			</METS:div>
			<METS:div TYPE="Chapter" LABEL="第十節变形張量和变形速度張量" ORDERLABEL="45"><METS:fptr FILEID="00000046"/>
			</METS:div>
			<METS:div TYPE="Chapter" LABEL="第十一節彈性变形理論和彈塑性变形理論的基本方程式" ORDERLABEL="49"><METS:fptr FILEID="00000050"/>
			</METS:div>
			<METS:div TYPE="Chapter" LABEL="第十二節应力分量和变形分量的三角表达式。力學的相似" ORDERLABEL="53"><METS:fptr FILEID="00000054"/>
			</METS:div>
			<METS:div TYPE="Chapter" LABEL="第十三節物体的加荷重和卸荷重過程" ORDERLABEL="56"><METS:fptr FILEID="00000057"/>
			</METS:div>
			<METS:div TYPE="Chapter" LABEL="第十四節塑性流动理論的基本方程式" ORDERLABEL="60"><METS:fptr FILEID="00000061"/>
			</METS:div>
		</METS:div>
		<METS:div TYPE="Chapter" LABEL="第三章 彈性平衡的最簡單問题" ORDERLABEL="63"><METS:fptr FILEID="00000064"/>
			<METS:div TYPE="Chapter" LABEL="第十五節在内外压力作用下圓筒的平衡" ORDERLABEL="63"><METS:fptr FILEID="00000064"/>
			</METS:div>
			<METS:div TYPE="Chapter" LABEL="第十六節圓筒的純塑性状态" ORDERLABEL="65"><METS:fptr FILEID="00000066"/>
			</METS:div>
			<METS:div TYPE="Chapter" LABEL="第十七節圆筒的弹塑性狀态" ORDERLABEL="67"><METS:fptr FILEID="00000068"/>
			</METS:div>
			<METS:div TYPE="Chapter" LABEL="第十八節在内外压力作用下球形容器的平衡" ORDERLABEL="73"><METS:fptr FILEID="00000074"/>
			</METS:div>
			<METS:div TYPE="Chapter" LABEL="第十九節圆盤的等速旋轉" ORDERLABEL="78"><METS:fptr FILEID="00000079"/>
			</METS:div>
			<METS:div TYPE="Chapter" LABEL="第二十節旋轉圓盤的純塑性状态" ORDERLABEL="80"><METS:fptr FILEID="00000081"/>
			</METS:div>
			<METS:div TYPE="Chapter" LABEL="第二十一節旋轉圓盤的弹塑性狀态" ORDERLABEL="85"><METS:fptr FILEID="00000086"/>
			</METS:div>
			<METS:div TYPE="Chapter" LABEL="第二十二節在帶硬化的幂塑性条件下圆盤的应力状态" ORDERLABEL="88"><METS:fptr FILEID="00000089"/>
			</METS:div>
		</METS:div>
		<METS:div TYPE="Chapter" LABEL="第四章 杆的塑性扭轉" ORDERLABEL="92"><METS:fptr FILEID="00000093"/>
			<METS:div TYPE="Chapter" LABEL="第二十三节棱柱形杆的扭转" ORDERLABEL="92"><METS:fptr FILEID="00000093"/>
			</METS:div>
			<METS:div TYPE="Chapter" LABEL="第二十四节弹性方程式和塑性方程式" ORDERLABEL="94"><METS:fptr FILEID="00000095"/>
			</METS:div>
			<METS:div TYPE="Chapter" LABEL="第二十五節純塑件扭轉" ORDERLABEL="97"><METS:fptr FILEID="00000098"/>
			</METS:div>
			<METS:div TYPE="Chapter" LABEL="第二十六節几個彈性扭轉問题" ORDERLABEL="101"><METS:fptr FILEID="00000102"/>
			</METS:div>
			<METS:div TYPE="Chapter" LABEL="第二十七節純塑性和彈塑性扭轉的比拟" ORDERLABEL="106"><METS:fptr FILEID="00000107"/>
			</METS:div>
			<METS:div TYPE="Chapter" LABEL="第二十八節变直徑圓杆的扭轉" ORDERLABEL="109"><METS:fptr FILEID="00000110"/>
			</METS:div>
			<METS:div TYPE="Chapter" LABEL="第二十九節階梯形和圆錐形杆的塑性扭轉" ORDERLABEL="111"><METS:fptr FILEID="00000112"/>
			</METS:div>
			<METS:div TYPE="Chapter" LABEL="第三十節在带硬化的冪塑性条件下，圆錐形杆的扭轉" ORDERLABEL="113"><METS:fptr FILEID="00000114"/>
			</METS:div>
		</METS:div>
		<METS:div TYPE="Chapter" LABEL="第五章 塑性的平面变形状态" ORDERLABEL="116"><METS:fptr FILEID="00000117"/>
			<METS:div TYPE="Chapter" LABEL="第三十一節平面变形状态" ORDERLABEL="116"><METS:fptr FILEID="00000117"/>
			</METS:div>
			<METS:div TYPE="Chapter" LABEL="第三十二節应力分量的方程式。特徵線" ORDERLABEL="119"><METS:fptr FILEID="00000120"/>
			</METS:div>
			<METS:div TYPE="Chapter" LABEL="第三十三節塑性方程式的積分" ORDERLABEL="124"><METS:fptr FILEID="00000125"/>
			</METS:div>
			<METS:div TYPE="Chapter" LABEL="第三十四節位移分量或速度分量的方程式。边界問题" ORDERLABEL="127"><METS:fptr FILEID="00000128"/>
			</METS:div>
			<METS:div TYPE="Chapter" LABEL="第三十五節方程式的数值積分" ORDERLABEL="130"><METS:fptr FILEID="00000131"/>
			</METS:div>
			<METS:div TYPE="Chapter" LABEL="第三十六節方程式三角級数的積分。近似积分" ORDERLABEL="136"><METS:fptr FILEID="00000137"/>
			</METS:div>
		</METS:div>
		<METS:div TYPE="Chapter" LABEL="第六章 在孔洞周圍塑性区域中应力的分布" ORDERLABEL="140"><METS:fptr FILEID="00000141"/>
			<METS:div TYPE="Chapter" LABEL="第三十七節在孔洞周圍应力的分布。特徵線法" ORDERLABEL="140"><METS:fptr FILEID="00000141"/>
			</METS:div>
			<METS:div TYPE="Chapter" LABEL="第三十八節在孔洞周圍应力的分布。三角級数法" ORDERLABEL="149"><METS:fptr FILEID="00000150"/>
			</METS:div>
			<METS:div TYPE="Chapter" LABEL="第三十九節在直線裂縫和矩形切口周圍应力的分布" ORDERLABEL="151"><METS:fptr FILEID="00000152"/>
			</METS:div>
			<METS:div TYPE="Chapter" LABEL="第四十節平面弹塑性問题的比拟" ORDERLABEL="155"><METS:fptr FILEID="00000156"/>
			</METS:div>
		</METS:div>
		<METS:div TYPE="Chapter" LABEL="第七章 在塑性体上冲模的压力" ORDERLABEL="160"><METS:fptr FILEID="00000161"/>
			<METS:div TYPE="Chapter" LABEL="第四十一節半平面和条形的平衡" ORDERLABEL="160"><METS:fptr FILEID="00000161"/>
			</METS:div>
			<METS:div TYPE="Chapter" LABEL="第四十二節凸形刚性冲模無摩擦的压入。塑性体的直線边界" ORDERLABEL="166"><METS:fptr FILEID="00000167"/>
			</METS:div>
			<METS:div TYPE="Chapter" LABEL="第四十三節塑性体的曲線邊界" ORDERLABEL="170"><METS:fptr FILEID="00000171"/>
			</METS:div>
			<METS:div TYPE="Chapter" LABEL="第四十四節凸形刚性冲模有摩擦的压入" ORDERLABEL="176"><METS:fptr FILEID="00000177"/>
			</METS:div>
		</METS:div>
		<METS:div TYPE="Chapter" LABEL="第八章 塑性条形的压縮和牵引" ORDERLABEL="183"><METS:fptr FILEID="00000184"/>
			<METS:div TYPE="Chapter" LABEL="第四十五節半無限長和無限長塑性条形在剛板間的压縮" ORDERLABEL="183"><METS:fptr FILEID="00000184"/>
			</METS:div>
			<METS:div TYPE="Chapter" LABEL="第四十六節有限長塑性条形的压縮" ORDERLABEL="188"><METS:fptr FILEID="00000189"/>
			</METS:div>
			<METS:div TYPE="Chapter" LABEL="第四十七節塑性条形通過刚模的牵引" ORDERLABEL="197"><METS:fptr FILEID="00000198"/>
			</METS:div>
			<METS:div TYPE="Chapter" LABEL="第四十八節塑性条形在兩個刚性滾軸間的牽引" ORDERLABEL="200"><METS:fptr FILEID="00000201"/>
			</METS:div>
		</METS:div>
		<METS:div TYPE="Chapter" LABEL="第九章 塑性的平面应力状态" ORDERLABEL="205"><METS:fptr FILEID="00000206"/>
			<METS:div TYPE="Chapter" LABEL="第四十九節平面应力狀态" ORDERLABEL="205"><METS:fptr FILEID="00000206"/>
			</METS:div>
			<METS:div TYPE="Chapter" LABEL="第五十節当切应力强度为常数时平面应力狀态的方程式" ORDERLABEL="209"><METS:fptr FILEID="00000210"/>
			</METS:div>
			<METS:div TYPE="Chapter" LABEL="第五十一節书面應力狀態方程式的变換" ORDERLABEL="214"><METS:fptr FILEID="00000215"/>
			</METS:div>
			<METS:div TYPE="Chapter" LABEL="第五十二節当最大切应力为常數時平面应力狀态的方程式" ORDERLABEL="216"><METS:fptr FILEID="00000217"/>
			</METS:div>
			<METS:div TYPE="Chapter" LABEL="第五十三節当切应力强度为常数时有孔平板的拉伸" ORDERLABEL="219"><METS:fptr FILEID="00000220"/>
			</METS:div>
			<METS:div TYPE="Chapter" LABEL="第五十四節当最大切应力为常数时有孔平板的拉伸" ORDERLABEL="228"><METS:fptr FILEID="00000229"/>
			</METS:div>
		</METS:div>
		<METS:div TYPE="Chapter" LABEL="第十章 在一般塑性条件下平面变形状态" ORDERLABEL="239"><METS:fptr FILEID="00000240"/>
			<METS:div TYPE="Chapter" LABEL="第五十五節平面变形状态的塑性条件" ORDERLABEL="239"><METS:fptr FILEID="00000240"/>
			</METS:div>
			<METS:div TYPE="Chapter" LABEL="第五十六節当極限曲線有擺線形式时塑性平衡方程式" ORDERLABEL="242"><METS:fptr FILEID="00000243"/>
			</METS:div>
			<METS:div TYPE="Chapter" LABEL="第五十七節矩形和条形的压縮" ORDERLABEL="244"><METS:fptr FILEID="00000245"/>
			</METS:div>
			<METS:div TYPE="Chapter" LABEL="第五十八節当極限曲線有任意形式时塑性平衡方程式" ORDERLABEL="248"><METS:fptr FILEID="00000249"/>
			</METS:div>
			<METS:div TYPE="Chapter" LABEL="第五十九節半平面的平衡" ORDERLABEL="252"><METS:fptr FILEID="00000253"/>
			</METS:div>
		</METS:div>
		<METS:div TYPE="Chapter" LABEL="第十一章 塑性楔的平面平衡" ORDERLABEL="257"><METS:fptr FILEID="00000258"/>
			<METS:div TYPE="Chapter" LABEL="第六十節楔的平面平衡" ORDERLABEL="257"><METS:fptr FILEID="00000258"/>
			</METS:div>
			<METS:div TYPE="Chapter" LABEL="第六十一節在力作用于顶点的影响下楔的压縮和弯曲" ORDERLABEL="259"><METS:fptr FILEID="00000260"/>
			</METS:div>
			<METS:div TYPE="Chapter" LABEL="第六十二節在力偶作用于顶点的影响下楔的弯曲" ORDERLABEL="263"><METS:fptr FILEID="00000264"/>
			</METS:div>
			<METS:div TYPE="Chapter" LABEL="第六十三節在均布压力影响下楔的弯曲" ORDERLABEL="268"><METS:fptr FILEID="00000269"/>
			</METS:div>
			<METS:div TYPE="Chapter" LABEL="第六十四節半平面的弹塑性平衡" ORDERLABEL="272"><METS:fptr FILEID="00000273"/>
			</METS:div>
		</METS:div>
		<METS:div TYPE="Chapter" LABEL="第十二章 塑性質体在剛壁之間的平面平衡和軸向对称平衡" ORDERLABEL="276"><METS:fptr FILEID="00000277"/>
			<METS:div TYPE="Chapter" LABEL="第六十五節关于充满楔形区域的塑性質体平衡的平面問题" ORDERLABEL="276"><METS:fptr FILEID="00000277"/>
			</METS:div>
			<METS:div TYPE="Chapter" LABEL="第六十六節幂硬化塑性的平面問题" ORDERLABEL="279"><METS:fptr FILEID="00000280"/>
			</METS:div>
			<METS:div TYPE="Chapter" LABEL="第六十七節無硬化塑性的平面問题" ORDERLABEL="285"><METS:fptr FILEID="00000286"/>
			</METS:div>
			<METS:div TYPE="Chapter" LABEL="第六十八節关於充滿錐形区域的塑性質體平衡的軸向对称問题" ORDERLABEL="287"><METS:fptr FILEID="00000288"/>
			</METS:div>
			<METS:div TYPE="Chapter" LABEL="第六十九節幂硬化塑性的軸向对称問题" ORDERLABEL="290"><METS:fptr FILEID="00000291"/>
			</METS:div>
			<METS:div TYPE="Chapter" LABEL="第七十節無硬化塑性的軸向对称問题" ORDERLABEL="296"><METS:fptr FILEID="00000297"/>
			</METS:div>
		</METS:div>
		<METS:div TYPE="Chapter" LABEL="第十三章 梁和板的弹塑性弯曲" ORDERLABEL="300"><METS:fptr FILEID="00000301"/>
			<METS:div TYPE="Chapter" LABEL="第七十一節横截面有兩個对称軸的梁的弹塑性弯曲" ORDERLABEL="300"><METS:fptr FILEID="00000301"/>
			</METS:div>
			<METS:div TYPE="Chapter" LABEL="第七十二節沿梁長度塑性区域的分布" ORDERLABEL="304"><METS:fptr FILEID="00000305"/>
			</METS:div>
			<METS:div TYPE="Chapter" LABEL="第七十三節横截面只有一個对称軸的梁的弹塑性弯曲" ORDERLABEL="308"><METS:fptr FILEID="00000309"/>
			</METS:div>
			<METS:div TYPE="Chapter" LABEL="第七十四節三角形横截面的梁的应力状态" ORDERLABEL="312"><METS:fptr FILEID="00000313"/>
			</METS:div>
			<METS:div TYPE="Chapter" LABEL="第七十五節平板的弹塑性弯曲" ORDERLABEL="315"><METS:fptr FILEID="00000316"/>
			</METS:div>
			<METS:div TYPE="Chapter" LABEL="第七十六節在带硬化的幂塑性条件下平板的弯曲" ORDERLABEL="322"><METS:fptr FILEID="00000323"/>
			</METS:div>
		</METS:div>
		<METS:div TYPE="Chapter" LABEL="第十四章 圆形和环形平板的彈塑性弯曲" ORDERLABEL="325"><METS:fptr FILEID="00000326"/>
			<METS:div TYPE="Chapter" LABEL="第七十七節圓形和环形平板的弯曲" ORDERLABEL="325"><METS:fptr FILEID="00000326"/>
			</METS:div>
			<METS:div TYPE="Chapter" LABEL="第七十八節圓形和环形平板的弹塑性弯曲方程式" ORDERLABEL="330"><METS:fptr FILEID="00000331"/>
			</METS:div>
			<METS:div TYPE="Chapter" LABEL="第七十九節圓形和环形平板的純塑性弯曲" ORDERLABEL="337"><METS:fptr FILEID="00000338"/>
			</METS:div>
			<METS:div TYPE="Chapter" LABEL="第八十節在杂硬化的幂塑性条件下圆形平板的弯曲" ORDERLABEL="344"><METS:fptr FILEID="00000345"/>
			</METS:div>
		</METS:div>
	</METS:structMap>
</METS:mets>
