<?xml version="1.0" encoding="utf-8"?>
<METS:mets xmlns:METS="http://www.loc.gov/METS/" xmlns:xsi="http://www.w3.org/2001/XMLSchema-instance" xmlns:gdm="http://sunsite.berkeley.edu/GDM/" xmlns:xlink="http://www.w3.org/TR/xlink" xsi:schemalocation="http://www.loc.gov/METS/http://www.loc.gov/standards/mets/mets.xsd" LABEL="Zhejiang University.jdl.China-America digital library project" TYPE="Section">
	<METS:structMap TYPE="Catalog">
		<METS:div TYPE="Chapter" LABEL="緒論" ORDERLABEL="7"><METS:fptr FILEID="00000008"/>
		</METS:div>
		<METS:div TYPE="Chapter" LABEL="第一章 土的物理性質" ORDERLABEL="18"><METS:fptr FILEID="00000019"/>
			<METS:div TYPE="Chapter" LABEL="1.基本概念" ORDERLABEL="18"><METS:fptr FILEID="00000019"/>
			</METS:div>
			<METS:div TYPE="Chapter" LABEL="2.土的組成單元" ORDERLABEL="24"><METS:fptr FILEID="00000025"/>
			</METS:div>
			<METS:div TYPE="Chapter" LABEL="3.土的物理性質" ORDERLABEL="39"><METS:fptr FILEID="00000040"/>
			</METS:div>
			<METS:div TYPE="Chapter" LABEL="4.冻土物理性質的特点" ORDERLABEL="53"><METS:fptr FILEID="00000054"/>
			</METS:div>
			<METS:div TYPE="Chapter" LABEL="5.大孔性土的特点" ORDERLABEL="66"><METS:fptr FILEID="00000067"/>
			</METS:div>
			<METS:div TYPE="Chapter" LABEL="6.关於土的結構的破坏和物理性質的某些意見" ORDERLABEL="76"><METS:fptr FILEID="00000077"/>
			</METS:div>
		</METS:div>
		<METS:div TYPE="Chapter" LABEL="第二章 土力学的基本规律" ORDERLABEL="81"><METS:fptr FILEID="00000082"/>
			<METS:div TYPE="Chapter" LABEL="1.孔隙度规律的概念" ORDERLABEL="81"><METS:fptr FILEID="00000082"/>
			</METS:div>
			<METS:div TYPE="Chapter" LABEL="2.压力与孔隙比变化間的关系" ORDERLABEL="85"><METS:fptr FILEID="00000086"/>
			</METS:div>
			<METS:div TYPE="Chapter" LABEL="3.渗透速度与有效水头間的关系" ORDERLABEL="117"><METS:fptr FILEID="00000118"/>
			</METS:div>
			<METS:div TYPE="Chapter" LABEL="4.压力与土的抗剪强度間的关系" ORDERLABEL="126"><METS:fptr FILEID="00000127"/>
			</METS:div>
			<METS:div TYPE="Chapter" LABEL="5.应力与变形間的关系" ORDERLABEL="145"><METS:fptr FILEID="00000146"/>
			</METS:div>
		</METS:div>
		<METS:div TYPE="Chapter" LABEL="第三章 土中应力分佈的理論" ORDERLABEL="150"><METS:fptr FILEID="00000151"/>
			<METS:div TYPE="Chapter" LABEL="1.基本原理" ORDERLABEL="150"><METS:fptr FILEID="00000151"/>
			</METS:div>
			<METS:div TYPE="Chapter" LABEL="2.空間課题情况下应力的分佈" ORDERLABEL="152"><METS:fptr FILEID="00000153"/>
			</METS:div>
			<METS:div TYPE="Chapter" LABEL="3.平面課題情况下应力的分佈" ORDERLABEL="181"><METS:fptr FILEID="00000182"/>
			</METS:div>
			<METS:div TYPE="Chapter" LABEL="4.土的各向異性和非均質性对其中应力分佈的影响" ORDERLABEL="197"><METS:fptr FILEID="00000198"/>
			</METS:div>
			<METS:div TYPE="Chapter" LABEL="5.土中应力分佈的实驗資料" ORDERLABEL="208"><METS:fptr FILEID="00000209"/>
			</METS:div>
		</METS:div>
		<METS:div TYPE="Chapter" LABEL="第四章 土的强度与穩定性的条件" ORDERLABEL="220"><METS:fptr FILEID="00000221"/>
			<METS:div TYPE="Chapter" LABEL="1.基本原理" ORDERLABEL="220"><METS:fptr FILEID="00000221"/>
			</METS:div>
			<METS:div TYPE="Chapter" LABEL="2.几种一般的关系" ORDERLABEL="225"><METS:fptr FILEID="00000226"/>
			</METS:div>
			<METS:div TYPE="Chapter" LABEL="3.極限平衡条件" ORDERLABEL="231"><METS:fptr FILEID="00000232"/>
			</METS:div>
			<METS:div TYPE="Chapter" LABEL="4.極限平衡条件下的臨界荷重" ORDERLABEL="242"><METS:fptr FILEID="00000243"/>
			</METS:div>
			<METS:div TYPE="Chapter" LABEL="5.关於滑坡情况下边坡的稳定性" ORDERLABEL="255"><METS:fptr FILEID="00000256"/>
			</METS:div>
			<METS:div TYPE="Chapter" LABEL="6.确定边坡穩定性的半圖解法" ORDERLABEL="272"><METS:fptr FILEID="00000273"/>
			</METS:div>
			<METS:div TYPE="Chapter" LABEL="7.防止滑坡的措施" ORDERLABEL="287"><METS:fptr FILEID="00000288"/>
			</METS:div>
		</METS:div>
		<METS:div TYPE="Chapter" LABEL="第五章 擋土牆上土的压力的理論" ORDERLABEL="290"><METS:fptr FILEID="00000291"/>
			<METS:div TYPE="Chapter" LABEL="1.基本原理" ORDERLABEL="290"><METS:fptr FILEID="00000291"/>
			</METS:div>
			<METS:div TYPE="Chapter" LABEL="2.确定擋土墙上土的压力的分析法" ORDERLABEL="296"><METS:fptr FILEID="00000297"/>
			</METS:div>
			<METS:div TYPE="Chapter" LABEL="3.确定擋土墙上土的压力的圖确分析法" ORDERLABEL="311"><METS:fptr FILEID="00000312"/>
			</METS:div>
			<METS:div TYPE="Chapter" LABEL="4.确定擋土墙上土的压力的圖解法" ORDERLABEL="318"><METS:fptr FILEID="00000319"/>
			</METS:div>
			<METS:div TYPE="Chapter" LABEL="5.其他类型擋土牆上土的压力" ORDERLABEL="333"><METS:fptr FILEID="00000334"/>
			</METS:div>
			<METS:div TYPE="Chapter" LABEL="6.理論資料与直接测量結果的某些比较" ORDERLABEL="347"><METS:fptr FILEID="00000348"/>
			</METS:div>
		</METS:div>
		<METS:div TYPE="Chapter" LABEL="第六章 土的变形" ORDERLABEL="354"><METS:fptr FILEID="00000355"/>
			<METS:div TYPE="Chapter" LABEL="1.土的变形的性質" ORDERLABEL="354"><METS:fptr FILEID="00000355"/>
			</METS:div>
			<METS:div TYPE="Chapter" LABEL="2.土的彈性变形" ORDERLABEL="364"><METS:fptr FILEID="00000365"/>
			</METS:div>
			<METS:div TYPE="Chapter" LABEL="3.土的压密变形和膨脹变形" ORDERLABEL="392"><METS:fptr FILEID="00000393"/>
			</METS:div>
			<METS:div TYPE="Chapter" LABEL="4.压密的平面課題和空間課题" ORDERLABEL="428"><METS:fptr FILEID="00000429"/>
			</METS:div>
			<METS:div TYPE="Chapter" LABEL="5.均質土上基礎穩定沉陷的計算" ORDERLABEL="452"><METS:fptr FILEID="00000453"/>
			</METS:div>
			<METS:div TYPE="Chapter" LABEL="6.基礎沉陷停止时間的計算（近似方法）" ORDERLABEL="477"><METS:fptr FILEID="00000478"/>
			</METS:div>
			<METS:div TYPE="Chapter" LABEL="7.成層的層状土上基礎沉陷的計算" ORDERLABEL="484"><METS:fptr FILEID="00000485"/>
			</METS:div>
			<METS:div TYPE="Chapter" LABEL="8.基礎的計算沉陷与实际沉陷的比较" ORDERLABEL="505"><METS:fptr FILEID="00000506"/>
			</METS:div>
		</METS:div>
		<METS:div TYPE="Chapter" LABEL="第七章 土研究的指示" ORDERLABEL="517"><METS:fptr FILEID="00000518"/>
			<METS:div TYPE="Chapter" LABEL="1.一般的研究問題" ORDERLABEL="517"><METS:fptr FILEID="00000518"/>
			</METS:div>
			<METS:div TYPE="Chapter" LABEL="2.土的实驗室研究" ORDERLABEL="525"><METS:fptr FILEID="00000526"/>
			</METS:div>
			<METS:div TYPE="Chapter" LABEL="3.土的野外研究" ORDERLABEL="541"><METS:fptr FILEID="00000542"/>
			</METS:div>
			<METS:div TYPE="Chapter" LABEL="4.土上容許压力的选择" ORDERLABEL="551"><METS:fptr FILEID="00000552"/>
			</METS:div>
		</METS:div>
	</METS:structMap>
</METS:mets>
