<?xml version="1.0" encoding="utf-8"?>
<METS:mets xmlns:METS="http://www.loc.gov/METS/" xmlns:xsi="http://www.w3.org/2001/XMLSchema-instance" xmlns:gdm="http://sunsite.berkeley.edu/GDM/" xmlns:xlink="http://www.w3.org/TR/xlink" xsi:schemalocation="http://www.loc.gov/METS/http://www.loc.gov/standards/mets/mets.xsd" LABEL="Zhejiang University.jdl.China-America digital library project" TYPE="Section">
	<METS:structMap TYPE="Catalog">
		<METS:div TYPE="Chapter" LABEL="第一章 導論" ORDERLABEL="1"><METS:fptr FILEID="00000012"/>
			<METS:div TYPE="Chapter" LABEL="§1-1.力學簡史" ORDERLABEL="1"><METS:fptr FILEID="00000012"/>
			</METS:div>
			<METS:div TYPE="Chapter" LABEL="§1-2.力學與自然界的普遍性定律" ORDERLABEL="2"><METS:fptr FILEID="00000013"/>
			</METS:div>
			<METS:div TYPE="Chapter" LABEL="§1-3.力學的分類" ORDERLABEL="2"><METS:fptr FILEID="00000013"/>
			</METS:div>
			<METS:div TYPE="Chapter" LABEL="§1-4.力學與其他科學的關係" ORDERLABEL="2"><METS:fptr FILEID="00000013"/>
			</METS:div>
			<METS:div TYPE="Chapter" LABEL="摘要" ORDERLABEL="3"><METS:fptr FILEID="00000014"/>
			</METS:div>
		</METS:div>
		<METS:div TYPE="Chapter" LABEL="第二章 運動學" ORDERLABEL="4"><METS:fptr FILEID="00000015"/>
			<METS:div TYPE="Chapter" LABEL="§2-1.坐標系與標準坐標系" ORDERLABEL="4"><METS:fptr FILEID="00000015"/>
			</METS:div>
			<METS:div TYPE="Chapter" LABEL="§2-2.歐幾里德空間" ORDERLABEL="5"><METS:fptr FILEID="00000016"/>
			</METS:div>
			<METS:div TYPE="Chapter" LABEL="§2-3.向量的定義及向量算術中的基本定律" ORDERLABEL="6"><METS:fptr FILEID="00000017"/>
			</METS:div>
			<METS:div TYPE="Chapter" LABEL="§2-4.向量的加法" ORDERLABEL="7"><METS:fptr FILEID="00000018"/>
			</METS:div>
			<METS:div TYPE="Chapter" LABEL="§2-5.向量的减法" ORDERLABEL="7"><METS:fptr FILEID="00000018"/>
			</METS:div>
			<METS:div TYPE="Chapter" LABEL="§2-6.向量的乘法" ORDERLABEL="8"><METS:fptr FILEID="00000019"/>
			</METS:div>
			<METS:div TYPE="Chapter" LABEL="§2-7.向量與向量的内乘" ORDERLABEL="8"><METS:fptr FILEID="00000019"/>
			</METS:div>
			<METS:div TYPE="Chapter" LABEL="§2-8.向量與向量的外乘" ORDERLABEL="9"><METS:fptr FILEID="00000020"/>
			</METS:div>
			<METS:div TYPE="Chapter" LABEL="§2-9.向量的除法" ORDERLABEL="10"><METS:fptr FILEID="00000021"/>
			</METS:div>
			<METS:div TYPE="Chapter" LABEL="§2-10.坐標系與單位向量" ORDERLABEL="11"><METS:fptr FILEID="00000022"/>
			</METS:div>
			<METS:div TYPE="Chapter" LABEL="§2-11.三個向量的乘法" ORDERLABEL="12"><METS:fptr FILEID="00000023"/>
			</METS:div>
			<METS:div TYPE="Chapter" LABEL="§2-12.向量分析與直角坐標變換" ORDERLABEL="13"><METS:fptr FILEID="00000024"/>
			</METS:div>
			<METS:div TYPE="Chapter" LABEL="§2-13.並矢式或二級張量" ORDERLABEL="14"><METS:fptr FILEID="00000025"/>
			</METS:div>
			<METS:div TYPE="Chapter" LABEL="§2-14.時間" ORDERLABEL="16"><METS:fptr FILEID="00000027"/>
			</METS:div>
			<METS:div TYPE="Chapter" LABEL="§2-15.速度" ORDERLABEL="17"><METS:fptr FILEID="00000028"/>
			</METS:div>
			<METS:div TYPE="Chapter" LABEL="§2-16.速度的相加與剛體尺和絕對時間的意義" ORDERLABEL="18"><METS:fptr FILEID="00000029"/>
			</METS:div>
			<METS:div TYPE="Chapter" LABEL="§2-17.加速度" ORDERLABEL="21"><METS:fptr FILEID="00000032"/>
			</METS:div>
			<METS:div TYPE="Chapter" LABEL="§2-18.圓周運動" ORDERLABEL="23"><METS:fptr FILEID="00000034"/>
			</METS:div>
			<METS:div TYPE="Chapter" LABEL="§2-19.加速度的加减" ORDERLABEL="24"><METS:fptr FILEID="00000035"/>
			</METS:div>
			<METS:div TYPE="Chapter" LABEL="§2-20.速端曲線" ORDERLABEL="25"><METS:fptr FILEID="00000036"/>
			</METS:div>
			<METS:div TYPE="Chapter" LABEL="摘要" ORDERLABEL="27"><METS:fptr FILEID="00000038"/>
			</METS:div>
		</METS:div>
		<METS:div TYPE="Chapter" LABEL="第三章 力與質量-物體的運動三定律" ORDERLABEL="33"><METS:fptr FILEID="00000044"/>
			<METS:div TYPE="Chapter" LABEL="§3-1.引言" ORDERLABEL="33"><METS:fptr FILEID="00000044"/>
			</METS:div>
			<METS:div TYPE="Chapter" LABEL="§3-2.第一運動定律" ORDERLABEL="34"><METS:fptr FILEID="00000045"/>
			</METS:div>
			<METS:div TYPE="Chapter" LABEL="§3-3.第一運動定律與時間的量度" ORDERLABEL="35"><METS:fptr FILEID="00000046"/>
			</METS:div>
			<METS:div TYPE="Chapter" LABEL="§3-4.第二運動定律" ORDERLABEL="37"><METS:fptr FILEID="00000048"/>
			</METS:div>
			<METS:div TYPE="Chapter" LABEL="§3-5.第二運動定律與質量的量度之一" ORDERLABEL="38"><METS:fptr FILEID="00000049"/>
			</METS:div>
			<METS:div TYPE="Chapter" LABEL="§3-6.第三運動定律" ORDERLABEL="39"><METS:fptr FILEID="00000050"/>
			</METS:div>
			<METS:div TYPE="Chapter" LABEL="§3-7.第三運動定律與質量量度之二" ORDERLABEL="40"><METS:fptr FILEID="00000051"/>
			</METS:div>
			<METS:div TYPE="Chapter" LABEL="§3-8.力量的種類" ORDERLABEL="41"><METS:fptr FILEID="00000052"/>
			</METS:div>
			<METS:div TYPE="Chapter" LABEL="§3-9.力的合成與分解；叠加原理與質量量度之三" ORDERLABEL="44"><METS:fptr FILEID="00000055"/>
			</METS:div>
			<METS:div TYPE="Chapter" LABEL="§3-10.力的作用與反作用" ORDERLABEL="45"><METS:fptr FILEID="00000056"/>
			</METS:div>
			<METS:div TYPE="Chapter" LABEL="§3-11.萬有引力" ORDERLABEL="46"><METS:fptr FILEID="00000057"/>
			</METS:div>
			<METS:div TYPE="Chapter" LABEL="§3-12.卡文廸許的實驗" ORDERLABEL="47"><METS:fptr FILEID="00000058"/>
			</METS:div>
			<METS:div TYPE="Chapter" LABEL="§3-13.惯性質量與引力質量" ORDERLABEL="49"><METS:fptr FILEID="00000060"/>
			</METS:div>
			<METS:div TYPE="Chapter" LABEL="§3-14.物體的質量現伽利略的斜塔實驗" ORDERLABEL="49"><METS:fptr FILEID="00000060"/>
			</METS:div>
			<METS:div TYPE="Chapter" LABEL="§3-15.彈性弦伸長後的彈力及虎克定律" ORDERLABEL="51"><METS:fptr FILEID="00000062"/>
			</METS:div>
			<METS:div TYPE="Chapter" LABEL="§3-16.可變質量的運動" ORDERLABEL="52"><METS:fptr FILEID="00000063"/>
			</METS:div>
			<METS:div TYPE="Chapter" LABEL="§3-17.力學的基本單位" ORDERLABEL="52"><METS:fptr FILEID="00000063"/>
			</METS:div>
			<METS:div TYPE="Chapter" LABEL="§3-18.因次分析" ORDERLABEL="54"><METS:fptr FILEID="00000065"/>
			</METS:div>
			<METS:div TYPE="Chapter" LABEL="摘要" ORDERLABEL="55"><METS:fptr FILEID="00000066"/>
			</METS:div>
		</METS:div>
		<METS:div TYPE="Chapter" LABEL="第四章 功與能" ORDERLABEL="57"><METS:fptr FILEID="00000068"/>
			<METS:div TYPE="Chapter" LABEL="§4-1.引言" ORDERLABEL="57"><METS:fptr FILEID="00000068"/>
			</METS:div>
			<METS:div TYPE="Chapter" LABEL="§4-2.功的定義" ORDERLABEL="57"><METS:fptr FILEID="00000068"/>
			</METS:div>
			<METS:div TYPE="Chapter" LABEL="§4-3.功的因次和單位" ORDERLABEL="59"><METS:fptr FILEID="00000070"/>
			</METS:div>
			<METS:div TYPE="Chapter" LABEL="§4-4.功率" ORDERLABEL="59"><METS:fptr FILEID="00000070"/>
			</METS:div>
			<METS:div TYPE="Chapter" LABEL="§4-5.幾種功的例子" ORDERLABEL="60"><METS:fptr FILEID="00000071"/>
			</METS:div>
			<METS:div TYPE="Chapter" LABEL="§4-6.功的圖示" ORDERLABEL="62"><METS:fptr FILEID="00000073"/>
			</METS:div>
			<METS:div TYPE="Chapter" LABEL="§4-7.力場" ORDERLABEL="64"><METS:fptr FILEID="00000075"/>
			</METS:div>
			<METS:div TYPE="Chapter" LABEL="§4-8.力函教" ORDERLABEL="65"><METS:fptr FILEID="00000076"/>
			</METS:div>
			<METS:div TYPE="Chapter" LABEL="§4-9.保守力系、有旋度的力系與耗散力系" ORDERLABEL="67"><METS:fptr FILEID="00000078"/>
			</METS:div>
			<METS:div TYPE="Chapter" LABEL="§4-10.能" ORDERLABEL="68"><METS:fptr FILEID="00000079"/>
			</METS:div>
			<METS:div TYPE="Chapter" LABEL="§4-11.位能" ORDERLABEL="68"><METS:fptr FILEID="00000079"/>
			</METS:div>
			<METS:div TYPE="Chapter" LABEL="§4-12.位能的梯度與直角坐標變涣" ORDERLABEL="69"><METS:fptr FILEID="00000080"/>
			</METS:div>
			<METS:div TYPE="Chapter" LABEL="§4-13.動能" ORDERLABEL="70"><METS:fptr FILEID="00000081"/>
			</METS:div>
			<METS:div TYPE="Chapter" LABEL="§4-14.能量不滅定理與能量不滅律" ORDERLABEL="71"><METS:fptr FILEID="00000082"/>
			</METS:div>
			<METS:div TYPE="Chapter" LABEL="摘要" ORDERLABEL="74"><METS:fptr FILEID="00000085"/>
			</METS:div>
		</METS:div>
		<METS:div TYPE="Chapter" LABEL="第五章 質點靜力學" ORDERLABEL="77"><METS:fptr FILEID="00000088"/>
			<METS:div TYPE="Chapter" LABEL="§5-1.質點靜力學的問題" ORDERLABEL="77"><METS:fptr FILEID="00000088"/>
			</METS:div>
			<METS:div TYPE="Chapter" LABEL="§5-2.質點在一個或兩個力作用之下的靜止" ORDERLABEL="77"><METS:fptr FILEID="00000088"/>
			</METS:div>
			<METS:div TYPE="Chapter" LABEL="§5-3.質點在三個力作用之下的靜止：拉密定理" ORDERLABEL="78"><METS:fptr FILEID="00000089"/>
			</METS:div>
			<METS:div TYPE="Chapter" LABEL="§5-4.質點在n(n&gt;3)個力作用之下的静止" ORDERLABEL="79"><METS:fptr FILEID="00000090"/>
			</METS:div>
			<METS:div TYPE="Chapter" LABEL="§5-5.雨個物體間的反作用" ORDERLABEL="81"><METS:fptr FILEID="00000092"/>
			</METS:div>
			<METS:div TYPE="Chapter" LABEL="§5-6.摩擦力" ORDERLABEL="81"><METS:fptr FILEID="00000092"/>
			</METS:div>
			<METS:div TYPE="Chapter" LABEL="摘要" ORDERLABEL="92"><METS:fptr FILEID="00000103"/>
			</METS:div>
		</METS:div>
		<METS:div TYPE="Chapter" LABEL="第六章 質點組靜力學" ORDERLABEL="96"><METS:fptr FILEID="00000107"/>
			<METS:div TYPE="Chapter" LABEL="§6-1.外力與内力" ORDERLABEL="96"><METS:fptr FILEID="00000107"/>
			</METS:div>
			<METS:div TYPE="Chapter" LABEL="§6-2.質點組靜止的條件" ORDERLABEL="97"><METS:fptr FILEID="00000108"/>
			</METS:div>
			<METS:div TYPE="Chapter" LABEL="§6-3.質點組靜力學的第一平衡定理" ORDERLABEL="98"><METS:fptr FILEID="00000109"/>
			</METS:div>
			<METS:div TYPE="Chapter" LABEL="§6-4.力矩" ORDERLABEL="99"><METS:fptr FILEID="00000110"/>
			</METS:div>
			<METS:div TYPE="Chapter" LABEL="§6-5.質點組靜力學的第二平衡定理" ORDERLABEL="99"><METS:fptr FILEID="00000110"/>
			</METS:div>
			<METS:div TYPE="Chapter" LABEL="§6-6.線多邊形質點的靜止" ORDERLABEL="100"><METS:fptr FILEID="00000111"/>
			</METS:div>
			<METS:div TYPE="Chapter" LABEL="§6-7.力量圖" ORDERLABEL="103"><METS:fptr FILEID="00000114"/>
			</METS:div>
			<METS:div TYPE="Chapter" LABEL="§6-8.線多邊形上同重量質點的靜止" ORDERLABEL="104"><METS:fptr FILEID="00000115"/>
			</METS:div>
			<METS:div TYPE="Chapter" LABEL="§6-9.繩索的靜止" ORDERLABEL="105"><METS:fptr FILEID="00000116"/>
			</METS:div>
			<METS:div TYPE="Chapter" LABEL="§6-10.繞在桿上的繩子" ORDERLABEL="106"><METS:fptr FILEID="00000117"/>
			</METS:div>
			<METS:div TYPE="Chapter" LABEL="§6-11.懸橋" ORDERLABEL="109"><METS:fptr FILEID="00000120"/>
			</METS:div>
			<METS:div TYPE="Chapter" LABEL="§6-12.懸鏈線" ORDERLABEL="110"><METS:fptr FILEID="00000121"/>
			</METS:div>
			<METS:div TYPE="Chapter" LABEL="§6-13.有彈性繩子在重力場中的靜止" ORDERLABEL="114"><METS:fptr FILEID="00000125"/>
			</METS:div>
			<METS:div TYPE="Chapter" LABEL="摘要" ORDERLABEL="118"><METS:fptr FILEID="00000129"/>
			</METS:div>
		</METS:div>
		<METS:div TYPE="Chapter" LABEL="第七章 剛體靜力學" ORDERLABEL="123"><METS:fptr FILEID="00000134"/>
			<METS:div TYPE="Chapter" LABEL="§7-1.物體的剛性" ORDERLABEL="123"><METS:fptr FILEID="00000134"/>
			</METS:div>
			<METS:div TYPE="Chapter" LABEL="§7-2.剛體的位移" ORDERLABEL="123"><METS:fptr FILEID="00000134"/>
			</METS:div>
			<METS:div TYPE="Chapter" LABEL="§7-3.剛體位移定理的分析證明" ORDERLABEL="125"><METS:fptr FILEID="00000136"/>
			</METS:div>
			<METS:div TYPE="Chapter" LABEL="§7-4.剛體的靜止" ORDERLABEL="127"><METS:fptr FILEID="00000138"/>
			</METS:div>
			<METS:div TYPE="Chapter" LABEL="§7-5.力的可傳性" ORDERLABEL="128"><METS:fptr FILEID="00000139"/>
			</METS:div>
			<METS:div TYPE="Chapter" LABEL="§7-6.同平面力的合成" ORDERLABEL="128"><METS:fptr FILEID="00000139"/>
			</METS:div>
			<METS:div TYPE="Chapter" LABEL="§7-7.物體的重心" ORDERLABEL="132"><METS:fptr FILEID="00000143"/>
			</METS:div>
			<METS:div TYPE="Chapter" LABEL="§7-8.幾種物體的重心" ORDERLABEL="135"><METS:fptr FILEID="00000146"/>
			</METS:div>
			<METS:div TYPE="Chapter" LABEL="§7-9.在重力場中舉高一剛體做的功" ORDERLABEL="137"><METS:fptr FILEID="00000148"/>
			</METS:div>
			<METS:div TYPE="Chapter" LABEL="§7-10.力偶及力偶矩" ORDERLABEL="138"><METS:fptr FILEID="00000149"/>
			</METS:div>
			<METS:div TYPE="Chapter" LABEL="§7-11.力偶的圖示" ORDERLABEL="140"><METS:fptr FILEID="00000151"/>
			</METS:div>
			<METS:div TYPE="Chapter" LABEL="§7-12.作用在剛體上的力系舆其等值的力量及力偶" ORDERLABEL="140"><METS:fptr FILEID="00000151"/>
			</METS:div>
			<METS:div TYPE="Chapter" LABEL="§7-13.剛體在一力系作用之下呈平衡狀態的普通條件" ORDERLABEL="143"><METS:fptr FILEID="00000154"/>
			</METS:div>
			<METS:div TYPE="Chapter" LABEL="§7-14.同平面力作用在剛體上的平衡" ORDERLABEL="143"><METS:fptr FILEID="00000154"/>
			</METS:div>
			<METS:div TYPE="Chapter" LABEL="§7-15.框架" ORDERLABEL="154"><METS:fptr FILEID="00000165"/>
			</METS:div>
			<METS:div TYPE="Chapter" LABEL="§7-16.輕框架的平衡狀態" ORDERLABEL="155"><METS:fptr FILEID="00000166"/>
			</METS:div>
			<METS:div TYPE="Chapter" LABEL="§7-17.應力簡圖" ORDERLABEL="155"><METS:fptr FILEID="00000166"/>
			</METS:div>
			<METS:div TYPE="Chapter" LABEL="§7-18.正有剛性的、輕的立體框架" ORDERLABEL="157"><METS:fptr FILEID="00000168"/>
			</METS:div>
			<METS:div TYPE="Chapter" LABEL="§7-19.過有剛性的、輕的框架" ORDERLABEL="158"><METS:fptr FILEID="00000169"/>
			</METS:div>
			<METS:div TYPE="Chapter" LABEL="§7-20.作用在剛體桿上的力量" ORDERLABEL="160"><METS:fptr FILEID="00000171"/>
			</METS:div>
			<METS:div TYPE="Chapter" LABEL="§7-21.重框架的靜止" ORDERLABEL="160"><METS:fptr FILEID="00000171"/>
			</METS:div>
			<METS:div TYPE="Chapter" LABEL="摘要" ORDERLABEL="160"><METS:fptr FILEID="00000171"/>
			</METS:div>
		</METS:div>
		<METS:div TYPE="Chapter" LABEL="第八章 虛菌原理與物體平衡的種類" ORDERLABEL="170"><METS:fptr FILEID="00000181"/>
			<METS:div TYPE="Chapter" LABEL="§8-1.力量在平衡狀態中位移物體所做的功" ORDERLABEL="170"><METS:fptr FILEID="00000181"/>
			</METS:div>
			<METS:div TYPE="Chapter" LABEL="§8-2.虚功原理" ORDERLABEL="172"><METS:fptr FILEID="00000183"/>
			</METS:div>
			<METS:div TYPE="Chapter" LABEL="§8-3.完整的力體系" ORDERLABEL="173"><METS:fptr FILEID="00000184"/>
			</METS:div>
			<METS:div TYPE="Chapter" LABEL="§8-4.完整系與拉格倫日不定乘子" ORDERLABEL="174"><METS:fptr FILEID="00000185"/>
			</METS:div>
			<METS:div TYPE="Chapter" LABEL="§8-5.非完整的約束" ORDERLABEL="175"><METS:fptr FILEID="00000186"/>
			</METS:div>
			<METS:div TYPE="Chapter" LABEL="§8-6.虚功原理與摩擦力" ORDERLABEL="183"><METS:fptr FILEID="00000194"/>
			</METS:div>
			<METS:div TYPE="Chapter" LABEL="§8-7.物體平衡的種類" ORDERLABEL="184"><METS:fptr FILEID="00000195"/>
			</METS:div>
			<METS:div TYPE="Chapter" LABEL="§8-8.平衡種類的算學區別" ORDERLABEL="185"><METS:fptr FILEID="00000196"/>
			</METS:div>
			<METS:div TYPE="Chapter" LABEL="§8-9.位能與平衡種類的關係；多自由度的力體系" ORDERLABEL="187"><METS:fptr FILEID="00000198"/>
			</METS:div>
			<METS:div TYPE="Chapter" LABEL="摘要" ORDERLABEL="191"><METS:fptr FILEID="00000202"/>
			</METS:div>
		</METS:div>
		<METS:div TYPE="Chapter" LABEL="第九章 質點組動力學" ORDERLABEL="195"><METS:fptr FILEID="00000206"/>
			<METS:div TYPE="Chapter" LABEL="§9-1.動力學的問題" ORDERLABEL="195"><METS:fptr FILEID="00000206"/>
			</METS:div>
			<METS:div TYPE="Chapter" LABEL="§9-2.力體系質量中心的運動" ORDERLABEL="197"><METS:fptr FILEID="00000208"/>
			</METS:div>
			<METS:div TYPE="Chapter" LABEL="§9-3.動量及角動量不滅定理" ORDERLABEL="199"><METS:fptr FILEID="00000210"/>
			</METS:div>
			<METS:div TYPE="Chapter" LABEL="§9-4.力體系的動能量" ORDERLABEL="200"><METS:fptr FILEID="00000211"/>
			</METS:div>
			<METS:div TYPE="Chapter" LABEL="§9-5.衝力" ORDERLABEL="204"><METS:fptr FILEID="00000215"/>
			</METS:div>
			<METS:div TYPE="Chapter" LABEL="§9-6.可變質量的運動方程式及其應用" ORDERLABEL="205"><METS:fptr FILEID="00000216"/>
			</METS:div>
			<METS:div TYPE="Chapter" LABEL="§9-7.彈性的碰撞" ORDERLABEL="209"><METS:fptr FILEID="00000220"/>
			</METS:div>
			<METS:div TYPE="Chapter" LABEL="§9-8.最大壓縮的片刻同壓縮及恢復衝力" ORDERLABEL="209"><METS:fptr FILEID="00000220"/>
			</METS:div>
			<METS:div TYPE="Chapter" LABEL="§9-9.壓縮衝量與恢復衝量的關係" ORDERLABEL="210"><METS:fptr FILEID="00000221"/>
			</METS:div>
			<METS:div TYPE="Chapter" LABEL="§9-10.物體與一固定表面的碰撞" ORDERLABEL="211"><METS:fptr FILEID="00000222"/>
			</METS:div>
			<METS:div TYPE="Chapter" LABEL="§9-11.自由物體的互撞" ORDERLABEL="212"><METS:fptr FILEID="00000223"/>
			</METS:div>
			<METS:div TYPE="Chapter" LABEL="摘要" ORDERLABEL="218"><METS:fptr FILEID="00000229"/>
			</METS:div>
		</METS:div>
		<METS:div TYPE="Chapter" LABEL="第十章 質點在一條直線上的運動" ORDERLABEL="222"><METS:fptr FILEID="00000233"/>
			<METS:div TYPE="Chapter" LABEL="§10-1.質點的運動方程式" ORDERLABEL="222"><METS:fptr FILEID="00000233"/>
			</METS:div>
			<METS:div TYPE="Chapter" LABEL="§10-2.重力場内的自由落體" ORDERLABEL="223"><METS:fptr FILEID="00000234"/>
			</METS:div>
			<METS:div TYPE="Chapter" LABEL="§10-3.物體在斜面上的滑動" ORDERLABEL="225"><METS:fptr FILEID="00000236"/>
			</METS:div>
			<METS:div TYPE="Chapter" LABEL="§10-4.阿脱式德機" ORDERLABEL="228"><METS:fptr FILEID="00000239"/>
			</METS:div>
			<METS:div TYPE="Chapter" LABEL="§10-5.物體在阻尼介質中的運動" ORDERLABEL="233"><METS:fptr FILEID="00000244"/>
			</METS:div>
			<METS:div TYPE="Chapter" LABEL="§10-6.阻尼的自由落體" ORDERLABEL="234"><METS:fptr FILEID="00000245"/>
			</METS:div>
			<METS:div TYPE="Chapter" LABEL="§10-7.物體在引力場中的運動" ORDERLABEL="237"><METS:fptr FILEID="00000248"/>
			</METS:div>
			<METS:div TYPE="Chapter" LABEL="§10-8.射彈自地面到月球及無窮遠速所需的速度" ORDERLABEL="240"><METS:fptr FILEID="00000251"/>
			</METS:div>
			<METS:div TYPE="Chapter" LABEL="§10-9.其他行星表面上的重力常數與逃逸速度" ORDERLABEL="241"><METS:fptr FILEID="00000252"/>
			</METS:div>
			<METS:div TYPE="Chapter" LABEL="§10-10.簡諧運動" ORDERLABEL="242"><METS:fptr FILEID="00000253"/>
			</METS:div>
			<METS:div TYPE="Chapter" LABEL="§10-11.受阻諧和振動" ORDERLABEL="245"><METS:fptr FILEID="00000256"/>
			</METS:div>
			<METS:div TYPE="Chapter" LABEL="§10-12.强迫諧和振動" ORDERLABEL="247"><METS:fptr FILEID="00000258"/>
			</METS:div>
			<METS:div TYPE="Chapter" LABEL="§10-13.普通保守力場" ORDERLABEL="249"><METS:fptr FILEID="00000260"/>
			</METS:div>
			<METS:div TYPE="Chapter" LABEL="§10-14.等時降落軌跡" ORDERLABEL="252"><METS:fptr FILEID="00000263"/>
			</METS:div>
			<METS:div TYPE="Chapter" LABEL="摘要" ORDERLABEL="254"><METS:fptr FILEID="00000265"/>
			</METS:div>
		</METS:div>
		<METS:div TYPE="Chapter" LABEL="第十一章 曲線運動" ORDERLABEL="261"><METS:fptr FILEID="00000272"/>
			<METS:div TYPE="Chapter" LABEL="§11-1.坐標系的變換" ORDERLABEL="261"><METS:fptr FILEID="00000272"/>
			</METS:div>
			<METS:div TYPE="Chapter" LABEL="§11-2.平冇的極坐標" ORDERLABEL="261"><METS:fptr FILEID="00000272"/>
			</METS:div>
			<METS:div TYPE="Chapter" LABEL="§11-3空間的球極坐標" ORDERLABEL="263"><METS:fptr FILEID="00000274"/>
			</METS:div>
			<METS:div TYPE="Chapter" LABEL="§11-4.地球的轉動在重力常數上所生的影響" ORDERLABEL="265"><METS:fptr FILEID="00000276"/>
			</METS:div>
			<METS:div TYPE="Chapter" LABEL="§11-5.物體在一不光滑的斜面上的滑動" ORDERLABEL="266"><METS:fptr FILEID="00000277"/>
			</METS:div>
			<METS:div TYPE="Chapter" LABEL="§11-6.射彈在地面上真空的運動" ORDERLABEL="269"><METS:fptr FILEID="00000280"/>
			</METS:div>
			<METS:div TYPE="Chapter" LABEL="§11-7.介質的阻力作用在射彈上所生的影響" ORDERLABEL="273"><METS:fptr FILEID="00000284"/>
			</METS:div>
			<METS:div TYPE="Chapter" LABEL="§11-8.勒襄特的阻力定律" ORDERLABEL="275"><METS:fptr FILEID="00000286"/>
			</METS:div>
			<METS:div TYPE="Chapter" LABEL="§11-9.膛外彈道學概要" ORDERLABEL="278"><METS:fptr FILEID="00000289"/>
			</METS:div>
			<METS:div TYPE="Chapter" LABEL="§11-10.約束運動" ORDERLABEL="280"><METS:fptr FILEID="00000291"/>
			</METS:div>
			<METS:div TYPE="Chapter" LABEL="§11-11.約束運動與能量不滅定理" ORDERLABEL="281"><METS:fptr FILEID="00000292"/>
			</METS:div>
			<METS:div TYPE="Chapter" LABEL="§11-12.單擺" ORDERLABEL="282"><METS:fptr FILEID="00000293"/>
			</METS:div>
			<METS:div TYPE="Chapter" LABEL="§11-13.圓滾擺" ORDERLABEL="287"><METS:fptr FILEID="00000298"/>
			</METS:div>
			<METS:div TYPE="Chapter" LABEL="§11-14.三度空間中的等時降落軌跡" ORDERLABEL="289"><METS:fptr FILEID="00000300"/>
			</METS:div>
			<METS:div TYPE="Chapter" LABEL="§11-15.物體沿着一條螺旋線在重力作用之下的滑動" ORDERLABEL="291"><METS:fptr FILEID="00000302"/>
			</METS:div>
			<METS:div TYPE="Chapter" LABEL="§11-16.球擺" ORDERLABEL="292"><METS:fptr FILEID="00000303"/>
			</METS:div>
			<METS:div TYPE="Chapter" LABEL="摘要" ORDERLABEL="294"><METS:fptr FILEID="00000305"/>
			</METS:div>
		</METS:div>
		<METS:div TYPE="Chapter" LABEL="第十二章 有心力" ORDERLABEL="301"><METS:fptr FILEID="00000312"/>
			<METS:div TYPE="Chapter" LABEL="§12-1.有心力的定義" ORDERLABEL="301"><METS:fptr FILEID="00000312"/>
			</METS:div>
			<METS:div TYPE="Chapter" LABEL="§12-2.物體在有心力場中的運動方程式" ORDERLABEL="301"><METS:fptr FILEID="00000312"/>
			</METS:div>
			<METS:div TYPE="Chapter" LABEL="§12-3.角動量不滅定理" ORDERLABEL="302"><METS:fptr FILEID="00000313"/>
			</METS:div>
			<METS:div TYPE="Chapter" LABEL="§12-4.能量不滅定理" ORDERLABEL="303"><METS:fptr FILEID="00000314"/>
			</METS:div>
			<METS:div TYPE="Chapter" LABEL="§12-5.物體在平面内的運動" ORDERLABEL="303"><METS:fptr FILEID="00000314"/>
			</METS:div>
			<METS:div TYPE="Chapter" LABEL="§12-6.面積速度積分的幾何解釋" ORDERLABEL="304"><METS:fptr FILEID="00000315"/>
			</METS:div>
			<METS:div TYPE="Chapter" LABEL="§12-7.規定物體軌道的微分方程" ORDERLABEL="305"><METS:fptr FILEID="00000316"/>
			</METS:div>
			<METS:div TYPE="Chapter" LABEL="§12-8.從物體的軌道求出有心力的定律，及從有心力的定律規定物體的軌道" ORDERLABEL="306"><METS:fptr FILEID="00000317"/>
			</METS:div>
			<METS:div TYPE="Chapter" LABEL="§12-9.諧有心力場" ORDERLABEL="306"><METS:fptr FILEID="00000317"/>
			</METS:div>
			<METS:div TYPE="Chapter" LABEL="§12-10.開普勒的行星運動三定律及萬有引力的發現" ORDERLABEL="308"><METS:fptr FILEID="00000319"/>
			</METS:div>
			<METS:div TYPE="Chapter" LABEL="§12-11.物體在萬有引力場中的運動：運動軌道" ORDERLABEL="310"><METS:fptr FILEID="00000321"/>
			</METS:div>
			<METS:div TYPE="Chapter" LABEL="§12-12.能量不滅定理與運動的種類" ORDERLABEL="311"><METS:fptr FILEID="00000322"/>
			</METS:div>
			<METS:div TYPE="Chapter" LABEL="§12-13.三種運動中坐標與時間的關係" ORDERLABEL="313"><METS:fptr FILEID="00000324"/>
			</METS:div>
			<METS:div TYPE="Chapter" LABEL="§12-14.開普勒方程式" ORDERLABEL="315"><METS:fptr FILEID="00000326"/>
			</METS:div>
			<METS:div TYPE="Chapter" LABEL="§12-15.橢圓運動的周期" ORDERLABEL="316"><METS:fptr FILEID="00000327"/>
			</METS:div>
			<METS:div TYPE="Chapter" LABEL="§12-16.雙曲線運動中類似開普勒方程式的幾何證明" ORDERLABEL="317"><METS:fptr FILEID="00000328"/>
			</METS:div>
			<METS:div TYPE="Chapter" LABEL="§12-17.開普勒方程式解法之一：偏近點角的偏心度e的級數" ORDERLABEL="319"><METS:fptr FILEID="00000330"/>
			</METS:div>
			<METS:div TYPE="Chapter" LABEL="§12-18.行星坐標的級數" ORDERLABEL="319"><METS:fptr FILEID="00000330"/>
			</METS:div>
			<METS:div TYPE="Chapter" LABEL="§12-19.開普勒方程式解法之二：偏近點角及行星坐標的傅立業級數" ORDERLABEL="322"><METS:fptr FILEID="00000333"/>
			</METS:div>
			<METS:div TYPE="Chapter" LABEL="§12-20.開普勒方程式解法之三：圖解法" ORDERLABEL="325"><METS:fptr FILEID="00000336"/>
			</METS:div>
			<METS:div TYPE="Chapter" LABEL="§12-21.物體間與距離平方成反比的斥力" ORDERLABEL="326"><METS:fptr FILEID="00000337"/>
			</METS:div>
			<METS:div TYPE="Chapter" LABEL="§12-22.二體問題" ORDERLABEL="328"><METS:fptr FILEID="00000339"/>
			</METS:div>
			<METS:div TYPE="Chapter" LABEL="§12-23.二體在以質量中心作標準坐標系中的運動" ORDERLABEL="329"><METS:fptr FILEID="00000340"/>
			</METS:div>
			<METS:div TYPE="Chapter" LABEL="§12-24.二體的相對運動" ORDERLABEL="331"><METS:fptr FILEID="00000342"/>
			</METS:div>
			<METS:div TYPE="Chapter" LABEL="§12-25.開普勒的第三定律及行星質量的計算" ORDERLABEL="333"><METS:fptr FILEID="00000344"/>
			</METS:div>
			<METS:div TYPE="Chapter" LABEL="§12-26.多體問題及攝動的概念" ORDERLABEL="334"><METS:fptr FILEID="00000345"/>
			</METS:div>
			<METS:div TYPE="Chapter" LABEL="摘要" ORDERLABEL="336"><METS:fptr FILEID="00000347"/>
			</METS:div>
		</METS:div>
		<METS:div TYPE="Chapter" LABEL="第十三章 剛體動力學" ORDERLABEL="342"><METS:fptr FILEID="00000353"/>
			<METS:div TYPE="Chapter" LABEL="§13-1.剛體運動學概要" ORDERLABEL="342"><METS:fptr FILEID="00000353"/>
			</METS:div>
			<METS:div TYPE="Chapter" LABEL="§13-2.剛體的有限轉動" ORDERLABEL="342"><METS:fptr FILEID="00000353"/>
			</METS:div>
			<METS:div TYPE="Chapter" LABEL="§13-3.剛體的角速度" ORDERLABEL="344"><METS:fptr FILEID="00000355"/>
			</METS:div>
			<METS:div TYPE="Chapter" LABEL="§13-4.剛體的無限小轉動與瞬時轉動軸線" ORDERLABEL="345"><METS:fptr FILEID="00000356"/>
			</METS:div>
			<METS:div TYPE="Chapter" LABEL="§13-5.運動的坐標系與牽連速度" ORDERLABEL="346"><METS:fptr FILEID="00000357"/>
			</METS:div>
			<METS:div TYPE="Chapter" LABEL="§13-6.加速度與柯賴奥來定理" ORDERLABEL="347"><METS:fptr FILEID="00000358"/>
			</METS:div>
			<METS:div TYPE="Chapter" LABEL="§13-7.歐勒角度" ORDERLABEL="348"><METS:fptr FILEID="00000359"/>
			</METS:div>
			<METS:div TYPE="Chapter" LABEL="§13-8.剛體的角速度與歐勒角度的關係" ORDERLABEL="349"><METS:fptr FILEID="00000360"/>
			</METS:div>
			<METS:div TYPE="Chapter" LABEL="§13-9.自由剛體在空間中的運動" ORDERLABEL="350"><METS:fptr FILEID="00000361"/>
			</METS:div>
			<METS:div TYPE="Chapter" LABEL="§13-10.惯性並矢式" ORDERLABEL="352"><METS:fptr FILEID="00000363"/>
			</METS:div>
			<METS:div TYPE="Chapter" LABEL="§13-11.慣性椭球與轉動慣量" ORDERLABEL="353"><METS:fptr FILEID="00000364"/>
			</METS:div>
			<METS:div TYPE="Chapter" LABEL="§13-12.廻轉椭球" ORDERLABEL="354"><METS:fptr FILEID="00000365"/>
			</METS:div>
			<METS:div TYPE="Chapter" LABEL="§13-13.角動量與角速度的幾何關係" ORDERLABEL="355"><METS:fptr FILEID="00000366"/>
			</METS:div>
			<METS:div TYPE="Chapter" LABEL="§13-14.剛體的動能量及轉動動能的時間微分率" ORDERLABEL="355"><METS:fptr FILEID="00000366"/>
			</METS:div>
			<METS:div TYPE="Chapter" LABEL="§13-15.剛體繞著一固定軸線的轉動" ORDERLABEL="356"><METS:fptr FILEID="00000367"/>
			</METS:div>
			<METS:div TYPE="Chapter" LABEL="§13-16.永久轉動軸線同自轉動軸線" ORDERLABEL="358"><METS:fptr FILEID="00000369"/>
			</METS:div>
			<METS:div TYPE="Chapter" LABEL="§13-17.剛體與一固定平面的平行運動" ORDERLABEL="362"><METS:fptr FILEID="00000373"/>
			</METS:div>
			<METS:div TYPE="Chapter" LABEL="§13-18.剛體繞著一固定點的運動：歐勒的運動方程式" ORDERLABEL="365"><METS:fptr FILEID="00000376"/>
			</METS:div>
			<METS:div TYPE="Chapter" LABEL="§13-19.一個剛體繞着一固定點的自由轉動：歐勒的問題" ORDERLABEL="365"><METS:fptr FILEID="00000376"/>
			</METS:div>
			<METS:div TYPE="Chapter" LABEL="§13-20.行星的轉動" ORDERLABEL="369"><METS:fptr FILEID="00000380"/>
			</METS:div>
			<METS:div TYPE="Chapter" LABEL="§13-21.拉格倫日的陀螺" ORDERLABEL="372"><METS:fptr FILEID="00000383"/>
			</METS:div>
			<METS:div TYPE="Chapter" LABEL="§13-22.柯凡律夫斯基夫人的陀螺" ORDERLABEL="377"><METS:fptr FILEID="00000388"/>
			</METS:div>
			<METS:div TYPE="Chapter" LABEL="§13-23.剛體的滾動運動" ORDERLABEL="380"><METS:fptr FILEID="00000391"/>
			</METS:div>
			<METS:div TYPE="Chapter" LABEL="摘要" ORDERLABEL="388"><METS:fptr FILEID="00000399"/>
			</METS:div>
		</METS:div>
		<METS:div TYPE="Chapter" LABEL="第十四章 分析的動力學" ORDERLABEL="397"><METS:fptr FILEID="00000408"/>
			<METS:div TYPE="Chapter" LABEL="§14-1.拉格倫日的廣義坐標" ORDERLABEL="397"><METS:fptr FILEID="00000408"/>
			</METS:div>
			<METS:div TYPE="Chapter" LABEL="§14-2.完整系的拉格倫日運動方程式" ORDERLABEL="398"><METS:fptr FILEID="00000409"/>
			</METS:div>
			<METS:div TYPE="Chapter" LABEL="§14-3.保守的力體系" ORDERLABEL="400"><METS:fptr FILEID="00000411"/>
			</METS:div>
			<METS:div TYPE="Chapter" LABEL="§14-4.能量不滅定理" ORDERLABEL="400"><METS:fptr FILEID="00000411"/>
			</METS:div>
			<METS:div TYPE="Chapter" LABEL="§14-5.循環坐標與羅斯函數" ORDERLABEL="410"><METS:fptr FILEID="00000421"/>
			</METS:div>
			<METS:div TYPE="Chapter" LABEL="§14-6.衝擊運動的拉格倫日方程式" ORDERLABEL="412"><METS:fptr FILEID="00000423"/>
			</METS:div>
			<METS:div TYPE="Chapter" LABEL="§14-7.拉格倫日的運動方程式與拉格倫日不定乘子" ORDERLABEL="413"><METS:fptr FILEID="00000424"/>
			</METS:div>
			<METS:div TYPE="Chapter" LABEL="§14-8.非完整的力體系" ORDERLABEL="416"><METS:fptr FILEID="00000427"/>
			</METS:div>
			<METS:div TYPE="Chapter" LABEL="§14-9.哈密頓的正則運動方程式" ORDERLABEL="424"><METS:fptr FILEID="00000435"/>
			</METS:div>
			<METS:div TYPE="Chapter" LABEL="§14-10.正則變換" ORDERLABEL="426"><METS:fptr FILEID="00000437"/>
			</METS:div>
			<METS:div TYPE="Chapter" LABEL="§14-11.泊松的括弧" ORDERLABEL="433"><METS:fptr FILEID="00000444"/>
			</METS:div>
			<METS:div TYPE="Chapter" LABEL="§14-12.拉格倫日的括弧" ORDERLABEL="435"><METS:fptr FILEID="00000446"/>
			</METS:div>
			<METS:div TYPE="Chapter" LABEL="§14-13.正則變換同泊松和拉格倫日括弧的關係" ORDERLABEL="436"><METS:fptr FILEID="00000447"/>
			</METS:div>
			<METS:div TYPE="Chapter" LABEL="§14-14.哈密頓-雅可椑偏微分方程：哈密頓的定理" ORDERLABEL="438"><METS:fptr FILEID="00000449"/>
			</METS:div>
			<METS:div TYPE="Chapter" LABEL="§14-15.雅可椑的定理" ORDERLABEL="440"><METS:fptr FILEID="00000451"/>
			</METS:div>
			<METS:div TYPE="Chapter" LABEL="§14-16.哈密頓-雅可椑理論與舆正則變換的關係" ORDERLABEL="442"><METS:fptr FILEID="00000453"/>
			</METS:div>
			<METS:div TYPE="Chapter" LABEL="§14-17.保守系的哈密頓-雅可椑偏微分方程" ORDERLABEL="442"><METS:fptr FILEID="00000453"/>
			</METS:div>
			<METS:div TYPE="Chapter" LABEL="§14-18.哈密頓-雅可椑偏微分方程的特性曲線" ORDERLABEL="449"><METS:fptr FILEID="00000460"/>
			</METS:div>
			<METS:div TYPE="Chapter" LABEL="摘要" ORDERLABEL="451"><METS:fptr FILEID="00000462"/>
			</METS:div>
		</METS:div>
		<METS:div TYPE="Chapter" LABEL="第十五章 動力學的普遍原理" ORDERLABEL="456"><METS:fptr FILEID="00000467"/>
			<METS:div TYPE="Chapter" LABEL="§15-1.達朗貝爾的原理" ORDERLABEL="456"><METS:fptr FILEID="00000467"/>
			</METS:div>
			<METS:div TYPE="Chapter" LABEL="§15-2.哈密頓的原理與最小作用量原理" ORDERLABEL="457"><METS:fptr FILEID="00000468"/>
			</METS:div>
			<METS:div TYPE="Chapter" LABEL="§15-3.高斯的最小約束同赫芝的最小曲率原理" ORDERLABEL="460"><METS:fptr FILEID="00000471"/>
			</METS:div>
			<METS:div TYPE="Chapter" LABEL="§15-4.阿培耳的方程式" ORDERLABEL="463"><METS:fptr FILEID="00000474"/>
			</METS:div>
			<METS:div TYPE="Chapter" LABEL="摘要" ORDERLABEL="464"><METS:fptr FILEID="00000475"/>
			</METS:div>
		</METS:div>
		<METS:div TYPE="Chapter" LABEL="附錄" ORDERLABEL="1"><METS:fptr FILEID="00000478"/>
			<METS:div TYPE="Chapter" LABEL="1.中西名詞對照表" ORDERLABEL="1"><METS:fptr FILEID="00000478"/>
			</METS:div>
			<METS:div TYPE="Chapter" LABEL="2.西中名祠對照表" ORDERLABEL="11"><METS:fptr FILEID="00000488"/>
			</METS:div>
		</METS:div>
	</METS:structMap>
</METS:mets>
