<?xml version="1.0" encoding="utf-8"?>
<METS:mets xmlns:METS="http://www.loc.gov/METS/" xmlns:xsi="http://www.w3.org/2001/XMLSchema-instance" xmlns:gdm="http://sunsite.berkeley.edu/GDM/" xmlns:xlink="http://www.w3.org/TR/xlink" xsi:schemalocation="http://www.loc.gov/METS/http://www.loc.gov/standards/mets/mets.xsd" LABEL="Zhejiang University.jdl.China-America digital library project" TYPE="Section">
	<METS:structMap TYPE="Catalog">
		<METS:div TYPE="Chapter" LABEL="第七章刚体动力学" ORDERLABEL="199"><METS:fptr FILEID="00000005"/>
			<METS:div TYPE="Chapter" LABEL="Ⅰ.刚体动力学基礎" ORDERLABEL="199"><METS:fptr FILEID="00000005"/>
				<METS:div TYPE="Chapter" LABEL="45.自由剛体的运动微分方程" ORDERLABEL="199"><METS:fptr FILEID="00000005"/>
				</METS:div>
				<METS:div TYPE="Chapter" LABEL="46.轉动惯量与慣量椭球面" ORDERLABEL="201"><METS:fptr FILEID="00000007"/>
				</METS:div>
				<METS:div TYPE="Chapter" LABEL="47.刚体繞固定点运动的欧勒动力学方程" ORDERLABEL="208"><METS:fptr FILEID="00000014"/>
				</METS:div>
				<METS:div TYPE="Chapter" LABEL="48.剛体底动能" ORDERLABEL="210"><METS:fptr FILEID="00000016"/>
				</METS:div>
			</METS:div>
			<METS:div TYPE="Chapter" LABEL="Ⅱ.作用於刚体上力系的簡化与平衡" ORDERLABEL="212"><METS:fptr FILEID="00000018"/>
				<METS:div TYPE="Chapter" LABEL="49.作用於剛体上的力底定理" ORDERLABEL="212"><METS:fptr FILEID="00000018"/>
				</METS:div>
				<METS:div TYPE="Chapter" LABEL="50.作用於剛体上空間力系的簡化" ORDERLABEL="226"><METS:fptr FILEID="00000032"/>
				</METS:div>
				<METS:div TYPE="Chapter" LABEL="51.簡力系的平衡方程" ORDERLABEL="231"><METS:fptr FILEID="00000037"/>
				</METS:div>
			</METS:div>
			<METS:div TYPE="Chapter" LABEL="Ⅲ.刚体动力学" ORDERLABEL="239"><METS:fptr FILEID="00000045"/>
				<METS:div TYPE="Chapter" LABEL="52.剛体繞固定軸之轉动" ORDERLABEL="239"><METS:fptr FILEID="00000045"/>
				</METS:div>
				<METS:div TYPE="Chapter" LABEL="53.物理擺" ORDERLABEL="242"><METS:fptr FILEID="00000048"/>
				</METS:div>
				<METS:div TYPE="Chapter" LABEL="54.剛体的平面运动" ORDERLABEL="244"><METS:fptr FILEID="00000050"/>
				</METS:div>
				<METS:div TYPE="Chapter" LABEL="55.欧勒角的变化与角速度的关系" ORDERLABEL="254"><METS:fptr FILEID="00000060"/>
				</METS:div>
				<METS:div TYPE="Chapter" LABEL="56.在無力矩的作用下剛体繞固定点的运动欧勒情况的陀螺" ORDERLABEL="258"><METS:fptr FILEID="00000064"/>
				</METS:div>
				<METS:div TYPE="Chapter" LABEL="57.重力場中对称陀螺的运动。拉格朗日-泊松情况" ORDERLABEL="268"><METS:fptr FILEID="00000074"/>
				</METS:div>
				<METS:div TYPE="Chapter" LABEL="58.柯瓦列夫斯卡娅情况" ORDERLABEL="276"><METS:fptr FILEID="00000082"/>
				</METS:div>
				<METS:div TYPE="Chapter" LABEL="59.迴轉器的初步理論" ORDERLABEL="279"><METS:fptr FILEID="00000085"/>
				</METS:div>
				<METS:div TYPE="Chapter" LABEL="60.迴轉罗盤" ORDERLABEL="283"><METS:fptr FILEID="00000089"/>
				</METS:div>
			</METS:div>
		</METS:div>
		<METS:div TYPE="Chapter" LABEL="第四篇 分析力学初步" ORDERLABEL="287"><METS:fptr FILEID="00000093"/>
			<METS:div TYPE="Chapter" LABEL="第八章廣义坐标。拉格朗日方程" ORDERLABEL="288"><METS:fptr FILEID="00000094"/>
				<METS:div TYPE="Chapter" LABEL="61.虚位移原理" ORDERLABEL="288"><METS:fptr FILEID="00000094"/>
				</METS:div>
				<METS:div TYPE="Chapter" LABEL="62.達朗伯原理" ORDERLABEL="299"><METS:fptr FILEID="00000105"/>
				</METS:div>
				<METS:div TYPE="Chapter" LABEL="63.廣义坐标,廣义力" ORDERLABEL="305"><METS:fptr FILEID="00000111"/>
				</METS:div>
				<METS:div TYPE="Chapter" LABEL="64.完整組的拉格朗日动力学方程" ORDERLABEL="310"><METS:fptr FILEID="00000116"/>
				</METS:div>
				<METS:div TYPE="Chapter" LABEL="65.哈密顿正則运动方程" ORDERLABEL="317"><METS:fptr FILEID="00000123"/>
				</METS:div>
			</METS:div>
		</METS:div>
		<METS:div TYPE="Chapter" LABEL="第五篇 弹性体力学初步" ORDERLABEL="325"><METS:fptr FILEID="00000131"/>
			<METS:div TYPE="Chapter" LABEL="第九章弹性体力学初步" ORDERLABEL="326"><METS:fptr FILEID="00000132"/>
				<METS:div TYPE="Chapter" LABEL="66.脅强与脅变" ORDERLABEL="326"><METS:fptr FILEID="00000132"/>
				</METS:div>
				<METS:div TYPE="Chapter" LABEL="67.脅变的連續性方程" ORDERLABEL="331"><METS:fptr FILEID="00000137"/>
				</METS:div>
				<METS:div TYPE="Chapter" LABEL="68.彈性体平衡的微分方程" ORDERLABEL="333"><METS:fptr FILEID="00000139"/>
				</METS:div>
				<METS:div TYPE="Chapter" LABEL="69.推廣的虎克定律" ORDERLABEL="338"><METS:fptr FILEID="00000144"/>
				</METS:div>
				<METS:div TYPE="Chapter" LABEL="70.圆桿底扭轉" ORDERLABEL="343"><METS:fptr FILEID="00000149"/>
				</METS:div>
				<METS:div TYPE="Chapter" LABEL="71.矩形單梁底純弯" ORDERLABEL="347"><METS:fptr FILEID="00000153"/>
				</METS:div>
				<METS:div TYPE="Chapter" LABEL="72.細桿的縱振动" ORDERLABEL="351"><METS:fptr FILEID="00000157"/>
				</METS:div>
				<METS:div TYPE="Chapter" LABEL="73.弦的横振动" ORDERLABEL="355"><METS:fptr FILEID="00000161"/>
				</METS:div>
			</METS:div>
		</METS:div>
		<METS:div TYPE="Chapter" LABEL="第六篇 流体力学大意" ORDERLABEL="357"><METS:fptr FILEID="00000163"/>
			<METS:div TYPE="Chapter" LABEL="第十章流体动力学大意" ORDERLABEL="358"><METS:fptr FILEID="00000164"/>
				<METS:div TYPE="Chapter" LABEL="74.流体的运动" ORDERLABEL="358"><METS:fptr FILEID="00000164"/>
				</METS:div>
				<METS:div TYPE="Chapter" LABEL="75.欧勒的流体动力学方程" ORDERLABEL="362"><METS:fptr FILEID="00000168"/>
				</METS:div>
				<METS:div TYPE="Chapter" LABEL="76.柏努利方程" ORDERLABEL="364"><METS:fptr FILEID="00000170"/>
				</METS:div>
				<METS:div TYPE="Chapter" LABEL="77.流量与連續方程" ORDERLABEL="366"><METS:fptr FILEID="00000172"/>
				</METS:div>
				<METS:div TYPE="Chapter" LABEL="78.涡度" ORDERLABEL="368"><METS:fptr FILEID="00000174"/>
				</METS:div>
				<METS:div TYPE="Chapter" LABEL="79.流体繞过障碍物的流动" ORDERLABEL="369"><METS:fptr FILEID="00000175"/>
				</METS:div>
				<METS:div TYPE="Chapter" LABEL="80.粘滞流动" ORDERLABEL="376"><METS:fptr FILEID="00000182"/>
				</METS:div>
			</METS:div>
		</METS:div>
	</METS:structMap>
</METS:mets>
