<?xml version="1.0" encoding="utf-8"?>
<METS:mets xmlns:METS="http://www.loc.gov/METS/" xmlns:xsi="http://www.w3.org/2001/XMLSchema-instance" xmlns:gdm="http://sunsite.berkeley.edu/GDM/" xmlns:xlink="http://www.w3.org/TR/xlink" xsi:schemalocation="http://www.loc.gov/METS/http://www.loc.gov/standards/mets/mets.xsd" LABEL="Zhejiang University.jdl.China-America digital library project" TYPE="Section">
	<METS:structMap TYPE="Catalog">
		<METS:div TYPE="Chapter" LABEL="第一章  质点运动学" ORDERLABEL="1"><METS:fptr FILEID="00000007"/>
			<METS:div TYPE="Chapter" LABEL="§1.1  速度、加速度的切向与法向分量，横向与径向分量" ORDERLABEL="1"><METS:fptr FILEID="00000007"/>
			</METS:div>
			<METS:div TYPE="Chapter" LABEL="§1.2  相对加速度、牵连加速度和绝对加速度" ORDERLABEL="11"><METS:fptr FILEID="00000017"/>
			</METS:div>
			<METS:div TYPE="Chapter" LABEL="§1.3  匀变速直线运动方程x=xo+vot+1/2at2也是矢量方程" ORDERLABEL="19"><METS:fptr FILEID="00000025"/>
			</METS:div>
			<METS:div TYPE="Chapter" LABEL="§1.4  角位移是矢量吗？" ORDERLABEL="25"><METS:fptr FILEID="00000031"/>
			</METS:div>
			<METS:div TYPE="Chapter" LABEL="§1.5  区别几个物理量" ORDERLABEL="32"><METS:fptr FILEID="00000038"/>
			</METS:div>
			<METS:div TYPE="Chapter" LABEL="§1.6  机械运动的瞬时性" ORDERLABEL="33"><METS:fptr FILEID="00000039"/>
			</METS:div>
		</METS:div>
		<METS:div TYPE="Chapter" LABEL="第二章  质点动力学" ORDERLABEL="39"><METS:fptr FILEID="00000045"/>
			<METS:div TYPE="Chapter" LABEL="§2.1  牛顿定律的适用范围" ORDERLABEL="39"><METS:fptr FILEID="00000045"/>
			</METS:div>
			<METS:div TYPE="Chapter" LABEL="§2.2  引力、重力和重量" ORDERLABEL="41"><METS:fptr FILEID="00000047"/>
			</METS:div>
			<METS:div TYPE="Chapter" LABEL="§2.3  摩擦" ORDERLABEL="49"><METS:fptr FILEID="00000055"/>
			</METS:div>
			<METS:div TYPE="Chapter" LABEL="§2.4  引力质量和惯性质量" ORDERLABEL="58"><METS:fptr FILEID="00000064"/>
			</METS:div>
			<METS:div TYPE="Chapter" LABEL="§2.5  转动坐标系中的抛体运动" ORDERLABEL="62"><METS:fptr FILEID="00000068"/>
			</METS:div>
			<METS:div TYPE="Chapter" LABEL="§2.6  力对空间的累积效应" ORDERLABEL="71"><METS:fptr FILEID="00000077"/>
			</METS:div>
			<METS:div TYPE="Chapter" LABEL="§2.7  力对时间的累积效应" ORDERLABEL="82"><METS:fptr FILEID="00000088"/>
			</METS:div>
			<METS:div TYPE="Chapter" LABEL="§2.8  关于摩擦力做功" ORDERLABEL="86"><METS:fptr FILEID="00000092"/>
			</METS:div>
			<METS:div TYPE="Chapter" LABEL="§2.9  碰撞" ORDERLABEL="87"><METS:fptr FILEID="00000093"/>
			</METS:div>
			<METS:div TYPE="Chapter" LABEL="§2.10  变质量系统" ORDERLABEL="95"><METS:fptr FILEID="00000101"/>
			</METS:div>
		</METS:div>
		<METS:div TYPE="Chapter" LABEL="第三章  刚体力学" ORDERLABEL="101"><METS:fptr FILEID="00000107"/>
			<METS:div TYPE="Chapter" LABEL="§3.1  刚体" ORDERLABEL="101"><METS:fptr FILEID="00000107"/>
			</METS:div>
			<METS:div TYPE="Chapter" LABEL="§3.2  力的空间累积效应" ORDERLABEL="105"><METS:fptr FILEID="00000111"/>
			</METS:div>
			<METS:div TYPE="Chapter" LABEL="§3.3  力的时间累积效应" ORDERLABEL="110"><METS:fptr FILEID="00000116"/>
			</METS:div>
			<METS:div TYPE="Chapter" LABEL="§3.4  转动惯量" ORDERLABEL="118"><METS:fptr FILEID="00000124"/>
			</METS:div>
			<METS:div TYPE="Chapter" LABEL="§3.5  平面运动" ORDERLABEL="123"><METS:fptr FILEID="00000129"/>
			</METS:div>
			<METS:div TYPE="Chapter" LABEL="§3.6  质点与刚体的碰撞" ORDERLABEL="129"><METS:fptr FILEID="00000135"/>
			</METS:div>
		</METS:div>
		<METS:div TYPE="Chapter" LABEL="第四章  振动和机械波" ORDERLABEL="133"><METS:fptr FILEID="00000139"/>
			<METS:div TYPE="Chapter" LABEL="§4.1  一个质点受到简谐力（-kx）和阻尼力（-k？）不一定作阻尼振动" ORDERLABEL="133"><METS:fptr FILEID="00000139"/>
			</METS:div>
			<METS:div TYPE="Chapter" LABEL="§4.2  两个同频率、不同振幅、不同初相位的相互垂直的简谐振动不一定能合成一个椭圆运动" ORDERLABEL="138"><METS:fptr FILEID="00000144"/>
			</METS:div>
			<METS:div TYPE="Chapter" LABEL="§4.3  力学中的共振" ORDERLABEL="142"><METS:fptr FILEID="00000148"/>
			</METS:div>
			<METS:div TYPE="Chapter" LABEL="§4.4  弹簧－质量系统的品质因素" ORDERLABEL="144"><METS:fptr FILEID="00000150"/>
			</METS:div>
			<METS:div TYPE="Chapter" LABEL="§4.5  谈摆" ORDERLABEL="145"><METS:fptr FILEID="00000151"/>
			</METS:div>
			<METS:div TYPE="Chapter" LABEL="§4.6  建立行波波函数的两种数学模型" ORDERLABEL="154"><METS:fptr FILEID="00000160"/>
			</METS:div>
			<METS:div TYPE="Chapter" LABEL="§4.7  行波的能量" ORDERLABEL="158"><METS:fptr FILEID="00000164"/>
			</METS:div>
			<METS:div TYPE="Chapter" LABEL="§4.8  旋转矢量在行波的迭加中的应用" ORDERLABEL="160"><METS:fptr FILEID="00000166"/>
			</METS:div>
			<METS:div TYPE="Chapter" LABEL="§4.9  波动中的功率和强度" ORDERLABEL="169"><METS:fptr FILEID="00000175"/>
			</METS:div>
			<METS:div TYPE="Chapter" LABEL="附录" ORDERLABEL="171"><METS:fptr FILEID="00000177"/>
			</METS:div>
		</METS:div>
		<METS:div TYPE="Chapter" LABEL="第五章  流体力学基础" ORDERLABEL="174"><METS:fptr FILEID="00000180"/>
			<METS:div TYPE="Chapter" LABEL="§5.1  流体的性质" ORDERLABEL="174"><METS:fptr FILEID="00000180"/>
			</METS:div>
			<METS:div TYPE="Chapter" LABEL="§5.2  面力、体力及流体静力学的普遍方程" ORDERLABEL="176"><METS:fptr FILEID="00000182"/>
			</METS:div>
			<METS:div TYPE="Chapter" LABEL="§5.3  流动流体的特性" ORDERLABEL="185"><METS:fptr FILEID="00000191"/>
			</METS:div>
			<METS:div TYPE="Chapter" LABEL="§5.4  运动流体的一般方程" ORDERLABEL="187"><METS:fptr FILEID="00000193"/>
			</METS:div>
			<METS:div TYPE="Chapter" LABEL="§5.5  沿一条流线的欧拉方程" ORDERLABEL="193"><METS:fptr FILEID="00000199"/>
			</METS:div>
			<METS:div TYPE="Chapter" LABEL="§5.6  柏努利方程" ORDERLABEL="196"><METS:fptr FILEID="00000202"/>
			</METS:div>
			<METS:div TYPE="Chapter" LABEL="§5.7  有粘滞的实际流体" ORDERLABEL="200"><METS:fptr FILEID="00000206"/>
			</METS:div>
		</METS:div>
	</METS:structMap>
</METS:mets>
