<?xml version="1.0" encoding="utf-8"?>
<METS:mets xmlns:METS="http://www.loc.gov/METS/" xmlns:xsi="http://www.w3.org/2001/XMLSchema-instance" xmlns:gdm="http://sunsite.berkeley.edu/GDM/" xmlns:xlink="http://www.w3.org/TR/xlink" xsi:schemalocation="http://www.loc.gov/METS/http://www.loc.gov/standards/mets/mets.xsd" LABEL="Zhejiang University.jdl.China-America digital library project" TYPE="Section">
	<METS:structMap TYPE="Catalog">
		<METS:div TYPE="Chapter" LABEL="第一篇 理论力学" ORDERLABEL="1"><METS:fptr FILEID="00000009"/>
			<METS:div TYPE="Chapter" LABEL="第一章 静力学" ORDERLABEL="1"><METS:fptr FILEID="00000009"/>
				<METS:div TYPE="Chapter" LABEL="1-1 各种力系的简化结果" ORDERLABEL="3"><METS:fptr FILEID="00000011"/>
				</METS:div>
				<METS:div TYPE="Chapter" LABEL="1-2 各种力系的平衡条件" ORDERLABEL="13"><METS:fptr FILEID="00000021"/>
				</METS:div>
				<METS:div TYPE="Chapter" LABEL="1-3 力系平衡条件的应用" ORDERLABEL="14"><METS:fptr FILEID="00000022"/>
				</METS:div>
				<METS:div TYPE="Chapter" LABEL="复习题" ORDERLABEL="39"><METS:fptr FILEID="00000047"/>
				</METS:div>
			</METS:div>
			<METS:div TYPE="Chapter" LABEL="第二章 运动学" ORDERLABEL="49"><METS:fptr FILEID="00000057"/>
				<METS:div TYPE="Chapter" LABEL="2-1 点的运动" ORDERLABEL="49"><METS:fptr FILEID="00000057"/>
				</METS:div>
				<METS:div TYPE="Chapter" LABEL="2-2 刚体的运动" ORDERLABEL="62"><METS:fptr FILEID="00000070"/>
				</METS:div>
				<METS:div TYPE="Chapter" LABEL="2-3 平面机构的运动分析" ORDERLABEL="72"><METS:fptr FILEID="00000080"/>
				</METS:div>
				<METS:div TYPE="Chapter" LABEL="复习题" ORDERLABEL="88"><METS:fptr FILEID="00000096"/>
				</METS:div>
			</METS:div>
			<METS:div TYPE="Chapter" LABEL="第三章 动力学" ORDERLABEL="97"><METS:fptr FILEID="00000105"/>
				<METS:div TYPE="Chapter" LABEL="3-1 质点动力学" ORDERLABEL="98"><METS:fptr FILEID="00000106"/>
				</METS:div>
				<METS:div TYPE="Chapter" LABEL="3-2 动力学普遍定理" ORDERLABEL="102"><METS:fptr FILEID="00000110"/>
				</METS:div>
				<METS:div TYPE="Chapter" LABEL="3-3 达朗伯原理" ORDERLABEL="111"><METS:fptr FILEID="00000119"/>
				</METS:div>
				<METS:div TYPE="Chapter" LABEL="3-4 拉格朗日方程" ORDERLABEL="113"><METS:fptr FILEID="00000121"/>
				</METS:div>
				<METS:div TYPE="Chapter" LABEL="复习题" ORDERLABEL="142"><METS:fptr FILEID="00000150"/>
				</METS:div>
				<METS:div TYPE="Chapter" LABEL="3-5 单自由度系统的振动" ORDERLABEL="157"><METS:fptr FILEID="00000165"/>
				</METS:div>
				<METS:div TYPE="Chapter" LABEL="复习" ORDERLABEL="175"><METS:fptr FILEID="00000183"/>
				</METS:div>
				<METS:div TYPE="Chapter" LABEL="3-6 碰撞" ORDERLABEL="180"><METS:fptr FILEID="00000188"/>
				</METS:div>
				<METS:div TYPE="Chapter" LABEL="复习题" ORDERLABEL="189"><METS:fptr FILEID="00000197"/>
				</METS:div>
				<METS:div TYPE="Chapter" LABEL="3-7 虚位移原理" ORDERLABEL="193"><METS:fptr FILEID="00000201"/>
				</METS:div>
				<METS:div TYPE="Chapter" LABEL="复习题" ORDERLABEL="204"><METS:fptr FILEID="00000212"/>
				</METS:div>
			</METS:div>
		</METS:div>
		<METS:div TYPE="Chapter" LABEL="第二篇 材料力学" ORDERLABEL="212"><METS:fptr FILEID="00000219"/>
			<METS:div TYPE="Chapter" LABEL="第四章 基本变形" ORDERLABEL="212"><METS:fptr FILEID="00000220"/>
				<METS:div TYPE="Chapter" LABEL="4-1 外力和内力" ORDERLABEL="212"><METS:fptr FILEID="00000220"/>
				</METS:div>
				<METS:div TYPE="Chapter" LABEL="4-2 拉伸和压缩" ORDERLABEL="219"><METS:fptr FILEID="00000227"/>
				</METS:div>
				<METS:div TYPE="Chapter" LABEL="4-3 剪切和扭转" ORDERLABEL="226"><METS:fptr FILEID="00000234"/>
				</METS:div>
				<METS:div TYPE="Chapter" LABEL="4-4 梁的正应力" ORDERLABEL="233"><METS:fptr FILEID="00000241"/>
				</METS:div>
				<METS:div TYPE="Chapter" LABEL="4-5 梁的剪应力" ORDERLABEL="241"><METS:fptr FILEID="00000249"/>
				</METS:div>
				<METS:div TYPE="Chapter" LABEL="4-6 梁的变形" ORDERLABEL="246"><METS:fptr FILEID="00000254"/>
				</METS:div>
				<METS:div TYPE="Chapter" LABEL="复习题" ORDERLABEL="251"><METS:fptr FILEID="00000259"/>
				</METS:div>
			</METS:div>
			<METS:div TYPE="Chapter" LABEL="第五章 复杂应力与组合变形" ORDERLABEL="262"><METS:fptr FILEID="00000270"/>
				<METS:div TYPE="Chapter" LABEL="5-1 应力分析" ORDERLABEL="262"><METS:fptr FILEID="00000270"/>
				</METS:div>
				<METS:div TYPE="Chapter" LABEL="5-2 应变分析" ORDERLABEL="268"><METS:fptr FILEID="00000276"/>
				</METS:div>
				<METS:div TYPE="Chapter" LABEL="5-3 应力应变关系" ORDERLABEL="271"><METS:fptr FILEID="00000279"/>
				</METS:div>
				<METS:div TYPE="Chapter" LABEL="5-4 强度理论" ORDERLABEL="275"><METS:fptr FILEID="00000283"/>
				</METS:div>
				<METS:div TYPE="Chapter" LABEL="5-5 组合变形" ORDERLABEL="279"><METS:fptr FILEID="00000287"/>
				</METS:div>
				<METS:div TYPE="Chapter" LABEL="复习题" ORDERLABEL="286"><METS:fptr FILEID="00000294"/>
				</METS:div>
			</METS:div>
			<METS:div TYPE="Chapter" LABEL="第六章 能量法与超静定系统" ORDERLABEL="293"><METS:fptr FILEID="00000301"/>
				<METS:div TYPE="Chapter" LABEL="6-1 外力功和应变能" ORDERLABEL="293"><METS:fptr FILEID="00000301"/>
				</METS:div>
				<METS:div TYPE="Chapter" LABEL="6-2 卡氏定理及其应用" ORDERLABEL="295"><METS:fptr FILEID="00000303"/>
				</METS:div>
				<METS:div TYPE="Chapter" LABEL="6-3 莫尔法(单位力法)" ORDERLABEL="299"><METS:fptr FILEID="00000307"/>
				</METS:div>
				<METS:div TYPE="Chapter" LABEL="6-4 图形互乘法" ORDERLABEL="303"><METS:fptr FILEID="00000311"/>
				</METS:div>
				<METS:div TYPE="Chapter" LABEL="6-5 冲击问题" ORDERLABEL="307"><METS:fptr FILEID="00000315"/>
				</METS:div>
				<METS:div TYPE="Chapter" LABEL="6-6 超静定问题" ORDERLABEL="312"><METS:fptr FILEID="00000320"/>
				</METS:div>
				<METS:div TYPE="Chapter" LABEL="复习题" ORDERLABEL="318"><METS:fptr FILEID="00000326"/>
				</METS:div>
			</METS:div>
			<METS:div TYPE="Chapter" LABEL="第七章 稳定与梁柱" ORDERLABEL="326"><METS:fptr FILEID="00000334"/>
				<METS:div TYPE="Chapter" LABEL="7-1 稳定的基本概念" ORDERLABEL="326"><METS:fptr FILEID="00000334"/>
				</METS:div>
				<METS:div TYPE="Chapter" LABEL="7-2 压杆弹性稳定临界力的求法" ORDERLABEL="327"><METS:fptr FILEID="00000335"/>
				</METS:div>
				<METS:div TYPE="Chapter" LABEL="7-3 压杆承载能力的分析" ORDERLABEL="338"><METS:fptr FILEID="00000346"/>
				</METS:div>
				<METS:div TYPE="Chapter" LABEL="7-4 梁柱(纵横弯曲)" ORDERLABEL="341"><METS:fptr FILEID="00000349"/>
				</METS:div>
				<METS:div TYPE="Chapter" LABEL="复习题" ORDERLABEL="348"><METS:fptr FILEID="00000356"/>
				</METS:div>
			</METS:div>
		</METS:div>
	</METS:structMap>
</METS:mets>
