<?xml version="1.0" encoding="utf-8"?>
<METS:mets xmlns:METS="http://www.loc.gov/METS/" xmlns:xsi="http://www.w3.org/2001/XMLSchema-instance" xmlns:gdm="http://sunsite.berkeley.edu/GDM/" xmlns:xlink="http://www.w3.org/TR/xlink" xsi:schemalocation="http://www.loc.gov/METS/http://www.loc.gov/standards/mets/mets.xsd" LABEL="Zhejiang University.jdl.China-America digital library project" TYPE="Section">
	<METS:structMap TYPE="Catalog">
		<METS:div TYPE="Chapter" LABEL="第一篇 静力学" ORDERLABEL="00000011"><METS:fptr FILEID="00000011"/>
			<METS:div TYPE="Chapter" LABEL="引言" ORDERLABEL="00000011"><METS:fptr FILEID="00000011"/>
			</METS:div>
			<METS:div TYPE="Chapter" LABEL="第一章 静力学的基本概念、公理和物体的受力分析" ORDERLABEL="00000011"><METS:fptr FILEID="00000011"/>
				<METS:div TYPE="Chapter" LABEL="1-1 静力学的基本概念" ORDERLABEL="00000011"><METS:fptr FILEID="00000011"/>
				</METS:div>
				<METS:div TYPE="Chapter" LABEL="1-2 静力学公理" ORDERLABEL="00000013"><METS:fptr FILEID="00000013"/>
				</METS:div>
				<METS:div TYPE="Chapter" LABEL="1-3 约束与约束反作用力" ORDERLABEL="00000015"><METS:fptr FILEID="00000015"/>
				</METS:div>
				<METS:div TYPE="Chapter" LABEL="1-4 物体的受力分析和受力图" ORDERLABEL="00000019"><METS:fptr FILEID="00000019"/>
				</METS:div>
				<METS:div TYPE="Chapter" LABEL="思考题" ORDERLABEL="00000022"><METS:fptr FILEID="00000022"/>
				</METS:div>
				<METS:div TYPE="Chapter" LABEL="习题" ORDERLABEL="00000023"><METS:fptr FILEID="00000023"/>
				</METS:div>
			</METS:div>
			<METS:div TYPE="Chapter" LABEL="第二章 平面汇交力系" ORDERLABEL="00000026"><METS:fptr FILEID="00000026"/>
				<METS:div TYPE="Chapter" LABEL="2-1 平面汇交力系合成的几何法" ORDERLABEL="00000026"><METS:fptr FILEID="00000026"/>
				</METS:div>
				<METS:div TYPE="Chapter" LABEL="2-2 平面汇交力系合成的解析法" ORDERLABEL="00000028"><METS:fptr FILEID="00000028"/>
				</METS:div>
				<METS:div TYPE="Chapter" LABEL="2-3 平面汇交力系的平衡条件" ORDERLABEL="00000031"><METS:fptr FILEID="00000031"/>
				</METS:div>
				<METS:div TYPE="Chapter" LABEL="思考题" ORDERLABEL="00000037"><METS:fptr FILEID="00000037"/>
				</METS:div>
				<METS:div TYPE="Chapter" LABEL="习题" ORDERLABEL="00000038"><METS:fptr FILEID="00000038"/>
				</METS:div>
			</METS:div>
			<METS:div TYPE="Chapter" LABEL="第三章 平面力偶系" ORDERLABEL="00000042"><METS:fptr FILEID="00000042"/>
				<METS:div TYPE="Chapter" LABEL="3-1 力矩的概念及其计算" ORDERLABEL="00000042"><METS:fptr FILEID="00000042"/>
				</METS:div>
				<METS:div TYPE="Chapter" LABEL="3-2 两个平行力的合成" ORDERLABEL="00000044"><METS:fptr FILEID="00000044"/>
				</METS:div>
				<METS:div TYPE="Chapter" LABEL="3-3 平面力偶理论" ORDERLABEL="00000046"><METS:fptr FILEID="00000046"/>
				</METS:div>
				<METS:div TYPE="Chapter" LABEL="3-4 平面力偶系的合成和平衡条件" ORDERLABEL="00000049"><METS:fptr FILEID="00000049"/>
				</METS:div>
				<METS:div TYPE="Chapter" LABEL="思考题" ORDERLABEL="00000052"><METS:fptr FILEID="00000052"/>
				</METS:div>
				<METS:div TYPE="Chapter" LABEL="习题" ORDERLABEL="00000052"><METS:fptr FILEID="00000052"/>
				</METS:div>
			</METS:div>
			<METS:div TYPE="Chapter" LABEL="第四章 平面任意力系" ORDERLABEL="00000055"><METS:fptr FILEID="00000055"/>
				<METS:div TYPE="Chapter" LABEL="4-1 力的平移定理" ORDERLABEL="00000055"><METS:fptr FILEID="00000055"/>
				</METS:div>
				<METS:div TYPE="Chapter" LABEL="4-2 平面任意力系向已知点简化 主矢和主矩" ORDERLABEL="00000056"><METS:fptr FILEID="00000056"/>
				</METS:div>
				<METS:div TYPE="Chapter" LABEL="4-3 平面任意力系简化结果的讨论 合力矩定理" ORDERLABEL="00000059"><METS:fptr FILEID="00000059"/>
				</METS:div>
				<METS:div TYPE="Chapter" LABEL="4-4 平面任意力系的平衡条件" ORDERLABEL="00000063"><METS:fptr FILEID="00000063"/>
				</METS:div>
				<METS:div TYPE="Chapter" LABEL="4-5 平面平行力系的平衡条件" ORDERLABEL="00000067"><METS:fptr FILEID="00000067"/>
				</METS:div>
				<METS:div TYPE="Chapter" LABEL="4-6 静定和静不定的概念 物体系的平衡" ORDERLABEL="00000069"><METS:fptr FILEID="00000069"/>
				</METS:div>
				<METS:div TYPE="Chapter" LABEL="4-7 平面静定桁架的内力分析" ORDERLABEL="00000075"><METS:fptr FILEID="00000075"/>
				</METS:div>
				<METS:div TYPE="Chapter" LABEL="思考题" ORDERLABEL="00000078"><METS:fptr FILEID="00000078"/>
				</METS:div>
				<METS:div TYPE="Chapter" LABEL="习题" ORDERLABEL="00000079"><METS:fptr FILEID="00000079"/>
				</METS:div>
			</METS:div>
			<METS:div TYPE="Chapter" LABEL="第五章 磨擦" ORDERLABEL="00000087"><METS:fptr FILEID="00000087"/>
				<METS:div TYPE="Chapter" LABEL="5-1 滑动磨擦" ORDERLABEL="00000087"><METS:fptr FILEID="00000087"/>
				</METS:div>
				<METS:div TYPE="Chapter" LABEL="5-2 考虑磨擦时的平衡问题" ORDERLABEL="00000091"><METS:fptr FILEID="00000091"/>
				</METS:div>
				<METS:div TYPE="Chapter" LABEL="5-3 滚动磨擦的概念" ORDERLABEL="00000095"><METS:fptr FILEID="00000095"/>
				</METS:div>
				<METS:div TYPE="Chapter" LABEL="思考题" ORDERLABEL="00000098"><METS:fptr FILEID="00000098"/>
				</METS:div>
				<METS:div TYPE="Chapter" LABEL="习题" ORDERLABEL="00000099"><METS:fptr FILEID="00000099"/>
				</METS:div>
			</METS:div>
			<METS:div TYPE="Chapter" LABEL="第六章 空间力系和重心" ORDERLABEL="00000105"><METS:fptr FILEID="00000105"/>
				<METS:div TYPE="Chapter" LABEL="6-1 力在空间直角坐标轴上的投影 空间汇交力系的平衡条件" ORDERLABEL="00000105"><METS:fptr FILEID="00000105"/>
				</METS:div>
				<METS:div TYPE="Chapter" LABEL="6-2 空间力偶理论 空间力偶系的合成和平衡条件" ORDERLABEL="00000108"><METS:fptr FILEID="00000108"/>
				</METS:div>
				<METS:div TYPE="Chapter" LABEL="6-3 力对轴之矩 力对点之矩" ORDERLABEL="00000112"><METS:fptr FILEID="00000112"/>
				</METS:div>
				<METS:div TYPE="Chapter" LABEL="6-4 空间任意力系向已知点简化" ORDERLABEL="00000118"><METS:fptr FILEID="00000118"/>
				</METS:div>
				<METS:div TYPE="Chapter" LABEL="6-5 空间任意力系的平衡方程" ORDERLABEL="00000120"><METS:fptr FILEID="00000120"/>
				</METS:div>
				<METS:div TYPE="Chapter" LABEL="6-6 平行力系中心和重心" ORDERLABEL="00000123"><METS:fptr FILEID="00000123"/>
				</METS:div>
				<METS:div TYPE="Chapter" LABEL="思考题" ORDERLABEL="00000133"><METS:fptr FILEID="00000133"/>
				</METS:div>
				<METS:div TYPE="Chapter" LABEL="习题" ORDERLABEL="00000133"><METS:fptr FILEID="00000133"/>
				</METS:div>
			</METS:div>
		</METS:div>
		<METS:div TYPE="Chapter" LABEL="第二篇 运动学" ORDERLABEL="00000139"><METS:fptr FILEID="00000139"/>
			<METS:div TYPE="Chapter" LABEL="引言" ORDERLABEL="00000139"><METS:fptr FILEID="00000139"/>
			</METS:div>
			<METS:div TYPE="Chapter" LABEL="第七章 点的运动" ORDERLABEL="00000140"><METS:fptr FILEID="00000140"/>
				<METS:div TYPE="Chapter" LABEL="7-1 点的运动的矢径表示法" ORDERLABEL="00000140"><METS:fptr FILEID="00000140"/>
				</METS:div>
				<METS:div TYPE="Chapter" LABEL="7-2 点的运动的直角坐标表示法" ORDERLABEL="00000142"><METS:fptr FILEID="00000142"/>
				</METS:div>
				<METS:div TYPE="Chapter" LABEL="7-3 点的运动的自然表示法" ORDERLABEL="00000150"><METS:fptr FILEID="00000150"/>
				</METS:div>
				<METS:div TYPE="Chapter" LABEL="思考题" ORDERLABEL="00000160"><METS:fptr FILEID="00000160"/>
				</METS:div>
				<METS:div TYPE="Chapter" LABEL="习题" ORDERLABEL="00000160"><METS:fptr FILEID="00000160"/>
				</METS:div>
			</METS:div>
			<METS:div TYPE="Chapter" LABEL="第八章 刚体的基本运动" ORDERLABEL="00000166"><METS:fptr FILEID="00000166"/>
				<METS:div TYPE="Chapter" LABEL="8-1 刚体的平行移动" ORDERLABEL="00000166"><METS:fptr FILEID="00000166"/>
				</METS:div>
				<METS:div TYPE="Chapter" LABEL="8-2 刚体的定轴转动" ORDERLABEL="00000169"><METS:fptr FILEID="00000169"/>
				</METS:div>
				<METS:div TYPE="Chapter" LABEL="8-3 转动刚体内各点的速度和加速度" ORDERLABEL="00000171"><METS:fptr FILEID="00000171"/>
				</METS:div>
				<METS:div TYPE="Chapter" LABEL="8-4 定轴轮系的传动比" ORDERLABEL="00000176"><METS:fptr FILEID="00000176"/>
				</METS:div>
				<METS:div TYPE="Chapter" LABEL="思考题" ORDERLABEL="00000179"><METS:fptr FILEID="00000179"/>
				</METS:div>
				<METS:div TYPE="Chapter" LABEL="习题" ORDERLABEL="00000180"><METS:fptr FILEID="00000180"/>
				</METS:div>
			</METS:div>
			<METS:div TYPE="Chapter" LABEL="第九章 点的合成运动" ORDERLABEL="00000185"><METS:fptr FILEID="00000185"/>
				<METS:div TYPE="Chapter" LABEL="9-1 相对运动、绝对运动和牵连运动" ORDERLABEL="00000185"><METS:fptr FILEID="00000185"/>
				</METS:div>
				<METS:div TYPE="Chapter" LABEL="9-2 点的速度合成定理" ORDERLABEL="00000188"><METS:fptr FILEID="00000188"/>
				</METS:div>
				<METS:div TYPE="Chapter" LABEL="9-3 牵连运动为平动时点的加速度合成定理" ORDERLABEL="00000192"><METS:fptr FILEID="00000192"/>
				</METS:div>
				<METS:div TYPE="Chapter" LABEL="9-4 牵连运动为转动时点的加速度合成定理" ORDERLABEL="00000197"><METS:fptr FILEID="00000197"/>
				</METS:div>
				<METS:div TYPE="Chapter" LABEL="思考题" ORDERLABEL="00000206"><METS:fptr FILEID="00000206"/>
				</METS:div>
				<METS:div TYPE="Chapter" LABEL="习题" ORDERLABEL="00000208"><METS:fptr FILEID="00000208"/>
				</METS:div>
			</METS:div>
			<METS:div TYPE="Chapter" LABEL="第十章 刚体的平面运动" ORDERLABEL="00000215"><METS:fptr FILEID="00000215"/>
				<METS:div TYPE="Chapter" LABEL="10-1 刚体的平面运动方程" ORDERLABEL="00000215"><METS:fptr FILEID="00000215"/>
				</METS:div>
				<METS:div TYPE="Chapter" LABEL="10-2 平面运动分解为平动和转动" ORDERLABEL="00000217"><METS:fptr FILEID="00000217"/>
				</METS:div>
				<METS:div TYPE="Chapter" LABEL="10-3 合成法求平面图形内各点的速度 速度投影定理" ORDERLABEL="00000220"><METS:fptr FILEID="00000220"/>
				</METS:div>
				<METS:div TYPE="Chapter" LABEL="10-4 瞬心法求平面图形内各点的速度" ORDERLABEL="00000224"><METS:fptr FILEID="00000224"/>
				</METS:div>
				<METS:div TYPE="Chapter" LABEL="10-5 合成法求平面图形内各点的加速度" ORDERLABEL="00000231"><METS:fptr FILEID="00000231"/>
				</METS:div>
				<METS:div TYPE="Chapter" LABEL="思考题" ORDERLABEL="00000236"><METS:fptr FILEID="00000236"/>
				</METS:div>
				<METS:div TYPE="Chapter" LABEL="习题" ORDERLABEL="00000237"><METS:fptr FILEID="00000237"/>
				</METS:div>
				<METS:div TYPE="Chapter" LABEL="综合性习题(一)" ORDERLABEL="00000244"><METS:fptr FILEID="00000244"/>
				</METS:div>
			</METS:div>
		</METS:div>
		<METS:div TYPE="Chapter" LABEL="第三篇 动力学" ORDERLABEL="00000248"><METS:fptr FILEID="00000248"/>
			<METS:div TYPE="Chapter" LABEL="引言" ORDERLABEL="00000248"><METS:fptr FILEID="00000248"/>
			</METS:div>
			<METS:div TYPE="Chapter" LABEL="第十一章 质点运动微分方程" ORDERLABEL="00000249"><METS:fptr FILEID="00000249"/>
				<METS:div TYPE="Chapter" LABEL="11-1 质点运动微分方程" ORDERLABEL="00000249"><METS:fptr FILEID="00000249"/>
				</METS:div>
				<METS:div TYPE="Chapter" LABEL="11-2 质点动力学第一类基本问题" ORDERLABEL="00000250"><METS:fptr FILEID="00000250"/>
				</METS:div>
				<METS:div TYPE="Chapter" LABEL="11-3 质点动力学第二类基本问题" ORDERLABEL="00000253"><METS:fptr FILEID="00000253"/>
				</METS:div>
				<METS:div TYPE="Chapter" LABEL="习题" ORDERLABEL="00000259"><METS:fptr FILEID="00000259"/>
				</METS:div>
			</METS:div>
			<METS:div TYPE="Chapter" LABEL="第十二章 动量定理" ORDERLABEL="00000263"><METS:fptr FILEID="00000263"/>
				<METS:div TYPE="Chapter" LABEL="12-1 质点的动量定理" ORDERLABEL="00000263"><METS:fptr FILEID="00000263"/>
				</METS:div>
				<METS:div TYPE="Chapter" LABEL="12-2 质点系的动量定理" ORDERLABEL="00000266"><METS:fptr FILEID="00000266"/>
				</METS:div>
				<METS:div TYPE="Chapter" LABEL="12-3 质心运动定理" ORDERLABEL="00000271"><METS:fptr FILEID="00000271"/>
				</METS:div>
				<METS:div TYPE="Chapter" LABEL="思考题" ORDERLABEL="00000276"><METS:fptr FILEID="00000276"/>
				</METS:div>
				<METS:div TYPE="Chapter" LABEL="习题" ORDERLABEL="00000277"><METS:fptr FILEID="00000277"/>
				</METS:div>
			</METS:div>
			<METS:div TYPE="Chapter" LABEL="第十三章 动量矩定理" ORDERLABEL="00000281"><METS:fptr FILEID="00000281"/>
				<METS:div TYPE="Chapter" LABEL="13-1 质点的动量矩定理" ORDERLABEL="00000281"><METS:fptr FILEID="00000281"/>
				</METS:div>
				<METS:div TYPE="Chapter" LABEL="13-2 质点系的动量矩定理" ORDERLABEL="00000285"><METS:fptr FILEID="00000285"/>
				</METS:div>
				<METS:div TYPE="Chapter" LABEL="13-3 刚体绕定轴的转动微分方程" ORDERLABEL="00000289"><METS:fptr FILEID="00000289"/>
				</METS:div>
				<METS:div TYPE="Chapter" LABEL="13-4 转动惯量的计算" ORDERLABEL="00000295"><METS:fptr FILEID="00000295"/>
				</METS:div>
				<METS:div TYPE="Chapter" LABEL="思考题" ORDERLABEL="00000300"><METS:fptr FILEID="00000300"/>
				</METS:div>
				<METS:div TYPE="Chapter" LABEL="习题" ORDERLABEL="00000301"><METS:fptr FILEID="00000301"/>
				</METS:div>
			</METS:div>
			<METS:div TYPE="Chapter" LABEL="第十四章 动能定理" ORDERLABEL="00000307"><METS:fptr FILEID="00000307"/>
				<METS:div TYPE="Chapter" LABEL="14-1 力的功" ORDERLABEL="00000307"><METS:fptr FILEID="00000307"/>
				</METS:div>
				<METS:div TYPE="Chapter" LABEL="14-2 质点的动能定理" ORDERLABEL="00000311"><METS:fptr FILEID="00000311"/>
				</METS:div>
				<METS:div TYPE="Chapter" LABEL="14-3 质点系的动能定理" ORDERLABEL="00000313"><METS:fptr FILEID="00000313"/>
				</METS:div>
				<METS:div TYPE="Chapter" LABEL="14-4 功率和效率" ORDERLABEL="00000321"><METS:fptr FILEID="00000321"/>
				</METS:div>
				<METS:div TYPE="Chapter" LABEL="思考题" ORDERLABEL="00000325"><METS:fptr FILEID="00000325"/>
				</METS:div>
				<METS:div TYPE="Chapter" LABEL="习题" ORDERLABEL="00000326"><METS:fptr FILEID="00000326"/>
				</METS:div>
			</METS:div>
			<METS:div TYPE="Chapter" LABEL="第十五章 达朗伯原理" ORDERLABEL="00000333"><METS:fptr FILEID="00000333"/>
				<METS:div TYPE="Chapter" LABEL="15-1 惯性力的概念" ORDERLABEL="00000333"><METS:fptr FILEID="00000333"/>
				</METS:div>
				<METS:div TYPE="Chapter" LABEL="15-2 质点的达朗伯原理" ORDERLABEL="00000334"><METS:fptr FILEID="00000334"/>
				</METS:div>
				<METS:div TYPE="Chapter" LABEL="15-3 质点系的达朗伯原理" ORDERLABEL="00000337"><METS:fptr FILEID="00000337"/>
				</METS:div>
				<METS:div TYPE="Chapter" LABEL="15-4 刚体惯性力系的简化" ORDERLABEL="00000340"><METS:fptr FILEID="00000340"/>
				</METS:div>
				<METS:div TYPE="Chapter" LABEL="思考题" ORDERLABEL="00000348"><METS:fptr FILEID="00000348"/>
				</METS:div>
				<METS:div TYPE="Chapter" LABEL="习题" ORDERLABEL="00000349"><METS:fptr FILEID="00000349"/>
				</METS:div>
				<METS:div TYPE="Chapter" LABEL="综合练习题(二)" ORDERLABEL="00000355"><METS:fptr FILEID="00000355"/>
				</METS:div>
			</METS:div>
			<METS:div TYPE="Chapter" LABEL="第十六章 机械振动基础" ORDERLABEL="00000359"><METS:fptr FILEID="00000359"/>
				<METS:div TYPE="Chapter" LABEL="16-1 无阻尼的自由振动" ORDERLABEL="00000359"><METS:fptr FILEID="00000359"/>
				</METS:div>
				<METS:div TYPE="Chapter" LABEL="16-2 有阻尼的自由振动 衰减振动" ORDERLABEL="00000368"><METS:fptr FILEID="00000368"/>
				</METS:div>
				<METS:div TYPE="Chapter" LABEL="16-3 强迫振动" ORDERLABEL="00000372"><METS:fptr FILEID="00000372"/>
				</METS:div>
				<METS:div TYPE="Chapter" LABEL="16-4 隔振原理" ORDERLABEL="00000380"><METS:fptr FILEID="00000380"/>
				</METS:div>
				<METS:div TYPE="Chapter" LABEL="习题" ORDERLABEL="00000384"><METS:fptr FILEID="00000384"/>
				</METS:div>
			</METS:div>
			<METS:div TYPE="Chapter" LABEL="第十七章 虚位移原理" ORDERLABEL="00000389"><METS:fptr FILEID="00000389"/>
				<METS:div TYPE="Chapter" LABEL="17-1 非自由质点系的约束、自由度和广义坐标" ORDERLABEL="00000389"><METS:fptr FILEID="00000389"/>
				</METS:div>
				<METS:div TYPE="Chapter" LABEL="17-2 虚位移" ORDERLABEL="00000392"><METS:fptr FILEID="00000392"/>
				</METS:div>
				<METS:div TYPE="Chapter" LABEL="17-3 虚位移原理" ORDERLABEL="00000393"><METS:fptr FILEID="00000393"/>
				</METS:div>
				<METS:div TYPE="Chapter" LABEL="17-4 虚位移原理的应用举例" ORDERLABEL="00000396"><METS:fptr FILEID="00000396"/>
				</METS:div>
			</METS:div>
		</METS:div>
	</METS:structMap>
</METS:mets>
