<?xml version="1.0" encoding="utf-8"?>
<METS:mets xmlns:METS="http://www.loc.gov/METS/" xmlns:xsi="http://www.w3.org/2001/XMLSchema-instance" xmlns:gdm="http://sunsite.berkeley.edu/GDM/" xmlns:xlink="http://www.w3.org/TR/xlink" xsi:schemalocation="http://www.loc.gov/METS/http://www.loc.gov/standards/mets/mets.xsd" LABEL="Zhejiang University.jdl.China-America digital library project" TYPE="Section">
	<METS:structMap TYPE="Catalog">
		<METS:div TYPE="Chapter" LABEL="第一章 静力学基本概念及结构受力分析" ORDERLABEL="00000011"><METS:fptr FILEID="00000011"/>
			<METS:div TYPE="Chapter" LABEL="第一节 力的基本概念" ORDERLABEL="00000012"><METS:fptr FILEID="00000012"/>
			</METS:div>
			<METS:div TYPE="Chapter" LABEL="第二节 静力学基本公理" ORDERLABEL="00000013"><METS:fptr FILEID="00000013"/>
			</METS:div>
			<METS:div TYPE="Chapter" LABEL="第三节 力的投影及合力投影定理" ORDERLABEL="00000018"><METS:fptr FILEID="00000018"/>
			</METS:div>
			<METS:div TYPE="Chapter" LABEL="第四节 力矩的概念及合力矩定理" ORDERLABEL="00000021"><METS:fptr FILEID="00000021"/>
			</METS:div>
			<METS:div TYPE="Chapter" LABEL="第五节 力偶的概念及其性质" ORDERLABEL="00000023"><METS:fptr FILEID="00000023"/>
			</METS:div>
			<METS:div TYPE="Chapter" LABEL="第六节 力的平移定理" ORDERLABEL="00000026"><METS:fptr FILEID="00000026"/>
			</METS:div>
			<METS:div TYPE="Chapter" LABEL="第七节 荷载及其简化" ORDERLABEL="00000027"><METS:fptr FILEID="00000027"/>
			</METS:div>
			<METS:div TYPE="Chapter" LABEL="第八节 约束与约束反力" ORDERLABEL="00000029"><METS:fptr FILEID="00000029"/>
			</METS:div>
			<METS:div TYPE="Chapter" LABEL="第九节 物体的受力分析及受力图" ORDERLABEL="00000033"><METS:fptr FILEID="00000033"/>
			</METS:div>
			<METS:div TYPE="Chapter" LABEL="第十节 结构计算简图" ORDERLABEL="00000035"><METS:fptr FILEID="00000035"/>
			</METS:div>
		</METS:div>
		<METS:div TYPE="Chapter" LABEL="第二章 平面力系的平衡条件及其应用" ORDERLABEL="00000043"><METS:fptr FILEID="00000043"/>
			<METS:div TYPE="Chapter" LABEL="第一节 平面汇交力系的合成与平衡条件" ORDERLABEL="00000043"><METS:fptr FILEID="00000043"/>
			</METS:div>
			<METS:div TYPE="Chapter" LABEL="第二节 平面力偶系的合成与平衡条件" ORDERLABEL="00000048"><METS:fptr FILEID="00000048"/>
			</METS:div>
			<METS:div TYPE="Chapter" LABEL="第三节 平面一般力系的合成与平衡条件" ORDERLABEL="00000049"><METS:fptr FILEID="00000049"/>
			</METS:div>
			<METS:div TYPE="Chapter" LABEL="第四节 应用平面力系平衡条件求解行架内力" ORDERLABEL="00000053"><METS:fptr FILEID="00000053"/>
			</METS:div>
			<METS:div TYPE="Chapter" LABEL="第五节 平面平行力系的平衡条件及抗倾覆计算" ORDERLABEL="00000059"><METS:fptr FILEID="00000059"/>
			</METS:div>
			<METS:div TYPE="Chapter" LABEL="第六节 梁的支座反力" ORDERLABEL="00000062"><METS:fptr FILEID="00000062"/>
			</METS:div>
			<METS:div TYPE="Chapter" LABEL="第七节 考虑摩擦的平衡问题" ORDERLABEL="00000067"><METS:fptr FILEID="00000067"/>
			</METS:div>
		</METS:div>
		<METS:div TYPE="Chapter" LABEL="第三章 轴向拉伸与压缩" ORDERLABEL="00000078"><METS:fptr FILEID="00000078"/>
			<METS:div TYPE="Chapter" LABEL="第一节 轴向拉伸与压缩时的内力、轴力图" ORDERLABEL="00000079"><METS:fptr FILEID="00000079"/>
			</METS:div>
			<METS:div TYPE="Chapter" LABEL="第二节 轴向拉(压)时杆件截面上的应力" ORDERLABEL="00000081"><METS:fptr FILEID="00000081"/>
			</METS:div>
			<METS:div TYPE="Chapter" LABEL="第三节 拉(压)杆的变形及虎克定律" ORDERLABEL="00000083"><METS:fptr FILEID="00000083"/>
			</METS:div>
			<METS:div TYPE="Chapter" LABEL="第四节 拉伸和压缩时材料的力学性能" ORDERLABEL="00000085"><METS:fptr FILEID="00000085"/>
			</METS:div>
			<METS:div TYPE="Chapter" LABEL="第五节 许用应力和安全系数" ORDERLABEL="00000090"><METS:fptr FILEID="00000090"/>
			</METS:div>
			<METS:div TYPE="Chapter" LABEL="第六节 拉伸和压缩时的强度计算" ORDERLABEL="00000091"><METS:fptr FILEID="00000091"/>
			</METS:div>
			<METS:div TYPE="Chapter" LABEL="第七节 压杆稳定" ORDERLABEL="00000095"><METS:fptr FILEID="00000095"/>
			</METS:div>
			<METS:div TYPE="Chapter" LABEL="第八节 提高压杆稳定性的措施" ORDERLABEL="00000100"><METS:fptr FILEID="00000100"/>
			</METS:div>
		</METS:div>
		<METS:div TYPE="Chapter" LABEL="第四章 剪切(附挤压)" ORDERLABEL="00000106"><METS:fptr FILEID="00000106"/>
			<METS:div TYPE="Chapter" LABEL="第一节 剪切的概念" ORDERLABEL="00000106"><METS:fptr FILEID="00000106"/>
			</METS:div>
			<METS:div TYPE="Chapter" LABEL="第二节 铆接接头的实用计算" ORDERLABEL="00000107"><METS:fptr FILEID="00000107"/>
			</METS:div>
			<METS:div TYPE="Chapter" LABEL="第三节 剪切的应力-应变关系" ORDERLABEL="00000112"><METS:fptr FILEID="00000112"/>
			</METS:div>
		</METS:div>
		<METS:div TYPE="Chapter" LABEL="第五章 扭转" ORDERLABEL="00000115"><METS:fptr FILEID="00000115"/>
			<METS:div TYPE="Chapter" LABEL="第一节 扭转时的内力——扭矩" ORDERLABEL="00000116"><METS:fptr FILEID="00000116"/>
			</METS:div>
			<METS:div TYPE="Chapter" LABEL="第二节 圆轴扭转时的应力及其强度计算" ORDERLABEL="00000119"><METS:fptr FILEID="00000119"/>
			</METS:div>
			<METS:div TYPE="Chapter" LABEL="第三节 圆轴扭转时的变形计算和刚度校核" ORDERLABEL="00000124"><METS:fptr FILEID="00000124"/>
			</METS:div>
		</METS:div>
		<METS:div TYPE="Chapter" LABEL="第六章 梁的内力" ORDERLABEL="00000130"><METS:fptr FILEID="00000130"/>
			<METS:div TYPE="Chapter" LABEL="第一节 弯曲内力——剪力和弯矩" ORDERLABEL="00000131"><METS:fptr FILEID="00000131"/>
			</METS:div>
			<METS:div TYPE="Chapter" LABEL="第二节 内力方程和内力图" ORDERLABEL="00000133"><METS:fptr FILEID="00000133"/>
			</METS:div>
			<METS:div TYPE="Chapter" LABEL="第三节 利用内力图的规律绘制内力图" ORDERLABEL="00000138"><METS:fptr FILEID="00000138"/>
			</METS:div>
			<METS:div TYPE="Chapter" LABEL="第四节 用叠加法绘制内力图" ORDERLABEL="00000143"><METS:fptr FILEID="00000143"/>
			</METS:div>
		</METS:div>
		<METS:div TYPE="Chapter" LABEL="第七章 梁的弯曲应力" ORDERLABEL="00000149"><METS:fptr FILEID="00000149"/>
			<METS:div TYPE="Chapter" LABEL="第一节 梁的正应力强度条件" ORDERLABEL="00000149"><METS:fptr FILEID="00000149"/>
			</METS:div>
			<METS:div TYPE="Chapter" LABEL="第二节 提高粱抗弯强度的途径" ORDERLABEL="00000155"><METS:fptr FILEID="00000155"/>
			</METS:div>
			<METS:div TYPE="Chapter" LABEL="第三节 梁弯曲时的剪应力强度条件" ORDERLABEL="00000159"><METS:fptr FILEID="00000159"/>
			</METS:div>
		</METS:div>
		<METS:div TYPE="Chapter" LABEL="第八章 梁的弯曲变形及位移计算" ORDERLABEL="00000166"><METS:fptr FILEID="00000166"/>
			<METS:div TYPE="Chapter" LABEL="第一节 梁的线位移与角位移" ORDERLABEL="00000166"><METS:fptr FILEID="00000166"/>
			</METS:div>
			<METS:div TYPE="Chapter" LABEL="第二节 用图乘法计算位移" ORDERLABEL="00000166"><METS:fptr FILEID="00000166"/>
			</METS:div>
			<METS:div TYPE="Chapter" LABEL="第三节 梁的刚度校核" ORDERLABEL="00000173"><METS:fptr FILEID="00000173"/>
			</METS:div>
			<METS:div TYPE="Chapter" LABEL="第四节 提高弯曲刚度的措施" ORDERLABEL="00000176"><METS:fptr FILEID="00000176"/>
			</METS:div>
		</METS:div>
		<METS:div TYPE="Chapter" LABEL="第九章 超静定梁及排架的内力计算" ORDERLABEL="00000180"><METS:fptr FILEID="00000180"/>
			<METS:div TYPE="Chapter" LABEL="第一节 力法的基本概念" ORDERLABEL="00000181"><METS:fptr FILEID="00000181"/>
			</METS:div>
			<METS:div TYPE="Chapter" LABEL="第二节 用力法计算超静定梁" ORDERLABEL="00000186"><METS:fptr FILEID="00000186"/>
			</METS:div>
			<METS:div TYPE="Chapter" LABEL="第三节 用力法计算铰接排架" ORDERLABEL="00000190"><METS:fptr FILEID="00000190"/>
			</METS:div>
			<METS:div TYPE="Chapter" LABEL="第四节 等截面单跨超静定梁的内力" ORDERLABEL="00000192"><METS:fptr FILEID="00000192"/>
			</METS:div>
		</METS:div>
		<METS:div TYPE="Chapter" LABEL="第十章 平面杆系的组成规律" ORDERLABEL="00000204"><METS:fptr FILEID="00000204"/>
			<METS:div TYPE="Chapter" LABEL="第一节 几何组成分析的有关概念" ORDERLABEL="00000204"><METS:fptr FILEID="00000204"/>
			</METS:div>
			<METS:div TYPE="Chapter" LABEL="第二节 几何不变体系的组成规律" ORDERLABEL="00000207"><METS:fptr FILEID="00000207"/>
			</METS:div>
			<METS:div TYPE="Chapter" LABEL="第三节 常变体系和瞬变体系" ORDERLABEL="00000210"><METS:fptr FILEID="00000210"/>
			</METS:div>
		</METS:div>
	</METS:structMap>
</METS:mets>
