<?xml version="1.0" encoding="utf-8"?>
<METS:mets xmlns:METS="http://www.loc.gov/METS/" xmlns:xsi="http://www.w3.org/2001/XMLSchema-instance" xmlns:gdm="http://sunsite.berkeley.edu/GDM/" xmlns:xlink="http://www.w3.org/TR/xlink" xsi:schemalocation="http://www.loc.gov/METS/http://www.loc.gov/standards/mets/mets.xsd" LABEL="Zhejiang University.jdl.China-America digital library project" TYPE="Section">
	<METS:structMap TYPE="Catalog">
		<METS:div TYPE="Chapter" LABEL="第一章 绪论" ORDERLABEL="00000007"><METS:fptr FILEID="00000007"/>
			<METS:div TYPE="Chapter" LABEL="1-1 结构与构件" ORDERLABEL="00000007"><METS:fptr FILEID="00000007"/>
			</METS:div>
			<METS:div TYPE="Chapter" LABEL="1-2 刚体、变形固体及其基本假设" ORDERLABEL="00000007"><METS:fptr FILEID="00000007"/>
			</METS:div>
			<METS:div TYPE="Chapter" LABEL="1-3 杆件变形的基本形式" ORDERLABEL="00000008"><METS:fptr FILEID="00000008"/>
			</METS:div>
			<METS:div TYPE="Chapter" LABEL="1-4 建筑力学的任务和内容" ORDERLABEL="00000009"><METS:fptr FILEID="00000009"/>
			</METS:div>
			<METS:div TYPE="Chapter" LABEL="1-5 荷载的分类" ORDERLABEL="00000010"><METS:fptr FILEID="00000010"/>
			</METS:div>
		</METS:div>
		<METS:div TYPE="Chapter" LABEL="第二章 结构计算简图·物体受力分析" ORDERLABEL="00000012"><METS:fptr FILEID="00000012"/>
			<METS:div TYPE="Chapter" LABEL="2-1 约束与约束反力" ORDERLABEL="00000012"><METS:fptr FILEID="00000012"/>
			</METS:div>
			<METS:div TYPE="Chapter" LABEL="2-2 结构计算简图" ORDERLABEL="00000015"><METS:fptr FILEID="00000015"/>
			</METS:div>
			<METS:div TYPE="Chapter" LABEL="2-3 物体受力分析" ORDERLABEL="00000018"><METS:fptr FILEID="00000018"/>
			</METS:div>
			<METS:div TYPE="Chapter" LABEL="小结" ORDERLABEL="00000020"><METS:fptr FILEID="00000020"/>
			</METS:div>
			<METS:div TYPE="Chapter" LABEL="习题" ORDERLABEL="00000021"><METS:fptr FILEID="00000021"/>
			</METS:div>
		</METS:div>
		<METS:div TYPE="Chapter" LABEL="第三章 力系简化的基础知识" ORDERLABEL="00000024"><METS:fptr FILEID="00000024"/>
			<METS:div TYPE="Chapter" LABEL="3-1 平面汇交力系的合成与平衡条件" ORDERLABEL="00000024"><METS:fptr FILEID="00000024"/>
			</METS:div>
			<METS:div TYPE="Chapter" LABEL="3-2 力对点的矩" ORDERLABEL="00000030"><METS:fptr FILEID="00000030"/>
			</METS:div>
			<METS:div TYPE="Chapter" LABEL="3-3 力偶·力偶短" ORDERLABEL="00000032"><METS:fptr FILEID="00000032"/>
			</METS:div>
			<METS:div TYPE="Chapter" LABEL="3-4 平面力倡系的合成与平衡条件" ORDERLABEL="00000033"><METS:fptr FILEID="00000033"/>
			</METS:div>
			<METS:div TYPE="Chapter" LABEL="3-5 力的等效平移" ORDERLABEL="00000035"><METS:fptr FILEID="00000035"/>
			</METS:div>
			<METS:div TYPE="Chapter" LABEL="小结" ORDERLABEL="00000036"><METS:fptr FILEID="00000036"/>
			</METS:div>
			<METS:div TYPE="Chapter" LABEL="思考题" ORDERLABEL="00000037"><METS:fptr FILEID="00000037"/>
			</METS:div>
			<METS:div TYPE="Chapter" LABEL="习题" ORDERLABEL="00000038"><METS:fptr FILEID="00000038"/>
			</METS:div>
		</METS:div>
		<METS:div TYPE="Chapter" LABEL="第四章 平面力系的简化与平衡方程" ORDERLABEL="00000041"><METS:fptr FILEID="00000041"/>
			<METS:div TYPE="Chapter" LABEL="4-1 平面任意力系向一点的简化·主矢和主矩" ORDERLABEL="00000041"><METS:fptr FILEID="00000041"/>
			</METS:div>
			<METS:div TYPE="Chapter" LABEL="4-2 平面任意力系简化结果的讨论" ORDERLABEL="00000044"><METS:fptr FILEID="00000044"/>
			</METS:div>
			<METS:div TYPE="Chapter" LABEL="4-3 平面任意力系的平衡条件·平衡方程" ORDERLABEL="00000045"><METS:fptr FILEID="00000045"/>
			</METS:div>
			<METS:div TYPE="Chapter" LABEL="4-4 平面平行力系的平衡方程" ORDERLABEL="00000049"><METS:fptr FILEID="00000049"/>
			</METS:div>
			<METS:div TYPE="Chapter" LABEL="4-5 物体系的平衡问题" ORDERLABEL="00000051"><METS:fptr FILEID="00000051"/>
			</METS:div>
			<METS:div TYPE="Chapter" LABEL="4-6 考虑摩擦的平衡问题" ORDERLABEL="00000054"><METS:fptr FILEID="00000054"/>
			</METS:div>
			<METS:div TYPE="Chapter" LABEL="小结" ORDERLABEL="00000059"><METS:fptr FILEID="00000059"/>
			</METS:div>
			<METS:div TYPE="Chapter" LABEL="思考题" ORDERLABEL="00000060"><METS:fptr FILEID="00000060"/>
			</METS:div>
			<METS:div TYPE="Chapter" LABEL="习题" ORDERLABEL="00000061"><METS:fptr FILEID="00000061"/>
			</METS:div>
		</METS:div>
		<METS:div TYPE="Chapter" LABEL="第五章 平面体系的几何组成分析" ORDERLABEL="00000066"><METS:fptr FILEID="00000066"/>
			<METS:div TYPE="Chapter" LABEL="5-1 几何组成分析的目的" ORDERLABEL="00000066"><METS:fptr FILEID="00000066"/>
			</METS:div>
			<METS:div TYPE="Chapter" LABEL="5-2 平面体系的自由度·联系的概念" ORDERLABEL="00000067"><METS:fptr FILEID="00000067"/>
			</METS:div>
			<METS:div TYPE="Chapter" LABEL="5-3 几何不变体系的组成规则" ORDERLABEL="00000069"><METS:fptr FILEID="00000069"/>
			</METS:div>
			<METS:div TYPE="Chapter" LABEL="5-4 静定结构和超静定结构·常见的结构型式" ORDERLABEL="00000071"><METS:fptr FILEID="00000071"/>
			</METS:div>
			<METS:div TYPE="Chapter" LABEL="小结" ORDERLABEL="00000075"><METS:fptr FILEID="00000075"/>
			</METS:div>
			<METS:div TYPE="Chapter" LABEL="习题" ORDERLABEL="00000075"><METS:fptr FILEID="00000075"/>
			</METS:div>
		</METS:div>
		<METS:div TYPE="Chapter" LABEL="第六章 静定结构的内力计算" ORDERLABEL="00000077"><METS:fptr FILEID="00000077"/>
			<METS:div TYPE="Chapter" LABEL="6-1 构件的内力及其求法" ORDERLABEL="00000077"><METS:fptr FILEID="00000077"/>
			</METS:div>
			<METS:div TYPE="Chapter" LABEL="6-2 内力图——轴力、剪力和弯矩图" ORDERLABEL="00000081"><METS:fptr FILEID="00000081"/>
			</METS:div>
			<METS:div TYPE="Chapter" LABEL="6-3 弯矩、剪力、分布荷载集度之间的关系" ORDERLABEL="00000085"><METS:fptr FILEID="00000085"/>
			</METS:div>
			<METS:div TYPE="Chapter" LABEL="6-4 用叠加法作剪力图和弯矩图" ORDERLABEL="00000090"><METS:fptr FILEID="00000090"/>
			</METS:div>
			<METS:div TYPE="Chapter" LABEL="6-5 静定平面刚架" ORDERLABEL="00000092"><METS:fptr FILEID="00000092"/>
			</METS:div>
			<METS:div TYPE="Chapter" LABEL="6-6 三较拱" ORDERLABEL="00000098"><METS:fptr FILEID="00000098"/>
			</METS:div>
			<METS:div TYPE="Chapter" LABEL="6-7 静定平面桁架" ORDERLABEL="00000103"><METS:fptr FILEID="00000103"/>
			</METS:div>
			<METS:div TYPE="Chapter" LABEL="6-8 各种结构形式及悬索的受力特点" ORDERLABEL="00000108"><METS:fptr FILEID="00000108"/>
			</METS:div>
			<METS:div TYPE="Chapter" LABEL="小结" ORDERLABEL="00000110"><METS:fptr FILEID="00000110"/>
			</METS:div>
			<METS:div TYPE="Chapter" LABEL="思考题" ORDERLABEL="00000111"><METS:fptr FILEID="00000111"/>
			</METS:div>
			<METS:div TYPE="Chapter" LABEL="习题" ORDERLABEL="00000111"><METS:fptr FILEID="00000111"/>
			</METS:div>
		</METS:div>
		<METS:div TYPE="Chapter" LABEL="第七章 轴向拉伸与压缩" ORDERLABEL="00000117"><METS:fptr FILEID="00000117"/>
			<METS:div TYPE="Chapter" LABEL="7-1 轴向拉伸与压缩的概念及实例" ORDERLABEL="00000117"><METS:fptr FILEID="00000117"/>
			</METS:div>
			<METS:div TYPE="Chapter" LABEL="7-2 直杆横截面上的正应力" ORDERLABEL="00000117"><METS:fptr FILEID="00000117"/>
			</METS:div>
			<METS:div TYPE="Chapter" LABEL="7-3 容许应力、强度条件" ORDERLABEL="00000118"><METS:fptr FILEID="00000118"/>
			</METS:div>
			<METS:div TYPE="Chapter" LABEL="7-4 轴向拉伸或压缩时的变形" ORDERLABEL="00000121"><METS:fptr FILEID="00000121"/>
			</METS:div>
			<METS:div TYPE="Chapter" LABEL="7-5 材料的力学性质" ORDERLABEL="00000123"><METS:fptr FILEID="00000123"/>
			</METS:div>
			<METS:div TYPE="Chapter" LABEL="小结" ORDERLABEL="00000127"><METS:fptr FILEID="00000127"/>
			</METS:div>
			<METS:div TYPE="Chapter" LABEL="思考题" ORDERLABEL="00000127"><METS:fptr FILEID="00000127"/>
			</METS:div>
			<METS:div TYPE="Chapter" LABEL="习题" ORDERLABEL="00000127"><METS:fptr FILEID="00000127"/>
			</METS:div>
		</METS:div>
		<METS:div TYPE="Chapter" LABEL="第八章 剪切和扭转" ORDERLABEL="00000129"><METS:fptr FILEID="00000129"/>
			<METS:div TYPE="Chapter" LABEL="8-1 剪切的概念及实例" ORDERLABEL="00000129"><METS:fptr FILEID="00000129"/>
			</METS:div>
			<METS:div TYPE="Chapter" LABEL="8-2 连接接头的强度计算" ORDERLABEL="00000130"><METS:fptr FILEID="00000130"/>
			</METS:div>
			<METS:div TYPE="Chapter" LABEL="8-3 扭转的概念及实例" ORDERLABEL="00000135"><METS:fptr FILEID="00000135"/>
			</METS:div>
			<METS:div TYPE="Chapter" LABEL="8-4 扭矩的计算、扭矩图" ORDERLABEL="00000136"><METS:fptr FILEID="00000136"/>
			</METS:div>
			<METS:div TYPE="Chapter" LABEL="8-5 圆轴扭转时的应力和变形" ORDERLABEL="00000137"><METS:fptr FILEID="00000137"/>
			</METS:div>
			<METS:div TYPE="Chapter" LABEL="8-6 圆轴扭转时的强度条件和刚度条件" ORDERLABEL="00000141"><METS:fptr FILEID="00000141"/>
			</METS:div>
			<METS:div TYPE="Chapter" LABEL="小结" ORDERLABEL="00000143"><METS:fptr FILEID="00000143"/>
			</METS:div>
			<METS:div TYPE="Chapter" LABEL="思考题" ORDERLABEL="00000144"><METS:fptr FILEID="00000144"/>
			</METS:div>
			<METS:div TYPE="Chapter" LABEL="习题" ORDERLABEL="00000145"><METS:fptr FILEID="00000145"/>
			</METS:div>
		</METS:div>
		<METS:div TYPE="Chapter" LABEL="第九章 梁的应力" ORDERLABEL="00000147"><METS:fptr FILEID="00000147"/>
			<METS:div TYPE="Chapter" LABEL="9-1 平面弯曲的概念及实例" ORDERLABEL="00000147"><METS:fptr FILEID="00000147"/>
			</METS:div>
			<METS:div TYPE="Chapter" LABEL="9-2 梁的正应力" ORDERLABEL="00000148"><METS:fptr FILEID="00000148"/>
			</METS:div>
			<METS:div TYPE="Chapter" LABEL="9-3 常用截面的惯性矩、平行移轴公式" ORDERLABEL="00000151"><METS:fptr FILEID="00000151"/>
			</METS:div>
			<METS:div TYPE="Chapter" LABEL="9-4 梁的剪应力" ORDERLABEL="00000154"><METS:fptr FILEID="00000154"/>
			</METS:div>
			<METS:div TYPE="Chapter" LABEL="9-5 梁的强度条件" ORDERLABEL="00000156"><METS:fptr FILEID="00000156"/>
			</METS:div>
			<METS:div TYPE="Chapter" LABEL="9-6 提高粱弯曲强度的主要途径" ORDERLABEL="00000160"><METS:fptr FILEID="00000160"/>
			</METS:div>
			<METS:div TYPE="Chapter" LABEL="小结" ORDERLABEL="00000163"><METS:fptr FILEID="00000163"/>
			</METS:div>
			<METS:div TYPE="Chapter" LABEL="思考题" ORDERLABEL="00000164"><METS:fptr FILEID="00000164"/>
			</METS:div>
			<METS:div TYPE="Chapter" LABEL="习题" ORDERLABEL="00000164"><METS:fptr FILEID="00000164"/>
			</METS:div>
		</METS:div>
		<METS:div TYPE="Chapter" LABEL="第十章 组合变形" ORDERLABEL="00000167"><METS:fptr FILEID="00000167"/>
			<METS:div TYPE="Chapter" LABEL="10-1 组合变形的概念" ORDERLABEL="00000167"><METS:fptr FILEID="00000167"/>
			</METS:div>
			<METS:div TYPE="Chapter" LABEL="10-2 斜弯曲" ORDERLABEL="00000167"><METS:fptr FILEID="00000167"/>
			</METS:div>
			<METS:div TYPE="Chapter" LABEL="10-3 拉伸(压缩)与弯曲的组合变形" ORDERLABEL="00000171"><METS:fptr FILEID="00000171"/>
			</METS:div>
			<METS:div TYPE="Chapter" LABEL="10-4 偏心拉伸(压缩" ORDERLABEL="00000173"><METS:fptr FILEID="00000173"/>
			</METS:div>
			<METS:div TYPE="Chapter" LABEL="10-5 弯曲与扭转的组合变形" ORDERLABEL="00000175"><METS:fptr FILEID="00000175"/>
			</METS:div>
			<METS:div TYPE="Chapter" LABEL="小结" ORDERLABEL="00000177"><METS:fptr FILEID="00000177"/>
			</METS:div>
			<METS:div TYPE="Chapter" LABEL="思考题" ORDERLABEL="00000177"><METS:fptr FILEID="00000177"/>
			</METS:div>
			<METS:div TYPE="Chapter" LABEL="习题" ORDERLABEL="00000178"><METS:fptr FILEID="00000178"/>
			</METS:div>
		</METS:div>
		<METS:div TYPE="Chapter" LABEL="第十一章 梁和结构的位移" ORDERLABEL="00000180"><METS:fptr FILEID="00000180"/>
			<METS:div TYPE="Chapter" LABEL="11-1 概述" ORDERLABEL="00000180"><METS:fptr FILEID="00000180"/>
			</METS:div>
			<METS:div TYPE="Chapter" LABEL="11-2 梁的挠曲线近似微分方程及其积分" ORDERLABEL="00000181"><METS:fptr FILEID="00000181"/>
			</METS:div>
			<METS:div TYPE="Chapter" LABEL="11-3 叠加法" ORDERLABEL="00000186"><METS:fptr FILEID="00000186"/>
			</METS:div>
			<METS:div TYPE="Chapter" LABEL="11-4 单位荷载法" ORDERLABEL="00000189"><METS:fptr FILEID="00000189"/>
			</METS:div>
			<METS:div TYPE="Chapter" LABEL="11-5 图乘法" ORDERLABEL="00000195"><METS:fptr FILEID="00000195"/>
			</METS:div>
			<METS:div TYPE="Chapter" LABEL="11-6 线弹性体的互等定理" ORDERLABEL="00000199"><METS:fptr FILEID="00000199"/>
			</METS:div>
			<METS:div TYPE="Chapter" LABEL="11-7 梁的刚度校核" ORDERLABEL="00000203"><METS:fptr FILEID="00000203"/>
			</METS:div>
			<METS:div TYPE="Chapter" LABEL="小结" ORDERLABEL="00000205"><METS:fptr FILEID="00000205"/>
			</METS:div>
			<METS:div TYPE="Chapter" LABEL="思考题" ORDERLABEL="00000205"><METS:fptr FILEID="00000205"/>
			</METS:div>
			<METS:div TYPE="Chapter" LABEL="习题" ORDERLABEL="00000206"><METS:fptr FILEID="00000206"/>
			</METS:div>
		</METS:div>
		<METS:div TYPE="Chapter" LABEL="第十二章 力法" ORDERLABEL="00000209"><METS:fptr FILEID="00000209"/>
			<METS:div TYPE="Chapter" LABEL="12-1 超静定结构的概念和超静定次数的确定" ORDERLABEL="00000209"><METS:fptr FILEID="00000209"/>
			</METS:div>
			<METS:div TYPE="Chapter" LABEL="12-2 力法的典型方程" ORDERLABEL="00000211"><METS:fptr FILEID="00000211"/>
			</METS:div>
			<METS:div TYPE="Chapter" LABEL="12-3 用力法计算超静定结构" ORDERLABEL="00000215"><METS:fptr FILEID="00000215"/>
			</METS:div>
			<METS:div TYPE="Chapter" LABEL="12-4 结构对称性的利用" ORDERLABEL="00000221"><METS:fptr FILEID="00000221"/>
			</METS:div>
			<METS:div TYPE="Chapter" LABEL="12-5 多跨连续梁、排架、刚架、桥架的受力特点" ORDERLABEL="00000226"><METS:fptr FILEID="00000226"/>
			</METS:div>
			<METS:div TYPE="Chapter" LABEL="小结" ORDERLABEL="00000229"><METS:fptr FILEID="00000229"/>
			</METS:div>
			<METS:div TYPE="Chapter" LABEL="思考题" ORDERLABEL="00000229"><METS:fptr FILEID="00000229"/>
			</METS:div>
			<METS:div TYPE="Chapter" LABEL="习题" ORDERLABEL="00000229"><METS:fptr FILEID="00000229"/>
			</METS:div>
		</METS:div>
		<METS:div TYPE="Chapter" LABEL="第十三章 位移法" ORDERLABEL="00000233"><METS:fptr FILEID="00000233"/>
			<METS:div TYPE="Chapter" LABEL="13-1 等截面单跨超静定梁的杆端内力·转角位移方程" ORDERLABEL="00000233"><METS:fptr FILEID="00000233"/>
			</METS:div>
			<METS:div TYPE="Chapter" LABEL="13-2 位移法的基本概念" ORDERLABEL="00000239"><METS:fptr FILEID="00000239"/>
			</METS:div>
			<METS:div TYPE="Chapter" LABEL="13-3 位移法基本未知量数目的确定" ORDERLABEL="00000242"><METS:fptr FILEID="00000242"/>
			</METS:div>
			<METS:div TYPE="Chapter" LABEL="13-4 位移法典型方程" ORDERLABEL="00000244"><METS:fptr FILEID="00000244"/>
			</METS:div>
			<METS:div TYPE="Chapter" LABEL="13-5 用位移法计算超静定结构" ORDERLABEL="00000248"><METS:fptr FILEID="00000248"/>
			</METS:div>
			<METS:div TYPE="Chapter" LABEL="13-6 结构近似的变形图和弯矩图" ORDERLABEL="00000252"><METS:fptr FILEID="00000252"/>
			</METS:div>
			<METS:div TYPE="Chapter" LABEL="小结" ORDERLABEL="00000253"><METS:fptr FILEID="00000253"/>
			</METS:div>
			<METS:div TYPE="Chapter" LABEL="思考题" ORDERLABEL="00000254"><METS:fptr FILEID="00000254"/>
			</METS:div>
			<METS:div TYPE="Chapter" LABEL="习题" ORDERLABEL="00000254"><METS:fptr FILEID="00000254"/>
			</METS:div>
		</METS:div>
		<METS:div TYPE="Chapter" LABEL="第十四章 力矩分配法" ORDERLABEL="00000256"><METS:fptr FILEID="00000256"/>
			<METS:div TYPE="Chapter" LABEL="14-1 力短分配法的基本概念" ORDERLABEL="00000256"><METS:fptr FILEID="00000256"/>
			</METS:div>
			<METS:div TYPE="Chapter" LABEL="14-2 用力矩分配法解连续梁" ORDERLABEL="00000264"><METS:fptr FILEID="00000264"/>
			</METS:div>
			<METS:div TYPE="Chapter" LABEL="14-3 超静定结构的特性" ORDERLABEL="00000270"><METS:fptr FILEID="00000270"/>
			</METS:div>
			<METS:div TYPE="Chapter" LABEL="小结" ORDERLABEL="00000271"><METS:fptr FILEID="00000271"/>
			</METS:div>
			<METS:div TYPE="Chapter" LABEL="思考题" ORDERLABEL="00000272"><METS:fptr FILEID="00000272"/>
			</METS:div>
			<METS:div TYPE="Chapter" LABEL="习题" ORDERLABEL="00000272"><METS:fptr FILEID="00000272"/>
			</METS:div>
		</METS:div>
		<METS:div TYPE="Chapter" LABEL="第十五章 压杆稳定" ORDERLABEL="00000274"><METS:fptr FILEID="00000274"/>
			<METS:div TYPE="Chapter" LABEL="15-1 压杆稳定的概念" ORDERLABEL="00000274"><METS:fptr FILEID="00000274"/>
			</METS:div>
			<METS:div TYPE="Chapter" LABEL="15-2 细长压杆的临界力" ORDERLABEL="00000275"><METS:fptr FILEID="00000275"/>
			</METS:div>
			<METS:div TYPE="Chapter" LABEL="15-3 压杆的临界应力" ORDERLABEL="00000277"><METS:fptr FILEID="00000277"/>
			</METS:div>
			<METS:div TYPE="Chapter" LABEL="15-4 压杆的稳定计算" ORDERLABEL="00000281"><METS:fptr FILEID="00000281"/>
			</METS:div>
			<METS:div TYPE="Chapter" LABEL="15-5 提高压杆稳定性的措施" ORDERLABEL="00000285"><METS:fptr FILEID="00000285"/>
			</METS:div>
			<METS:div TYPE="Chapter" LABEL="小结" ORDERLABEL="00000286"><METS:fptr FILEID="00000286"/>
			</METS:div>
			<METS:div TYPE="Chapter" LABEL="思考题" ORDERLABEL="00000287"><METS:fptr FILEID="00000287"/>
			</METS:div>
			<METS:div TYPE="Chapter" LABEL="习题" ORDERLABEL="00000287"><METS:fptr FILEID="00000287"/>
			</METS:div>
		</METS:div>
	</METS:structMap>
</METS:mets>
