<?xml version="1.0" encoding="UTF-8"?>
<METS:mets xmlns:METS="http://www.loc.gov/METS/" xmlns:xsi="http://www.w3.org/2001/XMLSchema-instance" xmlns:gdm="http://sunsite.berkeley.edu/GDM/" xmlns:xlink="http://www.w3.org/TR/xlink" xsi:schemalocation="http://www.loc.gov/METS/http://www.loc.gov/standards/mets/mets.xsd" LABEL="Zhejiang University.jdl.China-America digital library project" TYPE="Section">
	<METS:structMap TYPE="Catalog">
		<METS:div TYPE="Chapter" LABEL="第一篇 静力学" ORDERLABEL="00000016">
			<METS:fptr FILEID="00000016" />
			<METS:div TYPE="Chapter" LABEL="第一章 静力学的基本概念" ORDERLABEL="00000017">
				<METS:fptr FILEID="00000017" />
				<METS:div TYPE="Chapter" LABEL="第一节 力的概念" ORDERLABEL="00000017">
					<METS:fptr FILEID="00000017" />
				</METS:div>
				<METS:div TYPE="Chapter" LABEL="第二节 静力学公理" ORDERLABEL="00000020">
					<METS:fptr FILEID="00000020" />
				</METS:div>
				<METS:div TYPE="Chapter" LABEL="第三节 荷载" ORDERLABEL="00000026">
					<METS:fptr FILEID="00000026" />
				</METS:div>
				<METS:div TYPE="Chapter" LABEL="第四节 约束与约束反力" ORDERLABEL="00000029">
					<METS:fptr FILEID="00000029" />
				</METS:div>
				<METS:div TYPE="Chapter" LABEL="第五节 受力图" ORDERLABEL="00000035">
					<METS:fptr FILEID="00000035" />
				</METS:div>
				<METS:div TYPE="Chapter" LABEL="学习指导" ORDERLABEL="00000039">
					<METS:fptr FILEID="00000039" />
				</METS:div>
				<METS:div TYPE="Chapter" LABEL="思考题" ORDERLABEL="00000039">
					<METS:fptr FILEID="00000039" />
				</METS:div>
				<METS:div TYPE="Chapter" LABEL="习题" ORDERLABEL="00000040">
					<METS:fptr FILEID="00000040" />
				</METS:div>
			</METS:div>
			<METS:div TYPE="Chapter" LABEL="第二章 平面汇交力系" ORDERLABEL="00000042">
				<METS:fptr FILEID="00000042" />
				<METS:div TYPE="Chapter" LABEL="第一节 平面汇交力系合成的几何法" ORDERLABEL="00000042">
					<METS:fptr FILEID="00000042" />
				</METS:div>
				<METS:div TYPE="Chapter" LABEL="第二节 平面汇交力系平衡的几何条件" ORDERLABEL="00000045">
					<METS:fptr FILEID="00000045" />
				</METS:div>
				<METS:div TYPE="Chapter" LABEL="第三节 力在坐标轴上的投影 合力投影定理" ORDERLABEL="00000047">
					<METS:fptr FILEID="00000047" />
				</METS:div>
				<METS:div TYPE="Chapter" LABEL="第四节 平面汇交力系合成与平衡的解析法" ORDERLABEL="00000050">
					<METS:fptr FILEID="00000050" />
				</METS:div>
				<METS:div TYPE="Chapter" LABEL="学习指导" ORDERLABEL="00000055">
					<METS:fptr FILEID="00000055" />
				</METS:div>
				<METS:div TYPE="Chapter" LABEL="思考题" ORDERLABEL="00000056">
					<METS:fptr FILEID="00000056" />
				</METS:div>
				<METS:div TYPE="Chapter" LABEL="习题" ORDERLABEL="00000056">
					<METS:fptr FILEID="00000056" />
				</METS:div>
			</METS:div>
			<METS:div TYPE="Chapter" LABEL="第三章 平面力偶系" ORDERLABEL="00000058">
				<METS:fptr FILEID="00000058" />
				<METS:div TYPE="Chapter" LABEL="第一节 力对点的矩" ORDERLABEL="00000058">
					<METS:fptr FILEID="00000058" />
				</METS:div>
				<METS:div TYPE="Chapter" LABEL="第二节 合力矩定理" ORDERLABEL="00000061">
					<METS:fptr FILEID="00000061" />
				</METS:div>
				<METS:div TYPE="Chapter" LABEL="第三节 力偶及其基本性质" ORDERLABEL="00000061">
					<METS:fptr FILEID="00000061" />
				</METS:div>
				<METS:div TYPE="Chapter" LABEL="第四节 平面力偶系的合成与平衡" ORDERLABEL="00000065">
					<METS:fptr FILEID="00000065" />
				</METS:div>
				<METS:div TYPE="Chapter" LABEL="学习指导" ORDERLABEL="00000068">
					<METS:fptr FILEID="00000068" />
				</METS:div>
				<METS:div TYPE="Chapter" LABEL="思考题" ORDERLABEL="00000068">
					<METS:fptr FILEID="00000068" />
				</METS:div>
				<METS:div TYPE="Chapter" LABEL="习题" ORDERLABEL="00000069">
					<METS:fptr FILEID="00000069" />
				</METS:div>
			</METS:div>
			<METS:div TYPE="Chapter" LABEL="第四章 平面一般力系" ORDERLABEL="00000071">
				<METS:fptr FILEID="00000071" />
				<METS:div TYPE="Chapter" LABEL="第一节 平面一般力系" ORDERLABEL="00000071">
					<METS:fptr FILEID="00000071" />
				</METS:div>
				<METS:div TYPE="Chapter" LABEL="第二节 力的平移定理" ORDERLABEL="00000072">
					<METS:fptr FILEID="00000072" />
				</METS:div>
				<METS:div TYPE="Chapter" LABEL="第三节 平面一般力系向一点的简化" ORDERLABEL="00000074">
					<METS:fptr FILEID="00000074" />
				</METS:div>
				<METS:div TYPE="Chapter" LABEL="第四节 平面一般力系的平衡条件" ORDERLABEL="00000076">
					<METS:fptr FILEID="00000076" />
				</METS:div>
				<METS:div TYPE="Chapter" LABEL="第五节 重心和形心" ORDERLABEL="00000083">
					<METS:fptr FILEID="00000083" />
				</METS:div>
				<METS:div TYPE="Chapter" LABEL="第六节 现面静定桁架的内力分析" ORDERLABEL="00000087">
					<METS:fptr FILEID="00000087" />
				</METS:div>
				<METS:div TYPE="Chapter" LABEL="学习指导" ORDERLABEL="00000093">
					<METS:fptr FILEID="00000093" />
				</METS:div>
				<METS:div TYPE="Chapter" LABEL="思考题" ORDERLABEL="00000094">
					<METS:fptr FILEID="00000094" />
				</METS:div>
				<METS:div TYPE="Chapter" LABEL="习题" ORDERLABEL="00000095">
					<METS:fptr FILEID="00000095" />
				</METS:div>
			</METS:div>
			<METS:div TYPE="Chapter" LABEL="第五章 滑动摩擦" ORDERLABEL="00000098">
				<METS:fptr FILEID="00000098" />
				<METS:div TYPE="Chapter" LABEL="第一节 滑动摩擦力的性质 摩擦定律" ORDERLABEL="00000098">
					<METS:fptr FILEID="00000098" />
				</METS:div>
				<METS:div TYPE="Chapter" LABEL="第二节 考虑滑动摩擦的平衡问题" ORDERLABEL="00000102">
					<METS:fptr FILEID="00000102" />
				</METS:div>
				<METS:div TYPE="Chapter" LABEL="学习指导" ORDERLABEL="00000104">
					<METS:fptr FILEID="00000104" />
				</METS:div>
				<METS:div TYPE="Chapter" LABEL="思考题" ORDERLABEL="00000105">
					<METS:fptr FILEID="00000105" />
				</METS:div>
				<METS:div TYPE="Chapter" LABEL="习题" ORDERLABEL="00000106">
					<METS:fptr FILEID="00000106" />
				</METS:div>
			</METS:div>
			<METS:div TYPE="Chapter" LABEL="第六章 空间力系" ORDERLABEL="00000107">
				<METS:fptr FILEID="00000107" />
				<METS:div TYPE="Chapter" LABEL="第一节 空间力系" ORDERLABEL="00000107">
					<METS:fptr FILEID="00000107" />
				</METS:div>
				<METS:div TYPE="Chapter" LABEL="第二节 力在空间坐标轴上的投影" ORDERLABEL="00000107">
					<METS:fptr FILEID="00000107" />
				</METS:div>
				<METS:div TYPE="Chapter" LABEL="第三节 力对轴的矩" ORDERLABEL="00000110">
					<METS:fptr FILEID="00000110" />
				</METS:div>
				<METS:div TYPE="Chapter" LABEL="第四节 空间力系的平衡条件" ORDERLABEL="00000113">
					<METS:fptr FILEID="00000113" />
				</METS:div>
				<METS:div TYPE="Chapter" LABEL="学习指导" ORDERLABEL="00000117">
					<METS:fptr FILEID="00000117" />
				</METS:div>
				<METS:div TYPE="Chapter" LABEL="思考题" ORDERLABEL="00000117">
					<METS:fptr FILEID="00000117" />
				</METS:div>
				<METS:div TYPE="Chapter" LABEL="习题" ORDERLABEL="00000118">
					<METS:fptr FILEID="00000118" />
				</METS:div>
			</METS:div>
		</METS:div>
		<METS:div TYPE="Chapter" LABEL="第三篇 结构的受力分析" ORDERLABEL="00000254">
			<METS:fptr FILEID="00000254" />
			<METS:div TYPE="Chapter" LABEL="第十六章 结构计算简图和结构组成分析" ORDERLABEL="00000255">
				<METS:fptr FILEID="00000255" />
				<METS:div TYPE="Chapter" LABEL="第一节 结构计算简图" ORDERLABEL="00000255">
					<METS:fptr FILEID="00000255" />
				</METS:div>
				<METS:div TYPE="Chapter" LABEL="第二节 结构的几何组成分析" ORDERLABEL="00000258">
					<METS:fptr FILEID="00000258" />
				</METS:div>
				<METS:div TYPE="Chapter" LABEL="学习指导" ORDERLABEL="00000264">
					<METS:fptr FILEID="00000264" />
				</METS:div>
				<METS:div TYPE="Chapter" LABEL="思考题" ORDERLABEL="00000264">
					<METS:fptr FILEID="00000264" />
				</METS:div>
				<METS:div TYPE="Chapter" LABEL="习题" ORDERLABEL="00000264">
					<METS:fptr FILEID="00000264" />
				</METS:div>
			</METS:div>
			<METS:div TYPE="Chapter" LABEL="第十六章 静定结构的内力分析" ORDERLABEL="00000266">
				<METS:fptr FILEID="00000266" />
				<METS:div TYPE="Chapter" LABEL="第一节 杆件结构的分类" ORDERLABEL="00000266">
					<METS:fptr FILEID="00000266" />
				</METS:div>
				<METS:div TYPE="Chapter" LABEL="第二节 静定结构的特性和内力计算的基本方法" ORDERLABEL="00000268">
					<METS:fptr FILEID="00000268" />
				</METS:div>
				<METS:div TYPE="Chapter" LABEL="第三节 静定刚架的内力计算" ORDERLABEL="00000271">
					<METS:fptr FILEID="00000271" />
				</METS:div>
				<METS:div TYPE="Chapter" LABEL="第四节 三铰拱的内力计算" ORDERLABEL="00000274">
					<METS:fptr FILEID="00000274" />
				</METS:div>
				<METS:div TYPE="Chapter" LABEL="学习指导" ORDERLABEL="00000280">
					<METS:fptr FILEID="00000280" />
				</METS:div>
				<METS:div TYPE="Chapter" LABEL="思考题" ORDERLABEL="00000280">
					<METS:fptr FILEID="00000280" />
				</METS:div>
				<METS:div TYPE="Chapter" LABEL="习题" ORDERLABEL="00000280">
					<METS:fptr FILEID="00000280" />
				</METS:div>
			</METS:div>
			<METS:div TYPE="Chapter" LABEL="第十八章 超静定结构内力分析的基础知识" ORDERLABEL="00000282">
				<METS:fptr FILEID="00000282" />
				<METS:div TYPE="Chapter" LABEL="第一节 超静定结构的特性" ORDERLABEL="00000282">
					<METS:fptr FILEID="00000282" />
				</METS:div>
				<METS:div TYPE="Chapter" LABEL="第二节 超静定结构内力计算的基本方法" ORDERLABEL="00000283">
					<METS:fptr FILEID="00000283" />
				</METS:div>
				<METS:div TYPE="Chapter" LABEL="学习指导" ORDERLABEL="00000288">
					<METS:fptr FILEID="00000288" />
				</METS:div>
				<METS:div TYPE="Chapter" LABEL="思考题" ORDERLABEL="00000288">
					<METS:fptr FILEID="00000288" />
				</METS:div>
				<METS:div TYPE="Chapter" LABEL="习题" ORDERLABEL="00000288">
					<METS:fptr FILEID="00000288" />
				</METS:div>
			</METS:div>
		</METS:div>
	</METS:structMap>
</METS:mets>

