<?xml version="1.0" encoding="utf-8"?>
<METS:mets xmlns:METS="http://www.loc.gov/METS/" xmlns:xsi="http://www.w3.org/2001/XMLSchema-instance" xmlns:gdm="http://sunsite.berkeley.edu/GDM/" xmlns:xlink="http://www.w3.org/TR/xlink" xsi:schemalocation="http://www.loc.gov/METS/http://www.loc.gov/standards/mets/mets.xsd" LABEL="Zhejiang University.jdl.China-America digital library project" TYPE="Section">
	<METS:structMap TYPE="Catalog">
		<METS:div TYPE="Chapter" LABEL="第一章 静力学的基本概念" ORDERLABEL="00000012"><METS:fptr FILEID="00000012"/>
			<METS:div TYPE="Chapter" LABEL="第一节 力的概念" ORDERLABEL="00000012"><METS:fptr FILEID="00000012"/>
			</METS:div>
			<METS:div TYPE="Chapter" LABEL="第二节 静力学公理" ORDERLABEL="00000013"><METS:fptr FILEID="00000013"/>
			</METS:div>
			<METS:div TYPE="Chapter" LABEL="第三节 荷载" ORDERLABEL="00000017"><METS:fptr FILEID="00000017"/>
			</METS:div>
			<METS:div TYPE="Chapter" LABEL="第四节 约束与约束反力" ORDERLABEL="00000019"><METS:fptr FILEID="00000019"/>
			</METS:div>
			<METS:div TYPE="Chapter" LABEL="第五节 受力图" ORDERLABEL="00000023"><METS:fptr FILEID="00000023"/>
			</METS:div>
			<METS:div TYPE="Chapter" LABEL="思考题" ORDERLABEL="00000025"><METS:fptr FILEID="00000025"/>
			</METS:div>
			<METS:div TYPE="Chapter" LABEL="习题" ORDERLABEL="00000026"><METS:fptr FILEID="00000026"/>
			</METS:div>
		</METS:div>
		<METS:div TYPE="Chapter" LABEL="第二章 平面汇交力系" ORDERLABEL="00000028"><METS:fptr FILEID="00000028"/>
			<METS:div TYPE="Chapter" LABEL="第一节 平面汇交力系合成的几何法" ORDERLABEL="00000028"><METS:fptr FILEID="00000028"/>
			</METS:div>
			<METS:div TYPE="Chapter" LABEL="第二节 平面汇交力系平衡的几何条件" ORDERLABEL="00000030"><METS:fptr FILEID="00000030"/>
			</METS:div>
			<METS:div TYPE="Chapter" LABEL="第三节 力在坐标轴上的投影、合力投影定理" ORDERLABEL="00000031"><METS:fptr FILEID="00000031"/>
			</METS:div>
			<METS:div TYPE="Chapter" LABEL="第四节 平面汇交力系合成与平衡的解析法" ORDERLABEL="00000033"><METS:fptr FILEID="00000033"/>
			</METS:div>
			<METS:div TYPE="Chapter" LABEL="思考题" ORDERLABEL="00000037"><METS:fptr FILEID="00000037"/>
			</METS:div>
			<METS:div TYPE="Chapter" LABEL="习题" ORDERLABEL="00000037"><METS:fptr FILEID="00000037"/>
			</METS:div>
		</METS:div>
		<METS:div TYPE="Chapter" LABEL="第三章 力矩与平面力偶系" ORDERLABEL="00000039"><METS:fptr FILEID="00000039"/>
			<METS:div TYPE="Chapter" LABEL="第一节 力对点的矩" ORDERLABEL="00000039"><METS:fptr FILEID="00000039"/>
			</METS:div>
			<METS:div TYPE="Chapter" LABEL="第二节 合力矩定理" ORDERLABEL="00000040"><METS:fptr FILEID="00000040"/>
			</METS:div>
			<METS:div TYPE="Chapter" LABEL="第三节 力偶及其基本性质" ORDERLABEL="00000041"><METS:fptr FILEID="00000041"/>
			</METS:div>
			<METS:div TYPE="Chapter" LABEL="第四节 平面力偶系的合成与平衡" ORDERLABEL="00000043"><METS:fptr FILEID="00000043"/>
			</METS:div>
			<METS:div TYPE="Chapter" LABEL="思考题" ORDERLABEL="00000045"><METS:fptr FILEID="00000045"/>
			</METS:div>
			<METS:div TYPE="Chapter" LABEL="习题" ORDERLABEL="00000046"><METS:fptr FILEID="00000046"/>
			</METS:div>
		</METS:div>
		<METS:div TYPE="Chapter" LABEL="第四章 平面一般力系" ORDERLABEL="00000048"><METS:fptr FILEID="00000048"/>
			<METS:div TYPE="Chapter" LABEL="第一节 平面一般力系向作用面内任一点简化" ORDERLABEL="00000048"><METS:fptr FILEID="00000048"/>
			</METS:div>
			<METS:div TYPE="Chapter" LABEL="第二节 平面一般力系平衡条件及其应用" ORDERLABEL="00000053"><METS:fptr FILEID="00000053"/>
			</METS:div>
			<METS:div TYPE="Chapter" LABEL="思考题" ORDERLABEL="00000068"><METS:fptr FILEID="00000068"/>
			</METS:div>
			<METS:div TYPE="Chapter" LABEL="习题" ORDERLABEL="00000069"><METS:fptr FILEID="00000069"/>
			</METS:div>
		</METS:div>
		<METS:div TYPE="Chapter" LABEL="第五章 材料力学的基本概念" ORDERLABEL="00000076"><METS:fptr FILEID="00000076"/>
			<METS:div TYPE="Chapter" LABEL="第一节 变形固体及其基本假设" ORDERLABEL="00000076"><METS:fptr FILEID="00000076"/>
			</METS:div>
			<METS:div TYPE="Chapter" LABEL="第二节 杆件变形的基本形式" ORDERLABEL="00000077"><METS:fptr FILEID="00000077"/>
			</METS:div>
		</METS:div>
		<METS:div TYPE="Chapter" LABEL="第六章 轴向拉伸和压缩" ORDERLABEL="00000079"><METS:fptr FILEID="00000079"/>
			<METS:div TYPE="Chapter" LABEL="第一节 轴向拉伸和压缩的内力与应力" ORDERLABEL="00000079"><METS:fptr FILEID="00000079"/>
			</METS:div>
			<METS:div TYPE="Chapter" LABEL="第二节 轴向拉(压)杆的变形·虎克定律" ORDERLABEL="00000087"><METS:fptr FILEID="00000087"/>
			</METS:div>
			<METS:div TYPE="Chapter" LABEL="第三节 材料在拉伸和压缩时的力学性能" ORDERLABEL="00000090"><METS:fptr FILEID="00000090"/>
			</METS:div>
			<METS:div TYPE="Chapter" LABEL="第四节 轴向拉(压)杆的强度条件及其应用" ORDERLABEL="00000097"><METS:fptr FILEID="00000097"/>
			</METS:div>
			<METS:div TYPE="Chapter" LABEL="第五节 应力集中的概念" ORDERLABEL="00000100"><METS:fptr FILEID="00000100"/>
			</METS:div>
			<METS:div TYPE="Chapter" LABEL="思考题" ORDERLABEL="00000102"><METS:fptr FILEID="00000102"/>
			</METS:div>
			<METS:div TYPE="Chapter" LABEL="习题" ORDERLABEL="00000103"><METS:fptr FILEID="00000103"/>
			</METS:div>
		</METS:div>
		<METS:div TYPE="Chapter" LABEL="第七章 剪切与扭转" ORDERLABEL="00000108"><METS:fptr FILEID="00000108"/>
			<METS:div TYPE="Chapter" LABEL="第一节 剪切与挤压的概念" ORDERLABEL="00000108"><METS:fptr FILEID="00000108"/>
			</METS:div>
			<METS:div TYPE="Chapter" LABEL="第二节 剪切和挤压的实用计算" ORDERLABEL="00000109"><METS:fptr FILEID="00000109"/>
			</METS:div>
			<METS:div TYPE="Chapter" LABEL="第三节 扭转的概念" ORDERLABEL="00000113"><METS:fptr FILEID="00000113"/>
			</METS:div>
			<METS:div TYPE="Chapter" LABEL="第四节 圆轴扭转时的内力与应力" ORDERLABEL="00000113"><METS:fptr FILEID="00000113"/>
			</METS:div>
			<METS:div TYPE="Chapter" LABEL="第五节 圆轴扭转时的强度计算" ORDERLABEL="00000116"><METS:fptr FILEID="00000116"/>
			</METS:div>
			<METS:div TYPE="Chapter" LABEL="第六节 非圆截面构件的扭转问题" ORDERLABEL="00000119"><METS:fptr FILEID="00000119"/>
			</METS:div>
			<METS:div TYPE="Chapter" LABEL="思考题" ORDERLABEL="00000120"><METS:fptr FILEID="00000120"/>
			</METS:div>
			<METS:div TYPE="Chapter" LABEL="习题" ORDERLABEL="00000121"><METS:fptr FILEID="00000121"/>
			</METS:div>
		</METS:div>
		<METS:div TYPE="Chapter" LABEL="第八章 平面图形的几何性质" ORDERLABEL="00000123"><METS:fptr FILEID="00000123"/>
			<METS:div TYPE="Chapter" LABEL="第一节 重心和形心" ORDERLABEL="00000123"><METS:fptr FILEID="00000123"/>
			</METS:div>
			<METS:div TYPE="Chapter" LABEL="第二节 静矩" ORDERLABEL="00000126"><METS:fptr FILEID="00000126"/>
			</METS:div>
			<METS:div TYPE="Chapter" LABEL="第三节 惯性矩与惯性积" ORDERLABEL="00000127"><METS:fptr FILEID="00000127"/>
			</METS:div>
			<METS:div TYPE="Chapter" LABEL="思考题" ORDERLABEL="00000129"><METS:fptr FILEID="00000129"/>
			</METS:div>
			<METS:div TYPE="Chapter" LABEL="习题" ORDERLABEL="00000129"><METS:fptr FILEID="00000129"/>
			</METS:div>
		</METS:div>
		<METS:div TYPE="Chapter" LABEL="第九章 梁的弯曲" ORDERLABEL="00000131"><METS:fptr FILEID="00000131"/>
			<METS:div TYPE="Chapter" LABEL="第一节 弯曲变形的概念" ORDERLABEL="00000131"><METS:fptr FILEID="00000131"/>
			</METS:div>
			<METS:div TYPE="Chapter" LABEL="第二节 梁的内力与内力图" ORDERLABEL="00000132"><METS:fptr FILEID="00000132"/>
			</METS:div>
			<METS:div TYPE="Chapter" LABEL="第三节 荷载集度、剪力、弯矩之间的微分关系" ORDERLABEL="00000139"><METS:fptr FILEID="00000139"/>
			</METS:div>
			<METS:div TYPE="Chapter" LABEL="第四节 叠加法绘制弯矩图" ORDERLABEL="00000143"><METS:fptr FILEID="00000143"/>
			</METS:div>
			<METS:div TYPE="Chapter" LABEL="第五节 梁弯曲时的应力计算及强度条件" ORDERLABEL="00000145"><METS:fptr FILEID="00000145"/>
			</METS:div>
			<METS:div TYPE="Chapter" LABEL="第六节 梁的变形" ORDERLABEL="00000151"><METS:fptr FILEID="00000151"/>
			</METS:div>
			<METS:div TYPE="Chapter" LABEL="思考题" ORDERLABEL="00000156"><METS:fptr FILEID="00000156"/>
			</METS:div>
			<METS:div TYPE="Chapter" LABEL="习题" ORDERLABEL="00000156"><METS:fptr FILEID="00000156"/>
			</METS:div>
		</METS:div>
		<METS:div TYPE="Chapter" LABEL="第十章 应力状态" ORDERLABEL="00000159"><METS:fptr FILEID="00000159"/>
			<METS:div TYPE="Chapter" LABEL="第一节 一点处的应力状态的概念" ORDERLABEL="00000159"><METS:fptr FILEID="00000159"/>
			</METS:div>
			<METS:div TYPE="Chapter" LABEL="第二节 平面应力分析" ORDERLABEL="00000160"><METS:fptr FILEID="00000160"/>
			</METS:div>
			<METS:div TYPE="Chapter" LABEL="第三节 梁的主应力和主应力迹线的概念" ORDERLABEL="00000165"><METS:fptr FILEID="00000165"/>
			</METS:div>
			<METS:div TYPE="Chapter" LABEL="习题" ORDERLABEL="00000166"><METS:fptr FILEID="00000166"/>
			</METS:div>
		</METS:div>
		<METS:div TYPE="Chapter" LABEL="第十一章 组合变形" ORDERLABEL="00000169"><METS:fptr FILEID="00000169"/>
			<METS:div TYPE="Chapter" LABEL="第一节 组合变形的概念" ORDERLABEL="00000169"><METS:fptr FILEID="00000169"/>
			</METS:div>
			<METS:div TYPE="Chapter" LABEL="第二节 斜弯曲变形的应力和强度计算" ORDERLABEL="00000169"><METS:fptr FILEID="00000169"/>
			</METS:div>
			<METS:div TYPE="Chapter" LABEL="第三节 偏心压缩(拉伸)杆件应力和强度计算" ORDERLABEL="00000173"><METS:fptr FILEID="00000173"/>
			</METS:div>
			<METS:div TYPE="Chapter" LABEL="第四节 截面核心的概念" ORDERLABEL="00000179"><METS:fptr FILEID="00000179"/>
			</METS:div>
			<METS:div TYPE="Chapter" LABEL="习题" ORDERLABEL="00000182"><METS:fptr FILEID="00000182"/>
			</METS:div>
		</METS:div>
		<METS:div TYPE="Chapter" LABEL="第十二章 压杆稳定" ORDERLABEL="00000185"><METS:fptr FILEID="00000185"/>
			<METS:div TYPE="Chapter" LABEL="第一节 压杆的概念" ORDERLABEL="00000185"><METS:fptr FILEID="00000185"/>
			</METS:div>
			<METS:div TYPE="Chapter" LABEL="第二节 临界力与欧拉公式" ORDERLABEL="00000185"><METS:fptr FILEID="00000185"/>
			</METS:div>
			<METS:div TYPE="Chapter" LABEL="第三节 欧拉公式的适用范围──经验公式" ORDERLABEL="00000188"><METS:fptr FILEID="00000188"/>
			</METS:div>
			<METS:div TYPE="Chapter" LABEL="第四节 压杆的稳定计算" ORDERLABEL="00000193"><METS:fptr FILEID="00000193"/>
			</METS:div>
			<METS:div TYPE="Chapter" LABEL="第五节 提高压杆稳定性的措施" ORDERLABEL="00000198"><METS:fptr FILEID="00000198"/>
			</METS:div>
			<METS:div TYPE="Chapter" LABEL="习题" ORDERLABEL="00000199"><METS:fptr FILEID="00000199"/>
			</METS:div>
		</METS:div>
		<METS:div TYPE="Chapter" LABEL="第十三章 结构的计算简图" ORDERLABEL="00000202"><METS:fptr FILEID="00000202"/>
			<METS:div TYPE="Chapter" LABEL="第一节 结构的计算简图" ORDERLABEL="00000202"><METS:fptr FILEID="00000202"/>
			</METS:div>
			<METS:div TYPE="Chapter" LABEL="第二节 杆系结构的分类" ORDERLABEL="00000203"><METS:fptr FILEID="00000203"/>
			</METS:div>
		</METS:div>
		<METS:div TYPE="Chapter" LABEL="第十四章 平面体系的几何组成分析" ORDERLABEL="00000206"><METS:fptr FILEID="00000206"/>
			<METS:div TYPE="Chapter" LABEL="第一节 几何组成分析的目的" ORDERLABEL="00000206"><METS:fptr FILEID="00000206"/>
			</METS:div>
			<METS:div TYPE="Chapter" LABEL="第二节 自由度和约束的概念" ORDERLABEL="00000207"><METS:fptr FILEID="00000207"/>
			</METS:div>
			<METS:div TYPE="Chapter" LABEL="第三节 平面体系几何组成的基本规律" ORDERLABEL="00000209"><METS:fptr FILEID="00000209"/>
			</METS:div>
			<METS:div TYPE="Chapter" LABEL="第四节 体系几何组成分析举例" ORDERLABEL="00000212"><METS:fptr FILEID="00000212"/>
			</METS:div>
			<METS:div TYPE="Chapter" LABEL="第五节 静定结构与超静定结构" ORDERLABEL="00000213"><METS:fptr FILEID="00000213"/>
			</METS:div>
			<METS:div TYPE="Chapter" LABEL="思考题" ORDERLABEL="00000214"><METS:fptr FILEID="00000214"/>
			</METS:div>
			<METS:div TYPE="Chapter" LABEL="习题" ORDERLABEL="00000215"><METS:fptr FILEID="00000215"/>
			</METS:div>
		</METS:div>
		<METS:div TYPE="Chapter" LABEL="第十五章 静定结构的内力计算" ORDERLABEL="00000217"><METS:fptr FILEID="00000217"/>
			<METS:div TYPE="Chapter" LABEL="第一节 单跨静定梁" ORDERLABEL="00000217"><METS:fptr FILEID="00000217"/>
			</METS:div>
			<METS:div TYPE="Chapter" LABEL="第二节 多跨静定梁" ORDERLABEL="00000224"><METS:fptr FILEID="00000224"/>
			</METS:div>
			<METS:div TYPE="Chapter" LABEL="第三节 静定平面刚架" ORDERLABEL="00000226"><METS:fptr FILEID="00000226"/>
			</METS:div>
			<METS:div TYPE="Chapter" LABEL="第四节 静定拱" ORDERLABEL="00000231"><METS:fptr FILEID="00000231"/>
			</METS:div>
			<METS:div TYPE="Chapter" LABEL="第五节 静定平面桁架" ORDERLABEL="00000237"><METS:fptr FILEID="00000237"/>
			</METS:div>
			<METS:div TYPE="Chapter" LABEL="第六节 静定结构内力计算小结" ORDERLABEL="00000242"><METS:fptr FILEID="00000242"/>
			</METS:div>
			<METS:div TYPE="Chapter" LABEL="思考题" ORDERLABEL="00000246"><METS:fptr FILEID="00000246"/>
			</METS:div>
			<METS:div TYPE="Chapter" LABEL="习题" ORDERLABEL="00000246"><METS:fptr FILEID="00000246"/>
			</METS:div>
		</METS:div>
		<METS:div TYPE="Chapter" LABEL="第十六章 静定结构的位移计算" ORDERLABEL="00000250"><METS:fptr FILEID="00000250"/>
			<METS:div TYPE="Chapter" LABEL="第一节 位移计算的目的" ORDERLABEL="00000250"><METS:fptr FILEID="00000250"/>
			</METS:div>
			<METS:div TYPE="Chapter" LABEL="第二节 变形全的虚功原理" ORDERLABEL="00000251"><METS:fptr FILEID="00000251"/>
			</METS:div>
			<METS:div TYPE="Chapter" LABEL="第三节 结构位移计算的一般公式" ORDERLABEL="00000253"><METS:fptr FILEID="00000253"/>
			</METS:div>
			<METS:div TYPE="Chapter" LABEL="第四节 静定结构在荷载作用下的位移计算" ORDERLABEL="00000254"><METS:fptr FILEID="00000254"/>
			</METS:div>
			<METS:div TYPE="Chapter" LABEL="第五节 图乘法" ORDERLABEL="00000258"><METS:fptr FILEID="00000258"/>
			</METS:div>
			<METS:div TYPE="Chapter" LABEL="第六节 静定结构在支座移动时的位移计算" ORDERLABEL="00000263"><METS:fptr FILEID="00000263"/>
			</METS:div>
			<METS:div TYPE="Chapter" LABEL="第七节 互等定理" ORDERLABEL="00000264"><METS:fptr FILEID="00000264"/>
			</METS:div>
			<METS:div TYPE="Chapter" LABEL="思考题" ORDERLABEL="00000267"><METS:fptr FILEID="00000267"/>
			</METS:div>
			<METS:div TYPE="Chapter" LABEL="习题" ORDERLABEL="00000267"><METS:fptr FILEID="00000267"/>
			</METS:div>
		</METS:div>
		<METS:div TYPE="Chapter" LABEL="第十七章 力法" ORDERLABEL="00000270"><METS:fptr FILEID="00000270"/>
			<METS:div TYPE="Chapter" LABEL="第一节 超静定结构的概念" ORDERLABEL="00000270"><METS:fptr FILEID="00000270"/>
			</METS:div>
			<METS:div TYPE="Chapter" LABEL="第二节 力法概念和力法典型方程" ORDERLABEL="00000273"><METS:fptr FILEID="00000273"/>
			</METS:div>
			<METS:div TYPE="Chapter" LABEL="第三节 荷载作用下超静定结构的计算" ORDERLABEL="00000277"><METS:fptr FILEID="00000277"/>
			</METS:div>
			<METS:div TYPE="Chapter" LABEL="第四节 用力法解铰接排架" ORDERLABEL="00000286"><METS:fptr FILEID="00000286"/>
			</METS:div>
			<METS:div TYPE="Chapter" LABEL="第五节 结构对称性的利用" ORDERLABEL="00000288"><METS:fptr FILEID="00000288"/>
			</METS:div>
			<METS:div TYPE="Chapter" LABEL="第六节 支座移动时超静定结构的计算" ORDERLABEL="00000294"><METS:fptr FILEID="00000294"/>
			</METS:div>
			<METS:div TYPE="Chapter" LABEL="第七节 超静定结构位移的计算" ORDERLABEL="00000298"><METS:fptr FILEID="00000298"/>
			</METS:div>
			<METS:div TYPE="Chapter" LABEL="第八节 超静定结构的性质" ORDERLABEL="00000300"><METS:fptr FILEID="00000300"/>
			</METS:div>
			<METS:div TYPE="Chapter" LABEL="思考题" ORDERLABEL="00000301"><METS:fptr FILEID="00000301"/>
			</METS:div>
			<METS:div TYPE="Chapter" LABEL="习题" ORDERLABEL="00000301"><METS:fptr FILEID="00000301"/>
			</METS:div>
		</METS:div>
		<METS:div TYPE="Chapter" LABEL="第十八章 位移法" ORDERLABEL="00000306"><METS:fptr FILEID="00000306"/>
			<METS:div TYPE="Chapter" LABEL="第一节 位移法的基本概念" ORDERLABEL="00000306"><METS:fptr FILEID="00000306"/>
			</METS:div>
			<METS:div TYPE="Chapter" LABEL="第二节 单跨超静定梁的杆端力" ORDERLABEL="00000309"><METS:fptr FILEID="00000309"/>
			</METS:div>
			<METS:div TYPE="Chapter" LABEL="第三节 位移法基本结构、基本未知量的确定" ORDERLABEL="00000312"><METS:fptr FILEID="00000312"/>
			</METS:div>
			<METS:div TYPE="Chapter" LABEL="第四节 位移法典型方程及计算例题" ORDERLABEL="00000314"><METS:fptr FILEID="00000314"/>
			</METS:div>
			<METS:div TYPE="Chapter" LABEL="第五节 结构对称性的利用、联合法" ORDERLABEL="00000328"><METS:fptr FILEID="00000328"/>
			</METS:div>
			<METS:div TYPE="Chapter" LABEL="思考题" ORDERLABEL="00000330"><METS:fptr FILEID="00000330"/>
			</METS:div>
			<METS:div TYPE="Chapter" LABEL="习题" ORDERLABEL="00000331"><METS:fptr FILEID="00000331"/>
			</METS:div>
		</METS:div>
		<METS:div TYPE="Chapter" LABEL="第十九章 力矩分配法" ORDERLABEL="00000334"><METS:fptr FILEID="00000334"/>
			<METS:div TYPE="Chapter" LABEL="第一节 力矩分配法的概念" ORDERLABEL="00000334"><METS:fptr FILEID="00000334"/>
			</METS:div>
			<METS:div TYPE="Chapter" LABEL="第二节 力矩分配法计算连续梁及无侧移刚架" ORDERLABEL="00000343"><METS:fptr FILEID="00000343"/>
			</METS:div>
			<METS:div TYPE="Chapter" LABEL="思考题" ORDERLABEL="00000351"><METS:fptr FILEID="00000351"/>
			</METS:div>
			<METS:div TYPE="Chapter" LABEL="习题" ORDERLABEL="00000351"><METS:fptr FILEID="00000351"/>
			</METS:div>
		</METS:div>
		<METS:div TYPE="Chapter" LABEL="第二十章 影响线" ORDERLABEL="00000354"><METS:fptr FILEID="00000354"/>
			<METS:div TYPE="Chapter" LABEL="第一节 影响线的一般概念" ORDERLABEL="00000354"><METS:fptr FILEID="00000354"/>
			</METS:div>
			<METS:div TYPE="Chapter" LABEL="第二节 静力法作简支梁的影响线" ORDERLABEL="00000355"><METS:fptr FILEID="00000355"/>
			</METS:div>
			<METS:div TYPE="Chapter" LABEL="第三节 影响线的应用" ORDERLABEL="00000359"><METS:fptr FILEID="00000359"/>
			</METS:div>
			<METS:div TYPE="Chapter" LABEL="思考题" ORDERLABEL="00000363"><METS:fptr FILEID="00000363"/>
			</METS:div>
			<METS:div TYPE="Chapter" LABEL="习题" ORDERLABEL="00000363"><METS:fptr FILEID="00000363"/>
			</METS:div>
		</METS:div>
	</METS:structMap>
</METS:mets>
