<?xml version="1.0" encoding="utf-8"?>
<METS:mets xmlns:METS="http://www.loc.gov/METS/" xmlns:xsi="http://www.w3.org/2001/XMLSchema-instance" xmlns:gdm="http://sunsite.berkeley.edu/GDM/" xmlns:xlink="http://www.w3.org/TR/xlink" xsi:schemalocation="http://www.loc.gov/METS/http://www.loc.gov/standards/mets/mets.xsd" LABEL="Zhejiang University.jdl.China-America digital library project" TYPE="Section">
	<METS:structMap TYPE="Catalog">
		<METS:div TYPE="Chapter" LABEL="第一章  土的物理性质及工程分类" ORDERLABEL="00000010"><METS:fptr FILEID="00000010"/>
			<METS:div TYPE="Chapter" LABEL="第一节  土的生成" ORDERLABEL="00000010"><METS:fptr FILEID="00000010"/>
			</METS:div>
			<METS:div TYPE="Chapter" LABEL="第二节  土的三相组成" ORDERLABEL="00000011"><METS:fptr FILEID="00000011"/>
			</METS:div>
			<METS:div TYPE="Chapter" LABEL="第三节  土的三相比例指标" ORDERLABEL="00000015"><METS:fptr FILEID="00000015"/>
			</METS:div>
			<METS:div TYPE="Chapter" LABEL="第四节  无粘性土的密实度" ORDERLABEL="00000018"><METS:fptr FILEID="00000018"/>
			</METS:div>
			<METS:div TYPE="Chapter" LABEL="第五节  粘性土的状态(物理特征)" ORDERLABEL="00000019"><METS:fptr FILEID="00000019"/>
			</METS:div>
			<METS:div TYPE="Chapter" LABEL="第六节  土的工程分类" ORDERLABEL="00000021"><METS:fptr FILEID="00000021"/>
			</METS:div>
		</METS:div>
		<METS:div TYPE="Chapter" LABEL="第二章  土中应力计算" ORDERLABEL="00000031"><METS:fptr FILEID="00000031"/>
			<METS:div TYPE="Chapter" LABEL="第一节  概述" ORDERLABEL="00000031"><METS:fptr FILEID="00000031"/>
			</METS:div>
			<METS:div TYPE="Chapter" LABEL="第二节  土中自重应力" ORDERLABEL="00000032"><METS:fptr FILEID="00000032"/>
			</METS:div>
			<METS:div TYPE="Chapter" LABEL="第三节  基底压力的分布与计算" ORDERLABEL="00000035"><METS:fptr FILEID="00000035"/>
			</METS:div>
			<METS:div TYPE="Chapter" LABEL="第四节  地基附加应力" ORDERLABEL="00000038"><METS:fptr FILEID="00000038"/>
			</METS:div>
			<METS:div TYPE="Chapter" LABEL="第五节  有效应力原理" ORDERLABEL="00000058"><METS:fptr FILEID="00000058"/>
			</METS:div>
		</METS:div>
		<METS:div TYPE="Chapter" LABEL="第三章  土的压缩性与地基沉降计算" ORDERLABEL="00000062"><METS:fptr FILEID="00000062"/>
			<METS:div TYPE="Chapter" LABEL="第一节  土的压缩性的概念" ORDERLABEL="00000062"><METS:fptr FILEID="00000062"/>
			</METS:div>
			<METS:div TYPE="Chapter" LABEL="第二节  研究土体压缩性的方法及土的压缩性指标" ORDERLABEL="00000062"><METS:fptr FILEID="00000062"/>
			</METS:div>
			<METS:div TYPE="Chapter" LABEL="第三节  地基沉降计算" ORDERLABEL="00000071"><METS:fptr FILEID="00000071"/>
			</METS:div>
		</METS:div>
		<METS:div TYPE="Chapter" LABEL="第四章  土的渗透性与固结" ORDERLABEL="00000085"><METS:fptr FILEID="00000085"/>
			<METS:div TYPE="Chapter" LABEL="第一节  土的渗透性与达西定律" ORDERLABEL="00000085"><METS:fptr FILEID="00000085"/>
			</METS:div>
			<METS:div TYPE="Chapter" LABEL="第二节  饱和土体渗流中的两个力系" ORDERLABEL="00000088"><METS:fptr FILEID="00000088"/>
			</METS:div>
			<METS:div TYPE="Chapter" LABEL="第三节  渗流力及渗流稳定问题" ORDERLABEL="00000090"><METS:fptr FILEID="00000090"/>
			</METS:div>
			<METS:div TYPE="Chapter" LABEL="第四节  附加应力作用下的渗流与土的固结" ORDERLABEL="00000094"><METS:fptr FILEID="00000094"/>
			</METS:div>
			<METS:div TYPE="Chapter" LABEL="第五节  饱和土的一维固结理论" ORDERLABEL="00000095"><METS:fptr FILEID="00000095"/>
			</METS:div>
			<METS:div TYPE="Chapter" LABEL="第六节  地基沉降与时间关系的计算" ORDERLABEL="00000104"><METS:fptr FILEID="00000104"/>
			</METS:div>
		</METS:div>
		<METS:div TYPE="Chapter" LABEL="第五章  土的抗剪强度" ORDERLABEL="00000109"><METS:fptr FILEID="00000109"/>
			<METS:div TYPE="Chapter" LABEL="第一节  概述" ORDERLABEL="00000109"><METS:fptr FILEID="00000109"/>
			</METS:div>
			<METS:div TYPE="Chapter" LABEL="第二节  库仑定律和莫尔──库仑强度理论" ORDERLABEL="00000109"><METS:fptr FILEID="00000109"/>
			</METS:div>
			<METS:div TYPE="Chapter" LABEL="第三节  抗剪强度的测定方法" ORDERLABEL="00000114"><METS:fptr FILEID="00000114"/>
			</METS:div>
			<METS:div TYPE="Chapter" LABEL="第四节  有效应力原理在抗剪强度问题中的应用" ORDERLABEL="00000117"><METS:fptr FILEID="00000117"/>
			</METS:div>
			<METS:div TYPE="Chapter" LABEL="第五节  土的强度特性的若干问题简介" ORDERLABEL="00000121"><METS:fptr FILEID="00000121"/>
			</METS:div>
		</METS:div>
		<METS:div TYPE="Chapter" LABEL="第六章  土压力计算" ORDERLABEL="00000128"><METS:fptr FILEID="00000128"/>
			<METS:div TYPE="Chapter" LABEL="第一节  概述" ORDERLABEL="00000128"><METS:fptr FILEID="00000128"/>
			</METS:div>
			<METS:div TYPE="Chapter" LABEL="第二节  朗肯土压力理论" ORDERLABEL="00000130"><METS:fptr FILEID="00000130"/>
			</METS:div>
			<METS:div TYPE="Chapter" LABEL="第三节  库仓土压力理论" ORDERLABEL="00000136"><METS:fptr FILEID="00000136"/>
			</METS:div>
		</METS:div>
		<METS:div TYPE="Chapter" LABEL="第七章  土坡稳定分析" ORDERLABEL="00000145"><METS:fptr FILEID="00000145"/>
			<METS:div TYPE="Chapter" LABEL="第一节  概述" ORDERLABEL="00000145"><METS:fptr FILEID="00000145"/>
			</METS:div>
			<METS:div TYPE="Chapter" LABEL="第二节  无粘性土坡的稳定分析" ORDERLABEL="00000145"><METS:fptr FILEID="00000145"/>
			</METS:div>
			<METS:div TYPE="Chapter" LABEL="第三节  粘性土坡稳定分析" ORDERLABEL="00000145"><METS:fptr FILEID="00000145"/>
			</METS:div>
			<METS:div TYPE="Chapter" LABEL="第四节  非圆弧滑动面的土坡稳定计算" ORDERLABEL="00000156"><METS:fptr FILEID="00000156"/>
			</METS:div>
			<METS:div TYPE="Chapter" LABEL="第五节  土坡稳定分析的几个问题" ORDERLABEL="00000164"><METS:fptr FILEID="00000164"/>
			</METS:div>
		</METS:div>
		<METS:div TYPE="Chapter" LABEL="第八章  地基承载力" ORDERLABEL="00000167"><METS:fptr FILEID="00000167"/>
			<METS:div TYPE="Chapter" LABEL="第一节  地基的破坏形态" ORDERLABEL="00000167"><METS:fptr FILEID="00000167"/>
			</METS:div>
			<METS:div TYPE="Chapter" LABEL="第二节  浅基础的临塑荷载、临界荷载" ORDERLABEL="00000168"><METS:fptr FILEID="00000168"/>
			</METS:div>
			<METS:div TYPE="Chapter" LABEL="第三节  极限承载力" ORDERLABEL="00000171"><METS:fptr FILEID="00000171"/>
			</METS:div>
			<METS:div TYPE="Chapter" LABEL="第四节  按规范方法确定地基允许承载力" ORDERLABEL="00000179"><METS:fptr FILEID="00000179"/>
			</METS:div>
		</METS:div>
		<METS:div TYPE="Chapter" LABEL="第九章  土在动荷载作用下的力学特征" ORDERLABEL="00000188"><METS:fptr FILEID="00000188"/>
			<METS:div TYPE="Chapter" LABEL="第一节  概述" ORDERLABEL="00000188"><METS:fptr FILEID="00000188"/>
			</METS:div>
			<METS:div TYPE="Chapter" LABEL="第二节  土在动荷载作用下的力学性质" ORDERLABEL="00000188"><METS:fptr FILEID="00000188"/>
			</METS:div>
			<METS:div TYPE="Chapter" LABEL="第三节  地震作用下砂土的振动液化" ORDERLABEL="00000196"><METS:fptr FILEID="00000196"/>
			</METS:div>
			<METS:div TYPE="Chapter" LABEL="第四节  地震作用下土压力计算" ORDERLABEL="00000203"><METS:fptr FILEID="00000203"/>
			</METS:div>
			<METS:div TYPE="Chapter" LABEL="第五节  动荷载作用下土的压实性" ORDERLABEL="00000205"><METS:fptr FILEID="00000205"/>
			</METS:div>
		</METS:div>
	</METS:structMap>
</METS:mets>
