<?xml version="1.0" encoding="utf-8"?>
<METS:mets xmlns:METS="http://www.loc.gov/METS/" xmlns:xsi="http://www.w3.org/2001/XMLSchema-instance" xmlns:gdm="http://sunsite.berkeley.edu/GDM/" xmlns:xlink="http://www.w3.org/TR/xlink" xsi:schemalocation="http://www.loc.gov/METS/http://www.loc.gov/standards/mets/mets.xsd" LABEL="Zhejiang University.jdl.China-America digital library project" TYPE="Section">
	<METS:structMap TYPE="Catalog">
		<METS:div TYPE="Chapter" LABEL="绪论" ORDERLABEL="1"><METS:fptr FILEID="00000014"/>
			<METS:div TYPE="Chapter" LABEL="0.1  研究目标" ORDERLABEL="1"><METS:fptr FILEID="00000014"/>
			</METS:div>
			<METS:div TYPE="Chapter" LABEL="0.2  历史沿革" ORDERLABEL="3"><METS:fptr FILEID="00000016"/>
			</METS:div>
			<METS:div TYPE="Chapter" LABEL="0.3  基本原理" ORDERLABEL="6"><METS:fptr FILEID="00000019"/>
			</METS:div>
		</METS:div>
		<METS:div TYPE="Chapter" LABEL="第一章  运动变换" ORDERLABEL="8"><METS:fptr FILEID="00000021"/>
			<METS:div TYPE="Chapter" LABEL="1.1  点集的概念，刚体与质点，可变形体" ORDERLABEL="8"><METS:fptr FILEID="00000021"/>
			</METS:div>
			<METS:div TYPE="Chapter" LABEL="1.2  运动变换与物体的变形，物理可能的变换" ORDERLABEL="10"><METS:fptr FILEID="00000023"/>
			</METS:div>
			<METS:div TYPE="Chapter" LABEL="1.3  运动变换的分解，Helmholtz-Stokes分解原理" ORDERLABEL="14"><METS:fptr FILEID="00000027"/>
			</METS:div>
			<METS:div TYPE="Chapter" LABEL="1.4  运动变换的基本形式" ORDERLABEL="22"><METS:fptr FILEID="00000035"/>
			</METS:div>
			<METS:div TYPE="Chapter" LABEL="1.5  变形的度量和应变张量" ORDERLABEL="26"><METS:fptr FILEID="00000039"/>
			</METS:div>
			<METS:div TYPE="Chapter" LABEL="1.6  度量有限变形的一些方法" ORDERLABEL="28"><METS:fptr FILEID="00000041"/>
			</METS:div>
			<METS:div TYPE="Chapter" LABEL="1.7  Cauchy应变张量和Green应变张量的适用范围" ORDERLABEL="31"><METS:fptr FILEID="00000044"/>
			</METS:div>
			<METS:div TYPE="Chapter" LABEL="1.8  拖带坐标系" ORDERLABEL="33"><METS:fptr FILEID="00000046"/>
			</METS:div>
			<METS:div TYPE="Chapter" LABEL="1.9  连续体力学和几何场论" ORDERLABEL="36"><METS:fptr FILEID="00000049"/>
			</METS:div>
		</METS:div>
		<METS:div TYPE="Chapter" LABEL="第二章  张量分析与曲线坐标系" ORDERLABEL="39"><METS:fptr FILEID="00000052"/>
			<METS:div TYPE="Chapter" LABEL="2.1  张量的概念" ORDERLABEL="39"><METS:fptr FILEID="00000052"/>
			</METS:div>
			<METS:div TYPE="Chapter" LABEL="2.2  不变量，协变量与逆变量" ORDERLABEL="41"><METS:fptr FILEID="00000054"/>
			</METS:div>
			<METS:div TYPE="Chapter" LABEL="2.3  Ricci-Eddington广义量纲原理" ORDERLABEL="47"><METS:fptr FILEID="00000060"/>
			</METS:div>
			<METS:div TYPE="Chapter" LABEL="2.4  二次不变式，度规张量" ORDERLABEL="51"><METS:fptr FILEID="00000064"/>
			</METS:div>
			<METS:div TYPE="Chapter" LABEL="2.5  曲线坐标系，Christoffel记号" ORDERLABEL="53"><METS:fptr FILEID="00000066"/>
			</METS:div>
			<METS:div TYPE="Chapter" LABEL="2.6  推广的Kronecker符号，排列张量" ORDERLABEL="59"><METS:fptr FILEID="00000072"/>
			</METS:div>
			<METS:div TYPE="Chapter" LABEL="2.7  示例" ORDERLABEL="61"><METS:fptr FILEID="00000074"/>
			</METS:div>
			<METS:div TYPE="Chapter" LABEL="2.8  协变导数与绝对微分" ORDERLABEL="64"><METS:fptr FILEID="00000077"/>
			</METS:div>
			<METS:div TYPE="Chapter" LABEL="2.9  Riemann-Christoffel张量" ORDERLABEL="67"><METS:fptr FILEID="00000080"/>
			</METS:div>
			<METS:div TYPE="Chapter" LABEL="2.10  绝对平行，Cauchy应变张量在曲线坐标系的表示，物理分量" ORDERLABEL="68"><METS:fptr FILEID="00000081"/>
			</METS:div>
			<METS:div TYPE="Chapter" LABEL="2.11  张量运算的一些基本法则总结和公式补充" ORDERLABEL="74"><METS:fptr FILEID="00000087"/>
			</METS:div>
		</METS:div>
		<METS:div TYPE="Chapter" LABEL="第三章  在拖带坐标系中的应力分析" ORDERLABEL="83"><METS:fptr FILEID="00000096"/>
			<METS:div TYPE="Chapter" LABEL="3.1  面力，体力，体矩" ORDERLABEL="83"><METS:fptr FILEID="00000096"/>
			</METS:div>
			<METS:div TYPE="Chapter" LABEL="3.2  体积改变" ORDERLABEL="83"><METS:fptr FILEID="00000096"/>
			</METS:div>
			<METS:div TYPE="Chapter" LABEL="3.3  面积的张量表示，面积改变" ORDERLABEL="85"><METS:fptr FILEID="00000098"/>
			</METS:div>
			<METS:div TYPE="Chapter" LABEL="3.4  应力张量" ORDERLABEL="91"><METS:fptr FILEID="00000104"/>
			</METS:div>
			<METS:div TYPE="Chapter" LABEL="3.5  示例" ORDERLABEL="94"><METS:fptr FILEID="00000107"/>
			</METS:div>
			<METS:div TYPE="Chapter" LABEL="3.6  主应力" ORDERLABEL="96"><METS:fptr FILEID="00000109"/>
			</METS:div>
			<METS:div TYPE="Chapter" LABEL="3.7  应力张量的坐标系变换" ORDERLABEL="97"><METS:fptr FILEID="00000110"/>
			</METS:div>
			<METS:div TYPE="Chapter" LABEL="3.8  运动方程，动量定理" ORDERLABEL="100"><METS:fptr FILEID="00000113"/>
			</METS:div>
			<METS:div TYPE="Chapter" LABEL="3.9  动量矩定理" ORDERLABEL="104"><METS:fptr FILEID="00000117"/>
			</METS:div>
			<METS:div TYPE="Chapter" LABEL="3.10  示例" ORDERLABEL="107"><METS:fptr FILEID="00000120"/>
			</METS:div>
			<METS:div TYPE="Chapter" LABEL="3.11  应力的对称性与非对称性" ORDERLABEL="110"><METS:fptr FILEID="00000123"/>
			</METS:div>
		</METS:div>
		<METS:div TYPE="Chapter" LABEL="第四章  变形与转动分离的数学方法" ORDERLABEL="113"><METS:fptr FILEID="00000126"/>
			<METS:div TYPE="Chapter" LABEL="4.1  位移与变形的相对度量" ORDERLABEL="113"><METS:fptr FILEID="00000126"/>
			</METS:div>
			<METS:div TYPE="Chapter" LABEL="4.2  固定参考系的标准尺规和拖带系的自然尺规" ORDERLABEL="114"><METS:fptr FILEID="00000127"/>
			</METS:div>
			<METS:div TYPE="Chapter" LABEL="4.3  经典有限变形应变张量的定义及其缺点" ORDERLABEL="122"><METS:fptr FILEID="00000135"/>
			</METS:div>
			<METS:div TYPE="Chapter" LABEL="4.4  变换的形变与转动的极分解定理" ORDERLABEL="124"><METS:fptr FILEID="00000137"/>
			</METS:div>
			<METS:div TYPE="Chapter" LABEL="4.5  形变与转动分离的Biot公式" ORDERLABEL="125"><METS:fptr FILEID="00000138"/>
			</METS:div>
			<METS:div TYPE="Chapter" LABEL="4.6  变换的应变与转动（S-R）的和分解定理" ORDERLABEL="128"><METS:fptr FILEID="00000141"/>
			</METS:div>
			<METS:div TYPE="Chapter" LABEL="4.7  点集空间转动的Euler参数表达式，转动张量" ORDERLABEL="134"><METS:fptr FILEID="00000147"/>
			</METS:div>
			<METS:div TYPE="Chapter" LABEL="4.8  应变张量" ORDERLABEL="138"><METS:fptr FILEID="00000151"/>
			</METS:div>
			<METS:div TYPE="Chapter" LABEL="4.9  转动张量和应变张量的物理分量" ORDERLABEL="141"><METS:fptr FILEID="00000154"/>
			</METS:div>
			<METS:div TYPE="Chapter" LABEL="4.10  主应变" ORDERLABEL="143"><METS:fptr FILEID="00000156"/>
			</METS:div>
			<METS:div TYPE="Chapter" LABEL="4.11  变形体转动张量化为刚性转动张量的条件" ORDERLABEL="146"><METS:fptr FILEID="00000159"/>
			</METS:div>
			<METS:div TYPE="Chapter" LABEL="4.12  局部转动" ORDERLABEL="147"><METS:fptr FILEID="00000160"/>
			</METS:div>
			<METS:div TYPE="Chapter" LABEL="4.13  线段转动的分布函数" ORDERLABEL="150"><METS:fptr FILEID="00000163"/>
			</METS:div>
			<METS:div TYPE="Chapter" LABEL="4.14  公式小结" ORDERLABEL="154"><METS:fptr FILEID="00000167"/>
			</METS:div>
		</METS:div>
		<METS:div TYPE="Chapter" LABEL="第五章  速度和加速度场" ORDERLABEL="156"><METS:fptr FILEID="00000169"/>
			<METS:div TYPE="Chapter" LABEL="5.1  推广的Euler运动学公式" ORDERLABEL="156"><METS:fptr FILEID="00000169"/>
			</METS:div>
			<METS:div TYPE="Chapter" LABEL="5.2  刚性运动" ORDERLABEL="158"><METS:fptr FILEID="00000171"/>
			</METS:div>
			<METS:div TYPE="Chapter" LABEL="5.3  局部转动速度与旋量" ORDERLABEL="159"><METS:fptr FILEID="00000172"/>
			</METS:div>
			<METS:div TYPE="Chapter" LABEL="5.4  变形体中一点加速度分量的计算" ORDERLABEL="163"><METS:fptr FILEID="00000176"/>
			</METS:div>
			<METS:div TYPE="Chapter" LABEL="5.5  速度梯度的物理分量，面积和体积变化速率公式" ORDERLABEL="170"><METS:fptr FILEID="00000183"/>
			</METS:div>
			<METS:div TYPE="Chapter" LABEL="5.6  应力速率" ORDERLABEL="172"><METS:fptr FILEID="00000185"/>
			</METS:div>
		</METS:div>
		<METS:div TYPE="Chapter" LABEL="第六章  大应变与转动计算示例" ORDERLABEL="179"><METS:fptr FILEID="00000192"/>
			<METS:div TYPE="Chapter" LABEL="6.1  已知位移函数求应变与转动" ORDERLABEL="179"><METS:fptr FILEID="00000192"/>
			</METS:div>
			<METS:div TYPE="Chapter" LABEL="6.2  渐进变形，主轴转动" ORDERLABEL="186"><METS:fptr FILEID="00000199"/>
			</METS:div>
			<METS:div TYPE="Chapter" LABEL="6.3  球体的有限转动与膨胀的复合" ORDERLABEL="193"><METS:fptr FILEID="00000206"/>
			</METS:div>
			<METS:div TYPE="Chapter" LABEL="6.4  数值分析示例：转动与伸长" ORDERLABEL="198"><METS:fptr FILEID="00000211"/>
			</METS:div>
			<METS:div TYPE="Chapter" LABEL="6.5  数值分析示例：简单剪切、平滑" ORDERLABEL="201"><METS:fptr FILEID="00000214"/>
			</METS:div>
			<METS:div TYPE="Chapter" LABEL="6.6  有限变形测量的网格法" ORDERLABEL="205"><METS:fptr FILEID="00000218"/>
			</METS:div>
		</METS:div>
		<METS:div TYPE="Chapter" LABEL="第七章  热力学原理与物性方程" ORDERLABEL="209"><METS:fptr FILEID="00000222"/>
			<METS:div TYPE="Chapter" LABEL="7.1系统和状态函数" ORDERLABEL="209"><METS:fptr FILEID="00000222"/>
			</METS:div>
			<METS:div TYPE="Chapter" LABEL="7.2  热力学第一定律" ORDERLABEL="209"><METS:fptr FILEID="00000222"/>
			</METS:div>
			<METS:div TYPE="Chapter" LABEL="7.3  熵，热力学第二定律" ORDERLABEL="211"><METS:fptr FILEID="00000224"/>
			</METS:div>
			<METS:div TYPE="Chapter" LABEL="7.4  变形体的能量定律" ORDERLABEL="212"><METS:fptr FILEID="00000225"/>
			</METS:div>
			<METS:div TYPE="Chapter" LABEL="7.5  Clausius-Duhem不等式，热传导方程" ORDERLABEL="215"><METS:fptr FILEID="00000228"/>
			</METS:div>
			<METS:div TYPE="Chapter" LABEL="7.6  应变能函数与余能函数" ORDERLABEL="217"><METS:fptr FILEID="00000230"/>
			</METS:div>
			<METS:div TYPE="Chapter" LABEL="7.7  物性方程的一般原理" ORDERLABEL="218"><METS:fptr FILEID="00000231"/>
			</METS:div>
			<METS:div TYPE="Chapter" LABEL="7.8  物性方程" ORDERLABEL="218"><METS:fptr FILEID="00000231"/>
			</METS:div>
			<METS:div TYPE="Chapter" LABEL="7.9  固体弹塑性变形，不可逆热力学" ORDERLABEL="224"><METS:fptr FILEID="00000237"/>
			</METS:div>
			<METS:div TYPE="Chapter" LABEL="7.10  塑性条件的凸函数性质" ORDERLABEL="226"><METS:fptr FILEID="00000239"/>
			</METS:div>
			<METS:div TYPE="Chapter" LABEL="7.11  弹塑性定律" ORDERLABEL="230"><METS:fptr FILEID="00000243"/>
			</METS:div>
			<METS:div TYPE="Chapter" LABEL="7.12  弹塑性有限变形物性方程小结" ORDERLABEL="234"><METS:fptr FILEID="00000247"/>
			</METS:div>
		</METS:div>
		<METS:div TYPE="Chapter" LABEL="第八章  有限变形力学的基本方程，大变形非线性效应" ORDERLABEL="238"><METS:fptr FILEID="00000251"/>
			<METS:div TYPE="Chapter" LABEL="8.1  基本方程" ORDERLABEL="238"><METS:fptr FILEID="00000251"/>
			</METS:div>
			<METS:div TYPE="Chapter" LABEL="8.2  刚性运动" ORDERLABEL="243"><METS:fptr FILEID="00000256"/>
			</METS:div>
			<METS:div TYPE="Chapter" LABEL="8.3  简单剪切的横向效应" ORDERLABEL="244"><METS:fptr FILEID="00000257"/>
			</METS:div>
			<METS:div TYPE="Chapter" LABEL="8.4  剪切大变形的准确解" ORDERLABEL="249"><METS:fptr FILEID="00000262"/>
			</METS:div>
			<METS:div TYPE="Chapter" LABEL="8.5  Weissenberg效应" ORDERLABEL="254"><METS:fptr FILEID="00000267"/>
			</METS:div>
			<METS:div TYPE="Chapter" LABEL="8.6  圆杆扭转伸长现象，Poynting实验" ORDERLABEL="262"><METS:fptr FILEID="00000275"/>
			</METS:div>
		</METS:div>
		<METS:div TYPE="Chapter" LABEL="第九章  材料破坏的非线性行为" ORDERLABEL="265"><METS:fptr FILEID="00000278"/>
			<METS:div TYPE="Chapter" LABEL="9.1  雁行断裂的非线性力学分析、Gramberg的岩石破坏理论" ORDERLABEL="265"><METS:fptr FILEID="00000278"/>
			</METS:div>
			<METS:div TYPE="Chapter" LABEL="9.2  判断裂纹扩展方向的几何准则" ORDERLABEL="267"><METS:fptr FILEID="00000280"/>
			</METS:div>
			<METS:div TYPE="Chapter" LABEL="9.3  有限变形的位移协调条件" ORDERLABEL="273"><METS:fptr FILEID="00000286"/>
			</METS:div>
		</METS:div>
		<METS:div TYPE="Chapter" LABEL="第十章  大变形接触与断裂场" ORDERLABEL="279"><METS:fptr FILEID="00000292"/>
			<METS:div TYPE="Chapter" LABEL="10.1  经典弹性力学中的奇异性" ORDERLABEL="279"><METS:fptr FILEID="00000292"/>
			</METS:div>
			<METS:div TYPE="Chapter" LABEL="10.2  Hertz的接触变形假设的近似解法" ORDERLABEL="281"><METS:fptr FILEID="00000294"/>
			</METS:div>
			<METS:div TYPE="Chapter" LABEL="10.3  圆柱体和刚性平面接触问题" ORDERLABEL="283"><METS:fptr FILEID="00000296"/>
			</METS:div>
			<METS:div TYPE="Chapter" LABEL="10.4  材料裂纹尖端的应变场与旋量场计算机模拟" ORDERLABEL="290"><METS:fptr FILEID="00000303"/>
			</METS:div>
			<METS:div TYPE="Chapter" LABEL="10.5  三维J积分的增量形式与应用" ORDERLABEL="293"><METS:fptr FILEID="00000306"/>
			</METS:div>
			<METS:div TYPE="Chapter" LABEL="10.6  小结" ORDERLABEL="298"><METS:fptr FILEID="00000311"/>
			</METS:div>
		</METS:div>
		<METS:div TYPE="Chapter" LABEL="第十一章  变分原理" ORDERLABEL="299"><METS:fptr FILEID="00000312"/>
			<METS:div TYPE="Chapter" LABEL="11.1  单稳态和多稳态，非线性问题解的多值性" ORDERLABEL="299"><METS:fptr FILEID="00000312"/>
			</METS:div>
			<METS:div TYPE="Chapter" LABEL="11.2  保守力与非保守力" ORDERLABEL="304"><METS:fptr FILEID="00000317"/>
			</METS:div>
			<METS:div TYPE="Chapter" LABEL="11.3  判别稳定性的能量准则" ORDERLABEL="307"><METS:fptr FILEID="00000320"/>
			</METS:div>
			<METS:div TYPE="Chapter" LABEL="11.4  有限变形力学的变分原理（对称、非对称场）" ORDERLABEL="309"><METS:fptr FILEID="00000322"/>
			</METS:div>
			<METS:div TYPE="Chapter" LABEL="11.5  两类变分原理等价定理（对称、非对称场）" ORDERLABEL="314"><METS:fptr FILEID="00000327"/>
			</METS:div>
			<METS:div TYPE="Chapter" LABEL="11.6  小结和补充" ORDERLABEL="319"><METS:fptr FILEID="00000332"/>
			</METS:div>
		</METS:div>
		<METS:div TYPE="Chapter" LABEL="第十二章  Hamilton原理力学与电磁学的统一场论" ORDERLABEL="321"><METS:fptr FILEID="00000334"/>
			<METS:div TYPE="Chapter" LABEL="12.1变形体的Lagrange广义坐标与广义力" ORDERLABEL="321"><METS:fptr FILEID="00000334"/>
			</METS:div>
			<METS:div TYPE="Chapter" LABEL="12.2  Hamilton原理与连续体力学的统一Lagrange方程" ORDERLABEL="324"><METS:fptr FILEID="00000337"/>
			</METS:div>
			<METS:div TYPE="Chapter" LABEL="12.3  力学与电磁学的统一场论" ORDERLABEL="328"><METS:fptr FILEID="00000341"/>
			</METS:div>
			<METS:div TYPE="Chapter" LABEL="12.4  小结" ORDERLABEL="336"><METS:fptr FILEID="00000349"/>
			</METS:div>
		</METS:div>
	</METS:structMap>
</METS:mets>
