<?xml version="1.0" encoding="utf-8"?>
<METS:mets xmlns:METS="http://www.loc.gov/METS/" xmlns:xsi="http://www.w3.org/2001/XMLSchema-instance" xmlns:gdm="http://sunsite.berkeley.edu/GDM/" xmlns:xlink="http://www.w3.org/TR/xlink" xsi:schemalocation="http://www.loc.gov/METS/http://www.loc.gov/standards/mets/mets.xsd" LABEL="Zhejiang University.jdl.China-America digital library project" TYPE="Section">
	<METS:structMap TYPE="Catalog">
		<METS:div TYPE="Chapter" LABEL="第1章 绪论" ORDERLABEL="1"><METS:fptr FILEID="00000009"/>
			<METS:div TYPE="Chapter" LABEL="1.1 土力学研究对象及其重要性" ORDERLABEL="1"><METS:fptr FILEID="00000009"/>
			</METS:div>
			<METS:div TYPE="Chapter" LABEL="1.2 土力学学科特点" ORDERLABEL="1"><METS:fptr FILEID="00000009"/>
			</METS:div>
			<METS:div TYPE="Chapter" LABEL="1.3 土力学发展概况" ORDERLABEL="2"><METS:fptr FILEID="00000010"/>
			</METS:div>
			<METS:div TYPE="Chapter" LABEL="1.4 土力学课程内容和学习方法" ORDERLABEL="3"><METS:fptr FILEID="00000011"/>
			</METS:div>
		</METS:div>
		<METS:div TYPE="Chapter" LABEL="第2章 土的物理性质与工程分类" ORDERLABEL="4"><METS:fptr FILEID="00000012"/>
			<METS:div TYPE="Chapter" LABEL="2.1 概述" ORDERLABEL="4"><METS:fptr FILEID="00000012"/>
			</METS:div>
			<METS:div TYPE="Chapter" LABEL="2.2 土的成因与组成" ORDERLABEL="4"><METS:fptr FILEID="00000012"/>
				<METS:div TYPE="Chapter" LABEL="2.2.1 形成作用与成因类型" ORDERLABEL="4"><METS:fptr FILEID="00000012"/>
				</METS:div>
				<METS:div TYPE="Chapter" LABEL="2.2.2 土的组成" ORDERLABEL="5"><METS:fptr FILEID="00000013"/>
				</METS:div>
			</METS:div>
			<METS:div TYPE="Chapter" LABEL="2.3 土的物理性质指标" ORDERLABEL="12"><METS:fptr FILEID="00000020"/>
			</METS:div>
			<METS:div TYPE="Chapter" LABEL="2.4 无粘性土的物理性质" ORDERLABEL="16"><METS:fptr FILEID="00000024"/>
			</METS:div>
			<METS:div TYPE="Chapter" LABEL="2.5 粘性土的物理性质" ORDERLABEL="18"><METS:fptr FILEID="00000026"/>
				<METS:div TYPE="Chapter" LABEL="2.5.1 界限含水量" ORDERLABEL="18"><METS:fptr FILEID="00000026"/>
				</METS:div>
				<METS:div TYPE="Chapter" LABEL="2.5.2 塑性指数和液性指数" ORDERLABEL="20"><METS:fptr FILEID="00000028"/>
				</METS:div>
				<METS:div TYPE="Chapter" LABEL="2.5.3 粘性土的活动性指数" ORDERLABEL="20"><METS:fptr FILEID="00000028"/>
				</METS:div>
			</METS:div>
			<METS:div TYPE="Chapter" LABEL="2.6 土的结构性" ORDERLABEL="21"><METS:fptr FILEID="00000029"/>
				<METS:div TYPE="Chapter" LABEL="2.6.1 土的结构与构造" ORDERLABEL="21"><METS:fptr FILEID="00000029"/>
				</METS:div>
				<METS:div TYPE="Chapter" LABEL="2.6.2 粘性土的灵敏度和触度性" ORDERLABEL="22"><METS:fptr FILEID="00000030"/>
				</METS:div>
			</METS:div>
			<METS:div TYPE="Chapter" LABEL="2.7 土的压实性" ORDERLABEL="23"><METS:fptr FILEID="00000031"/>
				<METS:div TYPE="Chapter" LABEL="2.7.1 细粒土的压实性" ORDERLABEL="23"><METS:fptr FILEID="00000031"/>
				</METS:div>
				<METS:div TYPE="Chapter" LABEL="2.7.2 粗料土的压实性" ORDERLABEL="25"><METS:fptr FILEID="00000033"/>
				</METS:div>
			</METS:div>
			<METS:div TYPE="Chapter" LABEL="2.8 土的工程分类" ORDERLABEL="25"><METS:fptr FILEID="00000033"/>
				<METS:div TYPE="Chapter" LABEL="2.8.1 工程分类原则" ORDERLABEL="25"><METS:fptr FILEID="00000033"/>
				</METS:div>
				<METS:div TYPE="Chapter" LABEL="2.8.2 我国土的工程分类" ORDERLABEL="26"><METS:fptr FILEID="00000034"/>
				</METS:div>
			</METS:div>
			<METS:div TYPE="Chapter" LABEL="习题和思考题" ORDERLABEL="30"><METS:fptr FILEID="00000038"/>
			</METS:div>
			<METS:div TYPE="Chapter" LABEL="参考文献" ORDERLABEL="31"><METS:fptr FILEID="00000039"/>
			</METS:div>
		</METS:div>
		<METS:div TYPE="Chapter" LABEL="第3章 土的渗透性与渗流" ORDERLABEL="32"><METS:fptr FILEID="00000040"/>
			<METS:div TYPE="Chapter" LABEL="3.1 概述" ORDERLABEL="32"><METS:fptr FILEID="00000040"/>
			</METS:div>
			<METS:div TYPE="Chapter" LABEL="3.2 达西定律" ORDERLABEL="33"><METS:fptr FILEID="00000041"/>
				<METS:div TYPE="Chapter" LABEL="3.2.1 一维渗透试验与达西定律" ORDERLABEL="33"><METS:fptr FILEID="00000041"/>
				</METS:div>
				<METS:div TYPE="Chapter" LABEL="3.2.2 关于土中水的渗透流速" ORDERLABEL="34"><METS:fptr FILEID="00000042"/>
				</METS:div>
				<METS:div TYPE="Chapter" LABEL="3.2.3 达西定律的适用范围" ORDERLABEL="35"><METS:fptr FILEID="00000043"/>
				</METS:div>
			</METS:div>
			<METS:div TYPE="Chapter" LABEL="3.3 土的渗透系数" ORDERLABEL="36"><METS:fptr FILEID="00000044"/>
				<METS:div TYPE="Chapter" LABEL="3.3.1 渗透系数的影响因素" ORDERLABEL="36"><METS:fptr FILEID="00000044"/>
				</METS:div>
				<METS:div TYPE="Chapter" LABEL="3.3.2 不同土渗透系数的范围" ORDERLABEL="37"><METS:fptr FILEID="00000045"/>
				</METS:div>
				<METS:div TYPE="Chapter" LABEL="3.3.3 确定土的渗透系数的试验" ORDERLABEL="41"><METS:fptr FILEID="00000049"/>
				</METS:div>
				<METS:div TYPE="Chapter" LABEL="3.3.4 分层土的等效渗透系数" ORDERLABEL="45"><METS:fptr FILEID="00000053"/>
				</METS:div>
			</METS:div>
			<METS:div TYPE="Chapter" LABEL="3.4 饱和土中的应力和有效应力原理" ORDERLABEL="45"><METS:fptr FILEID="00000053"/>
			</METS:div>
			<METS:div TYPE="Chapter" LABEL="3.5 渗透力和渗透变形" ORDERLABEL="47"><METS:fptr FILEID="00000055"/>
				<METS:div TYPE="Chapter" LABEL="3.5.1 渗透力" ORDERLABEL="47"><METS:fptr FILEID="00000055"/>
				</METS:div>
				<METS:div TYPE="Chapter" LABEL="3.5.2 流土及其临界水力坡降" ORDERLABEL="48"><METS:fptr FILEID="00000056"/>
				</METS:div>
				<METS:div TYPE="Chapter" LABEL="3.5.3 管涌" ORDERLABEL="50"><METS:fptr FILEID="00000058"/>
				</METS:div>
				<METS:div TYPE="Chapter" LABEL="3.5.4 渗透破坏的其他类型" ORDERLABEL="51"><METS:fptr FILEID="00000059"/>
				</METS:div>
				<METS:div TYPE="Chapter" LABEL="3.5.5 渗透破坏的防治" ORDERLABEL="51"><METS:fptr FILEID="00000059"/>
				</METS:div>
			</METS:div>
			<METS:div TYPE="Chapter" LABEL="3.6 二维渗流和流网" ORDERLABEL="51"><METS:fptr FILEID="00000059"/>
				<METS:div TYPE="Chapter" LABEL="3.6.1 二维渗流运动微分方程" ORDERLABEL="51"><METS:fptr FILEID="00000059"/>
				</METS:div>
				<METS:div TYPE="Chapter" LABEL="3.6.2 流网的绘制原则" ORDERLABEL="53"><METS:fptr FILEID="00000061"/>
				</METS:div>
				<METS:div TYPE="Chapter" LABEL="3.6.3 流网的绘制方法" ORDERLABEL="53"><METS:fptr FILEID="00000061"/>
				</METS:div>
				<METS:div TYPE="Chapter" LABEL="3.6.4 流网的应用" ORDERLABEL="54"><METS:fptr FILEID="00000062"/>
				</METS:div>
				<METS:div TYPE="Chapter" LABEL="3.6.5 流网的特性" ORDERLABEL="55"><METS:fptr FILEID="00000063"/>
				</METS:div>
			</METS:div>
			<METS:div TYPE="Chapter" LABEL="习题与思考题" ORDERLABEL="56"><METS:fptr FILEID="00000064"/>
			</METS:div>
			<METS:div TYPE="Chapter" LABEL="参考文献" ORDERLABEL="60"><METS:fptr FILEID="00000068"/>
			</METS:div>
		</METS:div>
		<METS:div TYPE="Chapter" LABEL="第4章 地基中自重应力计算" ORDERLABEL="60"><METS:fptr FILEID="00000068"/>
			<METS:div TYPE="Chapter" LABEL="4.1 概述" ORDERLABEL="60"><METS:fptr FILEID="00000068"/>
			</METS:div>
			<METS:div TYPE="Chapter" LABEL="4.2 地基中自重应力计算" ORDERLABEL="60"><METS:fptr FILEID="00000068"/>
			</METS:div>
			<METS:div TYPE="Chapter" LABEL="4.3 荷载作用下地基附加应力计算" ORDERLABEL="62"><METS:fptr FILEID="00000070"/>
				<METS:div TYPE="Chapter" LABEL="4.3.1 地面上作用一集中力地基中附加应力计算" ORDERLABEL="62"><METS:fptr FILEID="00000070"/>
				</METS:div>
				<METS:div TYPE="Chapter" LABEL="4.3.2 地面上作用均布荷载地基中附加应力计算" ORDERLABEL="63"><METS:fptr FILEID="00000071"/>
				</METS:div>
				<METS:div TYPE="Chapter" LABEL="4.3.3 地面上作用有三角形和梯形分布荷载地基中附加应力计算" ORDERLABEL="70"><METS:fptr FILEID="00000078"/>
				</METS:div>
				<METS:div TYPE="Chapter" LABEL="4.3.4 地基中作用一集中力时地基中附加应力计算" ORDERLABEL="72"><METS:fptr FILEID="00000080"/>
				</METS:div>
				<METS:div TYPE="Chapter" LABEL="4.3.5 关于地基中附加应力计算的简要讨论" ORDERLABEL="73"><METS:fptr FILEID="00000081"/>
				</METS:div>
			</METS:div>
			<METS:div TYPE="Chapter" LABEL="习题与思考题" ORDERLABEL="75"><METS:fptr FILEID="00000083"/>
			</METS:div>
			<METS:div TYPE="Chapter" LABEL="参考文献" ORDERLABEL="77"><METS:fptr FILEID="00000085"/>
			</METS:div>
		</METS:div>
		<METS:div TYPE="Chapter" LABEL="第5章 土的压缩性和固结理论" ORDERLABEL="77"><METS:fptr FILEID="00000085"/>
			<METS:div TYPE="Chapter" LABEL="5.1 概述" ORDERLABEL="77"><METS:fptr FILEID="00000085"/>
			</METS:div>
			<METS:div TYPE="Chapter" LABEL="5.2 土的压缩特性" ORDERLABEL="77"><METS:fptr FILEID="00000085"/>
				<METS:div TYPE="Chapter" LABEL="5.2.1 土的压缩试验和压缩曲线" ORDERLABEL="78"><METS:fptr FILEID="00000086"/>
				</METS:div>
				<METS:div TYPE="Chapter" LABEL="5.2.2 土的压缩系数和压缩指数" ORDERLABEL="79"><METS:fptr FILEID="00000087"/>
				</METS:div>
				<METS:div TYPE="Chapter" LABEL="5.2.3 土的压缩模量和体积压缩系数" ORDERLABEL="80"><METS:fptr FILEID="00000088"/>
				</METS:div>
				<METS:div TYPE="Chapter" LABEL="5.2.4 土的变形模量" ORDERLABEL="81"><METS:fptr FILEID="00000089"/>
				</METS:div>
				<METS:div TYPE="Chapter" LABEL="5.2.5 土的回弹与再压缩曲线" ORDERLABEL="82"><METS:fptr FILEID="00000090"/>
				</METS:div>
			</METS:div>
			<METS:div TYPE="Chapter" LABEL="5.3 应力历史与土压缩性的关系" ORDERLABEL="83"><METS:fptr FILEID="00000091"/>
				<METS:div TYPE="Chapter" LABEL="5.3.1 先期固结压力及卡萨格兰德法" ORDERLABEL="83"><METS:fptr FILEID="00000091"/>
				</METS:div>
				<METS:div TYPE="Chapter" LABEL="5.3.2 土的超固结比固结状态" ORDERLABEL="84"><METS:fptr FILEID="00000092"/>
				</METS:div>
				<METS:div TYPE="Chapter" LABEL="5.3.3 土的原始压缩曲线与压缩指标" ORDERLABEL="84"><METS:fptr FILEID="00000092"/>
				</METS:div>
			</METS:div>
			<METS:div TYPE="Chapter" LABEL="5.4 一维固结理论" ORDERLABEL="85"><METS:fptr FILEID="00000093"/>
				<METS:div TYPE="Chapter" LABEL="5.4.1 太沙基一维固结模型" ORDERLABEL="86"><METS:fptr FILEID="00000094"/>
				</METS:div>
				<METS:div TYPE="Chapter" LABEL="5.4.2 太沙基一维固结方程及其解" ORDERLABEL="87"><METS:fptr FILEID="00000095"/>
				</METS:div>
				<METS:div TYPE="Chapter" LABEL="5.4.3 初始超静孔压非均布时的一维固结解" ORDERLABEL="91"><METS:fptr FILEID="00000099"/>
				</METS:div>
				<METS:div TYPE="Chapter" LABEL="5.4.4 一维固结理论的应用" ORDERLABEL="92"><METS:fptr FILEID="00000100"/>
				</METS:div>
			</METS:div>
			<METS:div TYPE="Chapter" LABEL="习题与思考题" ORDERLABEL="97"><METS:fptr FILEID="00000105"/>
			</METS:div>
			<METS:div TYPE="Chapter" LABEL="参考文献" ORDERLABEL="98"><METS:fptr FILEID="00000106"/>
			</METS:div>
		</METS:div>
		<METS:div TYPE="Chapter" LABEL="第6章 地基沉降计算" ORDERLABEL="99"><METS:fptr FILEID="00000107"/>
			<METS:div TYPE="Chapter" LABEL="6.1 概述" ORDERLABEL="99"><METS:fptr FILEID="00000107"/>
			</METS:div>
			<METS:div TYPE="Chapter" LABEL="6.2 地基沉降原理" ORDERLABEL="99"><METS:fptr FILEID="00000107"/>
			</METS:div>
			<METS:div TYPE="Chapter" LABEL="6.3 常用沉降计算方法" ORDERLABEL="100"><METS:fptr FILEID="00000108"/>
				<METS:div TYPE="Chapter" LABEL="6.3.1 弹性理论计算式" ORDERLABEL="100"><METS:fptr FILEID="00000108"/>
				</METS:div>
				<METS:div TYPE="Chapter" LABEL="6.3.2 分层总和法" ORDERLABEL="103"><METS:fptr FILEID="00000111"/>
				</METS:div>
				<METS:div TYPE="Chapter" LABEL="6.3.3 次固结沉降计算方法" ORDERLABEL="111"><METS:fptr FILEID="00000119"/>
				</METS:div>
			</METS:div>
			<METS:div TYPE="Chapter" LABEL="6.4 其他分析方法简介" ORDERLABEL="111"><METS:fptr FILEID="00000119"/>
			</METS:div>
			<METS:div TYPE="Chapter" LABEL="6.5 饱和软粘土地基沉降随时间发展规律分析" ORDERLABEL="112"><METS:fptr FILEID="00000120"/>
			</METS:div>
			<METS:div TYPE="Chapter" LABEL="6.6 沉降计算应注意的几个问题" ORDERLABEL="113"><METS:fptr FILEID="00000121"/>
			</METS:div>
			<METS:div TYPE="Chapter" LABEL="习题与思考题" ORDERLABEL="113"><METS:fptr FILEID="00000121"/>
			</METS:div>
			<METS:div TYPE="Chapter" LABEL="参考文献" ORDERLABEL="114"><METS:fptr FILEID="00000122"/>
			</METS:div>
		</METS:div>
		<METS:div TYPE="Chapter" LABEL="第7章 土的抗剪强度" ORDERLABEL="115"><METS:fptr FILEID="00000123"/>
			<METS:div TYPE="Chapter" LABEL="7.1 概述" ORDERLABEL="115"><METS:fptr FILEID="00000123"/>
			</METS:div>
			<METS:div TYPE="Chapter" LABEL="7.2 土的抗剪强度理论和极限平衡条件" ORDERLABEL="115"><METS:fptr FILEID="00000123"/>
				<METS:div TYPE="Chapter" LABEL="7.2.1 摩尔-库伦强度理论" ORDERLABEL="115"><METS:fptr FILEID="00000123"/>
				</METS:div>
				<METS:div TYPE="Chapter" LABEL="7.2.2 土的抗剪强度与抗剪强度指标" ORDERLABEL="116"><METS:fptr FILEID="00000124"/>
				</METS:div>
				<METS:div TYPE="Chapter" LABEL="7.2.3 极限平衡条件" ORDERLABEL="116"><METS:fptr FILEID="00000124"/>
				</METS:div>
			</METS:div>
			<METS:div TYPE="Chapter" LABEL="7.3 土的抗剪强度指标和抗剪强度的测定" ORDERLABEL="118"><METS:fptr FILEID="00000126"/>
				<METS:div TYPE="Chapter" LABEL="7.3.1 直接剪切试验" ORDERLABEL="118"><METS:fptr FILEID="00000126"/>
				</METS:div>
				<METS:div TYPE="Chapter" LABEL="7.3.2 常规三轴压缩试验" ORDERLABEL="120"><METS:fptr FILEID="00000128"/>
				</METS:div>
				<METS:div TYPE="Chapter" LABEL="7.3.3 无侧限抗压强度试验" ORDERLABEL="122"><METS:fptr FILEID="00000130"/>
				</METS:div>
				<METS:div TYPE="Chapter" LABEL="7.3.4 十字板剪切试验" ORDERLABEL="123"><METS:fptr FILEID="00000131"/>
				</METS:div>
			</METS:div>
			<METS:div TYPE="Chapter" LABEL="7.4 饱和粘性土抗剪强度" ORDERLABEL="124"><METS:fptr FILEID="00000132"/>
				<METS:div TYPE="Chapter" LABEL="7.4.1 孔隙压力系数" ORDERLABEL="124"><METS:fptr FILEID="00000132"/>
				</METS:div>
				<METS:div TYPE="Chapter" LABEL="7.4.2 正常固结土和超固结土的抗剪强度" ORDERLABEL="127"><METS:fptr FILEID="00000135"/>
				</METS:div>
			</METS:div>
			<METS:div TYPE="Chapter" LABEL="7.5 未饱和土抗剪强度" ORDERLABEL="128"><METS:fptr FILEID="00000136"/>
			</METS:div>
			<METS:div TYPE="Chapter" LABEL="7.6 无粘性土抗剪强度" ORDERLABEL="129"><METS:fptr FILEID="00000137"/>
			</METS:div>
			<METS:div TYPE="Chapter" LABEL="7.7 抗剪强度的影响因素" ORDERLABEL="130"><METS:fptr FILEID="00000138"/>
				<METS:div TYPE="Chapter" LABEL="7.7.1 土的结构性的影响" ORDERLABEL="130"><METS:fptr FILEID="00000138"/>
				</METS:div>
				<METS:div TYPE="Chapter" LABEL="7.7.2 应力历史的影响" ORDERLABEL="130"><METS:fptr FILEID="00000138"/>
				</METS:div>
				<METS:div TYPE="Chapter" LABEL="7.7.3 应力路径的影响" ORDERLABEL="130"><METS:fptr FILEID="00000138"/>
				</METS:div>
				<METS:div TYPE="Chapter" LABEL="7.7.4 土体各向异性的影响" ORDERLABEL="131"><METS:fptr FILEID="00000139"/>
				</METS:div>
				<METS:div TYPE="Chapter" LABEL="7.7.5 中主应力的影响" ORDERLABEL="132"><METS:fptr FILEID="00000140"/>
				</METS:div>
				<METS:div TYPE="Chapter" LABEL="7.7.6 加荷速率的影响" ORDERLABEL="132"><METS:fptr FILEID="00000140"/>
				</METS:div>
				<METS:div TYPE="Chapter" LABEL="7.7.7 蠕变对土体抗剪强度的影响" ORDERLABEL="132"><METS:fptr FILEID="00000140"/>
				</METS:div>
				<METS:div TYPE="Chapter" LABEL="7.7.8 土体固结对粘性土抗强度的影响" ORDERLABEL="133"><METS:fptr FILEID="00000141"/>
				</METS:div>
			</METS:div>
			<METS:div TYPE="Chapter" LABEL="习题与思考题" ORDERLABEL="133"><METS:fptr FILEID="00000141"/>
			</METS:div>
			<METS:div TYPE="Chapter" LABEL="参考文献" ORDERLABEL="135"><METS:fptr FILEID="00000143"/>
			</METS:div>
		</METS:div>
		<METS:div TYPE="Chapter" LABEL="第8章 土压力的支挡结构" ORDERLABEL="135"><METS:fptr FILEID="00000143"/>
			<METS:div TYPE="Chapter" LABEL="8.1 概述" ORDERLABEL="135"><METS:fptr FILEID="00000143"/>
			</METS:div>
			<METS:div TYPE="Chapter" LABEL="8.2 静止土压力计算" ORDERLABEL="137"><METS:fptr FILEID="00000145"/>
			</METS:div>
			<METS:div TYPE="Chapter" LABEL="8.3 主动土压力计算" ORDERLABEL="139"><METS:fptr FILEID="00000147"/>
				<METS:div TYPE="Chapter" LABEL="8.3.1 朗肯主动土压力理论" ORDERLABEL="139"><METS:fptr FILEID="00000147"/>
				</METS:div>
				<METS:div TYPE="Chapter" LABEL="8.3.2 库伦主动土压力理论" ORDERLABEL="145"><METS:fptr FILEID="00000153"/>
				</METS:div>
				<METS:div TYPE="Chapter" LABEL="8.3.3 库尔曼图解法确定主动土压力" ORDERLABEL="150"><METS:fptr FILEID="00000158"/>
				</METS:div>
			</METS:div>
			<METS:div TYPE="Chapter" LABEL="8.4 被动力压力计算" ORDERLABEL="152"><METS:fptr FILEID="00000160"/>
				<METS:div TYPE="Chapter" LABEL="8.4.1 朗肯被动土压力理论" ORDERLABEL="152"><METS:fptr FILEID="00000160"/>
				</METS:div>
				<METS:div TYPE="Chapter" LABEL="8.4.2 库伦被动土压力理论" ORDERLABEL="155"><METS:fptr FILEID="00000163"/>
				</METS:div>
			</METS:div>
			<METS:div TYPE="Chapter" LABEL="8.5 土压力计算的讨论" ORDERLABEL="156"><METS:fptr FILEID="00000164"/>
				<METS:div TYPE="Chapter" LABEL="8.5.1 非极限状态下的土压力" ORDERLABEL="156"><METS:fptr FILEID="00000164"/>
				</METS:div>
				<METS:div TYPE="Chapter" LABEL="8.5.2 成拱效应" ORDERLABEL="157"><METS:fptr FILEID="00000165"/>
				</METS:div>
				<METS:div TYPE="Chapter" LABEL="8.5.3 朗肯与库伦土压力理论的比较" ORDERLABEL="157"><METS:fptr FILEID="00000165"/>
				</METS:div>
			</METS:div>
			<METS:div TYPE="Chapter" LABEL="8.6 重力式挡土结构" ORDERLABEL="158"><METS:fptr FILEID="00000166"/>
			</METS:div>
			<METS:div TYPE="Chapter" LABEL="8.7 柔性挡土结构" ORDERLABEL="161"><METS:fptr FILEID="00000169"/>
			</METS:div>
			<METS:div TYPE="Chapter" LABEL="8.8 加筋土挡土结构" ORDERLABEL="163"><METS:fptr FILEID="00000171"/>
				<METS:div TYPE="Chapter" LABEL="8.8.1 加筋土挡土墙的结构" ORDERLABEL="163"><METS:fptr FILEID="00000171"/>
				</METS:div>
				<METS:div TYPE="Chapter" LABEL="8.8.2 设计步骤" ORDERLABEL="164"><METS:fptr FILEID="00000172"/>
				</METS:div>
				<METS:div TYPE="Chapter" LABEL="8.8.3 内部稳定性验算" ORDERLABEL="165"><METS:fptr FILEID="00000173"/>
				</METS:div>
				<METS:div TYPE="Chapter" LABEL="8.8.4 外部稳定性验算" ORDERLABEL="168"><METS:fptr FILEID="00000176"/>
				</METS:div>
				<METS:div TYPE="Chapter" LABEL="8.8.5 整体稳定性验算" ORDERLABEL="171"><METS:fptr FILEID="00000179"/>
				</METS:div>
			</METS:div>
			<METS:div TYPE="Chapter" LABEL="8.9 管涵上的土压力计算" ORDERLABEL="172"><METS:fptr FILEID="00000180"/>
				<METS:div TYPE="Chapter" LABEL="8.9.1 沟埋式管涵上的土压力" ORDERLABEL="173"><METS:fptr FILEID="00000181"/>
				</METS:div>
				<METS:div TYPE="Chapter" LABEL="8.9.2 上埋式管涵上的土压力" ORDERLABEL="173"><METS:fptr FILEID="00000181"/>
				</METS:div>
			</METS:div>
			<METS:div TYPE="Chapter" LABEL="习题与思考题" ORDERLABEL="175"><METS:fptr FILEID="00000183"/>
			</METS:div>
			<METS:div TYPE="Chapter" LABEL="参考文献" ORDERLABEL="176"><METS:fptr FILEID="00000184"/>
			</METS:div>
		</METS:div>
		<METS:div TYPE="Chapter" LABEL="第9章 地基承载力" ORDERLABEL="177"><METS:fptr FILEID="00000185"/>
			<METS:div TYPE="Chapter" LABEL="9.1 概述" ORDERLABEL="177"><METS:fptr FILEID="00000185"/>
			</METS:div>
			<METS:div TYPE="Chapter" LABEL="9.2 地基破坏模式" ORDERLABEL="178"><METS:fptr FILEID="00000186"/>
				<METS:div TYPE="Chapter" LABEL="9.2.1 三种破坏型式" ORDERLABEL="178"><METS:fptr FILEID="00000186"/>
				</METS:div>
				<METS:div TYPE="Chapter" LABEL="9.2.2 破坏模式的影响因素和判别" ORDERLABEL="179"><METS:fptr FILEID="00000187"/>
				</METS:div>
			</METS:div>
			<METS:div TYPE="Chapter" LABEL="9.3 地基临界荷载" ORDERLABEL="180"><METS:fptr FILEID="00000188"/>
				<METS:div TYPE="Chapter" LABEL="9.3.1 临塑荷载PCR" ORDERLABEL="180"><METS:fptr FILEID="00000188"/>
				</METS:div>
				<METS:div TYPE="Chapter" LABEL="9.3.2 塑性荷载P1/3、P1/4" ORDERLABEL="183"><METS:fptr FILEID="00000191"/>
				</METS:div>
			</METS:div>
			<METS:div TYPE="Chapter" LABEL="9.4 地基极限承载力计算" ORDERLABEL="186"><METS:fptr FILEID="00000194"/>
				<METS:div TYPE="Chapter" LABEL="9.4.1 普朗德尔极限承载力理论解" ORDERLABEL="186"><METS:fptr FILEID="00000194"/>
				</METS:div>
				<METS:div TYPE="Chapter" LABEL="9.4.2 太沙基极限承载力理论" ORDERLABEL="187"><METS:fptr FILEID="00000195"/>
				</METS:div>
				<METS:div TYPE="Chapter" LABEL="9.4.3 梅耶霍夫极限承载力理论" ORDERLABEL="192"><METS:fptr FILEID="00000200"/>
				</METS:div>
				<METS:div TYPE="Chapter" LABEL="9.4.4 汉森极限承载力公式" ORDERLABEL="194"><METS:fptr FILEID="00000202"/>
				</METS:div>
				<METS:div TYPE="Chapter" LABEL="9.4.5 魏锡克极限承载力公式" ORDERLABEL="198"><METS:fptr FILEID="00000206"/>
				</METS:div>
				<METS:div TYPE="Chapter" LABEL="9.4.6 承载力公式应用的若干问题" ORDERLABEL="199"><METS:fptr FILEID="00000207"/>
				</METS:div>
			</METS:div>
			<METS:div TYPE="Chapter" LABEL="习题与思考题" ORDERLABEL="201"><METS:fptr FILEID="00000209"/>
			</METS:div>
			<METS:div TYPE="Chapter" LABEL="参考文献" ORDERLABEL="202"><METS:fptr FILEID="00000210"/>
			</METS:div>
		</METS:div>
		<METS:div TYPE="Chapter" LABEL="第10章 土坡稳定分析" ORDERLABEL="203"><METS:fptr FILEID="00000211"/>
			<METS:div TYPE="Chapter" LABEL="10.1 概述" ORDERLABEL="203"><METS:fptr FILEID="00000211"/>
			</METS:div>
			<METS:div TYPE="Chapter" LABEL="10.2 无粘性土坡的稳定分析" ORDERLABEL="204"><METS:fptr FILEID="00000212"/>
			</METS:div>
			<METS:div TYPE="Chapter" LABEL="10.3 粘性土坡的稳定分析" ORDERLABEL="205"><METS:fptr FILEID="00000213"/>
				<METS:div TYPE="Chapter" LABEL="10.3.1 瑞典圆弧法" ORDERLABEL="205"><METS:fptr FILEID="00000213"/>
				</METS:div>
				<METS:div TYPE="Chapter" LABEL="10.3.2 泰勒稳定数法" ORDERLABEL="207"><METS:fptr FILEID="00000215"/>
				</METS:div>
				<METS:div TYPE="Chapter" LABEL="10.3.3 普遍条分法" ORDERLABEL="208"><METS:fptr FILEID="00000216"/>
				</METS:div>
				<METS:div TYPE="Chapter" LABEL="10.3.4 弗伦纽斯方法" ORDERLABEL="209"><METS:fptr FILEID="00000217"/>
				</METS:div>
				<METS:div TYPE="Chapter" LABEL="10.3.5 毕肖普简化法" ORDERLABEL="211"><METS:fptr FILEID="00000219"/>
				</METS:div>
				<METS:div TYPE="Chapter" LABEL="10.3.6 复合滑动面稳定分析" ORDERLABEL="214"><METS:fptr FILEID="00000222"/>
				</METS:div>
			</METS:div>
			<METS:div TYPE="Chapter" LABEL="10.4 稳定渗流和地震条件下土坡的稳定分析" ORDERLABEL="214"><METS:fptr FILEID="00000222"/>
				<METS:div TYPE="Chapter" LABEL="10.4.1 稳定渗流作用下土坡的稳定分析" ORDERLABEL="214"><METS:fptr FILEID="00000222"/>
				</METS:div>
				<METS:div TYPE="Chapter" LABEL="10.4.2 地震对土坡稳定的影响" ORDERLABEL="216"><METS:fptr FILEID="00000224"/>
				</METS:div>
			</METS:div>
			<METS:div TYPE="Chapter" LABEL="10.5 孔隙水压力的估算和抗剪强度指标的选用" ORDERLABEL="217"><METS:fptr FILEID="00000225"/>
				<METS:div TYPE="Chapter" LABEL="10.5.1 临界状态分析" ORDERLABEL="217"><METS:fptr FILEID="00000225"/>
				</METS:div>
				<METS:div TYPE="Chapter" LABEL="10.5.2 孔隙水压力的计算" ORDERLABEL="219"><METS:fptr FILEID="00000227"/>
				</METS:div>
				<METS:div TYPE="Chapter" LABEL="10.5.3 抗剪强度的取值" ORDERLABEL="220"><METS:fptr FILEID="00000228"/>
				</METS:div>
				<METS:div TYPE="Chapter" LABEL="10.6 滑坡的防治和土坡稳定的安全系数" ORDERLABEL="221"><METS:fptr FILEID="00000229"/>
				</METS:div>
			</METS:div>
			<METS:div TYPE="Chapter" LABEL="习题与思考题" ORDERLABEL="222"><METS:fptr FILEID="00000230"/>
			</METS:div>
		</METS:div>
	</METS:structMap>
</METS:mets>
