<?xml version="1.0" encoding="utf-8"?>
<METS:mets xmlns:METS="http://www.loc.gov/METS/" xmlns:xsi="http://www.w3.org/2001/XMLSchema-instance" xmlns:gdm="http://sunsite.berkeley.edu/GDM/" xmlns:xlink="http://www.w3.org/TR/xlink" xsi:schemalocation="http://www.loc.gov/METS/http://www.loc.gov/standards/mets/mets.xsd" LABEL="Zhejiang University.jdl.China-America digital library project" TYPE="Section">
	<METS:structMap TYPE="Catalog">
		<METS:div TYPE="Chapter" LABEL="第一章 土的物理性质与工程分类" ORDERLABEL="4"><METS:fptr FILEID="00000010"/>
			<METS:div TYPE="Chapter" LABEL="第一节 土的三相组成" ORDERLABEL="4"><METS:fptr FILEID="00000010"/>
			</METS:div>
			<METS:div TYPE="Chapter" LABEL="第二节 土的粒组与级配" ORDERLABEL="6"><METS:fptr FILEID="00000012"/>
			</METS:div>
			<METS:div TYPE="Chapter" LABEL="第三节 土的结构与灵敏度" ORDERLABEL="8"><METS:fptr FILEID="00000014"/>
			</METS:div>
			<METS:div TYPE="Chapter" LABEL="第四节 土的物理性质指标" ORDERLABEL="9"><METS:fptr FILEID="00000015"/>
			</METS:div>
			<METS:div TYPE="Chapter" LABEL="第五节 土的物理状态指标" ORDERLABEL="13"><METS:fptr FILEID="00000019"/>
			</METS:div>
			<METS:div TYPE="Chapter" LABEL="第六节 土的压实性" ORDERLABEL="16"><METS:fptr FILEID="00000022"/>
			</METS:div>
			<METS:div TYPE="Chapter" LABEL="第七节 土的工程分类" ORDERLABEL="18"><METS:fptr FILEID="00000024"/>
			</METS:div>
			<METS:div TYPE="Chapter" LABEL="习题" ORDERLABEL="23"><METS:fptr FILEID="00000029"/>
			</METS:div>
		</METS:div>
		<METS:div TYPE="Chapter" LABEL="第二章 土的渗透性" ORDERLABEL="25"><METS:fptr FILEID="00000031"/>
			<METS:div TYPE="Chapter" LABEL="第一节 达西定律" ORDERLABEL="25"><METS:fptr FILEID="00000031"/>
			</METS:div>
			<METS:div TYPE="Chapter" LABEL="第二节 渗透系数及其测定方法" ORDERLABEL="27"><METS:fptr FILEID="00000033"/>
			</METS:div>
			<METS:div TYPE="Chapter" LABEL="第三节 渗透力和渗透变形" ORDERLABEL="30"><METS:fptr FILEID="00000036"/>
			</METS:div>
			<METS:div TYPE="Chapter" LABEL="习题" ORDERLABEL="33"><METS:fptr FILEID="00000039"/>
			</METS:div>
		</METS:div>
		<METS:div TYPE="Chapter" LABEL="第三章 土体中的应力" ORDERLABEL="34"><METS:fptr FILEID="00000040"/>
			<METS:div TYPE="Chapter" LABEL="第一节 土的自重应力" ORDERLABEL="35"><METS:fptr FILEID="00000041"/>
			</METS:div>
			<METS:div TYPE="Chapter" LABEL="第二节 基底压力" ORDERLABEL="36"><METS:fptr FILEID="00000042"/>
			</METS:div>
			<METS:div TYPE="Chapter" LABEL="第三节 地基中的附加应力" ORDERLABEL="39"><METS:fptr FILEID="00000045"/>
			</METS:div>
			<METS:div TYPE="Chapter" LABEL="习题" ORDERLABEL="52"><METS:fptr FILEID="00000058"/>
			</METS:div>
		</METS:div>
		<METS:div TYPE="Chapter" LABEL="第四章 地基变形计算" ORDERLABEL="54"><METS:fptr FILEID="00000060"/>
			<METS:div TYPE="Chapter" LABEL="第一节 土的压缩性" ORDERLABEL="54"><METS:fptr FILEID="00000060"/>
			</METS:div>
			<METS:div TYPE="Chapter" LABEL="第二节 地基最终变形量的计算" ORDERLABEL="58"><METS:fptr FILEID="00000064"/>
			</METS:div>
			<METS:div TYPE="Chapter" LABEL="第三节 地基变形与时间的关系" ORDERLABEL="62"><METS:fptr FILEID="00000068"/>
			</METS:div>
			<METS:div TYPE="Chapter" LABEL="习题" ORDERLABEL="68"><METS:fptr FILEID="00000074"/>
			</METS:div>
		</METS:div>
		<METS:div TYPE="Chapter" LABEL="第五章 土的抗剪强度" ORDERLABEL="70"><METS:fptr FILEID="00000076"/>
			<METS:div TYPE="Chapter" LABEL="第一节 库仑定律" ORDERLABEL="70"><METS:fptr FILEID="00000076"/>
			</METS:div>
			<METS:div TYPE="Chapter" LABEL="第二节 土的极限平衡条件" ORDERLABEL="72"><METS:fptr FILEID="00000078"/>
			</METS:div>
			<METS:div TYPE="Chapter" LABEL="第三节 抗剪强度指标的测定" ORDERLABEL="74"><METS:fptr FILEID="00000080"/>
			</METS:div>
			<METS:div TYPE="Chapter" LABEL="第四节 总应力强度指标与有效应力强度指标" ORDERLABEL="78"><METS:fptr FILEID="00000084"/>
			</METS:div>
			<METS:div TYPE="Chapter" LABEL="第五节 砂土的液化" ORDERLABEL="81"><METS:fptr FILEID="00000087"/>
			</METS:div>
			<METS:div TYPE="Chapter" LABEL="习题" ORDERLABEL="85"><METS:fptr FILEID="00000091"/>
			</METS:div>
		</METS:div>
		<METS:div TYPE="Chapter" LABEL="第六章 土压力" ORDERLABEL="86"><METS:fptr FILEID="00000092"/>
			<METS:div TYPE="Chapter" LABEL="第一节 挡土墙与土压力" ORDERLABEL="86"><METS:fptr FILEID="00000092"/>
			</METS:div>
			<METS:div TYPE="Chapter" LABEL="第二节 静止土压力" ORDERLABEL="88"><METS:fptr FILEID="00000094"/>
			</METS:div>
			<METS:div TYPE="Chapter" LABEL="第三节 朗肯土压力理论" ORDERLABEL="90"><METS:fptr FILEID="00000096"/>
			</METS:div>
			<METS:div TYPE="Chapter" LABEL="第四节 库仑土压力理论" ORDERLABEL="98"><METS:fptr FILEID="00000104"/>
			</METS:div>
			<METS:div TYPE="Chapter" LABEL="第五节 减小主动土压力的措施" ORDERLABEL="102"><METS:fptr FILEID="00000108"/>
			</METS:div>
			<METS:div TYPE="Chapter" LABEL="习题" ORDERLABEL="103"><METS:fptr FILEID="00000109"/>
			</METS:div>
		</METS:div>
		<METS:div TYPE="Chapter" LABEL="第七章 地基承载力" ORDERLABEL="104"><METS:fptr FILEID="00000110"/>
			<METS:div TYPE="Chapter" LABEL="第一节 地基的变形与破坏形式" ORDERLABEL="104"><METS:fptr FILEID="00000110"/>
			</METS:div>
			<METS:div TYPE="Chapter" LABEL="第二节 按理论公式确定地基承载力" ORDERLABEL="106"><METS:fptr FILEID="00000112"/>
			</METS:div>
			<METS:div TYPE="Chapter" LABEL="第三节 原位试验方法简介" ORDERLABEL="115"><METS:fptr FILEID="00000121"/>
			</METS:div>
			<METS:div TYPE="Chapter" LABEL="第四节 按规范确定地基承载力" ORDERLABEL="117"><METS:fptr FILEID="00000123"/>
			</METS:div>
			<METS:div TYPE="Chapter" LABEL="习题" ORDERLABEL="122"><METS:fptr FILEID="00000128"/>
			</METS:div>
		</METS:div>
		<METS:div TYPE="Chapter" LABEL="第八章 基础设计与地基处理" ORDERLABEL="124"><METS:fptr FILEID="00000130"/>
			<METS:div TYPE="Chapter" LABEL="第一节 天然地基上的浅基础设计" ORDERLABEL="124"><METS:fptr FILEID="00000130"/>
			</METS:div>
			<METS:div TYPE="Chapter" LABEL="第二节 桩基础" ORDERLABEL="134"><METS:fptr FILEID="00000140"/>
			</METS:div>
			<METS:div TYPE="Chapter" LABEL="第三节 地基处理" ORDERLABEL="139"><METS:fptr FILEID="00000145"/>
			</METS:div>
			<METS:div TYPE="Chapter" LABEL="第四节 特殊土地基" ORDERLABEL="143"><METS:fptr FILEID="00000149"/>
			</METS:div>
			<METS:div TYPE="Chapter" LABEL="习题" ORDERLABEL="147"><METS:fptr FILEID="00000153"/>
			</METS:div>
		</METS:div>
	</METS:structMap>
</METS:mets>
