<?xml version="1.0" encoding="utf-8"?>
<METS:mets xmlns:METS="http://www.loc.gov/METS/" xmlns:xsi="http://www.w3.org/2001/XMLSchema-instance" xmlns:gdm="http://sunsite.berkeley.edu/GDM/" xmlns:xlink="http://www.w3.org/TR/xlink" xsi:schemalocation="http://www.loc.gov/METS/http://www.loc.gov/standards/mets/mets.xsd" LABEL="Zhejiang University.jdl.China-America digital library project" TYPE="Section">
	<METS:structMap TYPE="Catalog">
		<METS:div TYPE="Chapter" LABEL="第一篇  静力学" ORDERLABEL="5"><METS:fptr FILEID="00000015"/>
			<METS:div TYPE="Chapter" LABEL="第一章  力的基本概念和物体受力分析" ORDERLABEL="5"><METS:fptr FILEID="00000017"/>
				<METS:div TYPE="Chapter" LABEL="第一节  基本概念和公理" ORDERLABEL="5"><METS:fptr FILEID="00000017"/>
					<METS:div TYPE="Chapter" LABEL="一、基本概念" ORDERLABEL="5"><METS:fptr FILEID="00000017"/>
					</METS:div>
					<METS:div TYPE="Chapter" LABEL="二、静力学公理" ORDERLABEL="6"><METS:fptr FILEID="00000018"/>
					</METS:div>
				</METS:div>
				<METS:div TYPE="Chapter" LABEL="第二节  约束和约束反力" ORDERLABEL="8"><METS:fptr FILEID="00000020"/>
					<METS:div TYPE="Chapter" LABEL="一、约束" ORDERLABEL="8"><METS:fptr FILEID="00000020"/>
					</METS:div>
					<METS:div TYPE="Chapter" LABEL="二、约束反力" ORDERLABEL="9"><METS:fptr FILEID="00000021"/>
					</METS:div>
					<METS:div TYPE="Chapter" LABEL="三、约束的基本类型" ORDERLABEL="9"><METS:fptr FILEID="00000021"/>
					</METS:div>
				</METS:div>
				<METS:div TYPE="Chapter" LABEL="第三节  受力分析和受力图" ORDERLABEL="12"><METS:fptr FILEID="00000024"/>
				</METS:div>
				<METS:div TYPE="Chapter" LABEL="小结" ORDERLABEL="16"><METS:fptr FILEID="00000028"/>
				</METS:div>
				<METS:div TYPE="Chapter" LABEL="英文提要" ORDERLABEL="16"><METS:fptr FILEID="00000028"/>
				</METS:div>
				<METS:div TYPE="Chapter" LABEL="思考题" ORDERLABEL="17"><METS:fptr FILEID="00000029"/>
				</METS:div>
				<METS:div TYPE="Chapter" LABEL="习题" ORDERLABEL="19"><METS:fptr FILEID="00000031"/>
				</METS:div>
			</METS:div>
			<METS:div TYPE="Chapter" LABEL="第二章  汇交力系和力偶系" ORDERLABEL="21"><METS:fptr FILEID="00000033"/>
				<METS:div TYPE="Chapter" LABEL="第一节  力在坐标轴上的投影" ORDERLABEL="21"><METS:fptr FILEID="00000033"/>
				</METS:div>
				<METS:div TYPE="Chapter" LABEL="第二节  汇交力系的简化与平衡" ORDERLABEL="24"><METS:fptr FILEID="00000036"/>
					<METS:div TYPE="Chapter" LABEL="一、汇交力系的简化" ORDERLABEL="24"><METS:fptr FILEID="00000036"/>
					</METS:div>
					<METS:div TYPE="Chapter" LABEL="二、汇交力系的平衡" ORDERLABEL="25"><METS:fptr FILEID="00000037"/>
					</METS:div>
				</METS:div>
				<METS:div TYPE="Chapter" LABEL="第三节  力矩与力偶" ORDERLABEL="28"><METS:fptr FILEID="00000040"/>
					<METS:div TYPE="Chapter" LABEL="一、力矩" ORDERLABEL="28"><METS:fptr FILEID="00000040"/>
					</METS:div>
					<METS:div TYPE="Chapter" LABEL="二、力偶" ORDERLABEL="31"><METS:fptr FILEID="00000043"/>
					</METS:div>
				</METS:div>
				<METS:div TYPE="Chapter" LABEL="第四节  力偶系的简化与平衡" ORDERLABEL="33"><METS:fptr FILEID="00000045"/>
					<METS:div TYPE="Chapter" LABEL="一、力偶系的简化" ORDERLABEL="33"><METS:fptr FILEID="00000045"/>
					</METS:div>
					<METS:div TYPE="Chapter" LABEL="二、力偶系的平衡" ORDERLABEL="33"><METS:fptr FILEID="00000045"/>
					</METS:div>
				</METS:div>
				<METS:div TYPE="Chapter" LABEL="小结" ORDERLABEL="35"><METS:fptr FILEID="00000047"/>
				</METS:div>
				<METS:div TYPE="Chapter" LABEL="英文提要" ORDERLABEL="36"><METS:fptr FILEID="00000048"/>
				</METS:div>
				<METS:div TYPE="Chapter" LABEL="思考题" ORDERLABEL="37"><METS:fptr FILEID="00000049"/>
				</METS:div>
				<METS:div TYPE="Chapter" LABEL="习题" ORDERLABEL="38"><METS:fptr FILEID="00000050"/>
				</METS:div>
			</METS:div>
			<METS:div TYPE="Chapter" LABEL="第三章  平面一般力系" ORDERLABEL="43"><METS:fptr FILEID="00000055"/>
				<METS:div TYPE="Chapter" LABEL="第一节  平面力系的简化" ORDERLABEL="44"><METS:fptr FILEID="00000056"/>
					<METS:div TYPE="Chapter" LABEL="一、力的平移定理" ORDERLABEL="44"><METS:fptr FILEID="00000056"/>
					</METS:div>
					<METS:div TYPE="Chapter" LABEL="二、平面一般力系向一点简化" ORDERLABEL="45"><METS:fptr FILEID="00000057"/>
					</METS:div>
					<METS:div TYPE="Chapter" LABEL="三、平行分布荷载的抽象与简化" ORDERLABEL="48"><METS:fptr FILEID="00000060"/>
					</METS:div>
				</METS:div>
				<METS:div TYPE="Chapter" LABEL="第二节  平面一般力系的平衡" ORDERLABEL="50"><METS:fptr FILEID="00000062"/>
					<METS:div TYPE="Chapter" LABEL="一、平面一般力系的平衡" ORDERLABEL="50"><METS:fptr FILEID="00000062"/>
					</METS:div>
					<METS:div TYPE="Chapter" LABEL="二、平面平行力系的平衡方程" ORDERLABEL="52"><METS:fptr FILEID="00000064"/>
					</METS:div>
				</METS:div>
				<METS:div TYPE="Chapter" LABEL="第三节  物体系统的平衡" ORDERLABEL="54"><METS:fptr FILEID="00000066"/>
					<METS:div TYPE="Chapter" LABEL="一、静定、静不定的概念" ORDERLABEL="54"><METS:fptr FILEID="00000066"/>
					</METS:div>
					<METS:div TYPE="Chapter" LABEL="二、物体系统的平衡问题" ORDERLABEL="55"><METS:fptr FILEID="00000067"/>
					</METS:div>
					<METS:div TYPE="Chapter" LABEL="三、静定平面桁架" ORDERLABEL="60"><METS:fptr FILEID="00000072"/>
					</METS:div>
				</METS:div>
				<METS:div TYPE="Chapter" LABEL="第四节  摩擦" ORDERLABEL="64"><METS:fptr FILEID="00000076"/>
					<METS:div TYPE="Chapter" LABEL="一、摩擦现象" ORDERLABEL="64"><METS:fptr FILEID="00000076"/>
					</METS:div>
					<METS:div TYPE="Chapter" LABEL="二、滑动摩擦" ORDERLABEL="64"><METS:fptr FILEID="00000076"/>
					</METS:div>
					<METS:div TYPE="Chapter" LABEL="三、摩擦角与自锁现象" ORDERLABEL="66"><METS:fptr FILEID="00000078"/>
					</METS:div>
					<METS:div TYPE="Chapter" LABEL="四、考虑摩擦时的物体的平衡" ORDERLABEL="69"><METS:fptr FILEID="00000081"/>
					</METS:div>
					<METS:div TYPE="Chapter" LABEL="五、滚动摩擦的概念" ORDERLABEL="71"><METS:fptr FILEID="00000083"/>
					</METS:div>
				</METS:div>
				<METS:div TYPE="Chapter" LABEL="小结" ORDERLABEL="72"><METS:fptr FILEID="00000084"/>
				</METS:div>
				<METS:div TYPE="Chapter" LABEL="英文提要" ORDERLABEL="73"><METS:fptr FILEID="00000085"/>
				</METS:div>
				<METS:div TYPE="Chapter" LABEL="思考题" ORDERLABEL="73"><METS:fptr FILEID="00000085"/>
				</METS:div>
				<METS:div TYPE="Chapter" LABEL="习题" ORDERLABEL="75"><METS:fptr FILEID="00000087"/>
				</METS:div>
			</METS:div>
			<METS:div TYPE="Chapter" LABEL="第四章  空间力系" ORDERLABEL="83"><METS:fptr FILEID="00000095"/>
				<METS:div TYPE="Chapter" LABEL="第一节  力对轴之矩" ORDERLABEL="83"><METS:fptr FILEID="00000095"/>
					<METS:div TYPE="Chapter" LABEL="一、力对轴之矩的概念" ORDERLABEL="83"><METS:fptr FILEID="00000095"/>
					</METS:div>
					<METS:div TYPE="Chapter" LABEL="二、合力矩定理" ORDERLABEL="84"><METS:fptr FILEID="00000096"/>
					</METS:div>
				</METS:div>
				<METS:div TYPE="Chapter" LABEL="第二节  空间力系的简化结果及讨论" ORDERLABEL="86"><METS:fptr FILEID="00000098"/>
					<METS:div TYPE="Chapter" LABEL="一、空间一般力系向一点的简化" ORDERLABEL="86"><METS:fptr FILEID="00000098"/>
					</METS:div>
					<METS:div TYPE="Chapter" LABEL="二、简空间一般力系化结果的讨论" ORDERLABEL="87"><METS:fptr FILEID="00000099"/>
					</METS:div>
				</METS:div>
				<METS:div TYPE="Chapter" LABEL="第三节  空间力系的平衡方程及其应用" ORDERLABEL="89"><METS:fptr FILEID="00000101"/>
				</METS:div>
				<METS:div TYPE="Chapter" LABEL="第四节  重心" ORDERLABEL="92"><METS:fptr FILEID="00000104"/>
					<METS:div TYPE="Chapter" LABEL="一、重心的概念" ORDERLABEL="92"><METS:fptr FILEID="00000104"/>
					</METS:div>
					<METS:div TYPE="Chapter" LABEL="二、重心坐标公式" ORDERLABEL="92"><METS:fptr FILEID="00000104"/>
					</METS:div>
					<METS:div TYPE="Chapter" LABEL="三、重心位置的求法" ORDERLABEL="93"><METS:fptr FILEID="00000105"/>
					</METS:div>
				</METS:div>
				<METS:div TYPE="Chapter" LABEL="小结" ORDERLABEL="95"><METS:fptr FILEID="00000107"/>
				</METS:div>
				<METS:div TYPE="Chapter" LABEL="英文提要" ORDERLABEL="95"><METS:fptr FILEID="00000107"/>
				</METS:div>
				<METS:div TYPE="Chapter" LABEL="思考题" ORDERLABEL="95"><METS:fptr FILEID="00000107"/>
				</METS:div>
				<METS:div TYPE="Chapter" LABEL="习题" ORDERLABEL="96"><METS:fptr FILEID="00000108"/>
				</METS:div>
			</METS:div>
		</METS:div>
		<METS:div TYPE="Chapter" LABEL="第二篇  运动学" ORDERLABEL="101"><METS:fptr FILEID="00000111"/>
			<METS:div TYPE="Chapter" LABEL="第五章  点的运动" ORDERLABEL="101"><METS:fptr FILEID="00000113"/>
				<METS:div TYPE="Chapter" LABEL="第一节  矢量法" ORDERLABEL="101"><METS:fptr FILEID="00000113"/>
					<METS:div TYPE="Chapter" LABEL="一、轨迹的表达" ORDERLABEL="101"><METS:fptr FILEID="00000113"/>
					</METS:div>
					<METS:div TYPE="Chapter" LABEL="二、速度的表达" ORDERLABEL="101"><METS:fptr FILEID="00000113"/>
					</METS:div>
					<METS:div TYPE="Chapter" LABEL="三、加速度的表达" ORDERLABEL="102"><METS:fptr FILEID="00000114"/>
					</METS:div>
				</METS:div>
				<METS:div TYPE="Chapter" LABEL="第二节  直角坐标法" ORDERLABEL="102"><METS:fptr FILEID="00000114"/>
					<METS:div TYPE="Chapter" LABEL="一、运动的轨迹" ORDERLABEL="102"><METS:fptr FILEID="00000114"/>
					</METS:div>
					<METS:div TYPE="Chapter" LABEL="二、速度" ORDERLABEL="103"><METS:fptr FILEID="00000115"/>
					</METS:div>
					<METS:div TYPE="Chapter" LABEL="三、加速度" ORDERLABEL="103"><METS:fptr FILEID="00000115"/>
					</METS:div>
				</METS:div>
				<METS:div TYPE="Chapter" LABEL="第三节  直角坐标法与矢径法的关系" ORDERLABEL="105"><METS:fptr FILEID="00000117"/>
					<METS:div TYPE="Chapter" LABEL="一、位置" ORDERLABEL="105"><METS:fptr FILEID="00000117"/>
					</METS:div>
					<METS:div TYPE="Chapter" LABEL="二、速度" ORDERLABEL="106"><METS:fptr FILEID="00000118"/>
					</METS:div>
					<METS:div TYPE="Chapter" LABEL="三、加速度" ORDERLABEL="106"><METS:fptr FILEID="00000118"/>
					</METS:div>
				</METS:div>
				<METS:div TYPE="Chapter" LABEL="第四节  自然法" ORDERLABEL="107"><METS:fptr FILEID="00000119"/>
					<METS:div TYPE="Chapter" LABEL="一、弧坐标" ORDERLABEL="107"><METS:fptr FILEID="00000119"/>
					</METS:div>
					<METS:div TYPE="Chapter" LABEL="二、速度" ORDERLABEL="107"><METS:fptr FILEID="00000119"/>
					</METS:div>
					<METS:div TYPE="Chapter" LABEL="三、自然坐标系" ORDERLABEL="107"><METS:fptr FILEID="00000119"/>
					</METS:div>
					<METS:div TYPE="Chapter" LABEL="四、加速度" ORDERLABEL="108"><METS:fptr FILEID="00000120"/>
					</METS:div>
				</METS:div>
				<METS:div TYPE="Chapter" LABEL="小结" ORDERLABEL="110"><METS:fptr FILEID="00000122"/>
				</METS:div>
				<METS:div TYPE="Chapter" LABEL="英文提要" ORDERLABEL="111"><METS:fptr FILEID="00000123"/>
				</METS:div>
				<METS:div TYPE="Chapter" LABEL="思考题" ORDERLABEL="112"><METS:fptr FILEID="00000124"/>
				</METS:div>
				<METS:div TYPE="Chapter" LABEL="习题" ORDERLABEL="112"><METS:fptr FILEID="00000124"/>
				</METS:div>
			</METS:div>
			<METS:div TYPE="Chapter" LABEL="第六章  刚体的基本运动" ORDERLABEL="114"><METS:fptr FILEID="00000126"/>
				<METS:div TYPE="Chapter" LABEL="第一节  刚体的平动" ORDERLABEL="114"><METS:fptr FILEID="00000126"/>
					<METS:div TYPE="Chapter" LABEL="一、刚体平动的定义" ORDERLABEL="114"><METS:fptr FILEID="00000126"/>
					</METS:div>
					<METS:div TYPE="Chapter" LABEL="二、刚体平动的特点" ORDERLABEL="115"><METS:fptr FILEID="00000127"/>
					</METS:div>
				</METS:div>
				<METS:div TYPE="Chapter" LABEL="第二节  刚体的定轴转动" ORDERLABEL="116"><METS:fptr FILEID="00000128"/>
					<METS:div TYPE="Chapter" LABEL="一、刚体的定轴转动" ORDERLABEL="116"><METS:fptr FILEID="00000128"/>
					</METS:div>
					<METS:div TYPE="Chapter" LABEL="二、转动刚体内各点的速度和加速度" ORDERLABEL="117"><METS:fptr FILEID="00000129"/>
					</METS:div>
					<METS:div TYPE="Chapter" LABEL="三、角速度矢和角加速度矢" ORDERLABEL="119"><METS:fptr FILEID="00000131"/>
					</METS:div>
					<METS:div TYPE="Chapter" LABEL="四、轮系的传动比" ORDERLABEL="121"><METS:fptr FILEID="00000133"/>
					</METS:div>
				</METS:div>
				<METS:div TYPE="Chapter" LABEL="小结" ORDERLABEL="121"><METS:fptr FILEID="00000133"/>
				</METS:div>
				<METS:div TYPE="Chapter" LABEL="英文提要" ORDERLABEL="122"><METS:fptr FILEID="00000134"/>
				</METS:div>
				<METS:div TYPE="Chapter" LABEL="思考题" ORDERLABEL="123"><METS:fptr FILEID="00000135"/>
				</METS:div>
				<METS:div TYPE="Chapter" LABEL="习题" ORDERLABEL="124"><METS:fptr FILEID="00000136"/>
				</METS:div>
			</METS:div>
			<METS:div TYPE="Chapter" LABEL="第七章  点的复合运动" ORDERLABEL="127"><METS:fptr FILEID="00000139"/>
				<METS:div TYPE="Chapter" LABEL="第一节  绝对运动、相对运动和牵连运动的基本概念" ORDERLABEL="127"><METS:fptr FILEID="00000139"/>
				</METS:div>
				<METS:div TYPE="Chapter" LABEL="第二节  点的速度合成定理" ORDERLABEL="128"><METS:fptr FILEID="00000140"/>
				</METS:div>
				<METS:div TYPE="Chapter" LABEL="第三节  牵连运动是平动时的加速度合成定理" ORDERLABEL="130"><METS:fptr FILEID="00000142"/>
				</METS:div>
				<METS:div TYPE="Chapter" LABEL="第四节  当牵连运动是转动时的加速度合成定理科氏加速度" ORDERLABEL="132"><METS:fptr FILEID="00000144"/>
				</METS:div>
				<METS:div TYPE="Chapter" LABEL="小结" ORDERLABEL="135"><METS:fptr FILEID="00000147"/>
				</METS:div>
				<METS:div TYPE="Chapter" LABEL="英文提要" ORDERLABEL="136"><METS:fptr FILEID="00000148"/>
				</METS:div>
				<METS:div TYPE="Chapter" LABEL="思考题" ORDERLABEL="136"><METS:fptr FILEID="00000148"/>
				</METS:div>
				<METS:div TYPE="Chapter" LABEL="习题" ORDERLABEL="136"><METS:fptr FILEID="00000148"/>
				</METS:div>
			</METS:div>
			<METS:div TYPE="Chapter" LABEL="第八章  刚体的平面运动" ORDERLABEL="140"><METS:fptr FILEID="00000152"/>
				<METS:div TYPE="Chapter" LABEL="第一节  刚体平面运动的基本概念" ORDERLABEL="140"><METS:fptr FILEID="00000152"/>
					<METS:div TYPE="Chapter" LABEL="一、刚体平面运动的定义与简化" ORDERLABEL="140"><METS:fptr FILEID="00000152"/>
					</METS:div>
					<METS:div TYPE="Chapter" LABEL="二、刚体平面运动方程" ORDERLABEL="141"><METS:fptr FILEID="00000153"/>
					</METS:div>
					<METS:div TYPE="Chapter" LABEL="三、平面运动的分解——平动和转动" ORDERLABEL="141"><METS:fptr FILEID="00000153"/>
					</METS:div>
					<METS:div TYPE="Chapter" LABEL="四、平面运动的分解与基点选择的关系" ORDERLABEL="142"><METS:fptr FILEID="00000154"/>
					</METS:div>
				</METS:div>
				<METS:div TYPE="Chapter" LABEL="第二节  平面图形上各点的速度" ORDERLABEL="143"><METS:fptr FILEID="00000155"/>
					<METS:div TYPE="Chapter" LABEL="一、基点法" ORDERLABEL="143"><METS:fptr FILEID="00000155"/>
					</METS:div>
					<METS:div TYPE="Chapter" LABEL="二、速度投影定理" ORDERLABEL="143"><METS:fptr FILEID="00000155"/>
					</METS:div>
					<METS:div TYPE="Chapter" LABEL="三、速度瞬心法" ORDERLABEL="146"><METS:fptr FILEID="00000158"/>
					</METS:div>
				</METS:div>
				<METS:div TYPE="Chapter" LABEL="第三节  求平面图形上各点加速度的基点法" ORDERLABEL="151"><METS:fptr FILEID="00000163"/>
				</METS:div>
				<METS:div TYPE="Chapter" LABEL="第四节  运动学综合应用举例" ORDERLABEL="155"><METS:fptr FILEID="00000167"/>
				</METS:div>
				<METS:div TYPE="Chapter" LABEL="小结" ORDERLABEL="160"><METS:fptr FILEID="00000172"/>
				</METS:div>
				<METS:div TYPE="Chapter" LABEL="英文提要" ORDERLABEL="161"><METS:fptr FILEID="00000173"/>
				</METS:div>
				<METS:div TYPE="Chapter" LABEL="思考题" ORDERLABEL="161"><METS:fptr FILEID="00000173"/>
				</METS:div>
				<METS:div TYPE="Chapter" LABEL="习题" ORDERLABEL="163"><METS:fptr FILEID="00000175"/>
				</METS:div>
			</METS:div>
		</METS:div>
		<METS:div TYPE="Chapter" LABEL="第三篇  动力学" ORDERLABEL="171"><METS:fptr FILEID="00000181"/>
			<METS:div TYPE="Chapter" LABEL="动力学Ⅰ" ORDERLABEL="183"><METS:fptr FILEID="00000183"/>
				<METS:div TYPE="Chapter" LABEL="第九章  质点动力学基本方程" ORDERLABEL="171"><METS:fptr FILEID="00000183"/>
					<METS:div TYPE="Chapter" LABEL="第一节  动力学基本定律" ORDERLABEL="171"><METS:fptr FILEID="00000183"/>
					</METS:div>
					<METS:div TYPE="Chapter" LABEL="第二节  质点的运动微分方程" ORDERLABEL="172"><METS:fptr FILEID="00000184"/>
						<METS:div TYPE="Chapter" LABEL="一、质点运动微分方程在直角坐标轴上投影" ORDERLABEL="172"><METS:fptr FILEID="00000184"/>
						</METS:div>
						<METS:div TYPE="Chapter" LABEL="二、质点运动微分方程在自然轴上投影" ORDERLABEL="173"><METS:fptr FILEID="00000185"/>
						</METS:div>
					</METS:div>
					<METS:div TYPE="Chapter" LABEL="第三节  质点动力学的两类问题" ORDERLABEL="173"><METS:fptr FILEID="00000185"/>
						<METS:div TYPE="Chapter" LABEL="一、已知运动求力" ORDERLABEL="173"><METS:fptr FILEID="00000185"/>
						</METS:div>
						<METS:div TYPE="Chapter" LABEL="二、已知力求运动" ORDERLABEL="175"><METS:fptr FILEID="00000187"/>
						</METS:div>
					</METS:div>
					<METS:div TYPE="Chapter" LABEL="第四节  相对运动动力学方程" ORDERLABEL="177"><METS:fptr FILEID="00000189"/>
					</METS:div>
					<METS:div TYPE="Chapter" LABEL="小结" ORDERLABEL="178"><METS:fptr FILEID="00000190"/>
					</METS:div>
					<METS:div TYPE="Chapter" LABEL="英文提要" ORDERLABEL="178"><METS:fptr FILEID="00000190"/>
					</METS:div>
					<METS:div TYPE="Chapter" LABEL="思考题" ORDERLABEL="179"><METS:fptr FILEID="00000191"/>
					</METS:div>
					<METS:div TYPE="Chapter" LABEL="习题" ORDERLABEL="180"><METS:fptr FILEID="00000192"/>
					</METS:div>
				</METS:div>
				<METS:div TYPE="Chapter" LABEL="第十章  动量定理" ORDERLABEL="184"><METS:fptr FILEID="00000196"/>
					<METS:div TYPE="Chapter" LABEL="第一节  动量与冲量" ORDERLABEL="184"><METS:fptr FILEID="00000196"/>
						<METS:div TYPE="Chapter" LABEL="一、动量" ORDERLABEL="184"><METS:fptr FILEID="00000196"/>
						</METS:div>
						<METS:div TYPE="Chapter" LABEL="二、冲量" ORDERLABEL="185"><METS:fptr FILEID="00000197"/>
						</METS:div>
					</METS:div>
					<METS:div TYPE="Chapter" LABEL="第二节   质点的动量定理" ORDERLABEL="185"><METS:fptr FILEID="00000197"/>
					</METS:div>
					<METS:div TYPE="Chapter" LABEL="第三节  质点系的动量定理" ORDERLABEL="187"><METS:fptr FILEID="00000199"/>
					</METS:div>
					<METS:div TYPE="Chapter" LABEL="第四节  质心运动定理" ORDERLABEL="191"><METS:fptr FILEID="00000203"/>
						<METS:div TYPE="Chapter" LABEL="一、质量中心" ORDERLABEL="191"><METS:fptr FILEID="00000203"/>
						</METS:div>
						<METS:div TYPE="Chapter" LABEL="二、质心运动定理" ORDERLABEL="193"><METS:fptr FILEID="00000205"/>
						</METS:div>
						<METS:div TYPE="Chapter" LABEL="三、质心运动守恒定律" ORDERLABEL="194"><METS:fptr FILEID="00000206"/>
						</METS:div>
					</METS:div>
					<METS:div TYPE="Chapter" LABEL="小结" ORDERLABEL="196"><METS:fptr FILEID="00000208"/>
					</METS:div>
					<METS:div TYPE="Chapter" LABEL="英文提要" ORDERLABEL="197"><METS:fptr FILEID="00000209"/>
					</METS:div>
					<METS:div TYPE="Chapter" LABEL="思考题" ORDERLABEL="197"><METS:fptr FILEID="00000209"/>
					</METS:div>
					<METS:div TYPE="Chapter" LABEL="习题" ORDERLABEL="199"><METS:fptr FILEID="00000211"/>
					</METS:div>
				</METS:div>
				<METS:div TYPE="Chapter" LABEL="第十一章  动量矩定理" ORDERLABEL="205"><METS:fptr FILEID="00000217"/>
					<METS:div TYPE="Chapter" LABEL="第一节  质点系的动量矩定理" ORDERLABEL="205"><METS:fptr FILEID="00000217"/>
						<METS:div TYPE="Chapter" LABEL="一、质点及质点系的动量矩" ORDERLABEL="205"><METS:fptr FILEID="00000217"/>
						</METS:div>
						<METS:div TYPE="Chapter" LABEL="二、动量矩定理" ORDERLABEL="206"><METS:fptr FILEID="00000218"/>
						</METS:div>
					</METS:div>
					<METS:div TYPE="Chapter" LABEL="第二节  定轴转动微分方程" ORDERLABEL="210"><METS:fptr FILEID="00000222"/>
					</METS:div>
					<METS:div TYPE="Chapter" LABEL="第三节  刚体的转动惯量" ORDERLABEL="213"><METS:fptr FILEID="00000225"/>
						<METS:div TYPE="Chapter" LABEL="一、简单形状物体的转动惯量的计算" ORDERLABEL="213"><METS:fptr FILEID="00000225"/>
						</METS:div>
						<METS:div TYPE="Chapter" LABEL="二、惯性半径（或回转半径）" ORDERLABEL="214"><METS:fptr FILEID="00000226"/>
						</METS:div>
						<METS:div TYPE="Chapter" LABEL="三、平行轴定理" ORDERLABEL="216"><METS:fptr FILEID="00000228"/>
						</METS:div>
					</METS:div>
					<METS:div TYPE="Chapter" LABEL="第四节  质点系相对于质心的动量矩定理" ORDERLABEL="218"><METS:fptr FILEID="00000230"/>
						<METS:div TYPE="Chapter" LABEL="一、质点系相对于固定点的动量矩与相对于质心的动量矩之间的关系" ORDERLABEL="218"><METS:fptr FILEID="00000230"/>
						</METS:div>
						<METS:div TYPE="Chapter" LABEL="二、相对质心的动量矩定理" ORDERLABEL="218"><METS:fptr FILEID="00000230"/>
						</METS:div>
					</METS:div>
					<METS:div TYPE="Chapter" LABEL="第五节  刚体平面运动的微分方程" ORDERLABEL="219"><METS:fptr FILEID="00000231"/>
					</METS:div>
					<METS:div TYPE="Chapter" LABEL="小结" ORDERLABEL="221"><METS:fptr FILEID="00000233"/>
					</METS:div>
					<METS:div TYPE="Chapter" LABEL="英文提要" ORDERLABEL="223"><METS:fptr FILEID="00000235"/>
					</METS:div>
					<METS:div TYPE="Chapter" LABEL="思考题" ORDERLABEL="223"><METS:fptr FILEID="00000235"/>
					</METS:div>
					<METS:div TYPE="Chapter" LABEL="习题" ORDERLABEL="225"><METS:fptr FILEID="00000237"/>
					</METS:div>
				</METS:div>
				<METS:div TYPE="Chapter" LABEL="第十二章  动能定理" ORDERLABEL="231"><METS:fptr FILEID="00000243"/>
					<METS:div TYPE="Chapter" LABEL="第一节  功、势力场和势能" ORDERLABEL="231"><METS:fptr FILEID="00000243"/>
						<METS:div TYPE="Chapter" LABEL="一、功" ORDERLABEL="231"><METS:fptr FILEID="00000243"/>
						</METS:div>
						<METS:div TYPE="Chapter" LABEL="二、势力场和势能" ORDERLABEL="234"><METS:fptr FILEID="00000246"/>
						</METS:div>
					</METS:div>
					<METS:div TYPE="Chapter" LABEL="第二节  质点系的动能定理" ORDERLABEL="235"><METS:fptr FILEID="00000247"/>
						<METS:div TYPE="Chapter" LABEL="一、质点及质点系的动能" ORDERLABEL="235"><METS:fptr FILEID="00000247"/>
						</METS:div>
						<METS:div TYPE="Chapter" LABEL="二、质点和质点系的动能定理" ORDERLABEL="237"><METS:fptr FILEID="00000249"/>
						</METS:div>
						<METS:div TYPE="Chapter" LABEL="三、功率方程" ORDERLABEL="242"><METS:fptr FILEID="00000254"/>
						</METS:div>
						<METS:div TYPE="Chapter" LABEL="四、机械能守恒理定律" ORDERLABEL="243"><METS:fptr FILEID="00000255"/>
						</METS:div>
					</METS:div>
					<METS:div TYPE="Chapter" LABEL="第三节  普遍定理的综合应用" ORDERLABEL="245"><METS:fptr FILEID="00000257"/>
					</METS:div>
					<METS:div TYPE="Chapter" LABEL="小结" ORDERLABEL="249"><METS:fptr FILEID="00000261"/>
					</METS:div>
					<METS:div TYPE="Chapter" LABEL="英文提要" ORDERLABEL="250"><METS:fptr FILEID="00000262"/>
					</METS:div>
					<METS:div TYPE="Chapter" LABEL="思考题" ORDERLABEL="250"><METS:fptr FILEID="00000262"/>
					</METS:div>
					<METS:div TYPE="Chapter" LABEL="习题" ORDERLABEL="251"><METS:fptr FILEID="00000263"/>
					</METS:div>
				</METS:div>
				<METS:div TYPE="Chapter" LABEL="第十三章  达朗伯原理" ORDERLABEL="257"><METS:fptr FILEID="00000269"/>
					<METS:div TYPE="Chapter" LABEL="第一节  达朗伯原理与惯性力" ORDERLABEL="257"><METS:fptr FILEID="00000269"/>
					</METS:div>
					<METS:div TYPE="Chapter" LABEL="第二节  刚体惯性力系的简化" ORDERLABEL="260"><METS:fptr FILEID="00000272"/>
						<METS:div TYPE="Chapter" LABEL="一、刚体作平动" ORDERLABEL="260"><METS:fptr FILEID="00000272"/>
						</METS:div>
						<METS:div TYPE="Chapter" LABEL="二、刚体绕定轴转动" ORDERLABEL="260"><METS:fptr FILEID="00000272"/>
						</METS:div>
						<METS:div TYPE="Chapter" LABEL="三、刚体作平面运动" ORDERLABEL="262"><METS:fptr FILEID="00000274"/>
						</METS:div>
					</METS:div>
					<METS:div TYPE="Chapter" LABEL="第三节  动反力与动平衡" ORDERLABEL="265"><METS:fptr FILEID="00000277"/>
						<METS:div TYPE="Chapter" LABEL="一、动反力" ORDERLABEL="265"><METS:fptr FILEID="00000277"/>
						</METS:div>
						<METS:div TYPE="Chapter" LABEL="二、动平衡" ORDERLABEL="269"><METS:fptr FILEID="00000281"/>
						</METS:div>
					</METS:div>
					<METS:div TYPE="Chapter" LABEL="小结" ORDERLABEL="269"><METS:fptr FILEID="00000281"/>
					</METS:div>
					<METS:div TYPE="Chapter" LABEL="英文提要" ORDERLABEL="270"><METS:fptr FILEID="00000282"/>
					</METS:div>
					<METS:div TYPE="Chapter" LABEL="思考题" ORDERLABEL="270"><METS:fptr FILEID="00000282"/>
					</METS:div>
					<METS:div TYPE="Chapter" LABEL="习题" ORDERLABEL="271"><METS:fptr FILEID="00000283"/>
					</METS:div>
				</METS:div>
				<METS:div TYPE="Chapter" LABEL="第十四章  虚位移原理" ORDERLABEL="278"><METS:fptr FILEID="00000290"/>
					<METS:div TYPE="Chapter" LABEL="第一节  约束、虚位移、虚功" ORDERLABEL="278"><METS:fptr FILEID="00000290"/>
						<METS:div TYPE="Chapter" LABEL="一、约束" ORDERLABEL="278"><METS:fptr FILEID="00000290"/>
						</METS:div>
						<METS:div TYPE="Chapter" LABEL="二、虚位移" ORDERLABEL="278"><METS:fptr FILEID="00000290"/>
						</METS:div>
						<METS:div TYPE="Chapter" LABEL="三、虚功" ORDERLABEL="279"><METS:fptr FILEID="00000291"/>
						</METS:div>
					</METS:div>
					<METS:div TYPE="Chapter" LABEL="第二节  虚位移原理" ORDERLABEL="279"><METS:fptr FILEID="00000291"/>
					</METS:div>
					<METS:div TYPE="Chapter" LABEL="第三节  自由度和广义坐标" ORDERLABEL="284"><METS:fptr FILEID="00000296"/>
					</METS:div>
					<METS:div TYPE="Chapter" LABEL="第四节  广义力以广义力表示的质点系的平衡条件" ORDERLABEL="285"><METS:fptr FILEID="00000297"/>
					</METS:div>
					<METS:div TYPE="Chapter" LABEL="小结" ORDERLABEL="287"><METS:fptr FILEID="00000299"/>
					</METS:div>
					<METS:div TYPE="Chapter" LABEL="英文提要" ORDERLABEL="288"><METS:fptr FILEID="00000300"/>
					</METS:div>
					<METS:div TYPE="Chapter" LABEL="思考题" ORDERLABEL="288"><METS:fptr FILEID="00000300"/>
					</METS:div>
				</METS:div>
				<METS:div TYPE="Chapter" LABEL="习题" ORDERLABEL="289"><METS:fptr FILEID="00000301"/>
				</METS:div>
			</METS:div>
			<METS:div TYPE="Chapter" LABEL="动力学Ⅱ" ORDERLABEL="303"><METS:fptr FILEID="00000303"/>
				<METS:div TYPE="Chapter" LABEL="第十五章  拉格朗日方程" ORDERLABEL="291"><METS:fptr FILEID="00000303"/>
					<METS:div TYPE="Chapter" LABEL="第一节  动力学普遍方程" ORDERLABEL="291"><METS:fptr FILEID="00000303"/>
					</METS:div>
					<METS:div TYPE="Chapter" LABEL="第二节  拉格朗日方程" ORDERLABEL="293"><METS:fptr FILEID="00000305"/>
					</METS:div>
					<METS:div TYPE="Chapter" LABEL="小结" ORDERLABEL="299"><METS:fptr FILEID="00000311"/>
					</METS:div>
					<METS:div TYPE="Chapter" LABEL="英文提要" ORDERLABEL="299"><METS:fptr FILEID="00000311"/>
					</METS:div>
					<METS:div TYPE="Chapter" LABEL="思考题" ORDERLABEL="299"><METS:fptr FILEID="00000311"/>
					</METS:div>
					<METS:div TYPE="Chapter" LABEL="习题" ORDERLABEL="299"><METS:fptr FILEID="00000311"/>
					</METS:div>
				</METS:div>
				<METS:div TYPE="Chapter" LABEL="第十六章  机械振动基础" ORDERLABEL="302"><METS:fptr FILEID="00000314"/>
					<METS:div TYPE="Chapter" LABEL="第一节  单自由度系统的自由振动" ORDERLABEL="302"><METS:fptr FILEID="00000314"/>
						<METS:div TYPE="Chapter" LABEL="一、自由振动微分方程" ORDERLABEL="302"><METS:fptr FILEID="00000314"/>
						</METS:div>
						<METS:div TYPE="Chapter" LABEL="二、无阻尼自由振动的特点" ORDERLABEL="303"><METS:fptr FILEID="00000315"/>
						</METS:div>
						<METS:div TYPE="Chapter" LABEL="三、弹簧的并联和串联" ORDERLABEL="304"><METS:fptr FILEID="00000316"/>
						</METS:div>
						<METS:div TYPE="Chapter" LABEL="四、其他类型的单自由度振动系统" ORDERLABEL="306"><METS:fptr FILEID="00000318"/>
						</METS:div>
					</METS:div>
					<METS:div TYPE="Chapter" LABEL="第二节  单自由度系统的有阻尼自由振动" ORDERLABEL="307"><METS:fptr FILEID="00000319"/>
						<METS:div TYPE="Chapter" LABEL="一、阻尼" ORDERLABEL="307"><METS:fptr FILEID="00000319"/>
						</METS:div>
						<METS:div TYPE="Chapter" LABEL="二、振动微分方程" ORDERLABEL="307"><METS:fptr FILEID="00000319"/>
						</METS:div>
						<METS:div TYPE="Chapter" LABEL="三、小阻尼情况" ORDERLABEL="308"><METS:fptr FILEID="00000320"/>
						</METS:div>
						<METS:div TYPE="Chapter" LABEL="四、临界阻尼和大阻尼情况" ORDERLABEL="309"><METS:fptr FILEID="00000321"/>
						</METS:div>
					</METS:div>
					<METS:div TYPE="Chapter" LABEL="第三节  单自由度系统的受迫振动" ORDERLABEL="310"><METS:fptr FILEID="00000322"/>
						<METS:div TYPE="Chapter" LABEL="一、无阻尼受迫振动" ORDERLABEL="310"><METS:fptr FILEID="00000322"/>
						</METS:div>
						<METS:div TYPE="Chapter" LABEL="二、有阻尼的受迫振动" ORDERLABEL="311"><METS:fptr FILEID="00000323"/>
						</METS:div>
					</METS:div>
					<METS:div TYPE="Chapter" LABEL="第四节  振动的工程应用：转子的临界转速与隔振" ORDERLABEL="315"><METS:fptr FILEID="00000327"/>
						<METS:div TYPE="Chapter" LABEL="一、转子的临界转速" ORDERLABEL="315"><METS:fptr FILEID="00000327"/>
						</METS:div>
						<METS:div TYPE="Chapter" LABEL="二、隔振" ORDERLABEL="316"><METS:fptr FILEID="00000328"/>
						</METS:div>
					</METS:div>
					<METS:div TYPE="Chapter" LABEL="第五节  两个自由度系统的自由振动" ORDERLABEL="319"><METS:fptr FILEID="00000331"/>
					</METS:div>
					<METS:div TYPE="Chapter" LABEL="第六节  两个自由度系统的受迫振动——动力减振器" ORDERLABEL="321"><METS:fptr FILEID="00000333"/>
					</METS:div>
					<METS:div TYPE="Chapter" LABEL="小结" ORDERLABEL="322"><METS:fptr FILEID="00000334"/>
					</METS:div>
					<METS:div TYPE="Chapter" LABEL="英文提要" ORDERLABEL="323"><METS:fptr FILEID="00000335"/>
					</METS:div>
					<METS:div TYPE="Chapter" LABEL="思考题" ORDERLABEL="324"><METS:fptr FILEID="00000336"/>
					</METS:div>
					<METS:div TYPE="Chapter" LABEL="习题" ORDERLABEL="324"><METS:fptr FILEID="00000336"/>
					</METS:div>
				</METS:div>
				<METS:div TYPE="Chapter" LABEL="第十七章  碰撞" ORDERLABEL="328"><METS:fptr FILEID="00000340"/>
					<METS:div TYPE="Chapter" LABEL="第一节  恢复因数" ORDERLABEL="328"><METS:fptr FILEID="00000340"/>
					</METS:div>
					<METS:div TYPE="Chapter" LABEL="第二节  用于碰撞过程的基本定理" ORDERLABEL="330"><METS:fptr FILEID="00000342"/>
						<METS:div TYPE="Chapter" LABEL="一、碰撞时的动量定理——冲量定理" ORDERLABEL="330"><METS:fptr FILEID="00000342"/>
						</METS:div>
						<METS:div TYPE="Chapter" LABEL="二、碰撞时的动量矩定理——冲量矩定理" ORDERLABEL="330"><METS:fptr FILEID="00000342"/>
						</METS:div>
					</METS:div>
					<METS:div TYPE="Chapter" LABEL="小结" ORDERLABEL="333"><METS:fptr FILEID="00000345"/>
					</METS:div>
					<METS:div TYPE="Chapter" LABEL="英文提要" ORDERLABEL="334"><METS:fptr FILEID="00000346"/>
					</METS:div>
					<METS:div TYPE="Chapter" LABEL="思考题" ORDERLABEL="334"><METS:fptr FILEID="00000346"/>
					</METS:div>
					<METS:div TYPE="Chapter" LABEL="习题" ORDERLABEL="334"><METS:fptr FILEID="00000346"/>
					</METS:div>
				</METS:div>
			</METS:div>
		</METS:div>
	</METS:structMap>
</METS:mets>
