<?xml version="1.0" encoding="utf-8"?>
<METS:mets xmlns:METS="http://www.loc.gov/METS/" xmlns:xsi="http://www.w3.org/2001/XMLSchema-instance" xmlns:gdm="http://sunsite.berkeley.edu/GDM/" xmlns:xlink="http://www.w3.org/TR/xlink" xsi:schemalocation="http://www.loc.gov/METS/http://www.loc.gov/standards/mets/mets.xsd" LABEL="Zhejiang University.jdl.China-America digital library project" TYPE="Section">
	<METS:structMap TYPE="Catalog">
		<METS:div TYPE="Chapter" LABEL="第1篇 运动学" ORDERLABEL="1"><METS:fptr FILEID="00000015"/>
			<METS:div TYPE="Chapter" LABEL="引言" ORDERLABEL="1"><METS:fptr FILEID="00000015"/>
			</METS:div>
			<METS:div TYPE="Chapter" LABEL="第1章 点的运动学" ORDERLABEL="4"><METS:fptr FILEID="00000018"/>
				<METS:div TYPE="Chapter" LABEL="1.1 向量描述法" ORDERLABEL="4"><METS:fptr FILEID="00000018"/>
				</METS:div>
				<METS:div TYPE="Chapter" LABEL="1.2 直角坐标描述法" ORDERLABEL="6"><METS:fptr FILEID="00000020"/>
				</METS:div>
				<METS:div TYPE="Chapter" LABEL="1.3 自然坐标描述法" ORDERLABEL="10"><METS:fptr FILEID="00000024"/>
				</METS:div>
				<METS:div TYPE="Chapter" LABEL="1.4 极坐标描述法" ORDERLABEL="13"><METS:fptr FILEID="00000027"/>
				</METS:div>
				<METS:div TYPE="Chapter" LABEL="1.5 曲线坐标描述法" ORDERLABEL="15"><METS:fptr FILEID="00000029"/>
				</METS:div>
				<METS:div TYPE="Chapter" LABEL="本章小结" ORDERLABEL="17"><METS:fptr FILEID="00000031"/>
				</METS:div>
				<METS:div TYPE="Chapter" LABEL="习题" ORDERLABEL="18"><METS:fptr FILEID="00000032"/>
				</METS:div>
			</METS:div>
			<METS:div TYPE="Chapter" LABEL="第2章 刚体运动与复合运动" ORDERLABEL="22"><METS:fptr FILEID="00000036"/>
				<METS:div TYPE="Chapter" LABEL="2.1 刚体运动的向量-矩阵描述" ORDERLABEL="22"><METS:fptr FILEID="00000036"/>
				</METS:div>
				<METS:div TYPE="Chapter" LABEL="2.2 刚体定点运动" ORDERLABEL="26"><METS:fptr FILEID="00000040"/>
				</METS:div>
				<METS:div TYPE="Chapter" LABEL="2.3 刚体平面运动" ORDERLABEL="29"><METS:fptr FILEID="00000043"/>
				</METS:div>
				<METS:div TYPE="Chapter" LABEL="2.4 点的复合运动" ORDERLABEL="38"><METS:fptr FILEID="00000052"/>
				</METS:div>
				<METS:div TYPE="Chapter" LABEL="2.5 刚体复合运动" ORDERLABEL="45"><METS:fptr FILEID="00000059"/>
				</METS:div>
				<METS:div TYPE="Chapter" LABEL="本章小结" ORDERLABEL="48"><METS:fptr FILEID="00000062"/>
				</METS:div>
				<METS:div TYPE="Chapter" LABEL="习题" ORDERLABEL="49"><METS:fptr FILEID="00000063"/>
				</METS:div>
			</METS:div>
		</METS:div>
		<METS:div TYPE="Chapter" LABEL="第2篇 动力学基本原理和静力学" ORDERLABEL="65"><METS:fptr FILEID="00000079"/>
			<METS:div TYPE="Chapter" LABEL="引言" ORDERLABEL="65"><METS:fptr FILEID="00000079"/>
			</METS:div>
			<METS:div TYPE="Chapter" LABEL="第3章 牛顿定律与达朗贝尔-拉格朗日原理" ORDERLABEL="66"><METS:fptr FILEID="00000080"/>
				<METS:div TYPE="Chapter" LABEL="3.1 牛顿定律" ORDERLABEL="66"><METS:fptr FILEID="00000080"/>
				</METS:div>
				<METS:div TYPE="Chapter" LABEL="3.2 约束与约束反力" ORDERLABEL="71"><METS:fptr FILEID="00000085"/>
				</METS:div>
				<METS:div TYPE="Chapter" LABEL="3.3 虚位移" ORDERLABEL="76"><METS:fptr FILEID="00000090"/>
				</METS:div>
				<METS:div TYPE="Chapter" LABEL="3.4 达朗贝尔-拉格朗日原理" ORDERLABEL="79"><METS:fptr FILEID="00000093"/>
				</METS:div>
				<METS:div TYPE="Chapter" LABEL="本章小结" ORDERLABEL="82"><METS:fptr FILEID="00000096"/>
				</METS:div>
				<METS:div TYPE="Chapter" LABEL="习题" ORDERLABEL="83"><METS:fptr FILEID="00000097"/>
				</METS:div>
			</METS:div>
			<METS:div TYPE="Chapter" LABEL="第4章 虚位移原理及应用" ORDERLABEL="87"><METS:fptr FILEID="00000101"/>
				<METS:div TYPE="Chapter" LABEL="4.1 虚位移原理" ORDERLABEL="87"><METS:fptr FILEID="00000101"/>
				</METS:div>
				<METS:div TYPE="Chapter" LABEL="4.2 广义坐标形式的静力学普遍方程" ORDERLABEL="92"><METS:fptr FILEID="00000106"/>
				</METS:div>
				<METS:div TYPE="Chapter" LABEL="4.3 主动力有势情况下的静力学普遍方程" ORDERLABEL="99"><METS:fptr FILEID="00000113"/>
				</METS:div>
				<METS:div TYPE="Chapter" LABEL="本章小结" ORDERLABEL="103"><METS:fptr FILEID="00000117"/>
				</METS:div>
				<METS:div TYPE="Chapter" LABEL="习题" ORDERLABEL="103"><METS:fptr FILEID="00000117"/>
				</METS:div>
			</METS:div>
			<METS:div TYPE="Chapter" LABEL="第5章 力系简化与平衡问题" ORDERLABEL="108"><METS:fptr FILEID="00000122"/>
				<METS:div TYPE="Chapter" LABEL="5.1 力系的主向量与主矩" ORDERLABEL="108"><METS:fptr FILEID="00000122"/>
				</METS:div>
				<METS:div TYPE="Chapter" LABEL="5.2 力系等效与简化" ORDERLABEL="110"><METS:fptr FILEID="00000124"/>
				</METS:div>
				<METS:div TYPE="Chapter" LABEL="5.3 刚体平衡方程" ORDERLABEL="117"><METS:fptr FILEID="00000131"/>
				</METS:div>
				<METS:div TYPE="Chapter" LABEL="5.4 平面力系的平衡方程" ORDERLABEL="119"><METS:fptr FILEID="00000133"/>
				</METS:div>
				<METS:div TYPE="Chapter" LABEL="5.5 考虑摩擦的平衡问题" ORDERLABEL="124"><METS:fptr FILEID="00000138"/>
				</METS:div>
				<METS:div TYPE="Chapter" LABEL="5.6 刚体系和变形体的平衡" ORDERLABEL="129"><METS:fptr FILEID="00000143"/>
				</METS:div>
				<METS:div TYPE="Chapter" LABEL="5.7 动静法" ORDERLABEL="135"><METS:fptr FILEID="00000149"/>
				</METS:div>
				<METS:div TYPE="Chapter" LABEL="本章小结" ORDERLABEL="138"><METS:fptr FILEID="00000152"/>
				</METS:div>
				<METS:div TYPE="Chapter" LABEL="习题" ORDERLABEL="139"><METS:fptr FILEID="00000153"/>
				</METS:div>
			</METS:div>
		</METS:div>
		<METS:div TYPE="Chapter" LABEL="第3篇 质系动力学" ORDERLABEL="151"><METS:fptr FILEID="00000165"/>
			<METS:div TYPE="Chapter" LABEL="引言" ORDERLABEL="151"><METS:fptr FILEID="00000165"/>
			</METS:div>
			<METS:div TYPE="Chapter" LABEL="第6章 质系动量和动量矩定理" ORDERLABEL="152"><METS:fptr FILEID="00000166"/>
				<METS:div TYPE="Chapter" LABEL="6.1 质系动量定理" ORDERLABEL="152"><METS:fptr FILEID="00000166"/>
				</METS:div>
				<METS:div TYPE="Chapter" LABEL="6.2 质系动量矩定理" ORDERLABEL="158"><METS:fptr FILEID="00000172"/>
				</METS:div>
				<METS:div TYPE="Chapter" LABEL="6.3 刚体平面运动微分方程" ORDERLABEL="168"><METS:fptr FILEID="00000182"/>
				</METS:div>
				<METS:div TYPE="Chapter" LABEL="6.4 碰撞" ORDERLABEL="173"><METS:fptr FILEID="00000187"/>
				</METS:div>
				<METS:div TYPE="Chapter" LABEL="本章小结" ORDERLABEL="180"><METS:fptr FILEID="00000194"/>
				</METS:div>
				<METS:div TYPE="Chapter" LABEL="习题" ORDERLABEL="181"><METS:fptr FILEID="00000195"/>
				</METS:div>
			</METS:div>
			<METS:div TYPE="Chapter" LABEL="第7章 质系动能定理" ORDERLABEL="188"><METS:fptr FILEID="00000202"/>
				<METS:div TYPE="Chapter" LABEL="7.1 质系的动能" ORDERLABEL="188"><METS:fptr FILEID="00000202"/>
				</METS:div>
				<METS:div TYPE="Chapter" LABEL="7.2 质系动能定理" ORDERLABEL="190"><METS:fptr FILEID="00000204"/>
				</METS:div>
				<METS:div TYPE="Chapter" LABEL="7.3 质系普遍定理的综合应用" ORDERLABEL="194"><METS:fptr FILEID="00000208"/>
				</METS:div>
				<METS:div TYPE="Chapter" LABEL="本章小结" ORDERLABEL="198"><METS:fptr FILEID="00000212"/>
				</METS:div>
				<METS:div TYPE="Chapter" LABEL="习题" ORDERLABEL="199"><METS:fptr FILEID="00000213"/>
				</METS:div>
			</METS:div>
			<METS:div TYPE="Chapter" LABEL="第8章 第二类拉格朗日方程及其应用" ORDERLABEL="204"><METS:fptr FILEID="00000218"/>
				<METS:div TYPE="Chapter" LABEL="8.1 第二类拉格朗日方程" ORDERLABEL="204"><METS:fptr FILEID="00000218"/>
				</METS:div>
				<METS:div TYPE="Chapter" LABEL="8.2 拉格朗日方程的第一积分" ORDERLABEL="209"><METS:fptr FILEID="00000223"/>
				</METS:div>
				<METS:div TYPE="Chapter" LABEL="8.3 碰撞问题的分析力学解法" ORDERLABEL="214"><METS:fptr FILEID="00000228"/>
				</METS:div>
				<METS:div TYPE="Chapter" LABEL="本章小结" ORDERLABEL="215"><METS:fptr FILEID="00000229"/>
				</METS:div>
				<METS:div TYPE="Chapter" LABEL="习题" ORDERLABEL="216"><METS:fptr FILEID="00000230"/>
				</METS:div>
			</METS:div>
		</METS:div>
		<METS:div TYPE="Chapter" LABEL="第4篇 动力学专题" ORDERLABEL="223"><METS:fptr FILEID="00000237"/>
			<METS:div TYPE="Chapter" LABEL="第9章 质系在非惯性参考系中的动力学" ORDERLABEL="224"><METS:fptr FILEID="00000238"/>
				<METS:div TYPE="Chapter" LABEL="9.1 非惯性参考系中的动力学普遍定理" ORDERLABEL="224"><METS:fptr FILEID="00000238"/>
				</METS:div>
				<METS:div TYPE="Chapter" LABEL="9.2 相对地球的运动" ORDERLABEL="229"><METS:fptr FILEID="00000243"/>
				</METS:div>
				<METS:div TYPE="Chapter" LABEL="习题" ORDERLABEL="233"><METS:fptr FILEID="00000247"/>
				</METS:div>
			</METS:div>
			<METS:div TYPE="Chapter" LABEL="第10章 变质量系动力学" ORDERLABEL="236"><METS:fptr FILEID="00000250"/>
				<METS:div TYPE="Chapter" LABEL="10.1 变质量质系动量定理和动量矩定理" ORDERLABEL="236"><METS:fptr FILEID="00000250"/>
				</METS:div>
				<METS:div TYPE="Chapter" LABEL="10.2 变质量质点的运动" ORDERLABEL="238"><METS:fptr FILEID="00000252"/>
				</METS:div>
				<METS:div TYPE="Chapter" LABEL="10.3 变质量刚体的运动" ORDERLABEL="243"><METS:fptr FILEID="00000257"/>
				</METS:div>
				<METS:div TYPE="Chapter" LABEL="习题" ORDERLABEL="244"><METS:fptr FILEID="00000258"/>
				</METS:div>
			</METS:div>
			<METS:div TYPE="Chapter" LABEL="第11章 机械振动基础" ORDERLABEL="246"><METS:fptr FILEID="00000260"/>
				<METS:div TYPE="Chapter" LABEL="引言" ORDERLABEL="246"><METS:fptr FILEID="00000260"/>
				</METS:div>
				<METS:div TYPE="Chapter" LABEL="11.1 单自由度振动的线性化方程" ORDERLABEL="247"><METS:fptr FILEID="00000261"/>
				</METS:div>
				<METS:div TYPE="Chapter" LABEL="11.2 单自由度系统的自由振动" ORDERLABEL="251"><METS:fptr FILEID="00000265"/>
				</METS:div>
				<METS:div TYPE="Chapter" LABEL="11.3 单自由度系统的强迫振动" ORDERLABEL="258"><METS:fptr FILEID="00000272"/>
				</METS:div>
				<METS:div TYPE="Chapter" LABEL="11.4 两个自由度系统的自由振动" ORDERLABEL="265"><METS:fptr FILEID="00000279"/>
				</METS:div>
				<METS:div TYPE="Chapter" LABEL="习题" ORDERLABEL="268"><METS:fptr FILEID="00000282"/>
				</METS:div>
			</METS:div>
			<METS:div TYPE="Chapter" LABEL="第12章 三维刚体运动学基础" ORDERLABEL="272"><METS:fptr FILEID="00000286"/>
				<METS:div TYPE="Chapter" LABEL="引言" ORDERLABEL="272"><METS:fptr FILEID="00000286"/>
				</METS:div>
				<METS:div TYPE="Chapter" LABEL="12.1 刚体作定点运动时的动量矩和动能" ORDERLABEL="272"><METS:fptr FILEID="00000286"/>
				</METS:div>
				<METS:div TYPE="Chapter" LABEL="12.2 惯量矩阵" ORDERLABEL="275"><METS:fptr FILEID="00000289"/>
				</METS:div>
				<METS:div TYPE="Chapter" LABEL="12.3 刚体动力学方程" ORDERLABEL="279"><METS:fptr FILEID="00000293"/>
				</METS:div>
				<METS:div TYPE="Chapter" LABEL="12.4 陀螺近似理论" ORDERLABEL="287"><METS:fptr FILEID="00000301"/>
				</METS:div>
				<METS:div TYPE="Chapter" LABEL="习题" ORDERLABEL="290"><METS:fptr FILEID="00000304"/>
				</METS:div>
			</METS:div>
		</METS:div>
	</METS:structMap>
</METS:mets>
