<?xml version="1.0" encoding="utf-8"?>
<METS:mets xmlns:METS="http://www.loc.gov/METS/" xmlns:xsi="http://www.w3.org/2001/XMLSchema-instance" xmlns:gdm="http://sunsite.berkeley.edu/GDM/" xmlns:xlink="http://www.w3.org/TR/xlink" xsi:schemalocation="http://www.loc.gov/METS/http://www.loc.gov/standards/mets/mets.xsd" LABEL="Zhejiang University.jdl.China-America digital library project" TYPE="Section">
	<METS:structMap TYPE="Catalog">
		<METS:div TYPE="Chapter" LABEL="第1篇 静力学" ORDERLABEL="3"><METS:fptr FILEID="00000011"/>
			<METS:div TYPE="Chapter" LABEL="第一章 静力学的基本概念" ORDERLABEL="3"><METS:fptr FILEID="00000013"/>
			</METS:div>
			<METS:div TYPE="Chapter" LABEL="第二章 平面汇交力系" ORDERLABEL="32"><METS:fptr FILEID="00000042"/>
			</METS:div>
			<METS:div TYPE="Chapter" LABEL="第三章 平面力偶系" ORDERLABEL="48"><METS:fptr FILEID="00000058"/>
			</METS:div>
			<METS:div TYPE="Chapter" LABEL="第四章 平面一般力系" ORDERLABEL="61"><METS:fptr FILEID="00000071"/>
			</METS:div>
		</METS:div>
		<METS:div TYPE="Chapter" LABEL="第2篇 材料力学" ORDERLABEL="97"><METS:fptr FILEID="00000105"/>
			<METS:div TYPE="Chapter" LABEL="第五章 轴向拉伸和压缩" ORDERLABEL="97"><METS:fptr FILEID="00000107"/>
			</METS:div>
			<METS:div TYPE="Chapter" LABEL="第六章 材料的力学性质" ORDERLABEL="120"><METS:fptr FILEID="00000130"/>
			</METS:div>
			<METS:div TYPE="Chapter" LABEL="第七章 剪切和挤压" ORDERLABEL="130"><METS:fptr FILEID="00000140"/>
			</METS:div>
			<METS:div TYPE="Chapter" LABEL="第八章 扭转" ORDERLABEL="140"><METS:fptr FILEID="00000150"/>
			</METS:div>
			<METS:div TYPE="Chapter" LABEL="第九章 梁的内力" ORDERLABEL="151"><METS:fptr FILEID="00000161"/>
			</METS:div>
			<METS:div TYPE="Chapter" LABEL="第十章 梁的强度计算" ORDERLABEL="170"><METS:fptr FILEID="00000180"/>
			</METS:div>
			<METS:div TYPE="Chapter" LABEL="第十一章 梁的刚度计算" ORDERLABEL="191"><METS:fptr FILEID="00000201"/>
			</METS:div>
			<METS:div TYPE="Chapter" LABEL="第十二章 压弯组合变形时的强度计算" ORDERLABEL="200"><METS:fptr FILEID="00000210"/>
			</METS:div>
			<METS:div TYPE="Chapter" LABEL="第十三章 压杆稳定" ORDERLABEL="212"><METS:fptr FILEID="00000222"/>
			</METS:div>
		</METS:div>
		<METS:div TYPE="Chapter" LABEL="第3篇 结构的受力分析" ORDERLABEL="229"><METS:fptr FILEID="00000237"/>
			<METS:div TYPE="Chapter" LABEL="第十四章 结构计算简图和结构组成分析" ORDERLABEL="229"><METS:fptr FILEID="00000239"/>
			</METS:div>
			<METS:div TYPE="Chapter" LABEL="第十五章 静定结构内力分析" ORDERLABEL="241"><METS:fptr FILEID="00000251"/>
			</METS:div>
			<METS:div TYPE="Chapter" LABEL="第十六章 超静定结构内力分析的基础知识" ORDERLABEL="251"><METS:fptr FILEID="00000261"/>
			</METS:div>
		</METS:div>
	</METS:structMap>
</METS:mets>
