<?xml version="1.0" encoding="utf-8"?>
<METS:mets xmlns:METS="http://www.loc.gov/METS/" xmlns:xsi="http://www.w3.org/2001/XMLSchema-instance" xmlns:gdm="http://sunsite.berkeley.edu/GDM/" xmlns:xlink="http://www.w3.org/TR/xlink" xsi:schemalocation="http://www.loc.gov/METS/http://www.loc.gov/standards/mets/mets.xsd" LABEL="Zhejiang University.jdl.China-America digital library project" TYPE="Section">
	<METS:structMap TYPE="Catalog">
		<METS:div TYPE="Chapter" LABEL="第1章  数学基础" ORDERLABEL="3"><METS:fptr FILEID="00000019"/>
			<METS:div TYPE="Chapter" LABEL="1.1  矩阵" ORDERLABEL="3"><METS:fptr FILEID="00000019"/>
			</METS:div>
			<METS:div TYPE="Chapter" LABEL="1.2  矢量" ORDERLABEL="9"><METS:fptr FILEID="00000025"/>
			</METS:div>
			<METS:div TYPE="Chapter" LABEL="1.3  方向余弦阵" ORDERLABEL="18"><METS:fptr FILEID="00000034"/>
			</METS:div>
			<METS:div TYPE="Chapter" LABEL="1.4  平面矢量" ORDERLABEL="23"><METS:fptr FILEID="00000039"/>
			</METS:div>
			<METS:div TYPE="Chapter" LABEL="习题" ORDERLABEL="26"><METS:fptr FILEID="00000042"/>
			</METS:div>
		</METS:div>
		<METS:div TYPE="Chapter" LABEL="第2章  静力学" ORDERLABEL="29"><METS:fptr FILEID="00000045"/>
			<METS:div TYPE="Chapter" LABEL="2.1  力" ORDERLABEL="29"><METS:fptr FILEID="00000045"/>
			</METS:div>
			<METS:div TYPE="Chapter" LABEL="2.2  力偶" ORDERLABEL="35"><METS:fptr FILEID="00000051"/>
			</METS:div>
			<METS:div TYPE="Chapter" LABEL="2.3  力系的简化" ORDERLABEL="37"><METS:fptr FILEID="00000053"/>
			</METS:div>
			<METS:div TYPE="Chapter" LABEL="2.4  约束" ORDERLABEL="45"><METS:fptr FILEID="00000061"/>
			</METS:div>
			<METS:div TYPE="Chapter" LABEL="2.5  力系的平衡" ORDERLABEL="51"><METS:fptr FILEID="00000067"/>
			</METS:div>
			<METS:div TYPE="Chapter" LABEL="2.6  摩擦与摩擦力" ORDERLABEL="62"><METS:fptr FILEID="00000078"/>
			</METS:div>
			<METS:div TYPE="Chapter" LABEL="习题" ORDERLABEL="69"><METS:fptr FILEID="00000085"/>
			</METS:div>
		</METS:div>
		<METS:div TYPE="Chapter" LABEL="第3章  刚体平面运动学" ORDERLABEL="75"><METS:fptr FILEID="00000091"/>
			<METS:div TYPE="Chapter" LABEL="3.1  刚体的连体基刚体位形的描述" ORDERLABEL="75"><METS:fptr FILEID="00000091"/>
			</METS:div>
			<METS:div TYPE="Chapter" LABEL="3.2  刚体的平面运动" ORDERLABEL="80"><METS:fptr FILEID="00000096"/>
			</METS:div>
			<METS:div TYPE="Chapter" LABEL="3.3  刚体姿态变化的描述" ORDERLABEL="82"><METS:fptr FILEID="00000098"/>
			</METS:div>
			<METS:div TYPE="Chapter" LABEL="3.4  基点的位置、速度与加速度" ORDERLABEL="88"><METS:fptr FILEID="00000104"/>
			</METS:div>
			<METS:div TYPE="Chapter" LABEL="3.5  刚体上给定点的位置、速度与加速度" ORDERLABEL="89"><METS:fptr FILEID="00000105"/>
			</METS:div>
			<METS:div TYPE="Chapter" LABEL="3.6  相对刚体运动的任意点的位置、速度与加速度" ORDERLABEL="103"><METS:fptr FILEID="00000119"/>
			</METS:div>
			<METS:div TYPE="Chapter" LABEL="习题" ORDERLABEL="121"><METS:fptr FILEID="00000137"/>
			</METS:div>
		</METS:div>
		<METS:div TYPE="Chapter" LABEL="第4章  刚体空间运动学" ORDERLABEL="127"><METS:fptr FILEID="00000143"/>
			<METS:div TYPE="Chapter" LABEL="4.1  刚体的定点运动" ORDERLABEL="127"><METS:fptr FILEID="00000143"/>
			</METS:div>
			<METS:div TYPE="Chapter" LABEL="4.2  刚体的一般运动" ORDERLABEL="143"><METS:fptr FILEID="00000159"/>
			</METS:div>
			<METS:div TYPE="Chapter" LABEL="习题" ORDERLABEL="146"><METS:fptr FILEID="00000162"/>
			</METS:div>
		</METS:div>
		<METS:div TYPE="Chapter" LABEL="第5章  刚体系运动学及其计算机辅助分析" ORDERLABEL="149"><METS:fptr FILEID="00000165"/>
			<METS:div TYPE="Chapter" LABEL="5.1  刚体系位形的描述、约束方程" ORDERLABEL="149"><METS:fptr FILEID="00000165"/>
			</METS:div>
			<METS:div TYPE="Chapter" LABEL="5.2  运动学分析的计算机辅助分析基础" ORDERLABEL="156"><METS:fptr FILEID="00000172"/>
			</METS:div>
			<METS:div TYPE="Chapter" LABEL="5.3  常见平面运动约束的约束方程" ORDERLABEL="166"><METS:fptr FILEID="00000182"/>
			</METS:div>
			<METS:div TYPE="Chapter" LABEL="5.4  驱动约束" ORDERLABEL="179"><METS:fptr FILEID="00000195"/>
			</METS:div>
			<METS:div TYPE="Chapter" LABEL="5.5  平面机械系统运动学模型的定义" ORDERLABEL="182"><METS:fptr FILEID="00000198"/>
			</METS:div>
			<METS:div TYPE="Chapter" LABEL="习题" ORDERLABEL="188"><METS:fptr FILEID="00000204"/>
			</METS:div>
		</METS:div>
		<METS:div TYPE="Chapter" LABEL="第6章  矢量动力学基础" ORDERLABEL="192"><METS:fptr FILEID="00000208"/>
			<METS:div TYPE="Chapter" LABEL="6.1  惯量" ORDERLABEL="193"><METS:fptr FILEID="00000209"/>
			</METS:div>
			<METS:div TYPE="Chapter" LABEL="6.2  动量定理" ORDERLABEL="197"><METS:fptr FILEID="00000213"/>
			</METS:div>
			<METS:div TYPE="Chapter" LABEL="6.3  动量矩定理" ORDERLABEL="203"><METS:fptr FILEID="00000219"/>
			</METS:div>
			<METS:div TYPE="Chapter" LABEL="6.4  动能定理" ORDERLABEL="211"><METS:fptr FILEID="00000227"/>
			</METS:div>
			<METS:div TYPE="Chapter" LABEL="习题" ORDERLABEL="221"><METS:fptr FILEID="00000237"/>
			</METS:div>
		</METS:div>
		<METS:div TYPE="Chapter" LABEL="第7章  刚体动力学" ORDERLABEL="226"><METS:fptr FILEID="00000242"/>
			<METS:div TYPE="Chapter" LABEL="7.1  平面运动动力学方程" ORDERLABEL="226"><METS:fptr FILEID="00000242"/>
			</METS:div>
			<METS:div TYPE="Chapter" LABEL="7.2  非惯性基下动力学方程" ORDERLABEL="240"><METS:fptr FILEID="00000256"/>
			</METS:div>
			<METS:div TYPE="Chapter" LABEL="7.3  碰撞" ORDERLABEL="253"><METS:fptr FILEID="00000269"/>
			</METS:div>
			<METS:div TYPE="Chapter" LABEL="7.4  刚体的定点运动" ORDERLABEL="261"><METS:fptr FILEID="00000277"/>
			</METS:div>
			<METS:div TYPE="Chapter" LABEL="习题" ORDERLABEL="267"><METS:fptr FILEID="00000283"/>
			</METS:div>
		</METS:div>
		<METS:div TYPE="Chapter" LABEL="第8章  分析力学基础" ORDERLABEL="271"><METS:fptr FILEID="00000287"/>
			<METS:div TYPE="Chapter" LABEL="8.1  达朗贝尔原理" ORDERLABEL="272"><METS:fptr FILEID="00000288"/>
			</METS:div>
			<METS:div TYPE="Chapter" LABEL="8.2  虚位移原理" ORDERLABEL="284"><METS:fptr FILEID="00000300"/>
			</METS:div>
			<METS:div TYPE="Chapter" LABEL="8.3  动力学普遍方程" ORDERLABEL="298"><METS:fptr FILEID="00000314"/>
			</METS:div>
			<METS:div TYPE="Chapter" LABEL="8.4  拉格朗日第一类方程" ORDERLABEL="298"><METS:fptr FILEID="00000314"/>
			</METS:div>
			<METS:div TYPE="Chapter" LABEL="8.5  拉格朗日第二类方程" ORDERLABEL="301"><METS:fptr FILEID="00000317"/>
			</METS:div>
			<METS:div TYPE="Chapter" LABEL="习题" ORDERLABEL="313"><METS:fptr FILEID="00000329"/>
			</METS:div>
		</METS:div>
		<METS:div TYPE="Chapter" LABEL="第9章  刚体系动力学及其计算机辅助分析" ORDERLABEL="319"><METS:fptr FILEID="00000335"/>
			<METS:div TYPE="Chapter" LABEL="9.1  动力学分析的计算机辅助分析基础" ORDERLABEL="320"><METS:fptr FILEID="00000336"/>
			</METS:div>
			<METS:div TYPE="Chapter" LABEL="9.2  动力学逆问题与理想约束力" ORDERLABEL="334"><METS:fptr FILEID="00000350"/>
			</METS:div>
			<METS:div TYPE="Chapter" LABEL="9.3  静平衡分析的计算机辅助分析基础" ORDERLABEL="342"><METS:fptr FILEID="00000358"/>
			</METS:div>
			<METS:div TYPE="Chapter" LABEL="9.4  平面机械系统刚体系动（静）力学模型的定义" ORDERLABEL="344"><METS:fptr FILEID="00000360"/>
			</METS:div>
			<METS:div TYPE="Chapter" LABEL="习题" ORDERLABEL="351"><METS:fptr FILEID="00000367"/>
			</METS:div>
		</METS:div>
	</METS:structMap>
</METS:mets>
