<?xml version="1.0" encoding="utf-8"?>
<METS:mets xmlns:METS="http://www.loc.gov/METS/" xmlns:xsi="http://www.w3.org/2001/XMLSchema-instance" xmlns:gdm="http://sunsite.berkeley.edu/GDM/" xmlns:xlink="http://www.w3.org/TR/xlink" xsi:schemalocation="http://www.loc.gov/METS/http://www.loc.gov/standards/mets/mets.xsd" LABEL="Zhejiang University.jdl.China-America digital library project" TYPE="Section">
	<METS:structMap TYPE="Catalog">
		<METS:div TYPE="Chapter" LABEL="第一篇  静力学" ORDERLABEL="1"><METS:fptr FILEID="00000009"/>
			<METS:div TYPE="Chapter" LABEL="第一章  静力学的基本概念和物体的受力" ORDERLABEL="2"><METS:fptr FILEID="00000010"/>
			</METS:div>
			<METS:div TYPE="Chapter" LABEL="第二章  平面汇交力系" ORDERLABEL="20"><METS:fptr FILEID="00000028"/>
			</METS:div>
			<METS:div TYPE="Chapter" LABEL="第三章  力矩和平面力偶理论" ORDERLABEL="33"><METS:fptr FILEID="00000041"/>
			</METS:div>
			<METS:div TYPE="Chapter" LABEL="第四章  平面任意力系" ORDERLABEL="44"><METS:fptr FILEID="00000052"/>
			</METS:div>
			<METS:div TYPE="Chapter" LABEL="第五章  摩擦" ORDERLABEL="72"><METS:fptr FILEID="00000080"/>
			</METS:div>
			<METS:div TYPE="Chapter" LABEL="第六章  空间力系" ORDERLABEL="89"><METS:fptr FILEID="00000097"/>
			</METS:div>
			<METS:div TYPE="Chapter" LABEL="第七章  平行力系的中心与重心" ORDERLABEL="121"><METS:fptr FILEID="00000129"/>
			</METS:div>
		</METS:div>
		<METS:div TYPE="Chapter" LABEL="第二篇  运动学" ORDERLABEL="135"><METS:fptr FILEID="00000142"/>
			<METS:div TYPE="Chapter" LABEL="第八章  点的运动" ORDERLABEL="135"><METS:fptr FILEID="00000143"/>
			</METS:div>
			<METS:div TYPE="Chapter" LABEL="第九章  刚体的基本运动" ORDERLABEL="153"><METS:fptr FILEID="00000161"/>
			</METS:div>
			<METS:div TYPE="Chapter" LABEL="第十章  点的合成运动" ORDERLABEL="169"><METS:fptr FILEID="00000177"/>
			</METS:div>
			<METS:div TYPE="Chapter" LABEL="第十一章  刚体的平面运动" ORDERLABEL="188"><METS:fptr FILEID="00000196"/>
			</METS:div>
		</METS:div>
		<METS:div TYPE="Chapter" LABEL="第三篇  动力学" ORDERLABEL="208"><METS:fptr FILEID="00000216"/>
			<METS:div TYPE="Chapter" LABEL="第十二章  质点动力学基本方程" ORDERLABEL="209"><METS:fptr FILEID="00000217"/>
			</METS:div>
			<METS:div TYPE="Chapter" LABEL="第十三章  动量定理" ORDERLABEL="222"><METS:fptr FILEID="00000230"/>
			</METS:div>
			<METS:div TYPE="Chapter" LABEL="第十四章  动量矩定" ORDERLABEL="237"><METS:fptr FILEID="00000245"/>
			</METS:div>
			<METS:div TYPE="Chapter" LABEL="第十五章  动能定理" ORDERLABEL="262"><METS:fptr FILEID="00000270"/>
			</METS:div>
			<METS:div TYPE="Chapter" LABEL="第十六章  达朗伯原理" ORDERLABEL="294"><METS:fptr FILEID="00000302"/>
			</METS:div>
			<METS:div TYPE="Chapter" LABEL="第十七章  虚位移原理" ORDERLABEL="312"><METS:fptr FILEID="00000320"/>
			</METS:div>
			<METS:div TYPE="Chapter" LABEL="第十八章  机械振动的基本理论" ORDERLABEL="327"><METS:fptr FILEID="00000335"/>
			</METS:div>
		</METS:div>
	</METS:structMap>
</METS:mets>
