<?xml version="1.0" encoding="utf-8"?>
<METS:mets xmlns:METS="http://www.loc.gov/METS/" xmlns:xsi="http://www.w3.org/2001/XMLSchema-instance" xmlns:gdm="http://sunsite.berkeley.edu/GDM/" xmlns:xlink="http://www.w3.org/TR/xlink" xsi:schemalocation="http://www.loc.gov/METS/http://www.loc.gov/standards/mets/mets.xsd" LABEL="Zhejiang University.jdl.China-America digital library project" TYPE="Section">
	<METS:structMap TYPE="Catalog">
		<METS:div TYPE="Chapter" LABEL="第一章  哈密顿原理和拉格朗日方程" ORDERLABEL="1"><METS:fptr FILEID="00000014"/>
			<METS:div TYPE="Chapter" LABEL="§1.1  变分法" ORDERLABEL="1"><METS:fptr FILEID="00000014"/>
				<METS:div TYPE="Chapter" LABEL="一、变分法和变分问题" ORDERLABEL="1"><METS:fptr FILEID="00000014"/>
				</METS:div>
				<METS:div TYPE="Chapter" LABEL="二、变分的运算法则" ORDERLABEL="1"><METS:fptr FILEID="00000014"/>
				</METS:div>
				<METS:div TYPE="Chapter" LABEL="三、欧拉方程" ORDERLABEL="4"><METS:fptr FILEID="00000017"/>
				</METS:div>
			</METS:div>
			<METS:div TYPE="Chapter" LABEL="§1.2  约束和广义坐标" ORDERLABEL="12"><METS:fptr FILEID="00000025"/>
				<METS:div TYPE="Chapter" LABEL="一、约束及其分类" ORDERLABEL="12"><METS:fptr FILEID="00000025"/>
				</METS:div>
				<METS:div TYPE="Chapter" LABEL="二、广义坐标" ORDERLABEL="13"><METS:fptr FILEID="00000026"/>
				</METS:div>
				<METS:div TYPE="Chapter" LABEL="三、广义速度" ORDERLABEL="15"><METS:fptr FILEID="00000028"/>
				</METS:div>
				<METS:div TYPE="Chapter" LABEL="四、广义力" ORDERLABEL="16"><METS:fptr FILEID="00000029"/>
				</METS:div>
			</METS:div>
			<METS:div TYPE="Chapter" LABEL="§1.3  哈密顿原理" ORDERLABEL="17"><METS:fptr FILEID="00000030"/>
			</METS:div>
			<METS:div TYPE="Chapter" LABEL="§1.4  拉格朗日方程" ORDERLABEL="20"><METS:fptr FILEID="00000033"/>
				<METS:div TYPE="Chapter" LABEL="一、拉格朗日方程" ORDERLABEL="24"><METS:fptr FILEID="00000037"/>
				</METS:div>
				<METS:div TYPE="Chapter" LABEL="二、基本形式的拉格朗日方程" ORDERLABEL="24"><METS:fptr FILEID="00000037"/>
				</METS:div>
				<METS:div TYPE="Chapter" LABEL="三、尼尔森方程" ORDERLABEL="29"><METS:fptr FILEID="00000042"/>
				</METS:div>
				<METS:div TYPE="Chapter" LABEL="四、带电粒子在电磁场中的运动" ORDERLABEL="32"><METS:fptr FILEID="00000045"/>
				</METS:div>
			</METS:div>
			<METS:div TYPE="Chapter" LABEL="§1.5  广义动量积分和广义能量积分" ORDERLABEL="35"><METS:fptr FILEID="00000048"/>
				<METS:div TYPE="Chapter" LABEL="一、广义动量积分" ORDERLABEL="36"><METS:fptr FILEID="00000049"/>
				</METS:div>
				<METS:div TYPE="Chapter" LABEL="二、广义能量积分" ORDERLABEL="37"><METS:fptr FILEID="00000050"/>
				</METS:div>
				<METS:div TYPE="Chapter" LABEL="三、对称性和守恒定律" ORDERLABEL="39"><METS:fptr FILEID="00000052"/>
				</METS:div>
			</METS:div>
			<METS:div TYPE="Chapter" LABEL="§1.6  有心力" ORDERLABEL="46"><METS:fptr FILEID="00000059"/>
				<METS:div TYPE="Chapter" LABEL="一、约化质量" ORDERLABEL="46"><METS:fptr FILEID="00000059"/>
				</METS:div>
				<METS:div TYPE="Chapter" LABEL="二、势能只是r函数的情况" ORDERLABEL="48"><METS:fptr FILEID="00000061"/>
				</METS:div>
				<METS:div TYPE="Chapter" LABEL="三、平方反比引力的情况" ORDERLABEL="51"><METS:fptr FILEID="00000064"/>
				</METS:div>
				<METS:div TYPE="Chapter" LABEL="四、与立方成反比的引力的情况" ORDERLABEL="52"><METS:fptr FILEID="00000065"/>
				</METS:div>
				<METS:div TYPE="Chapter" LABEL="五、轨道的条件" ORDERLABEL="53"><METS:fptr FILEID="00000066"/>
				</METS:div>
				<METS:div TYPE="Chapter" LABEL="六、轨道的稳定性" ORDERLABEL="54"><METS:fptr FILEID="00000067"/>
				</METS:div>
				<METS:div TYPE="Chapter" LABEL="习题" ORDERLABEL="59"><METS:fptr FILEID="00000072"/>
				</METS:div>
			</METS:div>
		</METS:div>
		<METS:div TYPE="Chapter" LABEL="第二章  平衡位形附近的小振动" ORDERLABEL="61"><METS:fptr FILEID="00000074"/>
			<METS:div TYPE="Chapter" LABEL="§2.1  小振动的运动方程" ORDERLABEL="61"><METS:fptr FILEID="00000074"/>
				<METS:div TYPE="Chapter" LABEL="一、小振动的运动方程" ORDERLABEL="61"><METS:fptr FILEID="00000074"/>
				</METS:div>
				<METS:div TYPE="Chapter" LABEL="二、小振动的解" ORDERLABEL="63"><METS:fptr FILEID="00000076"/>
				</METS:div>
			</METS:div>
			<METS:div TYPE="Chapter" LABEL="§2.2  小振动解的存在" ORDERLABEL="64"><METS:fptr FILEID="00000077"/>
				<METS:div TYPE="Chapter" LABEL="一、本征值的非负性" ORDERLABEL="64"><METS:fptr FILEID="00000077"/>
				</METS:div>
				<METS:div TYPE="Chapter" LABEL="二、正交归一化条件" ORDERLABEL="67"><METS:fptr FILEID="00000080"/>
				</METS:div>
				<METS:div TYPE="Chapter" LABEL="三、久期方程具有重根的情况" ORDERLABEL="69"><METS:fptr FILEID="00000082"/>
				</METS:div>
			</METS:div>
			<METS:div TYPE="Chapter" LABEL="§2.3  简正振动" ORDERLABEL="71"><METS:fptr FILEID="00000084"/>
				<METS:div TYPE="Chapter" LABEL="一、简正坐标" ORDERLABEL="72"><METS:fptr FILEID="00000085"/>
				</METS:div>
				<METS:div TYPE="Chapter" LABEL="二、简正振动" ORDERLABEL="72"><METS:fptr FILEID="00000085"/>
				</METS:div>
				<METS:div TYPE="Chapter" LABEL="习题" ORDERLABEL="80"><METS:fptr FILEID="00000093"/>
				</METS:div>
			</METS:div>
		</METS:div>
		<METS:div TYPE="Chapter" LABEL="第三章  刚体的定点转动" ORDERLABEL="82"><METS:fptr FILEID="00000095"/>
			<METS:div TYPE="Chapter" LABEL="§3.1  欧拉运动学方程" ORDERLABEL="82"><METS:fptr FILEID="00000095"/>
				<METS:div TYPE="Chapter" LABEL="一、欧拉角" ORDERLABEL="82"><METS:fptr FILEID="00000095"/>
				</METS:div>
				<METS:div TYPE="Chapter" LABEL="二、欧拉运动学方程" ORDERLABEL="84"><METS:fptr FILEID="00000097"/>
				</METS:div>
			</METS:div>
			<METS:div TYPE="Chapter" LABEL="§3.2  惯量矩阵和惯量张量" ORDERLABEL="86"><METS:fptr FILEID="00000099"/>
				<METS:div TYPE="Chapter" LABEL="一、惯量矢量和惯量标量" ORDERLABEL="6"><METS:fptr FILEID="00000019"/>
				</METS:div>
				<METS:div TYPE="Chapter" LABEL="二、惯量矩阵和惯量张量" ORDERLABEL="88"><METS:fptr FILEID="00000101"/>
				</METS:div>
			</METS:div>
			<METS:div TYPE="Chapter" LABEL="§3.3  主转动惯量和惯量椭球" ORDERLABEL="91"><METS:fptr FILEID="00000104"/>
				<METS:div TYPE="Chapter" LABEL="一、主转动惯量" ORDERLABEL="91"><METS:fptr FILEID="00000104"/>
				</METS:div>
				<METS:div TYPE="Chapter" LABEL="二、惯量椭球" ORDERLABEL="94"><METS:fptr FILEID="00000107"/>
				</METS:div>
			</METS:div>
			<METS:div TYPE="Chapter" LABEL="§3.4  欧拉动力学方程" ORDERLABEL="98"><METS:fptr FILEID="00000111"/>
				<METS:div TYPE="Chapter" LABEL="一、广义力与主轴的关系" ORDERLABEL="98"><METS:fptr FILEID="00000111"/>
				</METS:div>
				<METS:div TYPE="Chapter" LABEL="二、欧拉动力学方程" ORDERLABEL="99"><METS:fptr FILEID="00000112"/>
				</METS:div>
			</METS:div>
			<METS:div TYPE="Chapter" LABEL="§3.5  刚体的自由运动" ORDERLABEL="101"><METS:fptr FILEID="00000114"/>
				<METS:div TYPE="Chapter" LABEL="一、自由陀螺" ORDERLABEL="101"><METS:fptr FILEID="00000114"/>
				</METS:div>
				<METS:div TYPE="Chapter" LABEL="二、自由对称陀螺" ORDERLABEL="106"><METS:fptr FILEID="00000119"/>
				</METS:div>
			</METS:div>
			<METS:div TYPE="Chapter" LABEL="§3.6  拉格朗日陀螺" ORDERLABEL="110"><METS:fptr FILEID="00000123"/>
				<METS:div TYPE="Chapter" LABEL="一、陀螺运动的基本关系式" ORDERLABEL="111"><METS:fptr FILEID="00000124"/>
				</METS:div>
				<METS:div TYPE="Chapter" LABEL="二、受迫规则旋进" ORDERLABEL="112"><METS:fptr FILEID="00000125"/>
				</METS:div>
				<METS:div TYPE="Chapter" LABEL="三、章动" ORDERLABEL="113"><METS:fptr FILEID="00000126"/>
				</METS:div>
				<METS:div TYPE="Chapter" LABEL="四、休止陀螺" ORDERLABEL="121"><METS:fptr FILEID="00000134"/>
				</METS:div>
				<METS:div TYPE="Chapter" LABEL="习题" ORDERLABEL="123"><METS:fptr FILEID="00000136"/>
				</METS:div>
			</METS:div>
		</METS:div>
		<METS:div TYPE="Chapter" LABEL="第四章  正则方程" ORDERLABEL="124"><METS:fptr FILEID="00000137"/>
			<METS:div TYPE="Chapter" LABEL="§4.1  正则方程" ORDERLABEL="124"><METS:fptr FILEID="00000137"/>
				<METS:div TYPE="Chapter" LABEL="一、勒让德变换" ORDERLABEL="24"><METS:fptr FILEID="00000037"/>
				</METS:div>
				<METS:div TYPE="Chapter" LABEL="二、正则方程" ORDERLABEL="125"><METS:fptr FILEID="00000138"/>
				</METS:div>
				<METS:div TYPE="Chapter" LABEL="三、哈密顿函数" ORDERLABEL="127"><METS:fptr FILEID="00000140"/>
				</METS:div>
			</METS:div>
			<METS:div TYPE="Chapter" LABEL="§4.2  正则方程的第一积分" ORDERLABEL="129"><METS:fptr FILEID="00000142"/>
				<METS:div TYPE="Chapter" LABEL="一、广义能量积分" ORDERLABEL="130"><METS:fptr FILEID="00000143"/>
				</METS:div>
				<METS:div TYPE="Chapter" LABEL="二、广义动量积分" ORDERLABEL="132"><METS:fptr FILEID="00000145"/>
				</METS:div>
			</METS:div>
			<METS:div TYPE="Chapter" LABEL="§4.3  相空间中的运动" ORDERLABEL="141"><METS:fptr FILEID="00000154"/>
			</METS:div>
			<METS:div TYPE="Chapter" LABEL="§4.4  最小作用原理" ORDERLABEL="145"><METS:fptr FILEID="00000158"/>
				<METS:div TYPE="Chapter" LABEL="一、最小作用原理" ORDERLABEL="45"><METS:fptr FILEID="00000058"/>
				</METS:div>
				<METS:div TYPE="Chapter" LABEL="二、最小作用原理的其*它形式" ORDERLABEL="147"><METS:fptr FILEID="00000160"/>
				</METS:div>
				<METS:div TYPE="Chapter" LABEL="三、与费马原理的比较" ORDERLABEL="150"><METS:fptr FILEID="00000163"/>
				</METS:div>
				<METS:div TYPE="Chapter" LABEL="习题" ORDERLABEL="151"><METS:fptr FILEID="00000164"/>
				</METS:div>
			</METS:div>
		</METS:div>
		<METS:div TYPE="Chapter" LABEL="第五章  正则变换" ORDERLABEL="152"><METS:fptr FILEID="00000165"/>
			<METS:div TYPE="Chapter" LABEL="§5.1  正则变换" ORDERLABEL="152"><METS:fptr FILEID="00000165"/>
			</METS:div>
			<METS:div TYPE="Chapter" LABEL="§5.2  正则变换的类型" ORDERLABEL="154"><METS:fptr FILEID="00000167"/>
			</METS:div>
			<METS:div TYPE="Chapter" LABEL="§5.3  积分不变量" ORDERLABEL="157"><METS:fptr FILEID="00000170"/>
				<METS:div TYPE="Chapter" LABEL="一、相对积分不变量" ORDERLABEL="57"><METS:fptr FILEID="00000070"/>
				</METS:div>
				<METS:div TYPE="Chapter" LABEL="二、绝对积分不变量" ORDERLABEL="158"><METS:fptr FILEID="00000171"/>
				</METS:div>
			</METS:div>
			<METS:div TYPE="Chapter" LABEL="§5.4  拉格朗日括号与泊松括号" ORDERLABEL="161"><METS:fptr FILEID="00000174"/>
				<METS:div TYPE="Chapter" LABEL="一、拉格朗日括号" ORDERLABEL="161"><METS:fptr FILEID="00000174"/>
				</METS:div>
				<METS:div TYPE="Chapter" LABEL="二、泊松括号" ORDERLABEL="162"><METS:fptr FILEID="00000175"/>
				</METS:div>
			</METS:div>
			<METS:div TYPE="Chapter" LABEL="§5.5  证明变换是正则变换的方法" ORDERLABEL="167"><METS:fptr FILEID="00000180"/>
				<METS:div TYPE="Chapter" LABEL="一、利用母函数证" ORDERLABEL="167"><METS:fptr FILEID="00000180"/>
				</METS:div>
				<METS:div TYPE="Chapter" LABEL="二、利用拉格朗日括号证" ORDERLABEL="168"><METS:fptr FILEID="00000181"/>
				</METS:div>
				<METS:div TYPE="Chapter" LABEL="三、利用泊松括号证" ORDERLABEL="168"><METS:fptr FILEID="00000181"/>
				</METS:div>
			</METS:div>
			<METS:div TYPE="Chapter" LABEL="§5.6  用泊松括号表示的运动方程" ORDERLABEL="170"><METS:fptr FILEID="00000183"/>
				<METS:div TYPE="Chapter" LABEL="一、运动方程" ORDERLABEL="170"><METS:fptr FILEID="00000183"/>
				</METS:div>
				<METS:div TYPE="Chapter" LABEL="二、运动积分" ORDERLABEL="171"><METS:fptr FILEID="00000184"/>
				</METS:div>
				<METS:div TYPE="Chapter" LABEL="三、刘维尔定理" ORDERLABEL="175"><METS:fptr FILEID="00000188"/>
				</METS:div>
				<METS:div TYPE="Chapter" LABEL="习题" ORDERLABEL="177"><METS:fptr FILEID="00000190"/>
				</METS:div>
			</METS:div>
		</METS:div>
		<METS:div TYPE="Chapter" LABEL="第六章  哈密顿—雅可比方程" ORDERLABEL="178"><METS:fptr FILEID="00000191"/>
			<METS:div TYPE="Chapter" LABEL="§6.1  哈密顿—雅可比方程" ORDERLABEL="178"><METS:fptr FILEID="00000191"/>
				<METS:div TYPE="Chapter" LABEL="一、哈密顿—雅可比方程" ORDERLABEL="178"><METS:fptr FILEID="00000191"/>
				</METS:div>
				<METS:div TYPE="Chapter" LABEL="二、用主函数S施行的变换" ORDERLABEL="179"><METS:fptr FILEID="00000192"/>
				</METS:div>
				<METS:div TYPE="Chapter" LABEL="三、新动量的其它选法" ORDERLABEL="180"><METS:fptr FILEID="00000193"/>
				</METS:div>
			</METS:div>
			<METS:div TYPE="Chapter" LABEL="§6.2  哈密顿特性函数" ORDERLABEL="182"><METS:fptr FILEID="00000195"/>
				<METS:div TYPE="Chapter" LABEL="一、哈密顿特性函数" ORDERLABEL="182"><METS:fptr FILEID="00000195"/>
				</METS:div>
				<METS:div TYPE="Chapter" LABEL="二、分离变量法" ORDERLABEL="187"><METS:fptr FILEID="00000200"/>
				</METS:div>
				<METS:div TYPE="Chapter" LABEL="三、新动量的其它选法" ORDERLABEL="189"><METS:fptr FILEID="00000202"/>
				</METS:div>
			</METS:div>
			<METS:div TYPE="Chapter" LABEL="§6.3  作用变量和角变量" ORDERLABEL="190"><METS:fptr FILEID="00000203"/>
				<METS:div TYPE="Chapter" LABEL="一、周期运动" ORDERLABEL="190"><METS:fptr FILEID="00000203"/>
				</METS:div>
				<METS:div TYPE="Chapter" LABEL="二、作用变量和角变量" ORDERLABEL="192"><METS:fptr FILEID="00000205"/>
				</METS:div>
				<METS:div TYPE="Chapter" LABEL="三、频率v的确定" ORDERLABEL="193"><METS:fptr FILEID="00000206"/>
				</METS:div>
			</METS:div>
			<METS:div TYPE="Chapter" LABEL="§6.4  开普勒问题" ORDERLABEL="196"><METS:fptr FILEID="00000209"/>
				<METS:div TYPE="Chapter" LABEL="一、哈密顿—雅可比方程" ORDERLABEL="196"><METS:fptr FILEID="00000209"/>
				</METS:div>
				<METS:div TYPE="Chapter" LABEL="二、由作用变量决定振动频率" ORDERLABEL="198"><METS:fptr FILEID="00000211"/>
				</METS:div>
				<METS:div TYPE="Chapter" LABEL="三、作用变量和量子论的关系" ORDERLABEL="200"><METS:fptr FILEID="00000213"/>
				</METS:div>
				<METS:div TYPE="Chapter" LABEL="习题" ORDERLABEL="202"><METS:fptr FILEID="00000215"/>
				</METS:div>
			</METS:div>
		</METS:div>
		<METS:div TYPE="Chapter" LABEL="第七章  变质量系分析动力学" ORDERLABEL="203"><METS:fptr FILEID="00000216"/>
			<METS:div TYPE="Chapter" LABEL="§7.1  相对论性的变质量系分析力学" ORDERLABEL="203"><METS:fptr FILEID="00000216"/>
				<METS:div TYPE="Chapter" LABEL="一、相对论性的达朗贝尔—拉格朗日原理与哈密顿原理" ORDERLABEL="203"><METS:fptr FILEID="00000216"/>
				</METS:div>
				<METS:div TYPE="Chapter" LABEL="二、相对论性的拉格朗日方程" ORDERLABEL="207"><METS:fptr FILEID="00000220"/>
				</METS:div>
				<METS:div TYPE="Chapter" LABEL="三、相对论性的哈密顿函数与正则方程" ORDERLABEL="207"><METS:fptr FILEID="00000220"/>
				</METS:div>
				<METS:div TYPE="Chapter" LABEL="四、从相对论分析力学到经典分析力学" ORDERLABEL="209"><METS:fptr FILEID="00000222"/>
				</METS:div>
			</METS:div>
			<METS:div TYPE="Chapter" LABEL="§7.2  具有质量分离或并入的变质量系分析力学" ORDERLABEL="212"><METS:fptr FILEID="00000225"/>
				<METS:div TYPE="Chapter" LABEL="一、系统的微分变分原理" ORDERLABEL="213"><METS:fptr FILEID="00000226"/>
				</METS:div>
				<METS:div TYPE="Chapter" LABEL="二、系统的拉格朗日方程" ORDERLABEL="216"><METS:fptr FILEID="00000229"/>
				</METS:div>
			</METS:div>
			<METS:div TYPE="Chapter" LABEL="§7.3  约束依赖于质量变化过程的变质量系分析力学" ORDERLABEL="219"><METS:fptr FILEID="00000232"/>
				<METS:div TYPE="Chapter" LABEL="一、系统的微分变分原理" ORDERLABEL="219"><METS:fptr FILEID="00000232"/>
				</METS:div>
				<METS:div TYPE="Chapter" LABEL="二、系统的拉格朗日方程" ORDERLABEL="222"><METS:fptr FILEID="00000235"/>
				</METS:div>
			</METS:div>
			<METS:div TYPE="Chapter" LABEL="§7.4  变质量力学系相对于非惯性系运动的分析动力学" ORDERLABEL="224"><METS:fptr FILEID="00000237"/>
				<METS:div TYPE="Chapter" LABEL="一、变质量系相对于非惯系的基本形式的微分变分原理" ORDERLABEL="224"><METS:fptr FILEID="00000237"/>
				</METS:div>
				<METS:div TYPE="Chapter" LABEL="二、惯性力场有势的条件及势能的计算" ORDERLABEL="225"><METS:fptr FILEID="00000238"/>
				</METS:div>
				<METS:div TYPE="Chapter" LABEL="三、变质量系相对于非惯性系的广义坐标下的微分变分原理" ORDERLABEL="229"><METS:fptr FILEID="00000242"/>
				</METS:div>
				<METS:div TYPE="Chapter" LABEL="四、变质量系相对于非惯性系的凝固导数形式的微分变分原理" ORDERLABEL="231"><METS:fptr FILEID="00000244"/>
				</METS:div>
				<METS:div TYPE="Chapter" LABEL="五、变质量系相对于非惯性系的拉格朗日方程" ORDERLABEL="232"><METS:fptr FILEID="00000245"/>
				</METS:div>
				<METS:div TYPE="Chapter" LABEL="六、特殊情况" ORDERLABEL="232"><METS:fptr FILEID="00000245"/>
				</METS:div>
				<METS:div TYPE="Chapter" LABEL="习题" ORDERLABEL="237"><METS:fptr FILEID="00000250"/>
				</METS:div>
			</METS:div>
		</METS:div>
		<METS:div TYPE="Chapter" LABEL="第八章  非完整系的动力学方程" ORDERLABEL="240"><METS:fptr FILEID="00000253"/>
			<METS:div TYPE="Chapter" LABEL="§8.1  非完整约束与虚位移" ORDERLABEL="241"><METS:fptr FILEID="00000254"/>
			</METS:div>
			<METS:div TYPE="Chapter" LABEL="§8.2  非完整系的劳思方程" ORDERLABEL="247"><METS:fptr FILEID="00000260"/>
			</METS:div>
			<METS:div TYPE="Chapter" LABEL="§8.3  非完整系的恰普雷金方程及其牛青萍形式" ORDERLABEL="255"><METS:fptr FILEID="00000268"/>
				<METS:div TYPE="Chapter" LABEL="一、广义恰普雷金方程及其牛青萍形式" ORDERLABEL="55"><METS:fptr FILEID="00000068"/>
				</METS:div>
				<METS:div TYPE="Chapter" LABEL="二、特殊情况" ORDERLABEL="258"><METS:fptr FILEID="00000271"/>
				</METS:div>
			</METS:div>
			<METS:div TYPE="Chapter" LABEL="§8.4  尼尔森形式的梅氏算子与梅氏方程" ORDERLABEL="265"><METS:fptr FILEID="00000278"/>
				<METS:div TYPE="Chapter" LABEL="一、一阶梅氏算子理论" ORDERLABEL="265"><METS:fptr FILEID="00000278"/>
				</METS:div>
			</METS:div>
			<METS:div TYPE="Chapter" LABEL="二、尼尔森形式的达朗贝尔原理与非完整系的梅氏方程" ORDERLABEL="269"><METS:fptr FILEID="00000282"/>
				<METS:div TYPE="Chapter" LABEL="§8.5  非完整系的阿佩尔方程" ORDERLABEL="277"><METS:fptr FILEID="00000290"/>
				</METS:div>
				<METS:div TYPE="Chapter" LABEL="一、准速度与准坐标" ORDERLABEL="278"><METS:fptr FILEID="00000291"/>
				</METS:div>
				<METS:div TYPE="Chapter" LABEL="二、阿佩尔形式的达朗贝尔原理" ORDERLABEL="280"><METS:fptr FILEID="00000293"/>
				</METS:div>
				<METS:div TYPE="Chapter" LABEL="三、一阶非线性非完整系的广义阿佩尔方程" ORDERLABEL="282"><METS:fptr FILEID="00000295"/>
				</METS:div>
			</METS:div>
			<METS:div TYPE="Chapter" LABEL="§8.6  凯恩方法" ORDERLABEL="287"><METS:fptr FILEID="00000300"/>
				<METS:div TYPE="Chapter" LABEL="一、一阶非线性非完整系的凯恩方程" ORDERLABEL="288"><METS:fptr FILEID="00000301"/>
				</METS:div>
				<METS:div TYPE="Chapter" LABEL="二、凯恩方法的特点" ORDERLABEL="290"><METS:fptr FILEID="00000303"/>
				</METS:div>
				<METS:div TYPE="Chapter" LABEL="习题" ORDERLABEL="292"><METS:fptr FILEID="00000305"/>
				</METS:div>
			</METS:div>
		</METS:div>
		<METS:div TYPE="Chapter" LABEL="第九章  中国在分析力学研究方面取得的进步" ORDERLABEL="294"><METS:fptr FILEID="00000307"/>
			<METS:div TYPE="Chapter" LABEL="§9.1  奠基时期的主要工作" ORDERLABEL="294"><METS:fptr FILEID="00000307"/>
			</METS:div>
			<METS:div TYPE="Chapter" LABEL="§9.2  分析力学的教材与专著" ORDERLABEL="295"><METS:fptr FILEID="00000308"/>
			</METS:div>
			<METS:div TYPE="Chapter" LABEL="§9.3  分析力学基本概念的研究" ORDERLABEL="297"><METS:fptr FILEID="00000310"/>
			</METS:div>
			<METS:div TYPE="Chapter" LABEL="§9.4  分析力学变分原理的研究" ORDERLABEL="298"><METS:fptr FILEID="00000311"/>
			</METS:div>
			<METS:div TYPE="Chapter" LABEL="§9.5  分析力学运动方程的研究" ORDERLABEL="299"><METS:fptr FILEID="00000312"/>
				<METS:div TYPE="Chapter" LABEL="一、欧拉—拉格朗日体系方程的研究" ORDERLABEL="299"><METS:fptr FILEID="00000312"/>
				</METS:div>
				<METS:div TYPE="Chapter" LABEL="二、尼尔森体系方程的研究" ORDERLABEL="300"><METS:fptr FILEID="00000313"/>
				</METS:div>
				<METS:div TYPE="Chapter" LABEL="三、阿佩尔体系方程的研究" ORDERLABEL="301"><METS:fptr FILEID="00000314"/>
				</METS:div>
				<METS:div TYPE="Chapter" LABEL="四、凯恩方程和其它方程的研究" ORDERLABEL="302"><METS:fptr FILEID="00000315"/>
				</METS:div>
			</METS:div>
			<METS:div TYPE="Chapter" LABEL="§9.6  分析力学积分理论的研究" ORDERLABEL="303"><METS:fptr FILEID="00000316"/>
			</METS:div>
			<METS:div TYPE="Chapter" LABEL="§9.7  分析力学几何化方法的研究" ORDERLABEL="305"><METS:fptr FILEID="00000318"/>
			</METS:div>
			<METS:div TYPE="Chapter" LABEL="§9.8  若干专门问题和应用问题的研究" ORDERLABEL="306"><METS:fptr FILEID="00000319"/>
			</METS:div>
			<METS:div TYPE="Chapter" LABEL="§9.9  我国分析力学的发展方向" ORDERLABEL="308"><METS:fptr FILEID="00000321"/>
			</METS:div>
		</METS:div>
	</METS:structMap>
</METS:mets>
