<?xml version="1.0" encoding="utf-8"?>
<METS:mets xmlns:METS="http://www.loc.gov/METS/" xmlns:xsi="http://www.w3.org/2001/XMLSchema-instance" xmlns:gdm="http://sunsite.berkeley.edu/GDM/" xmlns:xlink="http://www.w3.org/TR/xlink" xsi:schemalocation="http://www.loc.gov/METS/http://www.loc.gov/standards/mets/mets.xsd" LABEL="Zhejiang University.jdl.China-America digital library project" TYPE="Section">
	<METS:structMap TYPE="Catalog">
		<METS:div TYPE="Chapter" LABEL="绪论" ORDERLABEL="00000009"><METS:fptr FILEID="00000009"/>
		</METS:div>
		<METS:div TYPE="Chapter" LABEL="第1章 土的物理性质和压实机理" ORDERLABEL="00000011"><METS:fptr FILEID="00000011"/>
			<METS:div TYPE="Chapter" LABEL="1.1 土的形成及颗粒特征" ORDERLABEL="00000011"><METS:fptr FILEID="00000011"/>
			</METS:div>
			<METS:div TYPE="Chapter" LABEL="1.2 土的结构及工程性质" ORDERLABEL="00000018"><METS:fptr FILEID="00000018"/>
			</METS:div>
			<METS:div TYPE="Chapter" LABEL="1.3 土的三相组成及物理性质指标" ORDERLABEL="00000020"><METS:fptr FILEID="00000020"/>
			</METS:div>
			<METS:div TYPE="Chapter" LABEL="1.4 无粘性土的密实特性" ORDERLABEL="00000026"><METS:fptr FILEID="00000026"/>
			</METS:div>
			<METS:div TYPE="Chapter" LABEL="1.5 粘性土的物理特性" ORDERLABEL="00000027"><METS:fptr FILEID="00000027"/>
			</METS:div>
			<METS:div TYPE="Chapter" LABEL="1.6 土的工程分类" ORDERLABEL="00000031"><METS:fptr FILEID="00000031"/>
			</METS:div>
			<METS:div TYPE="Chapter" LABEL="1.7 土的压实机理及工程控制" ORDERLABEL="00000038"><METS:fptr FILEID="00000038"/>
			</METS:div>
			<METS:div TYPE="Chapter" LABEL="思考题" ORDERLABEL="00000044"><METS:fptr FILEID="00000044"/>
			</METS:div>
			<METS:div TYPE="Chapter" LABEL="习题" ORDERLABEL="00000044"><METS:fptr FILEID="00000044"/>
			</METS:div>
		</METS:div>
		<METS:div TYPE="Chapter" LABEL="第2章 渗流、流土和湿化" ORDERLABEL="00000046"><METS:fptr FILEID="00000046"/>
			<METS:div TYPE="Chapter" LABEL="2.1 达西定律" ORDERLABEL="00000046"><METS:fptr FILEID="00000046"/>
			</METS:div>
			<METS:div TYPE="Chapter" LABEL="2.2 流网理论简介" ORDERLABEL="00000053"><METS:fptr FILEID="00000053"/>
			</METS:div>
			<METS:div TYPE="Chapter" LABEL="2.3 流土、管涌及其防治" ORDERLABEL="00000056"><METS:fptr FILEID="00000056"/>
			</METS:div>
			<METS:div TYPE="Chapter" LABEL="2.4 非饱和土的湿化及其危害" ORDERLABEL="00000060"><METS:fptr FILEID="00000060"/>
			</METS:div>
			<METS:div TYPE="Chapter" LABEL="思考题" ORDERLABEL="00000062"><METS:fptr FILEID="00000062"/>
			</METS:div>
			<METS:div TYPE="Chapter" LABEL="习题" ORDERLABEL="00000062"><METS:fptr FILEID="00000062"/>
			</METS:div>
		</METS:div>
		<METS:div TYPE="Chapter" LABEL="第3章 地基中应力计算" ORDERLABEL="00000065"><METS:fptr FILEID="00000065"/>
			<METS:div TYPE="Chapter" LABEL="3.1 自重应力" ORDERLABEL="00000066"><METS:fptr FILEID="00000066"/>
			</METS:div>
			<METS:div TYPE="Chapter" LABEL="3.2 基底的接触压力" ORDERLABEL="00000069"><METS:fptr FILEID="00000069"/>
			</METS:div>
			<METS:div TYPE="Chapter" LABEL="3.3 各种荷载作用下地基内的附加应力" ORDERLABEL="00000073"><METS:fptr FILEID="00000073"/>
			</METS:div>
			<METS:div TYPE="Chapter" LABEL="3.4 饱和土的有效应力原理" ORDERLABEL="00000085"><METS:fptr FILEID="00000085"/>
			</METS:div>
			<METS:div TYPE="Chapter" LABEL="思考题" ORDERLABEL="00000085"><METS:fptr FILEID="00000085"/>
			</METS:div>
			<METS:div TYPE="Chapter" LABEL="习题" ORDERLABEL="00000085"><METS:fptr FILEID="00000085"/>
			</METS:div>
		</METS:div>
		<METS:div TYPE="Chapter" LABEL="第4章 地基的沉降" ORDERLABEL="00000087"><METS:fptr FILEID="00000087"/>
			<METS:div TYPE="Chapter" LABEL="4.1 土的压缩性" ORDERLABEL="00000088"><METS:fptr FILEID="00000088"/>
			</METS:div>
			<METS:div TYPE="Chapter" LABEL="4.2 地基最终沉降量的计算" ORDERLABEL="00000094"><METS:fptr FILEID="00000094"/>
			</METS:div>
			<METS:div TYPE="Chapter" LABEL="4.3 单向固结理论" ORDERLABEL="00000107"><METS:fptr FILEID="00000107"/>
			</METS:div>
			<METS:div TYPE="Chapter" LABEL="4.4 固结沉降随时间变化的预测" ORDERLABEL="00000111"><METS:fptr FILEID="00000111"/>
			</METS:div>
			<METS:div TYPE="Chapter" LABEL="4.5 与固结相关的施工方法" ORDERLABEL="00000114"><METS:fptr FILEID="00000114"/>
			</METS:div>
			<METS:div TYPE="Chapter" LABEL="思考题" ORDERLABEL="00000115"><METS:fptr FILEID="00000115"/>
			</METS:div>
			<METS:div TYPE="Chapter" LABEL="习题" ORDERLABEL="00000115"><METS:fptr FILEID="00000115"/>
			</METS:div>
		</METS:div>
		<METS:div TYPE="Chapter" LABEL="第5章 土的抗剪强度及其参数确定" ORDERLABEL="00000117"><METS:fptr FILEID="00000117"/>
			<METS:div TYPE="Chapter" LABEL="5.1 土的破坏准则" ORDERLABEL="00000118"><METS:fptr FILEID="00000118"/>
			</METS:div>
			<METS:div TYPE="Chapter" LABEL="5.2 土的抗剪强度参数确定" ORDERLABEL="00000123"><METS:fptr FILEID="00000123"/>
			</METS:div>
			<METS:div TYPE="Chapter" LABEL="5.3 土的应力应变特性" ORDERLABEL="00000132"><METS:fptr FILEID="00000132"/>
			</METS:div>
			<METS:div TYPE="Chapter" LABEL="5.4 有效应力路径及其在工程问题分析中的应用" ORDERLABEL="00000136"><METS:fptr FILEID="00000136"/>
			</METS:div>
			<METS:div TYPE="Chapter" LABEL="思考题" ORDERLABEL="00000142"><METS:fptr FILEID="00000142"/>
			</METS:div>
			<METS:div TYPE="Chapter" LABEL="习题" ORDERLABEL="00000142"><METS:fptr FILEID="00000142"/>
			</METS:div>
		</METS:div>
		<METS:div TYPE="Chapter" LABEL="第6章 挡土墙上的土压力" ORDERLABEL="00000144"><METS:fptr FILEID="00000144"/>
			<METS:div TYPE="Chapter" LABEL="6.1 主动土压力、被动土压力和静止土压力" ORDERLABEL="00000145"><METS:fptr FILEID="00000145"/>
			</METS:div>
			<METS:div TYPE="Chapter" LABEL="6.2 朗肯土压力理论" ORDERLABEL="00000146"><METS:fptr FILEID="00000146"/>
			</METS:div>
			<METS:div TYPE="Chapter" LABEL="6.3 库仑土压力理论" ORDERLABEL="00000155"><METS:fptr FILEID="00000155"/>
			</METS:div>
			<METS:div TYPE="Chapter" LABEL="6.4 挡土墙变形与土压力分布" ORDERLABEL="00000159"><METS:fptr FILEID="00000159"/>
			</METS:div>
			<METS:div TYPE="Chapter" LABEL="思考题" ORDERLABEL="00000161"><METS:fptr FILEID="00000161"/>
			</METS:div>
			<METS:div TYPE="Chapter" LABEL="习题" ORDERLABEL="00000161"><METS:fptr FILEID="00000161"/>
			</METS:div>
		</METS:div>
		<METS:div TYPE="Chapter" LABEL="第7章 地基承载力计算" ORDERLABEL="00000163"><METS:fptr FILEID="00000163"/>
			<METS:div TYPE="Chapter" LABEL="7.1 地基的破坏模式" ORDERLABEL="00000164"><METS:fptr FILEID="00000164"/>
			</METS:div>
			<METS:div TYPE="Chapter" LABEL="7.2 地基的临塑荷载和临界荷载" ORDERLABEL="00000166"><METS:fptr FILEID="00000166"/>
			</METS:div>
			<METS:div TYPE="Chapter" LABEL="7.3 地基极限承载力计算" ORDERLABEL="00000171"><METS:fptr FILEID="00000171"/>
			</METS:div>
			<METS:div TYPE="Chapter" LABEL="7.4 地基承载力公式的适用性" ORDERLABEL="00000180"><METS:fptr FILEID="00000180"/>
			</METS:div>
			<METS:div TYPE="Chapter" LABEL="思考题" ORDERLABEL="00000184"><METS:fptr FILEID="00000184"/>
			</METS:div>
			<METS:div TYPE="Chapter" LABEL="习题" ORDERLABEL="00000184"><METS:fptr FILEID="00000184"/>
			</METS:div>
		</METS:div>
		<METS:div TYPE="Chapter" LABEL="第8章 边坡稳定性分析" ORDERLABEL="00000186"><METS:fptr FILEID="00000186"/>
			<METS:div TYPE="Chapter" LABEL="8.1 表层滑动的稳定性分析" ORDERLABEL="00000187"><METS:fptr FILEID="00000187"/>
			</METS:div>
			<METS:div TYPE="Chapter" LABEL="8.2 深层滑动的稳定性分析" ORDERLABEL="00000188"><METS:fptr FILEID="00000188"/>
			</METS:div>
			<METS:div TYPE="Chapter" LABEL="8.3 水对边坡稳定的影响" ORDERLABEL="00000203"><METS:fptr FILEID="00000203"/>
			</METS:div>
			<METS:div TYPE="Chapter" LABEL="思考题" ORDERLABEL="00000205"><METS:fptr FILEID="00000205"/>
			</METS:div>
			<METS:div TYPE="Chapter" LABEL="习题" ORDERLABEL="00000205"><METS:fptr FILEID="00000205"/>
			</METS:div>
		</METS:div>
	</METS:structMap>
</METS:mets>
